TEAM_ID,TEAM_NAME,GAME_ID,GAME_DATE,WL,PTS,FGM,FGA,FG_PCT,FG3M,FG3A,FG3_PCT,FTM,FTA,FT_PCT,OREB,DREB,REB,AST,STL,BLK,TOV,PF,PLUS_MINUS,SEASON,IS_HOME,OPPONENT,OPPONENT_TEAM_ID
1611661313,New York Liberty,1021500002,2015-06-05,W,82,29,60,0.483,3,15,0.2,21,26,0.808,4,28,32,16,13,4,15,20,9.0,2015,True,ATL,1611661330
1611661313,New York Liberty,1021500006,2015-06-06,L,62,22,60,0.367,1,10,0.1,17,21,0.81,8,33,41,15,2,7,17,19,-5.0,2015,False,WAS,1611661322
1611661313,New York Liberty,1021500011,2015-06-09,W,86,29,59,0.492,5,12,0.417,23,32,0.719,7,20,27,23,7,7,12,18,7.0,2015,True,IND,1611661325
1611661313,New York Liberty,1021500014,2015-06-11,W,68,28,70,0.4,3,12,0.25,9,11,0.818,16,35,51,15,4,7,17,15,11.0,2015,True,PHO,1611661317
1611661313,New York Liberty,1021500024,2015-06-14,L,59,22,71,0.31,1,8,0.125,14,15,0.933,17,26,43,18,7,4,19,19,-15.0,2015,True,WAS,1611661322
1611661313,New York Liberty,1021500030,2015-06-19,L,63,23,62,0.371,4,15,0.267,13,16,0.813,11,26,37,13,5,1,16,21,-17.0,2015,True,IND,1611661325
1611661313,New York Liberty,1021500036,2015-06-21,W,73,25,60,0.417,3,9,0.333,20,25,0.8,11,27,38,15,11,8,21,22,9.0,2015,False,ATL,1611661330
1611661313,New York Liberty,1021500047,2015-06-26,L,62,22,52,0.423,3,5,0.6,15,20,0.75,6,26,32,13,4,8,26,25,-9.0,2015,False,TUL,1611661321
1611661313,New York Liberty,1021500050,2015-06-28,W,79,29,60,0.483,5,14,0.357,16,23,0.696,5,26,31,23,3,4,9,20,9.0,2015,True,LAS,1611661320
1611661313,New York Liberty,1021500054,2015-06-30,W,89,30,66,0.455,9,19,0.474,20,22,0.909,9,31,40,26,7,4,12,18,8.0,2015,False,CHI,1611661329
1611661313,New York Liberty,1021500068,2015-07-09,W,79,28,68,0.412,2,12,0.167,21,25,0.84,15,29,44,9,5,7,16,22,3.0,2015,False,WAS,1611661322
1611661313,New York Liberty,1021500073,2015-07-12,L,76,25,60,0.417,3,11,0.273,23,34,0.676,14,17,31,16,9,1,17,28,-8.0,2015,False,ATL,1611661330
1611661313,New York Liberty,1021500079,2015-07-15,W,84,35,73,0.479,5,15,0.333,9,14,0.643,11,28,39,22,7,8,12,18,16.0,2015,True,SAN,1611661319
1611661313,New York Liberty,1021500084,2015-07-16,W,64,21,61,0.344,3,14,0.214,19,27,0.704,7,34,41,10,8,10,13,9,7.0,2015,True,CON,1611661323
1611661313,New York Liberty,1021500090,2015-07-18,W,75,25,77,0.325,4,11,0.364,21,27,0.778,17,28,45,11,10,3,9,14,2.0,2015,False,PHO,1611661317
1611661313,New York Liberty,1021500098,2015-07-21,W,81,35,72,0.486,2,10,0.2,9,14,0.643,10,22,32,20,7,2,10,15,4.0,2015,False,SEA,1611661328
1611661313,New York Liberty,1021500100,2015-07-22,W,59,17,66,0.258,0,8,0.0,25,34,0.735,19,36,55,8,8,4,13,14,6.0,2015,False,LAS,1611661320
1611661313,New York Liberty,1021500103,2015-07-29,L,72,28,58,0.483,2,9,0.222,14,18,0.778,7,20,27,13,8,6,21,23,-12.0,2015,False,IND,1611661325
1611661313,New York Liberty,1021500112,2015-08-02,W,78,31,68,0.456,3,8,0.375,13,18,0.722,8,29,37,22,12,5,10,13,16.0,2015,True,SEA,1611661328
1611661313,New York Liberty,1021500125,2015-08-07,W,77,27,65,0.415,6,16,0.375,17,24,0.708,6,37,43,15,7,4,14,21,14.0,2015,False,CHI,1611661329
1611661313,New York Liberty,1021500132,2015-08-11,W,84,33,65,0.508,6,11,0.545,12,14,0.857,7,28,35,21,9,2,14,15,21.0,2015,True,CHI,1611661329
1611661313,New York Liberty,1021500138,2015-08-14,W,90,37,73,0.507,4,8,0.5,12,14,0.857,9,18,27,24,10,3,7,11,12.0,2015,False,CON,1611661323
1611661313,New York Liberty,1021500141,2015-08-15,L,76,23,57,0.404,6,18,0.333,24,31,0.774,6,18,24,14,5,2,12,23,-5.0,2015,True,TUL,1611661321
1611661313,New York Liberty,1021500150,2015-08-19,W,73,30,63,0.476,4,9,0.444,9,14,0.643,9,34,43,19,11,3,15,20,28.0,2015,False,SAN,1611661319
1611661313,New York Liberty,1021500151,2015-08-21,W,78,30,64,0.469,5,13,0.385,13,15,0.867,13,25,38,21,6,3,16,14,11.0,2015,True,ATL,1611661330
1611661313,New York Liberty,1021500160,2015-08-23,L,79,32,68,0.471,2,8,0.25,13,18,0.722,10,22,32,19,8,5,10,21,-1.0,2015,False,IND,1611661325
1611661313,New York Liberty,1021500167,2015-08-28,W,81,34,67,0.507,4,14,0.286,9,10,0.9,9,32,41,18,6,2,14,23,13.0,2015,True,MIN,1611661324
1611661313,New York Liberty,1021500170,2015-08-29,W,80,33,59,0.559,2,9,0.222,12,15,0.8,5,25,30,17,10,2,15,12,14.0,2015,False,CON,1611661323
1611661313,New York Liberty,1021500177,2015-09-01,W,80,26,70,0.371,8,21,0.381,20,26,0.769,12,22,34,18,10,6,14,16,5.0,2015,True,ATL,1611661330
1611661313,New York Liberty,1021500180,2015-09-03,L,60,23,66,0.348,0,7,0.0,14,21,0.667,11,25,36,12,6,4,11,14,-22.0,2015,True,CHI,1611661329
1611661313,New York Liberty,1021500189,2015-09-06,W,75,31,70,0.443,7,17,0.412,6,8,0.75,10,21,31,22,7,6,12,17,4.0,2015,False,MIN,1611661324
1611661313,New York Liberty,1021500193,2015-09-09,W,74,30,64,0.469,6,13,0.462,8,11,0.727,10,34,44,15,4,1,12,18,10.0,2015,True,CON,1611661323
1611661313,New York Liberty,1021500195,2015-09-11,L,55,20,62,0.323,3,13,0.231,12,12,1.0,8,21,29,9,6,1,14,13,-27.0,2015,True,WAS,1611661322
1611661313,New York Liberty,1021500203,2015-09-13,L,76,27,72,0.375,4,20,0.2,18,19,0.947,11,28,39,17,8,2,15,25,-5.0,2015,False,IND,1611661325
1611661313,New York Liberty,1021600002,2016-05-14,W,87,32,67,0.478,3,13,0.231,20,24,0.833,5,29,34,23,8,8,7,23,11.0,2016,False,WAS,1611661322
1611661313,New York Liberty,1021600007,2016-05-15,W,79,25,57,0.439,7,10,0.7,22,27,0.815,6,31,37,17,7,3,16,22,8.0,2016,True,DAL,1611661321
1611661313,New York Liberty,1021600015,2016-05-21,L,72,27,80,0.338,4,15,0.267,14,20,0.7,14,40,54,15,6,5,15,18,-7.0,2016,True,LAS,1611661320
1611661313,New York Liberty,1021600020,2016-05-24,L,79,32,89,0.36,1,10,0.1,14,20,0.7,12,31,43,22,11,5,15,29,-6.0,2016,True,ATL,1611661330
1611661313,New York Liberty,1021600032,2016-05-31,L,69,23,57,0.404,2,7,0.286,21,29,0.724,6,24,30,12,5,2,19,24,-10.0,2016,True,MIN,1611661324
1611661313,New York Liberty,1021600038,2016-06-03,W,91,34,66,0.515,10,17,0.588,13,20,0.65,11,29,40,22,9,4,12,20,32.0,2016,True,IND,1611661325
1611661313,New York Liberty,1021600045,2016-06-05,W,86,35,71,0.493,3,8,0.375,13,16,0.813,8,32,40,19,4,4,10,18,8.0,2016,False,SEA,1611661328
1611661313,New York Liberty,1021600047,2016-06-07,L,77,26,61,0.426,5,17,0.294,20,22,0.909,7,23,30,16,6,4,17,16,-23.0,2016,False,LAS,1611661320
1611661313,New York Liberty,1021600054,2016-06-11,W,90,29,69,0.42,3,8,0.375,29,39,0.744,18,30,48,21,5,3,12,28,15.0,2016,False,SAN,1611661319
1611661313,New York Liberty,1021600060,2016-06-14,W,91,34,70,0.486,7,13,0.538,16,21,0.762,13,22,35,23,10,7,12,16,3.0,2016,True,DAL,1611661321
1611661313,New York Liberty,1021600064,2016-06-16,W,80,29,61,0.475,3,11,0.273,19,28,0.679,12,24,36,20,10,3,17,14,8.0,2016,False,CON,1611661323
1611661313,New York Liberty,1021600072,2016-06-19,W,78,26,63,0.413,4,11,0.364,22,31,0.71,15,31,46,19,9,4,21,29,3.0,2016,False,IND,1611661325
1611661313,New York Liberty,1021600077,2016-06-22,W,90,35,77,0.455,4,11,0.364,16,20,0.8,7,35,42,28,7,7,18,24,11.0,2016,False,ATL,1611661330
1611661313,New York Liberty,1021600081,2016-06-24,W,80,31,72,0.431,6,14,0.429,12,14,0.857,12,27,39,17,5,7,10,13,1.0,2016,True,CHI,1611661329
1611661313,New York Liberty,1021600086,2016-06-26,L,97,39,86,0.453,7,19,0.368,12,15,0.8,13,28,41,22,4,1,11,26,-7.0,2016,True,PHO,1611661317
1611661313,New York Liberty,1021600093,2016-06-29,W,95,35,82,0.427,8,17,0.471,17,18,0.944,12,27,39,18,13,8,16,21,3.0,2016,False,MIN,1611661324
1611661313,New York Liberty,1021600099,2016-07-01,W,99,35,63,0.556,4,10,0.4,25,29,0.862,5,21,26,13,10,3,12,20,11.0,2016,False,PHO,1611661317
1611661313,New York Liberty,1021600102,2016-07-03,L,67,29,76,0.382,4,14,0.286,5,6,0.833,17,25,42,17,8,3,15,16,-10.0,2016,False,LAS,1611661320
1611661313,New York Liberty,1021600107,2016-07-06,W,78,31,69,0.449,3,10,0.3,13,17,0.765,10,31,41,19,8,0,14,15,4.0,2016,True,SEA,1611661328
1611661313,New York Liberty,1021600113,2016-07-08,W,88,31,78,0.397,6,14,0.429,20,23,0.87,16,28,44,19,6,5,15,17,3.0,2016,False,CHI,1611661329
1611661313,New York Liberty,1021600117,2016-07-10,W,75,28,65,0.431,2,10,0.2,17,21,0.81,9,32,41,13,7,4,14,14,10.0,2016,True,SAN,1611661319
1611661313,New York Liberty,1021600122,2016-07-13,W,86,34,76,0.447,4,7,0.571,14,22,0.636,21,29,50,18,9,8,13,14,24.0,2016,True,ATL,1611661330
1611661313,New York Liberty,1021600128,2016-07-15,L,70,27,63,0.429,2,9,0.222,14,19,0.737,10,22,32,14,3,8,13,18,-18.0,2016,False,MIN,1611661324
1611661313,New York Liberty,1021600132,2016-07-17,W,83,29,62,0.468,2,4,0.5,23,26,0.885,6,32,38,17,8,4,16,20,7.0,2016,True,CON,1611661323
1611661313,New York Liberty,1021600138,2016-07-20,W,88,33,70,0.471,7,12,0.583,15,19,0.789,11,25,36,22,7,5,10,23,7.0,2016,False,WAS,1611661322
1611661313,New York Liberty,1021600142,2016-07-21,L,70,30,63,0.476,3,15,0.2,7,11,0.636,10,27,37,22,6,2,15,12,-12.0,2016,True,IND,1611661325
1611661313,New York Liberty,1021600148,2016-08-26,W,84,27,66,0.409,7,15,0.467,23,28,0.821,9,24,33,20,6,7,11,24,7.0,2016,False,SAN,1611661319
1611661313,New York Liberty,1021600161,2016-09-01,L,77,25,68,0.368,4,11,0.364,23,31,0.742,10,27,37,18,6,5,12,21,-21.0,2016,False,IND,1611661325
1611661313,New York Liberty,1021600167,2016-09-03,W,92,31,69,0.449,5,16,0.313,25,31,0.806,10,34,44,19,7,4,11,23,22.0,2016,True,PHO,1611661317
1611661313,New York Liberty,1021600176,2016-09-07,L,78,31,75,0.413,7,16,0.438,9,15,0.6,12,19,31,18,6,2,8,18,-24.0,2016,True,SEA,1611661328
1611661313,New York Liberty,1021600181,2016-09-09,W,89,29,63,0.46,5,14,0.357,26,28,0.929,10,32,42,18,8,7,17,23,7.0,2016,True,CON,1611661323
1611661313,New York Liberty,1021600185,2016-09-11,L,81,29,65,0.446,6,19,0.316,17,23,0.739,7,27,34,22,6,9,15,27,-3.0,2016,False,DAL,1611661321
1611661313,New York Liberty,1021600190,2016-09-13,L,62,22,67,0.328,4,14,0.286,14,17,0.824,10,27,37,15,7,4,11,23,-13.0,2016,True,WAS,1611661322
1611661313,New York Liberty,1021600198,2016-09-16,L,68,29,69,0.42,1,11,0.091,9,15,0.6,7,25,32,19,6,6,18,14,-24.0,2016,False,CHI,1611661329
1611661313,New York Liberty,1021700001,2017-05-13,W,73,26,61,0.426,1,7,0.143,20,27,0.741,10,26,36,18,4,1,13,26,9.0,2017,True,SAN,1611661319
1611661313,New York Liberty,1021700009,2017-05-18,L,71,24,68,0.353,6,16,0.375,17,21,0.81,8,25,33,14,7,2,11,23,-19.0,2017,True,MIN,1611661324
1611661313,New York Liberty,1021700018,2017-05-23,W,69,25,63,0.397,6,16,0.375,13,16,0.813,7,30,37,12,6,3,17,22,2.0,2017,False,PHO,1611661317
1611661313,New York Liberty,1021700024,2017-05-26,L,81,31,78,0.397,9,23,0.391,10,14,0.714,13,29,42,12,6,7,8,24,-6.0,2017,False,SEA,1611661328
1611661313,New York Liberty,1021700030,2017-05-30,L,75,30,66,0.455,9,21,0.429,6,12,0.5,11,19,30,18,7,2,18,21,-15.0,2017,True,LAS,1611661320
1611661313,New York Liberty,1021700035,2017-06-02,W,93,34,68,0.5,5,17,0.294,20,28,0.714,12,32,44,20,4,5,16,20,4.0,2017,True,DAL,1611661321
1611661313,New York Liberty,1021700039,2017-06-04,W,88,29,67,0.433,1,13,0.077,29,33,0.879,8,28,36,12,7,4,10,23,16.0,2017,True,PHO,1611661317
1611661313,New York Liberty,1021700044,2017-06-07,W,76,25,58,0.431,4,19,0.211,22,27,0.815,10,38,48,15,5,6,18,30,15.0,2017,True,ATL,1611661330
1611661313,New York Liberty,1021700052,2017-06-11,W,94,33,74,0.446,6,19,0.316,22,27,0.815,14,25,39,16,8,6,7,19,8.0,2017,True,SEA,1611661328
1611661313,New York Liberty,1021700057,2017-06-14,L,76,29,69,0.42,4,15,0.267,14,18,0.778,11,19,30,11,5,4,11,20,-20.0,2017,False,CON,1611661323
1611661313,New York Liberty,1021700060,2017-06-16,W,102,34,70,0.486,7,16,0.438,27,33,0.818,9,31,40,18,5,11,13,23,9.0,2017,False,DAL,1611661321
1611661313,New York Liberty,1021700068,2017-06-23,L,89,32,60,0.533,10,21,0.476,15,19,0.789,2,27,29,16,4,2,14,18,-5.0,2017,True,CON,1611661323
1611661313,New York Liberty,1021700080,2017-06-29,L,54,21,65,0.323,3,13,0.231,9,10,0.9,9,37,46,10,2,4,19,21,-13.0,2017,False,WAS,1611661322
1611661313,New York Liberty,1021700088,2017-07-02,L,72,29,72,0.403,6,20,0.3,8,13,0.615,7,30,37,23,5,10,13,18,-9.0,2017,False,ATL,1611661330
1611661313,New York Liberty,1021700093,2017-07-06,W,79,27,66,0.409,3,17,0.176,22,29,0.759,11,32,43,15,8,3,11,20,9.0,2017,False,SEA,1611661328
1611661313,New York Liberty,1021700100,2017-07-09,L,69,28,79,0.354,4,18,0.222,9,16,0.563,14,24,38,13,6,3,10,18,-12.0,2017,False,PHO,1611661317
1611661313,New York Liberty,1021700107,2017-07-14,L,68,27,77,0.351,2,7,0.286,12,20,0.6,16,33,49,16,4,2,10,13,-10.0,2017,True,CHI,1611661329
1611661313,New York Liberty,1021700111,2017-07-16,W,85,32,75,0.427,9,23,0.391,12,13,0.923,10,36,46,21,9,8,11,16,30.0,2017,True,WAS,1611661322
1611661313,New York Liberty,1021700117,2017-07-19,W,96,31,65,0.477,9,21,0.429,25,26,0.962,12,36,48,14,3,2,14,17,16.0,2017,True,CON,1611661323
1611661313,New York Liberty,1021700126,2017-07-25,L,75,30,70,0.429,5,20,0.25,10,13,0.769,10,25,35,17,8,3,11,15,-1.0,2017,False,MIN,1611661324
1611661313,New York Liberty,1021700130,2017-07-28,W,85,29,65,0.446,7,16,0.438,20,24,0.833,8,29,37,17,6,2,15,20,1.0,2017,False,IND,1611661325
1611661313,New York Liberty,1021700139,2017-07-30,W,86,35,77,0.455,8,15,0.533,8,13,0.615,13,24,37,25,12,5,16,15,4.0,2017,False,CHI,1611661329
1611661313,New York Liberty,1021700141,2017-08-01,L,81,33,73,0.452,8,19,0.421,7,8,0.875,11,18,29,26,8,5,14,15,-12.0,2017,False,SAN,1611661319
1611661313,New York Liberty,1021700147,2017-08-04,L,74,29,66,0.439,5,22,0.227,11,18,0.611,6,29,35,22,5,3,13,21,-13.0,2017,False,LAS,1611661320
1611661313,New York Liberty,1021700153,2017-08-08,W,81,26,69,0.377,2,14,0.143,27,32,0.844,14,24,38,14,7,1,12,12,5.0,2017,True,IND,1611661325
1611661313,New York Liberty,1021700158,2017-08-11,W,83,29,68,0.426,4,11,0.364,21,22,0.955,10,25,35,19,7,5,11,25,6.0,2017,False,ATL,1611661330
1611661313,New York Liberty,1021700164,2017-08-13,W,83,31,71,0.437,10,22,0.455,11,12,0.917,12,25,37,19,5,4,11,14,14.0,2017,True,LAS,1611661320
1611661313,New York Liberty,1021700168,2017-08-18,W,82,28,69,0.406,7,23,0.304,19,29,0.655,10,36,46,12,1,2,12,25,12.0,2017,False,CON,1611661323
1611661313,New York Liberty,1021700175,2017-08-20,W,70,27,58,0.466,5,14,0.357,11,14,0.786,7,27,34,17,5,3,12,22,9.0,2017,True,MIN,1611661324
1611661313,New York Liberty,1021700182,2017-08-23,W,71,27,58,0.466,9,15,0.6,8,14,0.571,9,27,36,14,9,3,16,13,21.0,2017,False,IND,1611661325
1611661313,New York Liberty,1021700185,2017-08-25,W,74,28,72,0.389,5,16,0.313,13,16,0.813,15,25,40,10,7,2,8,18,8.0,2017,True,WAS,1611661322
1611661313,New York Liberty,1021700189,2017-08-27,W,92,36,85,0.424,6,21,0.286,14,17,0.824,18,28,46,25,14,2,8,17,30.0,2017,True,CHI,1611661329
1611661313,New York Liberty,1021700195,2017-09-01,W,81,31,71,0.437,5,17,0.294,14,19,0.737,11,26,37,22,1,4,5,20,12.0,2017,True,SAN,1611661319
1611661313,New York Liberty,1021700200,2017-09-03,W,82,32,77,0.416,2,12,0.167,16,17,0.941,17,26,43,14,7,4,13,27,1.0,2017,False,DAL,1611661321
1611661313,New York Liberty,1021800007,2018-05-20,L,76,26,72,0.361,9,25,0.36,15,19,0.789,8,22,30,18,10,4,8,18,-4.0,2018,False,CHI,1611661329
1611661313,New York Liberty,1021800016,2018-05-25,L,72,27,72,0.375,5,24,0.208,13,18,0.722,11,23,34,11,4,2,6,20,-6.0,2018,True,MIN,1611661324
1611661313,New York Liberty,1021800024,2018-05-29,W,94,36,69,0.522,9,22,0.409,13,16,0.813,7,25,32,22,11,3,14,21,5.0,2018,True,DAL,1611661321
1611661313,New York Liberty,1021800031,2018-06-02,W,87,27,68,0.397,3,19,0.158,30,32,0.938,12,34,46,14,4,5,20,18,6.0,2018,False,IND,1611661325
1611661313,New York Liberty,1021800037,2018-06-05,L,74,31,75,0.413,9,28,0.321,3,5,0.6,19,20,39,19,6,0,17,19,-6.0,2018,True,PHO,1611661317
1611661313,New York Liberty,1021800039,2018-06-07,L,86,32,69,0.464,7,25,0.28,15,19,0.789,6,29,35,25,3,5,11,21,-2.0,2018,True,CON,1611661323
1611661313,New York Liberty,1021800046,2018-06-10,W,78,26,57,0.456,13,24,0.542,13,18,0.722,3,19,22,19,6,5,15,20,3.0,2018,True,IND,1611661325
1611661313,New York Liberty,1021800055,2018-06-13,L,63,28,66,0.424,4,24,0.167,3,6,0.5,7,19,26,19,6,4,13,23,-15.0,2018,True,LVA,1611661319
1611661313,New York Liberty,1021800061,2018-06-16,L,71,28,61,0.459,8,22,0.364,7,7,1.0,3,19,22,20,8,2,17,21,-14.0,2018,False,MIN,1611661324
1611661313,New York Liberty,1021800065,2018-06-19,W,79,29,74,0.392,5,20,0.25,16,20,0.8,7,31,38,23,12,0,12,27,7.0,2018,True,ATL,1611661330
1611661313,New York Liberty,1021800073,2018-06-22,L,78,30,80,0.375,8,26,0.308,10,10,1.0,14,24,38,22,10,6,16,25,-10.0,2018,False,LVA,1611661319
1611661313,New York Liberty,1021800077,2018-06-24,L,54,23,60,0.383,5,18,0.278,3,10,0.3,2,29,31,14,6,0,14,18,-26.0,2018,False,LAS,1611661320
1611661313,New York Liberty,1021800081,2018-06-26,L,69,27,66,0.409,8,19,0.421,7,12,0.583,8,23,31,19,7,1,15,22,-14.0,2018,True,PHO,1611661317
1611661313,New York Liberty,1021800088,2018-06-28,L,77,31,62,0.5,5,17,0.294,10,11,0.909,7,27,34,24,2,4,15,24,-3.0,2018,False,WAS,1611661322
1611661313,New York Liberty,1021800091,2018-06-29,L,99,39,77,0.506,8,19,0.421,13,16,0.813,13,20,33,24,11,1,11,23,-4.0,2018,True,CHI,1611661329
1611661313,New York Liberty,1021800098,2018-07-01,W,97,31,72,0.431,6,19,0.316,29,37,0.784,11,29,40,23,11,1,13,23,3.0,2018,False,CHI,1611661329
1611661313,New York Liberty,1021800100,2018-07-03,L,62,26,68,0.382,5,13,0.385,5,8,0.625,9,22,31,20,6,1,12,9,-15.0,2018,True,SEA,1611661328
1611661313,New York Liberty,1021800104,2018-07-05,L,67,23,62,0.371,6,20,0.3,15,19,0.789,10,26,36,16,8,1,15,19,-19.0,2018,False,WAS,1611661322
1611661313,New York Liberty,1021800114,2018-07-08,L,87,30,75,0.4,8,24,0.333,19,28,0.679,14,16,30,17,5,2,6,22,-10.0,2018,True,DAL,1611661321
1611661313,New York Liberty,1021800119,2018-07-11,W,79,32,71,0.451,7,21,0.333,8,12,0.667,7,28,35,21,6,5,13,23,3.0,2018,False,CON,1611661323
1611661313,New York Liberty,1021800129,2018-07-15,W,107,41,67,0.612,5,15,0.333,20,26,0.769,11,22,33,27,12,2,14,24,23.0,2018,True,CHI,1611661329
1611661313,New York Liberty,1021800133,2018-07-17,L,87,30,64,0.469,7,17,0.412,20,28,0.714,5,22,27,19,6,2,16,28,-17.0,2018,False,DAL,1611661321
1611661313,New York Liberty,1021800137,2018-07-19,L,68,26,65,0.4,5,18,0.278,11,15,0.733,7,28,35,19,9,8,19,25,-14.0,2018,False,ATL,1611661330
1611661313,New York Liberty,1021800143,2018-07-21,L,78,29,63,0.46,8,23,0.348,12,13,0.923,4,19,23,18,4,2,14,20,-17.0,2018,True,WAS,1611661322
1611661313,New York Liberty,1021800151,2018-07-24,L,82,31,73,0.425,8,29,0.276,12,13,0.923,12,28,40,23,5,2,14,23,-3.0,2018,False,MIN,1611661324
1611661313,New York Liberty,1021800157,2018-08-01,L,77,29,66,0.439,8,20,0.4,11,14,0.786,6,27,33,22,6,4,15,16,-15.0,2018,False,CON,1611661323
1611661313,New York Liberty,1021800164,2018-08-04,L,55,20,63,0.317,4,23,0.174,11,14,0.786,7,32,39,14,5,3,19,19,-13.0,2018,True,IND,1611661325
1611661313,New York Liberty,1021800169,2018-08-06,L,80,34,72,0.472,6,16,0.375,6,8,0.75,10,32,42,23,3,2,20,16,-16.0,2018,True,SEA,1611661328
1611661313,New York Liberty,1021800174,2018-08-08,L,81,32,69,0.464,7,16,0.438,10,12,0.833,12,30,42,22,6,4,13,16,-1.0,2018,True,LAS,1611661320
1611661313,New York Liberty,1021800183,2018-08-12,L,77,32,66,0.485,2,17,0.118,11,14,0.786,7,35,42,22,5,1,16,23,-9.0,2018,True,ATL,1611661330
1611661313,New York Liberty,1021800190,2018-08-14,L,66,27,62,0.435,5,20,0.25,7,14,0.5,8,32,40,15,3,3,18,19,-8.0,2018,False,LAS,1611661320
1611661313,New York Liberty,1021800192,2018-08-15,L,72,28,65,0.431,8,23,0.348,8,12,0.667,6,26,32,16,6,3,14,19,-13.0,2018,False,LVA,1611661319
1611661313,New York Liberty,1021800197,2018-08-17,L,77,30,75,0.4,7,23,0.304,10,14,0.714,11,26,37,15,6,4,12,20,-8.0,2018,False,SEA,1611661328
1611661313,New York Liberty,1021800201,2018-08-19,L,85,30,69,0.435,8,24,0.333,17,21,0.81,10,23,33,17,6,1,9,19,-11.0,2018,False,PHO,1611661317
1611661313,New York Liberty,1021900002,2019-05-24,L,80,28,70,0.4,5,14,0.357,19,23,0.826,13,27,40,14,4,4,16,25,-1.0,2019,True,IND,1611661325
1611661313,New York Liberty,1021900012,2019-06-01,L,77,26,75,0.347,7,24,0.292,18,25,0.72,17,22,39,19,11,2,16,22,-15.0,2019,False,IND,1611661325
1611661313,New York Liberty,1021900017,2019-06-04,L,73,27,68,0.397,5,15,0.333,14,18,0.778,9,31,40,15,7,8,16,18,-5.0,2019,True,LAS,1611661320
1611661313,New York Liberty,1021900024,2019-06-07,L,85,33,72,0.458,9,27,0.333,10,11,0.909,10,25,35,16,7,5,17,25,-9.0,2019,True,WAS,1611661322
1611661313,New York Liberty,1021900027,2019-06-09,W,88,32,81,0.395,6,26,0.231,18,21,0.857,12,34,46,21,7,8,9,19,10.0,2019,True,LVA,1611661319
1611661313,New York Liberty,1021900034,2019-06-12,W,75,30,65,0.462,5,23,0.217,10,13,0.769,7,30,37,22,13,2,17,13,6.0,2019,True,MIN,1611661324
1611661313,New York Liberty,1021900039,2019-06-14,L,65,22,68,0.324,3,21,0.143,18,21,0.857,3,18,21,13,9,2,15,23,-35.0,2019,False,LVA,1611661319
1611661313,New York Liberty,1021900042,2019-06-15,W,98,33,70,0.471,9,20,0.45,23,26,0.885,6,29,35,22,11,6,9,12,6.0,2019,False,LAS,1611661320
1611661313,New York Liberty,1021900047,2019-06-19,L,83,32,81,0.395,10,22,0.455,9,11,0.818,6,26,32,24,3,3,9,18,-8.0,2019,True,CHI,1611661329
1611661313,New York Liberty,1021900053,2019-06-22,L,83,34,74,0.459,10,25,0.4,5,7,0.714,10,16,26,20,11,4,16,22,-9.0,2019,False,MIN,1611661324
1611661313,New York Liberty,1021900064,2019-06-28,W,69,27,70,0.386,4,15,0.267,11,18,0.611,11,27,38,18,5,2,8,13,1.0,2019,True,DAL,1611661321
1611661313,New York Liberty,1021900069,2019-06-30,W,74,31,71,0.437,1,11,0.091,11,14,0.786,10,33,43,17,10,5,14,22,16.0,2019,False,ATL,1611661330
1611661313,New York Liberty,1021900075,2019-07-03,W,84,34,69,0.493,8,19,0.421,8,13,0.615,9,25,34,20,12,2,16,17,1.0,2019,False,SEA,1611661328
1611661313,New York Liberty,1021900077,2019-07-05,W,80,30,63,0.476,7,16,0.438,13,16,0.813,4,31,35,21,6,4,12,15,4.0,2019,False,PHO,1611661317
1611661313,New York Liberty,1021900081,2019-07-07,L,58,22,74,0.297,6,22,0.273,8,8,1.0,12,20,32,15,5,5,19,21,-32.0,2019,True,LVA,1611661319
1611661313,New York Liberty,1021900093,2019-07-12,L,83,28,70,0.4,5,14,0.357,22,25,0.88,10,26,36,24,4,3,15,20,-16.0,2019,False,CHI,1611661329
1611661313,New York Liberty,1021900100,2019-07-14,L,69,21,57,0.368,4,16,0.25,23,26,0.885,8,20,28,15,10,2,19,13,-9.0,2019,False,SEA,1611661328
1611661313,New York Liberty,1021900108,2019-07-20,W,83,24,52,0.462,8,11,0.727,27,39,0.692,4,27,31,17,7,3,15,25,5.0,2019,True,LAS,1611661320
1611661313,New York Liberty,1021900116,2019-07-24,L,63,21,63,0.333,7,23,0.304,14,20,0.7,10,30,40,18,5,8,16,22,-7.0,2019,False,CON,1611661323
1611661313,New York Liberty,1021900123,2019-08-01,L,64,20,57,0.351,4,13,0.308,20,25,0.8,6,21,27,15,10,2,21,26,-23.0,2019,False,DAL,1611661321
1611661313,New York Liberty,1021900129,2019-08-04,L,79,31,71,0.437,4,22,0.182,13,15,0.867,8,25,33,20,4,5,17,21,-15.0,2019,True,CON,1611661323
1611661313,New York Liberty,1021900133,2019-08-07,L,92,38,75,0.507,11,27,0.407,5,8,0.625,6,28,34,30,4,9,16,26,-9.0,2019,False,CHI,1611661329
1611661313,New York Liberty,1021900141,2019-08-11,L,69,27,64,0.422,6,24,0.25,9,12,0.75,11,20,31,18,7,2,18,24,-15.0,2019,True,SEA,1611661328
1611661313,New York Liberty,1021900145,2019-08-13,L,73,29,66,0.439,8,18,0.444,7,13,0.538,8,27,35,19,5,2,17,23,-16.0,2019,True,MIN,1611661324
1611661313,New York Liberty,1021900152,2019-08-16,L,77,26,62,0.419,4,14,0.286,21,26,0.808,15,20,35,17,3,0,16,26,-6.0,2019,False,DAL,1611661321
1611661313,New York Liberty,1021900158,2019-08-18,L,72,28,73,0.384,3,15,0.2,13,13,1.0,13,27,40,24,4,3,13,28,-6.0,2019,False,PHO,1611661317
1611661313,New York Liberty,1021900161,2019-08-20,W,82,28,70,0.4,9,21,0.429,17,18,0.944,10,30,40,20,3,7,13,20,6.0,2019,False,IND,1611661325
1611661313,New York Liberty,1021900167,2019-08-23,L,87,32,75,0.427,7,18,0.389,16,25,0.64,10,28,38,28,5,4,12,27,-3.0,2019,True,ATL,1611661330
1611661313,New York Liberty,1021900169,2019-08-25,L,72,27,72,0.375,8,19,0.421,10,12,0.833,7,22,29,21,6,2,12,15,-29.0,2019,False,WAS,1611661322
1611661313,New York Liberty,1021900176,2019-08-27,L,82,33,71,0.465,8,21,0.381,8,9,0.889,7,18,25,19,3,1,10,22,-13.0,2019,True,PHO,1611661317
1611661313,New York Liberty,1021900183,2019-08-30,L,84,33,76,0.434,10,24,0.417,8,10,0.8,11,23,34,24,5,1,13,20,-10.0,2019,True,CON,1611661323
1611661313,New York Liberty,1021900189,2019-09-03,L,77,27,62,0.435,6,18,0.333,17,22,0.773,5,18,23,16,10,4,14,18,-16.0,2019,True,WAS,1611661322
1611661313,New York Liberty,1021900197,2019-09-06,L,81,33,75,0.44,8,22,0.364,7,10,0.7,10,29,39,25,8,3,19,29,-5.0,2019,True,IND,1611661325
1611661313,New York Liberty,1021900199,2019-09-08,W,71,30,76,0.395,7,25,0.28,4,6,0.667,10,34,44,20,7,2,14,22,8.0,2019,False,ATL,1611661330
1611661313,New York Liberty,1022001001,2020-07-25,L,71,23,66,0.348,6,28,0.214,19,22,0.864,5,32,37,14,5,5,19,15,-16.0,2020,True,SEA,1611661328
1611661313,New York Liberty,1022001011,2020-07-29,L,80,31,73,0.425,9,25,0.36,9,12,0.75,13,31,44,16,5,2,18,15,-13.0,2020,False,DAL,1611661321
1611661313,New York Liberty,1022001016,2020-07-31,L,78,28,72,0.389,7,29,0.241,15,17,0.882,8,25,33,13,8,11,15,23,-6.0,2020,False,ATL,1611661330
1611661313,New York Liberty,1022001022,2020-08-02,L,67,18,73,0.247,5,35,0.143,26,29,0.897,10,24,34,13,4,2,13,30,-29.0,2020,True,PHO,1611661317
1611661313,New York Liberty,1022001028,2020-08-05,L,66,25,64,0.391,8,26,0.308,8,11,0.727,9,21,30,18,8,3,22,16,-26.0,2020,True,MIN,1611661324
1611661313,New York Liberty,1022001035,2020-08-07,W,74,22,56,0.393,12,32,0.375,18,24,0.75,6,32,38,16,4,2,18,24,8.0,2020,False,WAS,1611661322
1611661313,New York Liberty,1022001040,2020-08-09,L,76,28,64,0.438,10,28,0.357,10,16,0.625,6,24,30,17,5,3,14,23,-2.0,2020,True,LVA,1611661319
1611661313,New York Liberty,1022001048,2020-08-11,L,78,24,60,0.4,8,23,0.348,22,23,0.957,9,26,35,12,10,5,26,20,-15.0,2020,False,LAS,1611661320
1611661313,New York Liberty,1022001052,2020-08-13,L,79,24,68,0.353,10,26,0.385,21,26,0.808,8,23,31,12,6,4,7,18,-7.0,2020,True,IND,1611661325
1611661313,New York Liberty,1022001059,2020-08-15,L,64,20,66,0.303,6,22,0.273,18,22,0.818,9,22,31,12,6,4,18,20,-30.0,2020,False,MIN,1611661324
1611661313,New York Liberty,1022001066,2020-08-18,L,64,22,67,0.328,6,27,0.222,14,19,0.737,11,26,37,12,8,1,23,16,-41.0,2020,False,SEA,1611661328
1611661313,New York Liberty,1022001070,2020-08-20,L,85,30,69,0.435,3,19,0.158,22,23,0.957,7,28,35,15,8,7,16,19,-16.0,2020,True,CHI,1611661329
1611661313,New York Liberty,1022001077,2020-08-22,L,65,20,54,0.37,8,29,0.276,17,19,0.895,4,31,35,19,6,3,18,19,-17.0,2020,False,CON,1611661323
1611661313,New York Liberty,1022001082,2020-08-25,W,101,38,68,0.559,14,30,0.467,11,13,0.846,4,25,29,26,7,3,12,22,2.0,2020,False,CHI,1611661329
1611661313,New York Liberty,1022001096,2020-08-29,L,63,22,66,0.333,9,27,0.333,10,12,0.833,9,35,44,13,6,6,17,19,-17.0,2020,False,LVA,1611661319
1611661313,New York Liberty,1022001100,2020-09-01,L,65,19,55,0.345,6,22,0.273,21,27,0.778,3,32,35,13,7,6,18,20,-5.0,2020,True,CON,1611661323
1611661313,New York Liberty,1022001106,2020-09-03,L,56,19,73,0.26,6,35,0.171,12,17,0.706,12,35,47,10,8,5,16,12,-6.0,2020,True,ATL,1611661330
1611661313,New York Liberty,1022001114,2020-09-05,L,67,22,81,0.272,4,35,0.114,19,24,0.792,21,32,53,10,4,3,7,18,-16.0,2020,False,PHO,1611661317
1611661313,New York Liberty,1022001118,2020-09-08,L,70,22,58,0.379,12,35,0.343,14,16,0.875,4,22,26,18,7,4,17,18,-26.0,2020,True,LAS,1611661320
1611661313,New York Liberty,1022001124,2020-09-10,L,75,30,76,0.395,6,26,0.231,9,9,1.0,6,28,34,14,7,5,15,23,-10.0,2020,False,IND,1611661325
1611661313,New York Liberty,1022001130,2020-09-12,L,58,21,55,0.382,9,24,0.375,7,8,0.875,5,30,35,16,6,6,25,9,-17.0,2020,True,WAS,1611661322
1611661313,New York Liberty,1022001089,2020-09-13,L,79,32,67,0.478,3,19,0.158,12,17,0.706,6,28,34,18,4,4,14,21,-3.0,2020,True,DAL,1611661321
1611661313,New York Liberty,1022100001,2021-05-14,W,90,31,66,0.47,13,26,0.5,15,18,0.833,3,25,28,20,5,2,14,20,3.0,2021,True,IND,1611661325
1611661313,New York Liberty,1022100007,2021-05-16,W,73,26,65,0.4,9,25,0.36,12,15,0.8,5,33,38,17,9,3,22,22,8.0,2021,False,IND,1611661325
1611661313,New York Liberty,1022100009,2021-05-18,W,86,30,67,0.448,12,27,0.444,14,16,0.875,3,37,40,24,4,4,16,17,11.0,2021,True,MIN,1611661324
1611661313,New York Liberty,1022100016,2021-05-21,L,72,28,65,0.431,11,27,0.407,5,7,0.714,3,25,28,18,6,5,16,12,-29.0,2021,False,WAS,1611661322
1611661313,New York Liberty,1022100020,2021-05-23,W,93,36,73,0.493,14,28,0.5,7,10,0.7,12,28,40,25,4,10,22,17,8.0,2021,False,CHI,1611661329
1611661313,New York Liberty,1022100024,2021-05-24,W,88,28,60,0.467,10,25,0.4,22,27,0.815,10,23,33,19,7,3,14,23,7.0,2021,True,DAL,1611661321
1611661313,New York Liberty,1022100033,2021-05-29,L,87,27,69,0.391,14,34,0.412,19,21,0.905,4,32,36,23,9,3,20,9,-3.0,2021,True,ATL,1611661330
1611661313,New York Liberty,1022100042,2021-06-03,L,82,33,81,0.407,9,30,0.3,7,9,0.778,10,28,38,25,8,4,11,21,-12.0,2021,True,LVA,1611661319
1611661313,New York Liberty,1022100049,2021-06-05,L,64,24,55,0.436,11,27,0.407,5,6,0.833,3,19,22,20,5,4,15,22,-21.0,2021,False,CON,1611661323
1611661313,New York Liberty,1022100064,2021-06-13,W,85,32,76,0.421,10,32,0.313,11,14,0.786,7,29,36,18,7,3,10,22,2.0,2021,False,PHO,1611661317
1611661313,New York Liberty,1022100067,2021-06-15,L,78,29,61,0.475,9,28,0.321,11,17,0.647,4,20,24,18,9,5,18,18,-22.0,2021,False,LVA,1611661319
1611661313,New York Liberty,1022100073,2021-06-17,L,76,26,83,0.313,10,38,0.263,14,19,0.737,9,27,36,20,6,4,11,24,-27.0,2021,False,LVA,1611661319
1611661313,New York Liberty,1022100078,2021-06-20,W,76,24,57,0.421,10,31,0.323,18,20,0.9,11,27,38,18,9,3,29,16,3.0,2021,False,LAS,1611661320
1611661313,New York Liberty,1022100080,2021-06-22,L,72,29,68,0.426,6,28,0.214,8,11,0.727,3,29,32,19,3,9,16,12,-20.0,2021,True,CHI,1611661329
1611661313,New York Liberty,1022100084,2021-06-24,L,68,25,67,0.373,4,25,0.16,14,18,0.778,9,28,37,13,3,3,21,19,-23.0,2021,True,CHI,1611661329
1611661313,New York Liberty,1022100088,2021-06-26,W,101,32,59,0.542,13,32,0.406,24,28,0.857,6,30,36,22,5,5,18,15,23.0,2021,False,ATL,1611661330
1611661313,New York Liberty,1022100092,2021-06-29,L,69,24,60,0.4,9,24,0.375,12,15,0.8,7,29,36,14,4,3,15,14,-4.0,2021,False,ATL,1611661330
1611661313,New York Liberty,1022100103,2021-07-03,W,82,29,64,0.453,8,20,0.4,16,19,0.842,3,36,39,16,5,5,11,20,3.0,2021,True,WAS,1611661322
1611661313,New York Liberty,1022100106,2021-07-05,W,99,40,71,0.563,15,31,0.484,4,8,0.5,6,23,29,27,8,5,15,17,3.0,2021,True,DAL,1611661321
1611661313,New York Liberty,1022100111,2021-07-09,L,69,26,66,0.394,6,23,0.261,11,13,0.846,9,29,38,18,3,3,20,18,-13.0,2021,False,IND,1611661325
1611661313,New York Liberty,1022100116,2021-07-11,L,54,17,56,0.304,9,29,0.31,11,17,0.647,5,29,34,15,0,1,16,11,-17.0,2021,True,CON,1611661323
1611661313,New York Liberty,1022100124,2021-08-15,L,78,32,71,0.451,6,20,0.3,8,11,0.727,7,23,30,16,9,2,8,20,-10.0,2021,False,MIN,1611661324
1611661313,New York Liberty,1022100131,2021-08-18,W,83,31,60,0.517,12,25,0.48,9,10,0.9,5,26,31,19,6,4,21,13,4.0,2021,True,SEA,1611661328
1611661313,New York Liberty,1022100135,2021-08-20,L,83,27,70,0.386,12,30,0.4,17,19,0.895,5,24,29,19,7,5,9,18,-16.0,2021,True,SEA,1611661328
1611661313,New York Liberty,1022100139,2021-08-22,L,83,26,63,0.413,16,35,0.457,15,18,0.833,5,30,35,23,7,2,23,23,-3.0,2021,True,LAS,1611661320
1611661313,New York Liberty,1022100145,2021-08-25,L,79,28,74,0.378,13,36,0.361,10,12,0.833,10,23,33,19,7,4,8,10,-27.0,2021,True,PHO,1611661317
1611661313,New York Liberty,1022100149,2021-08-27,L,64,25,67,0.373,10,33,0.303,4,4,1.0,3,32,35,20,4,4,17,19,-16.0,2021,True,PHO,1611661317
1611661313,New York Liberty,1022100157,2021-08-31,L,66,23,71,0.324,5,24,0.208,15,17,0.882,8,30,38,12,9,4,13,21,-8.0,2021,False,MIN,1611661324
1611661313,New York Liberty,1022100162,2021-09-02,L,75,27,57,0.474,11,23,0.478,10,11,0.909,3,21,24,14,8,3,20,27,-10.0,2021,False,SEA,1611661328
1611661313,New York Liberty,1022100175,2021-09-11,L,76,30,67,0.448,7,24,0.292,9,11,0.818,8,31,39,22,2,2,9,16,-1.0,2021,False,DAL,1611661321
1611661313,New York Liberty,1022100182,2021-09-15,L,69,26,62,0.419,7,25,0.28,10,11,0.909,6,15,21,18,12,4,28,15,-29.0,2021,False,CON,1611661323
1611661313,New York Liberty,1022100185,2021-09-17,W,91,33,64,0.516,10,22,0.455,15,18,0.833,7,27,34,24,5,1,13,21,11.0,2021,True,WAS,1611661322
1611661313,New York Liberty,1022200005,2022-05-07,W,81,28,59,0.475,10,25,0.4,15,21,0.714,7,20,27,17,9,4,15,25,2.0,2022,True,CON,1611661323
1611661313,New York Liberty,1022200013,2022-05-11,L,50,20,60,0.333,2,15,0.133,8,9,0.889,6,25,31,16,3,5,14,14,-33.0,2022,False,CHI,1611661329
1611661313,New York Liberty,1022200017,2022-05-13,L,86,29,80,0.363,10,25,0.4,18,21,0.857,5,28,33,17,12,4,17,22,-6.0,2022,True,IND,1611661325
1611661313,New York Liberty,1022200021,2022-05-15,L,71,29,60,0.483,7,22,0.318,6,11,0.545,4,24,28,18,7,4,17,20,-10.0,2022,True,DAL,1611661321
1611661313,New York Liberty,1022200023,2022-05-17,L,65,22,52,0.423,7,22,0.318,14,18,0.778,5,23,28,13,9,2,29,22,-27.0,2022,True,CON,1611661323
1611661313,New York Liberty,1022200042,2022-05-24,L,78,28,71,0.394,9,32,0.281,13,18,0.722,9,30,39,24,4,6,13,20,-6.0,2022,False,MIN,1611661324
1611661313,New York Liberty,1022200046,2022-05-27,L,71,24,70,0.343,9,32,0.281,14,14,1.0,14,35,49,19,5,6,21,27,-8.0,2022,False,SEA,1611661328
1611661313,New York Liberty,1022200050,2022-05-29,L,61,22,65,0.338,7,27,0.259,10,11,0.909,7,25,32,20,8,3,17,10,-31.0,2022,False,SEA,1611661328
1611661313,New York Liberty,1022200057,2022-06-01,W,87,28,62,0.452,11,33,0.333,20,24,0.833,8,31,39,18,2,9,12,16,13.0,2022,True,IND,1611661325
1611661313,New York Liberty,1022200059,2022-06-03,W,74,23,63,0.365,11,34,0.324,17,18,0.944,7,27,34,15,10,5,12,16,4.0,2022,False,WAS,1611661322
1611661313,New York Liberty,1022200063,2022-06-05,L,77,32,71,0.451,4,30,0.133,9,13,0.692,8,26,34,17,9,4,11,17,-7.0,2022,True,MIN,1611661324
1611661313,New York Liberty,1022200069,2022-06-07,W,88,32,69,0.464,12,33,0.364,12,15,0.8,9,26,35,21,5,5,13,14,19.0,2022,True,MIN,1611661324
1611661313,New York Liberty,1022200074,2022-06-10,W,97,38,65,0.585,13,28,0.464,8,8,1.0,4,29,33,31,2,2,12,14,14.0,2022,False,IND,1611661325
1611661313,New York Liberty,1022200079,2022-06-12,L,86,32,66,0.485,11,23,0.478,11,12,0.917,2,24,26,22,4,6,14,18,-2.0,2022,True,CHI,1611661329
1611661313,New York Liberty,1022200088,2022-06-16,W,77,31,69,0.449,6,31,0.194,9,13,0.692,5,33,38,21,9,3,10,14,12.0,2022,True,WAS,1611661322
1611661313,New York Liberty,1022200092,2022-06-19,L,72,30,75,0.4,10,27,0.37,2,5,0.4,8,35,43,20,5,4,12,15,-9.0,2022,True,SEA,1611661328
1611661313,New York Liberty,1022200101,2022-06-22,W,81,31,69,0.449,13,32,0.406,6,8,0.75,5,28,33,25,2,6,11,14,4.0,2022,False,CON,1611661323
1611661313,New York Liberty,1022200106,2022-06-24,W,89,32,68,0.471,16,35,0.457,9,15,0.6,9,30,39,23,5,3,16,17,12.0,2022,False,ATL,1611661330
1611661313,New York Liberty,1022200119,2022-06-30,L,81,26,66,0.394,10,31,0.323,19,24,0.792,6,29,35,19,7,7,17,26,-11.0,2022,True,ATL,1611661330
1611661313,New York Liberty,1022200127,2022-07-03,L,74,27,68,0.397,12,33,0.364,8,12,0.667,7,21,28,22,7,2,17,16,-10.0,2022,False,LAS,1611661320
1611661313,New York Liberty,1022200133,2022-07-06,W,116,42,73,0.575,18,31,0.581,14,16,0.875,6,29,35,35,2,3,8,19,9.0,2022,False,LVA,1611661319
1611661313,New York Liberty,1022200135,2022-07-07,L,81,30,71,0.423,7,23,0.304,14,16,0.875,11,29,40,20,5,5,15,21,-3.0,2022,False,PHO,1611661317
1611661313,New York Liberty,1022200138,2022-07-12,L,101,34,76,0.447,15,31,0.484,18,22,0.818,9,18,27,24,8,4,12,25,-6.0,2022,True,LVA,1611661319
1611661313,New York Liberty,1022200143,2022-07-14,L,74,22,63,0.349,8,26,0.308,22,25,0.88,5,25,30,18,5,5,12,15,-34.0,2022,True,LVA,1611661319
1611661313,New York Liberty,1022200154,2022-07-19,L,63,24,66,0.364,9,27,0.333,6,6,1.0,6,20,26,18,7,8,18,18,-19.0,2022,False,CON,1611661323
1611661313,New York Liberty,1022200158,2022-07-21,L,69,26,62,0.419,8,26,0.308,9,10,0.9,4,28,32,17,7,2,15,19,-9.0,2022,False,WAS,1611661322
1611661313,New York Liberty,1022200164,2022-07-23,W,83,31,72,0.431,7,18,0.389,14,15,0.933,11,30,41,22,7,3,19,24,3.0,2022,True,CHI,1611661329
1611661313,New York Liberty,1022200174,2022-07-29,L,81,28,65,0.431,7,26,0.269,18,20,0.9,7,24,31,22,8,6,18,21,-8.0,2022,False,CHI,1611661329
1611661313,New York Liberty,1022200178,2022-07-31,W,89,35,71,0.493,12,26,0.462,7,9,0.778,10,32,42,32,5,0,16,15,20.0,2022,True,PHO,1611661317
1611661313,New York Liberty,1022200183,2022-08-02,W,102,37,64,0.578,11,26,0.423,17,19,0.895,10,29,39,25,10,2,19,13,29.0,2022,True,LAS,1611661320
1611661313,New York Liberty,1022200187,2022-08-03,W,64,23,73,0.315,7,28,0.25,11,14,0.786,10,29,39,17,8,3,10,14,3.0,2022,True,LAS,1611661320
1611661313,New York Liberty,1022200194,2022-08-06,L,62,21,68,0.309,7,32,0.219,13,16,0.813,7,28,35,18,8,3,12,23,-14.0,2022,False,PHO,1611661317
1611661313,New York Liberty,1022200199,2022-08-08,L,77,27,62,0.435,11,30,0.367,12,12,1.0,5,23,28,15,4,2,14,17,-9.0,2022,False,DAL,1611661321
1611661313,New York Liberty,1022200203,2022-08-10,W,91,34,62,0.548,13,27,0.481,10,11,0.909,5,27,32,21,4,5,12,20,18.0,2022,False,DAL,1611661321
1611661313,New York Liberty,1022200208,2022-08-12,W,80,31,66,0.47,4,16,0.25,14,18,0.778,6,31,37,20,4,3,11,17,10.0,2022,False,ATL,1611661330
1611661313,New York Liberty,1022200212,2022-08-14,W,87,27,60,0.45,15,32,0.469,18,22,0.818,4,30,34,23,3,4,16,18,4.0,2022,True,ATL,1611661330
1611661313,New York Liberty,1022300002,2023-05-19,L,64,23,67,0.343,7,31,0.226,11,14,0.786,8,32,40,18,8,2,20,13,-16.0,2023,False,WAS,1611661322
1611661313,New York Liberty,1022300008,2023-05-21,W,90,33,68,0.485,14,29,0.483,10,11,0.909,7,29,36,28,7,5,17,20,17.0,2023,True,IND,1611661325
1611661313,New York Liberty,1022300016,2023-05-27,W,81,32,68,0.471,9,22,0.409,8,13,0.615,11,28,39,25,10,5,13,17,16.0,2023,True,CON,1611661323
1611661313,New York Liberty,1022300024,2023-05-30,W,86,28,57,0.491,9,24,0.375,21,23,0.913,3,29,32,23,3,11,13,17,8.0,2023,False,SEA,1611661328
1611661313,New York Liberty,1022300028,2023-06-02,W,77,31,67,0.463,9,26,0.346,6,7,0.857,3,25,28,23,5,7,11,13,1.0,2023,False,CHI,1611661329
1611661313,New York Liberty,1022300033,2023-06-04,L,82,33,74,0.446,6,25,0.24,10,14,0.714,7,34,41,25,7,1,16,24,-4.0,2023,True,CHI,1611661329
1611661313,New York Liberty,1022300041,2023-06-09,W,106,34,75,0.453,14,30,0.467,24,26,0.923,9,28,37,23,9,9,10,21,23.0,2023,False,ATL,1611661330
1611661313,New York Liberty,1022300046,2023-06-11,W,102,39,70,0.557,13,28,0.464,11,14,0.786,5,33,38,31,3,3,11,19,9.0,2023,True,DAL,1611661321
1611661313,New York Liberty,1022300053,2023-06-13,L,79,26,66,0.394,8,27,0.296,19,22,0.864,8,25,33,19,8,7,13,20,-7.0,2023,True,ATL,1611661330
1611661313,New York Liberty,1022300062,2023-06-18,W,89,30,62,0.484,9,26,0.346,20,24,0.833,12,27,39,25,6,4,16,13,18.0,2023,True,PHO,1611661317
1611661313,New York Liberty,1022300074,2023-06-23,W,110,36,74,0.486,17,35,0.486,21,27,0.778,7,35,42,29,13,3,15,20,30.0,2023,False,ATL,1611661330
1611661313,New York Liberty,1022300079,2023-06-25,W,89,27,73,0.37,12,35,0.343,23,29,0.793,14,31,45,19,9,2,17,24,1.0,2023,True,WAS,1611661322
1611661313,New York Liberty,1022300082,2023-06-27,W,89,34,70,0.486,9,20,0.45,12,14,0.857,6,32,38,24,4,9,9,12,8.0,2023,False,CON,1611661323
1611661313,New York Liberty,1022300087,2023-06-29,L,81,31,65,0.477,8,20,0.4,11,15,0.733,8,23,31,21,3,3,15,14,-17.0,2023,False,LVA,1611661319
1611661313,New York Liberty,1022300097,2023-07-02,W,81,33,71,0.465,8,25,0.32,7,8,0.875,8,29,37,30,16,7,14,20,15.0,2023,False,SEA,1611661328
1611661313,New York Liberty,1022300098,2023-07-05,W,99,32,65,0.492,11,25,0.44,24,28,0.857,6,24,30,27,6,3,15,20,4.0,2023,True,PHO,1611661317
1611661313,New York Liberty,1022300107,2023-07-08,W,80,27,66,0.409,13,30,0.433,13,15,0.867,4,26,30,23,5,2,13,15,4.0,2023,True,SEA,1611661328
1611661313,New York Liberty,1022300115,2023-07-12,W,95,31,74,0.419,12,36,0.333,21,24,0.875,8,39,47,27,7,4,19,22,8.0,2023,False,IND,1611661325
1611661313,New York Liberty,1022300123,2023-07-19,L,88,32,70,0.457,13,30,0.433,11,12,0.917,8,28,36,21,0,3,13,17,-10.0,2023,True,DAL,1611661321
1611661313,New York Liberty,1022300128,2023-07-21,W,96,35,74,0.473,11,31,0.355,15,17,0.882,12,36,48,22,3,5,18,16,9.0,2023,False,WAS,1611661322
1611661313,New York Liberty,1022300133,2023-07-23,W,101,37,68,0.544,17,34,0.5,10,14,0.714,11,24,35,29,8,3,16,15,18.0,2023,True,IND,1611661325
1611661313,New York Liberty,1022300136,2023-07-25,W,86,32,80,0.4,10,35,0.286,12,14,0.857,13,34,47,26,10,5,12,11,4.0,2023,True,SEA,1611661328
1611661313,New York Liberty,1022300142,2023-07-27,W,95,32,66,0.485,11,31,0.355,20,22,0.909,5,34,39,23,3,2,13,21,11.0,2023,True,ATL,1611661330
1611661313,New York Liberty,1022300038,2023-07-28,L,83,26,72,0.361,10,35,0.286,21,25,0.84,11,26,37,20,6,3,10,21,-5.0,2023,True,MIN,1611661324
1611661313,New York Liberty,1022300150,2023-07-30,W,87,32,70,0.457,15,34,0.441,8,11,0.727,10,32,42,26,5,6,17,18,8.0,2023,False,LAS,1611661320
1611661313,New York Liberty,1022300154,2023-08-01,W,76,28,66,0.424,8,33,0.242,12,15,0.8,13,27,40,20,6,6,12,16,7.0,2023,False,LAS,1611661320
1611661313,New York Liberty,1022300160,2023-08-04,W,76,30,75,0.4,9,30,0.3,7,8,0.875,16,27,43,20,5,4,12,15,10.0,2023,False,MIN,1611661324
1611661313,New York Liberty,1022300163,2023-08-06,W,99,38,76,0.5,17,38,0.447,6,6,1.0,11,37,48,28,7,4,13,6,38.0,2023,True,LVA,1611661319
1611661313,New York Liberty,1022300174,2023-08-11,W,89,34,66,0.515,13,25,0.52,8,12,0.667,5,29,34,28,9,4,14,13,16.0,2023,True,CHI,1611661329
1611661313,New York Liberty,1022300180,2023-08-13,W,100,37,72,0.514,12,29,0.414,14,19,0.737,10,25,35,32,7,5,8,17,11.0,2023,False,IND,1611661325
1611661313,New York Liberty,1022300182,2023-08-17,L,75,25,64,0.391,15,39,0.385,10,13,0.769,4,24,28,23,2,7,15,13,-13.0,2023,False,LVA,1611661319
1611661313,New York Liberty,1022300186,2023-08-18,W,85,33,73,0.452,10,29,0.345,9,11,0.818,8,32,40,17,10,4,12,10,22.0,2023,False,PHO,1611661317
1611661313,New York Liberty,1022300198,2023-08-24,W,95,33,75,0.44,8,31,0.258,21,26,0.808,12,31,43,23,5,3,11,16,5.0,2023,False,CON,1611661323
1611661313,New York Liberty,1022300204,2023-08-26,W,111,41,74,0.554,12,27,0.444,17,17,1.0,5,30,35,22,7,4,6,9,35.0,2023,False,MIN,1611661324
1611661313,New York Liberty,1022300209,2023-08-28,W,94,34,75,0.453,10,33,0.303,16,19,0.842,12,31,43,24,8,3,13,15,9.0,2023,True,LVA,1611661319
1611661313,New York Liberty,1022300217,2023-09-01,W,89,34,62,0.548,8,25,0.32,13,18,0.722,8,32,40,21,8,5,15,16,31.0,2023,True,CON,1611661323
1611661313,New York Liberty,1022300220,2023-09-03,W,86,34,72,0.472,10,27,0.37,8,11,0.727,10,30,40,23,12,5,14,9,17.0,2023,False,CHI,1611661329
1611661313,New York Liberty,1022300226,2023-09-05,W,94,34,72,0.472,8,26,0.308,18,23,0.783,11,21,32,26,4,3,12,13,1.0,2023,False,DAL,1611661321
1611661313,New York Liberty,1022300229,2023-09-07,W,96,35,69,0.507,17,34,0.5,9,10,0.9,7,24,31,32,7,5,17,15,7.0,2023,True,LAS,1611661320
1611661313,New York Liberty,1022300238,2023-09-10,L,88,30,74,0.405,12,37,0.324,16,16,1.0,11,25,36,19,5,2,10,14,-2.0,2023,True,WAS,1611661322
1611661313,New York Liberty,1022400001,2024-05-14,W,85,32,68,0.471,8,28,0.286,13,15,0.867,8,28,36,21,8,5,18,20,5.0,2024,False,WAS,1611661322
1611661313,New York Liberty,1022400007,2024-05-16,W,102,36,78,0.462,8,27,0.296,22,23,0.957,13,27,40,22,8,8,10,17,36.0,2024,False,IND,1611661325
1611661313,New York Liberty,1022400010,2024-05-18,W,91,31,64,0.484,15,32,0.469,14,16,0.875,6,26,32,21,9,6,20,14,11.0,2024,True,IND,1611661325
1611661313,New York Liberty,1022400016,2024-05-20,W,74,26,63,0.413,3,23,0.13,19,20,0.95,7,29,36,18,7,5,15,13,11.0,2024,True,SEA,1611661328
1611661313,New York Liberty,1022400022,2024-05-23,L,81,30,69,0.435,8,22,0.364,13,20,0.65,8,27,35,22,8,5,14,17,-9.0,2024,True,CHI,1611661329
1611661313,New York Liberty,1022400025,2024-05-25,L,67,26,68,0.382,7,29,0.241,8,10,0.8,9,21,30,18,8,3,16,11,-17.0,2024,False,MIN,1611661324
1611661313,New York Liberty,1022400035,2024-05-29,W,81,28,68,0.412,9,32,0.281,16,18,0.889,9,30,39,19,7,5,10,12,3.0,2024,True,PHO,1611661317
1611661313,New York Liberty,1022400042,2024-05-31,W,90,28,63,0.444,11,32,0.344,23,31,0.742,8,26,34,18,9,1,14,23,11.0,2024,True,WAS,1611661322
1611661313,New York Liberty,1022400046,2024-06-02,W,104,38,66,0.576,11,25,0.44,17,20,0.85,6,33,39,30,9,6,13,15,36.0,2024,True,IND,1611661325
1611661313,New York Liberty,1022400050,2024-06-04,W,88,34,78,0.436,10,32,0.313,10,12,0.833,10,32,42,24,7,4,10,22,13.0,2024,False,CHI,1611661329
1611661313,New York Liberty,1022400055,2024-06-06,W,78,29,74,0.392,9,31,0.29,11,13,0.846,11,33,44,24,6,4,13,15,17.0,2024,False,ATL,1611661330
1611661313,New York Liberty,1022400060,2024-06-08,W,82,31,60,0.517,9,25,0.36,11,13,0.846,0,28,28,27,8,5,11,18,7.0,2024,False,CON,1611661323
1611661313,New York Liberty,1022400062,2024-06-09,W,93,31,65,0.477,12,27,0.444,19,20,0.95,13,27,40,24,7,3,21,17,5.0,2024,True,WAS,1611661322
1611661313,New York Liberty,1022400077,2024-06-15,W,90,33,68,0.485,12,28,0.429,12,16,0.75,3,34,37,21,8,1,8,9,8.0,2024,False,LVA,1611661319
1611661313,New York Liberty,1022400083,2024-06-18,L,93,32,76,0.421,18,42,0.429,11,14,0.786,11,26,37,27,14,4,16,12,-6.0,2024,False,PHO,1611661317
1611661313,New York Liberty,1022400088,2024-06-20,W,93,34,69,0.493,13,33,0.394,12,15,0.8,4,26,30,29,7,3,11,15,13.0,2024,True,LAS,1611661320
1611661313,New York Liberty,1022400092,2024-06-22,W,98,37,68,0.544,16,36,0.444,8,9,0.889,7,29,36,31,8,6,14,21,10.0,2024,True,LAS,1611661320
1611661313,New York Liberty,1022400094,2024-06-23,W,96,36,70,0.514,10,25,0.4,14,15,0.933,7,31,38,25,7,4,12,17,21.0,2024,False,ATL,1611661330
1611661313,New York Liberty,1022400106,2024-06-30,W,81,28,71,0.394,13,39,0.333,12,16,0.75,5,23,28,25,8,2,5,14,6.0,2024,True,ATL,1611661330
1611661313,New York Liberty,1022400111,2024-07-02,W,76,28,75,0.373,7,32,0.219,13,16,0.813,10,35,45,17,6,5,8,11,9.0,2024,True,MIN,1611661324
1611661313,New York Liberty,1022400121,2024-07-06,L,78,29,71,0.408,10,42,0.238,10,16,0.625,8,23,31,20,7,1,9,11,-5.0,2024,False,IND,1611661325
1611661313,New York Liberty,1022400128,2024-07-10,W,71,28,57,0.491,3,13,0.231,12,16,0.75,1,32,33,22,5,6,9,17,3.0,2024,False,CON,1611661323
1611661313,New York Liberty,1022400133,2024-07-11,W,91,30,63,0.476,13,23,0.565,18,20,0.9,4,26,30,25,8,8,7,9,15.0,2024,True,CHI,1611661329
1611661313,New York Liberty,1022400137,2024-07-13,W,81,30,71,0.423,11,36,0.306,10,14,0.714,4,24,28,21,7,6,5,11,14.0,2024,False,CHI,1611661329
1611661313,New York Liberty,1022400145,2024-07-16,W,82,26,59,0.441,11,27,0.407,19,20,0.95,6,24,30,19,10,4,18,15,8.0,2024,True,CON,1611661323
1611661313,New York Liberty,1022400151,2024-08-15,W,103,39,73,0.534,15,30,0.5,10,13,0.769,7,31,38,31,13,5,13,17,35.0,2024,False,LAS,1611661320
1611661313,New York Liberty,1022400156,2024-08-17,W,79,30,74,0.405,8,31,0.258,11,12,0.917,13,33,46,15,7,5,12,16,12.0,2024,False,LVA,1611661319
1611661313,New York Liberty,1022400163,2024-08-20,W,94,34,74,0.459,8,28,0.286,18,24,0.75,14,33,47,25,7,2,15,19,20.0,2024,True,DAL,1611661321
1611661313,New York Liberty,1022400167,2024-08-22,W,79,27,77,0.351,7,29,0.241,18,23,0.783,17,29,46,21,11,2,10,15,8.0,2024,True,DAL,1611661321
1611661313,New York Liberty,1022400172,2024-08-24,L,64,24,65,0.369,7,32,0.219,9,12,0.75,11,33,44,19,6,7,18,15,-8.0,2024,True,CON,1611661323
1611661313,New York Liberty,1022400177,2024-08-26,W,84,29,70,0.414,12,29,0.414,14,16,0.875,6,26,32,21,12,3,13,10,14.0,2024,False,PHO,1611661317
1611661313,New York Liberty,1022400182,2024-08-28,L,88,32,63,0.508,10,28,0.357,14,19,0.737,7,25,32,25,4,5,19,22,-6.0,2024,False,LAS,1611661320
1611661313,New York Liberty,1022400188,2024-08-30,W,98,34,67,0.507,12,26,0.462,18,20,0.9,17,28,45,23,4,2,16,12,13.0,2024,False,SEA,1611661328
1611661313,New York Liberty,1022400200,2024-09-05,W,77,27,70,0.386,12,27,0.444,11,13,0.846,10,28,38,24,8,10,12,11,7.0,2024,True,SEA,1611661328
1611661313,New York Liberty,1022400209,2024-09-08,W,75,27,69,0.391,5,24,0.208,16,22,0.727,10,29,39,21,8,5,11,13,4.0,2024,True,LVA,1611661319
1611661313,New York Liberty,1022400213,2024-09-10,W,105,38,70,0.543,16,29,0.552,13,14,0.929,5,25,30,33,5,3,11,20,14.0,2024,False,DAL,1611661321
1611661313,New York Liberty,1022400218,2024-09-12,W,99,33,69,0.478,12,30,0.4,21,26,0.808,8,32,40,25,10,4,10,13,32.0,2024,False,DAL,1611661321
1611661313,New York Liberty,1022400225,2024-09-15,L,79,27,69,0.391,8,28,0.286,17,23,0.739,14,21,35,17,8,5,11,15,-9.0,2024,True,MIN,1611661324
1611661313,New York Liberty,1022400231,2024-09-17,W,87,34,75,0.453,8,31,0.258,11,15,0.733,12,33,45,24,9,5,11,25,16.0,2024,False,WAS,1611661322
1611661313,New York Liberty,1022400236,2024-09-19,L,67,24,60,0.4,8,17,0.471,11,17,0.647,9,19,28,17,8,6,17,16,-11.0,2024,True,ATL,1611661330
1611661313,New York Liberty,1022500005,2025-05-17,W,92,35,72,0.486,4,21,0.19,18,21,0.857,6,37,43,27,7,7,6,16,14.0,2025,True,LVA,1611661319
1611661313,New York Liberty,1022500016,2025-05-22,W,99,32,58,0.552,19,34,0.559,16,17,0.941,3,25,28,25,12,9,19,19,25.0,2025,False,CHI,1611661329
1611661313,New York Liberty,1022500021,2025-05-24,W,90,29,63,0.46,7,27,0.259,25,32,0.781,7,27,34,19,7,5,12,17,2.0,2025,False,IND,1611661325
1611661313,New York Liberty,1022500028,2025-05-27,W,95,37,74,0.5,14,35,0.4,7,13,0.538,9,28,37,30,14,3,13,18,28.0,2025,True,GSV,1611661331
1611661313,New York Liberty,1022500033,2025-05-29,W,82,23,61,0.377,13,36,0.361,23,27,0.852,8,28,36,17,7,5,13,20,5.0,2025,True,GSV,1611661331
1611661313,New York Liberty,1022500036,2025-05-30,W,85,29,68,0.426,10,38,0.263,17,20,0.85,9,37,46,23,6,8,11,15,22.0,2025,False,WAS,1611661322
1611661313,New York Liberty,1022500041,2025-06-01,W,100,33,53,0.623,19,32,0.594,15,17,0.882,2,30,32,29,11,3,19,18,48.0,2025,True,CON,1611661323
1611661313,New York Liberty,1022500048,2025-06-05,W,86,26,61,0.426,10,28,0.357,24,30,0.8,8,28,36,15,10,3,13,23,8.0,2025,False,WAS,1611661322
1611661313,New York Liberty,1022500059,2025-06-10,W,85,34,71,0.479,8,29,0.276,9,11,0.818,4,25,29,23,13,5,9,15,19.0,2025,True,CHI,1611661329
1611661313,New York Liberty,1022500066,2025-06-14,L,88,30,71,0.423,6,29,0.207,22,30,0.733,10,24,34,17,10,4,11,18,-14.0,2025,False,IND,1611661325
1611661313,New York Liberty,1022500072,2025-06-17,W,86,31,71,0.437,7,22,0.318,17,20,0.85,9,28,37,19,8,3,12,15,5.0,2025,True,ATL,1611661330
1611661313,New York Liberty,1022500078,2025-06-19,L,81,26,61,0.426,8,26,0.308,21,25,0.84,6,26,32,19,8,2,19,22,-8.0,2025,True,PHX,1611661317
1611661313,New York Liberty,1022500088,2025-06-22,L,79,28,63,0.444,8,24,0.333,15,16,0.938,7,32,39,21,7,7,20,14,-10.0,2025,False,SEA,1611661328
1611661313,New York Liberty,1022500094,2025-06-25,W,81,26,72,0.361,12,36,0.333,17,19,0.895,13,24,37,18,5,5,8,16,3.0,2025,False,GSV,1611661331
1611661313,New York Liberty,1022500101,2025-06-27,L,91,33,65,0.508,6,18,0.333,19,25,0.76,6,24,30,21,9,0,12,10,-15.0,2025,False,PHX,1611661317
1611661313,New York Liberty,1022500104,2025-06-29,L,81,30,68,0.441,9,26,0.346,12,15,0.8,5,25,30,18,7,3,13,17,-9.0,2025,False,ATL,1611661330
1611661313,New York Liberty,1022500110,2025-07-03,W,89,30,70,0.429,12,30,0.4,17,19,0.895,9,23,32,21,10,5,13,18,10.0,2025,True,LAS,1611661320
1611661313,New York Liberty,1022500117,2025-07-06,L,70,24,68,0.353,9,24,0.375,13,16,0.813,11,25,36,17,7,5,15,12,-9.0,2025,True,SEA,1611661328
1611661313,New York Liberty,1022500122,2025-07-08,W,87,30,70,0.429,7,27,0.259,20,26,0.769,9,25,34,21,10,5,9,18,9.0,2025,True,LVA,1611661319
1611661313,New York Liberty,1022500134,2025-07-13,W,79,30,78,0.385,9,28,0.321,10,11,0.909,8,28,36,24,8,6,6,18,7.0,2025,True,ATL,1611661330
1611661313,New York Liberty,1022500144,2025-07-16,W,98,37,64,0.578,14,27,0.519,10,11,0.909,2,27,29,30,8,9,13,16,21.0,2025,True,IND,1611661325
1611661313,New York Liberty,1022500147,2025-07-22,W,98,33,64,0.516,12,22,0.545,20,21,0.952,4,30,34,25,9,5,19,17,14.0,2025,True,IND,1611661325
1611661313,New York Liberty,1022500155,2025-07-25,W,89,29,69,0.42,10,31,0.323,21,22,0.955,8,29,37,22,8,8,16,18,13.0,2025,True,PHX,1611661317
1611661313,New York Liberty,1022500159,2025-07-26,L,99,36,73,0.493,10,30,0.333,17,19,0.895,7,26,33,21,9,6,10,18,-2.0,2025,True,LAS,1611661320
1611661313,New York Liberty,1022500166,2025-07-28,L,82,28,64,0.438,7,26,0.269,19,24,0.792,5,28,33,24,6,5,12,12,-10.0,2025,False,DAL,1611661321
1611661313,New York Liberty,1022500172,2025-07-30,L,93,35,72,0.486,10,28,0.357,13,18,0.722,6,25,31,23,7,3,9,17,-7.0,2025,False,MIN,1611661324
1611661313,New York Liberty,1022500175,2025-08-01,L,62,20,59,0.339,6,27,0.222,16,17,0.941,7,22,29,18,10,5,21,15,-16.0,2025,False,CON,1611661323
1611661313,New York Liberty,1022500181,2025-08-03,W,87,31,62,0.5,4,17,0.235,21,23,0.913,7,28,35,24,7,3,20,20,9.0,2025,False,CON,1611661323
1611661313,New York Liberty,1022500185,2025-08-05,W,85,31,65,0.477,12,24,0.5,11,13,0.846,2,33,35,25,4,5,8,13,9.0,2025,True,DAL,1611661321
1611661313,New York Liberty,1022500194,2025-08-08,W,88,31,67,0.463,10,26,0.385,16,16,1.0,5,27,32,24,10,2,10,21,11.0,2025,False,DAL,1611661321
1611661313,New York Liberty,1022500199,2025-08-10,L,71,28,66,0.424,8,24,0.333,7,9,0.778,9,24,33,21,5,4,18,8,-12.0,2025,True,MIN,1611661324
1611661313,New York Liberty,1022500206,2025-08-12,W,105,38,68,0.559,14,28,0.5,15,19,0.789,8,26,34,27,4,5,11,12,8.0,2025,False,LAS,1611661320
1611661313,New York Liberty,1022500209,2025-08-13,L,77,28,64,0.438,7,25,0.28,14,16,0.875,6,24,30,18,5,3,11,19,-6.0,2025,False,LVA,1611661319
1611661313,New York Liberty,1022500216,2025-08-16,L,80,32,71,0.451,11,29,0.379,5,8,0.625,6,26,32,21,5,2,13,22,-6.0,2025,False,MIN,1611661324
1611661313,New York Liberty,1022500222,2025-08-19,W,85,29,66,0.439,13,32,0.406,14,18,0.778,8,29,37,23,6,2,12,10,10.0,2025,True,MIN,1611661324
1611661313,New York Liberty,1022500229,2025-08-21,L,85,30,72,0.417,13,37,0.351,12,15,0.8,10,17,27,22,9,4,13,24,-6.0,2025,True,CHI,1611661329
1611661313,New York Liberty,1022500235,2025-08-23,L,62,24,58,0.414,6,22,0.273,8,10,0.8,4,29,33,19,2,3,13,10,-16.0,2025,False,ATL,1611661330
1611661313,New York Liberty,1022500241,2025-08-25,W,81,29,58,0.5,7,18,0.389,16,19,0.842,6,24,30,25,4,4,14,17,2.0,2025,True,CON,1611661323
1611661313,New York Liberty,1022500247,2025-08-28,W,89,28,56,0.5,10,21,0.476,23,28,0.821,7,28,35,23,7,0,7,10,26.0,2025,True,WAS,1611661322
1611661313,New York Liberty,1022500255,2025-08-30,L,63,24,54,0.444,8,25,0.32,7,11,0.636,5,23,28,17,7,2,16,13,-17.0,2025,False,PHX,1611661317
1611661313,New York Liberty,1022500261,2025-09-02,L,58,18,57,0.316,7,27,0.259,15,19,0.789,6,23,29,15,10,4,13,18,-8.0,2025,False,GSV,1611661331
1611661313,New York Liberty,1022500270,2025-09-05,W,84,27,55,0.491,9,20,0.45,21,23,0.913,5,31,36,22,5,10,13,16,8.0,2025,False,SEA,1611661328
1611661313,New York Liberty,1022500277,2025-09-09,W,75,27,64,0.422,6,21,0.286,15,16,0.938,5,31,36,21,5,1,11,15,9.0,2025,True,WAS,1611661322
1611661313,New York Liberty,1022500283,2025-09-11,W,91,34,69,0.493,8,23,0.348,15,17,0.882,10,25,35,26,8,4,10,14,5.0,2025,False,CHI,1611661329
1611661313,New York Liberty,1022600001,2026-05-08,W,106,35,67,0.522,10,31,0.323,26,31,0.839,7,30,37,26,9,5,16,23,31.0,2026,True,CON,1611661323
1611661313,New York Liberty,1022600008,2026-05-10,W,98,33,69,0.478,9,27,0.333,23,28,0.821,8,26,34,19,7,5,15,31,5.0,2026,False,WAS,1611661322
1611661313,New York Liberty,1022600014,2026-05-12,L,96,33,62,0.532,13,28,0.464,17,18,0.944,8,23,31,23,7,3,18,16,-2.0,2026,False,PDX,1611661327
1611661313,New York Liberty,1022600020,2026-05-14,W,100,34,67,0.507,15,38,0.395,17,20,0.85,4,28,32,32,7,0,12,19,18.0,2026,False,PDX,1611661327
1611661313,New York Liberty,1022600035,2026-05-21,L,70,26,62,0.419,6,24,0.25,12,16,0.75,6,31,37,20,2,4,14,22,-17.0,2026,True,GSV,1611661331
1611661313,New York Liberty,1022600045,2026-05-24,L,76,28,72,0.389,8,26,0.308,12,14,0.857,10,24,34,21,4,0,9,18,-15.0,2026,True,DAL,1611661321
1611661313,New York Liberty,1022600047,2026-05-25,L,74,21,52,0.404,8,24,0.333,24,26,0.923,4,23,27,17,8,8,19,20,-7.0,2026,True,PDX,1611661327
1611661313,New York Liberty,1022600049,2026-05-27,W,84,28,67,0.418,14,30,0.467,14,14,1.0,6,26,32,19,9,2,11,20,10.0,2026,True,PHX,1611661317
1611661313,New York Liberty,1022600056,2026-05-29,W,75,26,60,0.433,8,25,0.32,15,17,0.882,7,33,40,18,5,5,16,21,7.0,2026,True,PHX,1611661317
1611661313,New York Liberty,1022600070,2026-06-03,W,97,33,71,0.465,14,32,0.438,17,20,0.85,11,29,40,24,3,4,10,13,15.0,2026,True,TOR,1611661332
1611661313,New York Liberty,1022600080,2026-06-06,W,83,24,66,0.364,2,18,0.111,33,40,0.825,13,34,47,14,9,2,11,19,8.0,2026,True,IND,1611661325
1611661313,New York Liberty,1022600083,2026-06-08,W,89,29,61,0.475,6,22,0.273,25,29,0.862,9,33,42,17,4,4,19,24,9.0,2026,False,CON,1611661323
1611661313,New York Liberty,1022600092,2026-06-11,W,104,32,59,0.542,16,31,0.516,24,28,0.857,7,33,40,24,2,4,19,22,14.0,2026,False,ATL,1611661330
1611661313,New York Liberty,1022600101,2026-06-14,W,86,28,57,0.491,11,26,0.423,19,22,0.864,5,25,30,22,9,10,17,16,22.0,2026,True,WAS,1611661322
1611661313,New York Liberty,1022600108,2026-06-17,W,96,33,66,0.5,9,27,0.333,21,23,0.913,10,24,34,20,7,5,13,12,1.0,2026,False,CHI,1611661329
1611661313,New York Liberty,1022600115,2026-06-19,L,83,29,66,0.439,10,34,0.294,15,20,0.75,5,25,30,20,5,6,14,26,-3.0,2026,True,WAS,1611661322
1611661313,New York Liberty,1022600122,2026-06-21,L,97,34,69,0.493,13,36,0.361,16,19,0.842,9,29,38,23,7,3,16,21,-1.0,2026,False,LAS,1611661320
1611661313,New York Liberty,1022600127,2026-06-23,W,87,30,65,0.462,13,31,0.419,14,16,0.875,5,29,34,19,3,5,11,12,11.0,2026,False,LVA,1611661319
1611661313,New York Liberty,1022600134,2026-06-25,L,88,32,71,0.451,10,36,0.278,14,20,0.7,7,21,28,21,9,3,13,15,-11.0,2026,False,SEA,1611661328
1611661313,New York Liberty,1022600144,2026-06-28,L,67,21,52,0.404,9,25,0.36,16,21,0.762,4,20,24,14,5,2,11,21,-9.0,2026,False,GSV,1611661331
1611661313,New York Liberty,1022600148,2026-07-03,W,99,36,62,0.581,10,25,0.4,17,18,0.944,7,27,34,26,8,6,15,13,13.0,2026,True,MIN,1611661324
1611661313,New York Liberty,1022600157,2026-07-07,L,77,26,65,0.4,5,26,0.192,20,22,0.909,7,27,34,16,3,4,14,18,-11.0,2026,True,DAL,1611661321
1611661313,New York Liberty,1022600168,2026-07-11,L,85,32,75,0.427,13,38,0.342,8,9,0.889,11,23,34,20,8,2,14,16,-5.0,2026,False,MIN,1611661324
1611661313,New York Liberty,1022600171,2026-07-12,L,91,33,76,0.434,5,26,0.192,20,22,0.909,10,23,33,16,11,4,17,19,-2.0,2026,False,TOR,1611661332
1611661313,New York Liberty,1022600188,2026-07-18,L,88,30,67,0.448,13,32,0.406,15,25,0.6,7,20,27,19,8,6,15,24,-20.0,2026,False,IND,1611661325
1611661313,New York Liberty,1022600183,2026-07-20,W,99,35,84,0.417,9,32,0.281,20,23,0.87,17,31,48,17,3,6,6,17,1.0,2026,False,DAL,1611661321
1611661313,New York Liberty,1022600199,2026-07-22,W,95,29,71,0.408,11,28,0.393,26,28,0.929,10,27,37,17,1,6,13,16,1.0,2026,True,CHI,1611661329
1611661313,New York Liberty,1022600207,2026-07-28,W,113,41,70,0.586,17,32,0.531,14,16,0.875,7,21,28,27,10,7,17,13,4.0,2026,False,LAS,1611661320
1611661313,New York Liberty,1022600212,2026-07-30,L,99,35,68,0.515,8,22,0.364,21,25,0.84,8,26,34,20,9,1,12,20,-5.0,2026,False,LVA,1611661319
1611661313,New York Liberty,1022600217,2026-08-01,W,94,33,68,0.485,9,28,0.321,19,19,1.0,9,28,37,26,2,3,14,24,2.0,2026,False,PHX,1611661317
1611661313,New York Liberty,1022600223,2026-08-03,W,95,34,68,0.5,14,34,0.412,13,16,0.813,9,27,36,23,2,6,12,14,12.0,2026,True,SEA,1611661328
1611661313,New York Liberty,1022600227,2026-08-05,W,92,33,75,0.44,7,29,0.241,19,21,0.905,8,30,38,25,7,3,10,13,6.0,2026,True,SEA,1611661328
1611661313,New York Liberty,1022600239,2026-08-09,W,111,40,75,0.533,14,32,0.438,17,21,0.81,13,32,45,25,8,4,13,13,40.0,2026,True,LVA,1611661319
1611661313,New York Liberty,1022600245,2026-08-11,L,92,35,76,0.461,11,36,0.306,11,13,0.846,13,26,39,23,7,5,13,18,-14.0,2026,False,IND,1611661325
1611661313,New York Liberty,1022600252,2026-08-13,W,85,32,77,0.416,7,27,0.259,14,18,0.778,14,27,41,22,12,1,11,18,4.0,2026,True,LAS,1611661320
1611661313,New York Liberty,1022600256,2026-08-15,W,82,30,65,0.462,13,27,0.481,9,11,0.818,3,27,30,18,3,4,12,21,7.0,2026,False,CON,1611661323
1611661313,New York Liberty,1022600265,2026-08-18,L,86,33,72,0.458,9,36,0.25,11,13,0.846,7,28,35,24,7,4,15,18,-7.0,2026,False,CHI,1611661329
1611661313,New York Liberty,1022600275,2026-08-22,W,109,37,64,0.578,11,27,0.407,24,29,0.828,6,28,34,24,4,3,14,23,7.0,2026,True,IND,1611661325
1611661313,New York Liberty,1022600289,2026-08-27,L,60,19,63,0.302,7,31,0.226,15,19,0.789,9,23,32,14,3,6,9,13,-19.0,2026,True,GSV,1611661331
1611661313,New York Liberty,1022600295,2026-08-29,W,85,27,70,0.386,11,27,0.407,20,22,0.909,8,36,44,17,5,8,11,20,19.0,2026,True,CHI,1611661329
1611661313,New York Liberty,1022600307,2026-09-18,W,93,34,74,0.459,13,29,0.448,12,16,0.75,8,29,37,17,12,2,15,22,12.0,2026,False,MIN,1611661324
1611661313,New York Liberty,1022600313,2026-09-20,W,106,39,69,0.565,16,37,0.432,12,16,0.75,8,28,36,29,8,7,16,20,37.0,2026,False,TOR,1611661332
1611661313,New York Liberty,1022600317,2026-09-21,L,84,30,71,0.423,7,29,0.241,17,23,0.739,7,33,40,23,2,0,11,21,-11.0,2026,True,ATL,1611661330
1611661313,New York Liberty,1022600324,2026-09-23,L,65,20,55,0.364,5,29,0.172,20,22,0.909,7,33,40,15,3,5,18,17,-18.0,2026,True,ATL,1611661330
1611661317,Phoenix Mercury,1021500005,2015-06-05,W,76,30,68,0.441,2,11,0.182,14,17,0.824,9,21,30,11,11,3,11,21,5.0,2015,True,SAN,1611661319
1611661317,Phoenix Mercury,1021500014,2015-06-11,L,57,19,65,0.292,5,23,0.217,14,18,0.778,4,23,27,14,11,5,9,15,-11.0,2015,False,NYL,1611661313
1611661317,Phoenix Mercury,1021500018,2015-06-12,L,74,24,69,0.348,9,21,0.429,17,21,0.81,7,24,31,12,10,5,12,20,-3.0,2015,False,IND,1611661325
1611661317,Phoenix Mercury,1021500021,2015-06-14,W,81,27,66,0.409,7,18,0.389,20,22,0.909,9,29,38,16,8,4,10,20,15.0,2015,True,MIN,1611661324
1611661317,Phoenix Mercury,1021500033,2015-06-19,L,78,28,73,0.384,4,14,0.286,18,25,0.72,13,27,40,15,8,6,21,21,-12.0,2015,True,CON,1611661323
1611661317,Phoenix Mercury,1021500039,2015-06-21,W,84,27,65,0.415,7,17,0.412,23,28,0.821,8,24,32,11,11,9,8,20,12.0,2015,False,SEA,1611661328
1611661317,Phoenix Mercury,1021500042,2015-06-25,L,71,27,74,0.365,4,11,0.364,13,18,0.722,8,22,30,16,12,8,10,19,-5.0,2015,False,SAN,1611661319
1611661317,Phoenix Mercury,1021500048,2015-06-27,L,56,19,57,0.333,3,12,0.25,15,17,0.882,9,29,38,12,10,5,20,18,-15.0,2015,False,MIN,1611661324
1611661317,Phoenix Mercury,1021500055,2015-06-30,W,85,34,57,0.596,4,11,0.364,13,16,0.813,4,23,27,19,5,6,11,18,7.0,2015,True,SAN,1611661319
1611661317,Phoenix Mercury,1021500059,2015-07-02,W,86,35,63,0.556,7,18,0.389,9,10,0.9,3,30,33,21,8,10,13,25,31.0,2015,True,TUL,1611661321
1611661317,Phoenix Mercury,1021500064,2015-07-05,W,94,34,67,0.507,8,14,0.571,18,24,0.75,8,23,31,20,3,11,4,18,3.0,2015,False,LAS,1611661320
1611661317,Phoenix Mercury,1021500071,2015-07-10,W,94,37,71,0.521,8,17,0.471,12,15,0.8,7,25,32,21,12,6,10,22,15.0,2015,False,SEA,1611661328
1611661317,Phoenix Mercury,1021500075,2015-07-12,W,70,25,61,0.41,4,12,0.333,16,19,0.842,8,28,36,20,8,7,13,17,10.0,2015,True,SEA,1611661328
1611661317,Phoenix Mercury,1021500078,2015-07-14,W,80,26,57,0.456,1,5,0.2,27,30,0.9,3,32,35,8,9,7,10,9,9.0,2015,True,ATL,1611661330
1611661317,Phoenix Mercury,1021500090,2015-07-18,L,73,28,65,0.431,5,15,0.333,12,14,0.857,5,24,29,23,5,9,12,22,-2.0,2015,True,NYL,1611661313
1611661317,Phoenix Mercury,1021500097,2015-07-21,L,65,27,60,0.45,4,11,0.364,7,8,0.875,2,23,25,16,4,3,7,18,-5.0,2015,False,LAS,1611661320
1611661317,Phoenix Mercury,1021500101,2015-07-28,W,89,32,70,0.457,4,13,0.308,21,23,0.913,7,28,35,15,9,10,13,23,2.0,2015,True,CHI,1611661329
1611661317,Phoenix Mercury,1021500106,2015-07-30,W,78,28,54,0.519,5,10,0.5,17,21,0.81,2,33,35,15,9,10,16,21,12.0,2015,False,TUL,1611661321
1611661317,Phoenix Mercury,1021500113,2015-08-02,W,71,21,57,0.368,2,9,0.222,27,31,0.871,6,33,39,17,9,9,14,19,3.0,2015,False,ATL,1611661330
1611661317,Phoenix Mercury,1021500119,2015-08-04,W,87,30,68,0.441,7,14,0.5,20,24,0.833,10,27,37,19,5,9,13,21,3.0,2015,True,TUL,1611661321
1611661317,Phoenix Mercury,1021500126,2015-08-07,W,73,27,66,0.409,5,17,0.294,14,19,0.737,10,27,37,18,4,10,6,12,7.0,2015,True,MIN,1611661324
1611661317,Phoenix Mercury,1021500128,2015-08-09,L,64,25,66,0.379,2,15,0.133,12,16,0.75,7,30,37,22,4,7,9,15,-10.0,2015,False,CHI,1611661329
1611661317,Phoenix Mercury,1021500137,2015-08-12,W,83,30,67,0.448,10,26,0.385,13,15,0.867,12,27,39,20,2,6,12,14,17.0,2015,True,SEA,1611661328
1611661317,Phoenix Mercury,1021500145,2015-08-16,L,63,23,60,0.383,0,13,0.0,17,19,0.895,7,26,33,14,3,4,10,12,-12.0,2015,True,IND,1611661325
1611661317,Phoenix Mercury,1021500147,2015-08-18,L,59,20,60,0.333,2,12,0.167,17,21,0.81,7,24,31,9,8,11,15,19,-15.0,2015,False,TUL,1611661321
1611661317,Phoenix Mercury,1021500155,2015-08-21,L,68,25,57,0.439,4,12,0.333,14,21,0.667,8,21,29,9,5,5,15,17,-10.0,2015,True,LAS,1611661320
1611661317,Phoenix Mercury,1021500161,2015-08-23,W,79,30,65,0.462,4,18,0.222,15,16,0.938,8,30,38,14,8,9,12,19,12.0,2015,True,MIN,1611661324
1611661317,Phoenix Mercury,1021500164,2015-08-27,W,81,28,56,0.5,7,16,0.438,18,22,0.818,11,23,34,14,5,5,16,19,1.0,2015,False,CON,1611661323
1611661317,Phoenix Mercury,1021500165,2015-08-28,L,63,26,65,0.4,6,19,0.316,5,6,0.833,9,26,35,16,7,3,19,21,-8.0,2015,False,WAS,1611661322
1611661317,Phoenix Mercury,1021500175,2015-08-30,L,61,24,57,0.421,2,11,0.182,11,16,0.688,2,26,28,18,6,11,12,19,-10.0,2015,False,MIN,1611661324
1611661317,Phoenix Mercury,1021500179,2015-09-02,W,73,31,56,0.554,3,14,0.214,8,9,0.889,5,24,29,21,10,6,14,16,20.0,2015,True,WAS,1611661322
1611661317,Phoenix Mercury,1021500185,2015-09-05,W,82,32,62,0.516,4,12,0.333,14,20,0.7,6,32,38,23,9,7,13,19,30.0,2015,False,SAN,1611661319
1611661317,Phoenix Mercury,1021500198,2015-09-11,W,70,23,57,0.404,5,11,0.455,19,27,0.704,11,24,35,13,5,3,13,16,5.0,2015,True,LAS,1611661320
1611661317,Phoenix Mercury,1021500202,2015-09-13,L,87,34,61,0.557,3,13,0.231,16,21,0.762,10,22,32,20,5,5,15,20,-4.0,2015,False,TUL,1611661321
1611661317,Phoenix Mercury,1021600003,2016-05-14,L,76,27,60,0.45,5,16,0.313,17,22,0.773,3,21,24,13,10,5,21,18,-19.0,2016,False,MIN,1611661324
1611661317,Phoenix Mercury,1021600010,2016-05-18,L,93,30,64,0.469,8,18,0.444,25,30,0.833,5,27,32,14,5,6,14,24,-4.0,2016,False,IND,1611661325
1611661317,Phoenix Mercury,1021600014,2016-05-20,L,80,24,64,0.375,8,24,0.333,24,26,0.923,7,25,32,15,6,3,12,20,-1.0,2016,True,SEA,1611661328
1611661317,Phoenix Mercury,1021600022,2016-05-25,L,78,27,59,0.458,6,23,0.261,18,21,0.857,6,22,28,16,10,3,19,26,-7.0,2016,True,MIN,1611661324
1611661317,Phoenix Mercury,1021600031,2016-05-29,W,93,33,62,0.532,7,17,0.412,20,25,0.8,9,26,35,16,4,4,9,22,16.0,2016,True,WAS,1611661322
1611661317,Phoenix Mercury,1021600033,2016-05-31,W,99,33,76,0.434,6,16,0.375,27,31,0.871,7,23,30,22,14,5,4,17,9.0,2016,True,CON,1611661323
1611661317,Phoenix Mercury,1021600040,2016-06-03,L,81,32,68,0.471,7,19,0.368,10,13,0.769,10,16,26,19,7,4,12,20,-14.0,2016,False,SEA,1611661328
1611661317,Phoenix Mercury,1021600046,2016-06-07,L,81,31,64,0.484,4,19,0.211,15,18,0.833,7,29,36,18,5,5,13,28,-8.0,2016,False,MIN,1611661324
1611661317,Phoenix Mercury,1021600049,2016-06-09,W,90,30,65,0.462,4,14,0.286,26,27,0.963,8,25,33,15,13,6,12,15,15.0,2016,True,SAN,1611661319
1611661317,Phoenix Mercury,1021600057,2016-06-12,W,86,24,68,0.353,9,24,0.375,29,34,0.853,13,23,36,9,8,3,11,15,6.0,2016,True,CHI,1611661329
1611661317,Phoenix Mercury,1021600068,2016-06-17,L,71,22,57,0.386,5,19,0.263,22,28,0.786,9,28,37,11,4,1,15,19,-6.0,2016,False,LAS,1611661320
1611661317,Phoenix Mercury,1021600070,2016-06-18,L,111,38,88,0.432,7,21,0.333,28,35,0.8,10,30,40,21,12,5,20,42,-6.0,2016,True,DAL,1611661321
1611661317,Phoenix Mercury,1021600076,2016-06-21,L,90,30,61,0.492,3,15,0.2,27,33,0.818,7,20,27,15,8,8,13,20,-10.0,2016,False,DAL,1611661321
1611661317,Phoenix Mercury,1021600080,2016-06-24,W,91,31,67,0.463,8,16,0.5,21,25,0.84,10,18,28,18,2,6,9,20,12.0,2016,False,WAS,1611661322
1611661317,Phoenix Mercury,1021600086,2016-06-26,W,104,35,70,0.5,7,24,0.292,27,33,0.818,4,28,32,16,6,4,8,16,7.0,2016,False,NYL,1611661313
1611661317,Phoenix Mercury,1021600094,2016-06-29,W,86,30,59,0.508,5,13,0.385,21,26,0.808,4,32,36,16,8,9,14,18,11.0,2016,True,CON,1611661323
1611661317,Phoenix Mercury,1021600099,2016-07-01,L,88,30,61,0.492,5,11,0.455,23,26,0.885,7,20,27,18,4,1,17,23,-11.0,2016,True,NYL,1611661313
1611661317,Phoenix Mercury,1021600103,2016-07-03,W,95,33,67,0.493,7,17,0.412,22,28,0.786,7,29,36,24,4,13,8,21,8.0,2016,False,ATL,1611661330
1611661317,Phoenix Mercury,1021600106,2016-07-05,L,74,29,66,0.439,6,18,0.333,10,13,0.769,5,19,24,15,6,8,11,19,-3.0,2016,False,DAL,1611661321
1611661317,Phoenix Mercury,1021600114,2016-07-08,L,60,23,51,0.451,5,14,0.357,9,11,0.818,3,21,24,11,10,2,26,17,-18.0,2016,True,IND,1611661325
1611661317,Phoenix Mercury,1021600118,2016-07-10,L,95,31,66,0.47,9,18,0.5,24,28,0.857,3,18,21,24,8,8,11,21,-5.0,2016,False,CHI,1611661329
1611661317,Phoenix Mercury,1021600125,2016-07-13,W,78,25,66,0.379,5,16,0.313,23,27,0.852,8,29,37,15,9,8,14,20,4.0,2016,True,WAS,1611661322
1611661317,Phoenix Mercury,1021600131,2016-07-16,W,83,30,59,0.508,8,14,0.571,15,16,0.938,6,26,32,15,9,8,14,13,19.0,2016,True,SAN,1611661319
1611661317,Phoenix Mercury,1021600137,2016-07-19,L,77,31,66,0.47,8,22,0.364,7,12,0.583,4,29,33,21,4,2,12,20,-2.0,2016,True,CHI,1611661329
1611661317,Phoenix Mercury,1021600150,2016-08-26,W,98,36,63,0.571,7,11,0.636,19,21,0.905,6,33,39,16,5,7,10,22,26.0,2016,True,DAL,1611661321
1611661317,Phoenix Mercury,1021600157,2016-08-28,W,70,27,70,0.386,7,24,0.292,9,15,0.6,12,22,34,15,7,4,16,16,4.0,2016,True,LAS,1611661320
1611661317,Phoenix Mercury,1021600159,2016-08-30,W,79,27,60,0.45,4,16,0.25,21,24,0.875,7,28,35,14,9,6,15,26,14.0,2016,False,IND,1611661325
1611661317,Phoenix Mercury,1021600163,2016-09-02,L,74,25,55,0.455,4,16,0.25,20,22,0.909,8,27,35,14,8,5,23,23,-13.0,2016,False,CON,1611661323
1611661317,Phoenix Mercury,1021600167,2016-09-03,L,70,22,67,0.328,4,23,0.174,22,26,0.846,11,25,36,11,4,5,13,24,-22.0,2016,False,NYL,1611661313
1611661317,Phoenix Mercury,1021600173,2016-09-06,L,87,29,67,0.433,7,18,0.389,22,24,0.917,11,21,32,20,8,7,15,11,-4.0,2016,False,ATL,1611661330
1611661317,Phoenix Mercury,1021600187,2016-09-11,W,86,29,71,0.408,6,20,0.3,22,26,0.846,10,23,33,21,13,10,10,25,11.0,2016,True,ATL,1611661330
1611661317,Phoenix Mercury,1021600193,2016-09-13,L,85,31,69,0.449,8,23,0.348,15,19,0.789,9,28,37,22,2,3,11,20,-5.0,2016,False,LAS,1611661320
1611661317,Phoenix Mercury,1021600195,2016-09-15,W,86,33,69,0.478,5,17,0.294,15,15,1.0,9,26,35,23,10,4,9,19,24.0,2016,True,SEA,1611661328
1611661317,Phoenix Mercury,1021600203,2016-09-18,W,81,31,59,0.525,5,14,0.357,14,17,0.824,9,29,38,18,3,3,10,18,16.0,2016,False,SAN,1611661319
1611661317,Phoenix Mercury,1021700005,2017-05-14,L,58,23,54,0.426,4,19,0.211,8,15,0.533,0,17,17,12,7,4,14,18,-10.0,2017,True,DAL,1611661321
1611661317,Phoenix Mercury,1021700008,2017-05-17,W,85,32,63,0.508,4,17,0.235,17,24,0.708,6,30,36,21,5,6,16,19,23.0,2017,True,IND,1611661325
1611661317,Phoenix Mercury,1021700010,2017-05-19,W,78,22,63,0.349,6,16,0.375,28,34,0.824,9,28,37,15,8,8,11,21,6.0,2017,False,SAN,1611661319
1611661317,Phoenix Mercury,1021700018,2017-05-23,L,67,22,64,0.344,3,19,0.158,20,21,0.952,6,22,28,14,11,8,10,16,-2.0,2017,True,NYL,1611661313
1611661317,Phoenix Mercury,1021700026,2017-05-27,W,107,36,74,0.486,12,25,0.48,23,29,0.793,9,32,41,20,5,5,9,24,42.0,2017,True,DAL,1611661321
1611661317,Phoenix Mercury,1021700034,2017-06-01,W,99,32,66,0.485,10,23,0.435,25,29,0.862,10,21,31,21,8,4,11,15,8.0,2017,False,CHI,1611661329
1611661317,Phoenix Mercury,1021700039,2017-06-04,L,72,24,69,0.348,6,17,0.353,18,23,0.783,13,24,37,14,4,2,15,30,-16.0,2017,False,NYL,1611661313
1611661317,Phoenix Mercury,1021700045,2017-06-07,W,98,33,66,0.5,7,25,0.28,25,29,0.862,5,26,31,25,8,4,14,26,8.0,2017,False,IND,1611661325
1611661317,Phoenix Mercury,1021700051,2017-06-10,L,87,29,65,0.446,9,24,0.375,20,23,0.87,11,19,30,16,6,3,14,26,-2.0,2017,True,LAS,1611661320
1611661317,Phoenix Mercury,1021700061,2017-06-16,W,86,27,61,0.443,4,14,0.286,28,39,0.718,7,24,31,20,8,5,9,19,8.0,2017,True,CHI,1611661329
1611661317,Phoenix Mercury,1021700064,2017-06-18,L,59,22,67,0.328,5,26,0.192,10,16,0.625,15,20,35,14,9,3,19,23,-31.0,2017,False,LAS,1611661320
1611661317,Phoenix Mercury,1021700072,2017-06-23,W,85,32,69,0.464,8,25,0.32,13,14,0.929,8,23,31,13,8,1,11,25,3.0,2017,False,SEA,1611661328
1611661317,Phoenix Mercury,1021700084,2017-06-30,L,83,33,74,0.446,5,16,0.313,12,18,0.667,11,21,32,16,7,1,7,25,-8.0,2017,True,MIN,1611661324
1611661317,Phoenix Mercury,1021700091,2017-07-05,W,88,33,71,0.465,8,19,0.421,14,16,0.875,13,27,40,23,3,5,9,15,8.0,2017,True,WAS,1611661322
1611661317,Phoenix Mercury,1021700095,2017-07-07,W,92,32,55,0.582,10,18,0.556,18,23,0.783,5,21,26,25,7,8,17,22,15.0,2017,False,SAN,1611661319
1611661317,Phoenix Mercury,1021700100,2017-07-09,W,81,29,60,0.483,6,18,0.333,17,20,0.85,4,33,37,15,6,9,17,17,12.0,2017,True,NYL,1611661313
1611661317,Phoenix Mercury,1021700104,2017-07-12,W,89,29,66,0.439,8,24,0.333,23,24,0.958,10,30,40,17,7,2,13,15,5.0,2017,True,ATL,1611661330
1611661317,Phoenix Mercury,1021700108,2017-07-14,L,71,22,61,0.361,4,18,0.222,23,29,0.793,6,21,27,12,4,5,14,19,-17.0,2017,True,MIN,1611661324
1611661317,Phoenix Mercury,1021700113,2017-07-16,L,66,24,60,0.4,5,20,0.25,13,19,0.684,8,26,34,12,4,2,15,21,-15.0,2017,False,MIN,1611661324
1611661317,Phoenix Mercury,1021700120,2017-07-19,L,77,25,68,0.368,9,26,0.346,18,23,0.783,9,20,29,15,3,0,14,25,-7.0,2017,True,IND,1611661325
1611661317,Phoenix Mercury,1021700125,2017-07-25,L,91,35,81,0.432,4,19,0.211,17,21,0.81,10,26,36,23,7,6,19,27,-8.0,2017,False,ATL,1611661330
1611661317,Phoenix Mercury,1021700133,2017-07-28,W,86,26,62,0.419,5,18,0.278,29,33,0.879,8,32,40,21,11,5,12,15,6.0,2017,False,CHI,1611661329
1611661317,Phoenix Mercury,1021700138,2017-07-30,W,81,26,64,0.406,8,22,0.364,21,25,0.84,6,24,30,20,7,6,13,16,17.0,2017,True,SAN,1611661319
1611661317,Phoenix Mercury,1021700143,2017-08-04,L,92,35,69,0.507,11,24,0.458,11,14,0.786,2,24,26,21,5,5,16,22,-1.0,2017,False,CON,1611661323
1611661317,Phoenix Mercury,1021700150,2017-08-06,L,80,29,66,0.439,8,23,0.348,14,19,0.737,4,22,26,19,6,3,9,23,-5.0,2017,False,WAS,1611661322
1611661317,Phoenix Mercury,1021700157,2017-08-10,W,101,38,74,0.514,6,18,0.333,19,23,0.826,10,25,35,25,9,10,15,29,1.0,2017,False,DAL,1611661321
1611661317,Phoenix Mercury,1021700163,2017-08-12,L,89,31,67,0.463,8,17,0.471,19,25,0.76,13,20,33,15,4,4,13,23,-9.0,2017,True,SEA,1611661328
1611661317,Phoenix Mercury,1021700169,2017-08-18,W,89,32,60,0.533,8,18,0.444,17,25,0.68,6,25,31,20,4,2,12,27,10.0,2017,False,WAS,1611661322
1611661317,Phoenix Mercury,1021700174,2017-08-20,L,66,24,71,0.338,3,12,0.25,15,21,0.714,10,22,32,10,6,1,12,20,-28.0,2017,False,CON,1611661323
1611661317,Phoenix Mercury,1021700178,2017-08-22,L,69,27,57,0.474,4,11,0.364,11,15,0.733,4,15,19,15,8,5,20,21,-36.0,2017,False,MIN,1611661324
1611661317,Phoenix Mercury,1021700183,2017-08-24,L,67,27,54,0.5,3,8,0.375,10,18,0.556,5,25,30,17,3,7,20,17,-15.0,2017,True,LAS,1611661320
1611661317,Phoenix Mercury,1021700191,2017-08-27,W,75,25,63,0.397,7,15,0.467,18,23,0.783,8,25,33,19,5,6,12,25,4.0,2017,False,SEA,1611661328
1611661317,Phoenix Mercury,1021700197,2017-09-01,W,86,29,65,0.446,5,16,0.313,23,27,0.852,4,32,36,18,10,2,10,22,20.0,2017,True,CON,1611661323
1611661317,Phoenix Mercury,1021700202,2017-09-03,W,84,28,60,0.467,8,21,0.381,20,26,0.769,4,30,34,16,4,6,12,22,14.0,2017,True,ATL,1611661330
1611661317,Phoenix Mercury,1021800001,2018-05-18,W,86,26,64,0.406,10,24,0.417,24,27,0.889,3,29,32,16,5,10,8,20,8.0,2018,True,DAL,1611661321
1611661317,Phoenix Mercury,1021800008,2018-05-20,W,87,28,60,0.467,6,15,0.4,25,28,0.893,5,23,28,20,6,5,12,19,5.0,2018,False,SEA,1611661328
1611661317,Phoenix Mercury,1021800013,2018-05-23,L,71,28,64,0.438,5,16,0.313,10,11,0.909,2,21,23,17,5,5,11,18,-16.0,2018,True,SEA,1611661328
1611661317,Phoenix Mercury,1021800021,2018-05-27,L,72,26,56,0.464,4,16,0.25,16,21,0.762,8,18,26,19,5,3,18,30,-8.0,2018,False,LAS,1611661320
1611661317,Phoenix Mercury,1021800026,2018-05-30,L,95,37,72,0.514,8,25,0.32,13,13,1.0,6,20,26,24,8,4,13,22,-8.0,2018,True,WAS,1611661322
1611661317,Phoenix Mercury,1021800028,2018-06-01,W,95,35,65,0.538,10,24,0.417,15,20,0.75,6,29,35,22,7,5,10,19,10.0,2018,False,MIN,1611661324
1611661317,Phoenix Mercury,1021800033,2018-06-03,W,78,28,60,0.467,6,24,0.25,16,18,0.889,7,27,34,24,9,6,15,19,7.0,2018,False,ATL,1611661330
1611661317,Phoenix Mercury,1021800037,2018-06-05,W,80,28,56,0.5,7,23,0.304,17,19,0.895,3,18,21,21,8,4,11,9,6.0,2018,False,NYL,1611661313
1611661317,Phoenix Mercury,1021800043,2018-06-08,W,96,37,67,0.552,9,20,0.45,13,14,0.929,6,23,29,26,8,3,9,12,17.0,2018,True,CHI,1611661329
1611661317,Phoenix Mercury,1021800048,2018-06-10,W,72,25,72,0.347,6,27,0.222,16,21,0.762,12,37,49,20,4,10,11,18,6.0,2018,True,LVA,1611661319
1611661317,Phoenix Mercury,1021800051,2018-06-12,W,75,24,62,0.387,7,17,0.412,20,22,0.909,7,30,37,19,5,5,17,24,3.0,2018,False,DAL,1611661321
1611661317,Phoenix Mercury,1021800062,2018-06-16,W,89,33,69,0.478,8,25,0.32,15,15,1.0,9,27,36,23,7,4,18,19,17.0,2018,True,CON,1611661323
1611661317,Phoenix Mercury,1021800064,2018-06-17,W,92,29,68,0.426,13,32,0.406,21,24,0.875,7,27,34,22,10,6,8,26,12.0,2018,False,LVA,1611661319
1611661317,Phoenix Mercury,1021800074,2018-06-22,L,72,24,60,0.4,6,21,0.286,18,24,0.75,4,25,29,12,7,5,16,18,-11.0,2018,True,MIN,1611661324
1611661317,Phoenix Mercury,1021800080,2018-06-24,L,88,31,70,0.443,8,22,0.364,18,25,0.72,11,16,27,23,7,4,15,23,-9.0,2018,False,CHI,1611661329
1611661317,Phoenix Mercury,1021800081,2018-06-26,W,83,26,54,0.481,14,23,0.609,17,22,0.773,3,25,28,19,4,6,13,15,14.0,2018,False,NYL,1611661313
1611661317,Phoenix Mercury,1021800090,2018-06-29,W,95,32,62,0.516,10,21,0.476,21,21,1.0,8,25,33,22,1,6,17,15,18.0,2018,False,IND,1611661325
1611661317,Phoenix Mercury,1021800094,2018-06-30,W,84,30,70,0.429,7,21,0.333,17,18,0.944,7,34,41,26,7,5,7,14,10.0,2018,False,WAS,1611661322
1611661317,Phoenix Mercury,1021800108,2018-07-05,W,84,26,59,0.441,8,25,0.32,24,28,0.857,11,31,42,16,8,4,17,18,7.0,2018,True,CON,1611661323
1611661317,Phoenix Mercury,1021800113,2018-07-08,L,70,27,74,0.365,10,31,0.323,6,9,0.667,9,25,34,17,7,5,16,20,-6.0,2018,False,ATL,1611661330
1611661317,Phoenix Mercury,1021800117,2018-07-10,L,72,27,62,0.435,6,19,0.316,12,14,0.857,6,15,21,21,5,3,21,20,-29.0,2018,False,DAL,1611661321
1611661317,Phoenix Mercury,1021800124,2018-07-13,L,87,30,58,0.517,8,19,0.421,19,23,0.826,5,25,30,22,4,4,14,16,-4.0,2018,False,CON,1611661323
1611661317,Phoenix Mercury,1021800130,2018-07-15,W,101,38,70,0.543,11,26,0.423,14,21,0.667,8,25,33,24,7,2,9,20,19.0,2018,False,IND,1611661325
1611661317,Phoenix Mercury,1021800139,2018-07-19,L,82,26,74,0.351,8,29,0.276,22,24,0.917,10,31,41,17,4,9,15,22,-3.0,2018,True,LVA,1611661319
1611661317,Phoenix Mercury,1021800144,2018-07-21,L,75,24,63,0.381,7,23,0.304,20,21,0.952,6,21,27,11,4,2,11,17,-5.0,2018,True,MIN,1611661324
1611661317,Phoenix Mercury,1021800153,2018-07-25,L,87,28,70,0.4,8,20,0.4,23,27,0.852,12,18,30,13,8,2,12,14,-14.0,2018,True,CHI,1611661329
1611661317,Phoenix Mercury,1021800156,2018-07-31,L,91,34,72,0.472,6,22,0.273,17,24,0.708,7,25,32,25,5,6,7,14,-11.0,2018,True,SEA,1611661328
1611661317,Phoenix Mercury,1021800158,2018-08-01,W,104,32,63,0.508,11,26,0.423,29,35,0.829,8,32,40,19,2,3,14,23,11.0,2018,False,LVA,1611661319
1611661317,Phoenix Mercury,1021800167,2018-08-05,L,75,26,66,0.394,8,27,0.296,15,16,0.938,8,22,30,19,4,0,4,22,-3.0,2018,False,LAS,1611661320
1611661317,Phoenix Mercury,1021800173,2018-08-07,L,98,37,74,0.5,7,26,0.269,17,18,0.944,10,24,34,24,5,4,11,17,-5.0,2018,True,WAS,1611661322
1611661317,Phoenix Mercury,1021800180,2018-08-10,W,94,36,71,0.507,10,26,0.385,12,14,0.857,6,31,37,19,3,3,10,15,20.0,2018,True,IND,1611661325
1611661317,Phoenix Mercury,1021800186,2018-08-12,W,86,29,55,0.527,10,25,0.4,18,23,0.783,4,28,32,25,6,6,15,17,8.0,2018,True,LAS,1611661320
1611661317,Phoenix Mercury,1021800196,2018-08-17,W,104,37,73,0.507,11,28,0.393,19,24,0.792,12,30,42,29,7,8,14,23,9.0,2018,True,ATL,1611661330
1611661317,Phoenix Mercury,1021800201,2018-08-19,W,96,32,66,0.485,15,31,0.484,17,18,0.944,9,27,36,24,6,3,12,23,11.0,2018,True,NYL,1611661313
1611661317,Phoenix Mercury,1021900003,2019-05-25,L,68,27,61,0.443,6,17,0.353,8,8,1.0,6,23,29,16,9,3,17,20,-9.0,2019,False,SEA,1611661328
1611661317,Phoenix Mercury,1021900010,2019-05-31,W,86,32,63,0.508,10,23,0.435,12,16,0.75,4,31,35,21,8,7,12,19,2.0,2019,True,LVA,1611661319
1611661317,Phoenix Mercury,1021900022,2019-06-06,L,56,21,57,0.368,6,26,0.231,8,8,1.0,7,18,25,9,8,4,16,16,-2.0,2019,False,MIN,1611661324
1611661317,Phoenix Mercury,1021900029,2019-06-09,W,94,34,74,0.459,9,18,0.5,17,22,0.773,10,25,35,26,6,3,6,18,7.0,2019,False,IND,1611661325
1611661317,Phoenix Mercury,1021900033,2019-06-11,L,75,27,67,0.403,5,17,0.294,16,20,0.8,6,26,32,16,7,4,13,16,-7.0,2019,False,CHI,1611661329
1611661317,Phoenix Mercury,1021900038,2019-06-14,L,68,25,72,0.347,5,17,0.294,13,13,1.0,13,23,36,15,5,2,12,13,-17.0,2019,True,LAS,1611661320
1611661317,Phoenix Mercury,1021900048,2019-06-20,L,54,15,61,0.246,6,20,0.3,18,21,0.857,7,21,28,10,10,4,14,21,-15.0,2019,False,DAL,1611661321
1611661317,Phoenix Mercury,1021900057,2019-06-23,W,82,29,64,0.453,10,25,0.4,14,19,0.737,6,29,35,19,6,4,11,17,10.0,2019,True,LAS,1611661320
1611661317,Phoenix Mercury,1021900065,2019-06-28,W,91,33,63,0.524,10,17,0.588,15,20,0.75,7,26,33,23,4,4,12,13,22.0,2019,True,IND,1611661325
1611661317,Phoenix Mercury,1021900072,2019-06-30,W,69,27,68,0.397,6,27,0.222,9,9,1.0,3,26,29,13,6,5,6,9,2.0,2019,False,SEA,1611661328
1611661317,Phoenix Mercury,1021900077,2019-07-05,L,76,26,65,0.4,7,23,0.304,17,18,0.944,5,22,27,16,4,5,10,15,-4.0,2019,True,NYL,1611661313
1611661317,Phoenix Mercury,1021900084,2019-07-07,W,65,23,67,0.343,4,21,0.19,15,18,0.833,12,36,48,13,3,5,10,20,2.0,2019,True,ATL,1611661330
1611661317,Phoenix Mercury,1021900087,2019-07-10,W,91,39,72,0.542,8,23,0.348,5,5,1.0,7,31,38,25,7,5,7,14,23.0,2019,False,WAS,1611661322
1611661317,Phoenix Mercury,1021900092,2019-07-12,L,64,26,63,0.413,2,16,0.125,10,12,0.833,6,20,26,18,4,3,13,15,-15.0,2019,False,CON,1611661323
1611661317,Phoenix Mercury,1021900099,2019-07-14,L,62,24,62,0.387,6,19,0.316,8,9,0.889,3,21,24,13,11,6,13,13,-13.0,2019,False,MIN,1611661324
1611661317,Phoenix Mercury,1021900102,2019-07-17,W,69,23,59,0.39,4,11,0.364,19,24,0.792,5,32,37,14,4,5,7,10,5.0,2019,True,DAL,1611661321
1611661317,Phoenix Mercury,1021900109,2019-07-20,W,70,19,66,0.288,6,20,0.3,26,29,0.897,8,27,35,13,6,4,11,18,4.0,2019,False,DAL,1611661321
1611661317,Phoenix Mercury,1021900115,2019-07-23,W,95,33,62,0.532,12,21,0.571,17,17,1.0,4,23,27,28,6,3,12,15,18.0,2019,True,IND,1611661325
1611661317,Phoenix Mercury,1021900119,2019-07-30,L,93,35,68,0.515,9,23,0.391,14,15,0.933,3,23,26,29,4,3,10,17,-6.0,2019,False,WAS,1611661322
1611661317,Phoenix Mercury,1021900122,2019-08-01,L,62,25,63,0.397,5,20,0.25,7,9,0.778,6,23,29,15,8,9,18,11,-6.0,2019,False,CON,1611661323
1611661317,Phoenix Mercury,1021900131,2019-08-04,W,103,39,67,0.582,12,24,0.5,13,13,1.0,4,28,32,28,4,5,10,16,21.0,2019,True,WAS,1611661322
1611661317,Phoenix Mercury,1021900135,2019-08-08,L,74,22,63,0.349,6,22,0.273,24,27,0.889,13,25,38,15,4,5,14,17,-10.0,2019,False,LAS,1611661320
1611661317,Phoenix Mercury,1021900140,2019-08-10,L,77,22,60,0.367,4,14,0.286,29,34,0.853,14,21,35,11,6,3,12,20,-3.0,2019,True,DAL,1611661321
1611661317,Phoenix Mercury,1021900149,2019-08-14,L,71,22,57,0.386,1,15,0.067,26,32,0.813,9,23,32,12,7,0,19,23,-7.0,2019,True,CON,1611661323
1611661317,Phoenix Mercury,1021900154,2019-08-16,W,77,27,64,0.422,9,23,0.391,14,17,0.824,9,29,38,19,5,4,12,16,9.0,2019,True,ATL,1611661330
1611661317,Phoenix Mercury,1021900158,2019-08-18,W,78,22,63,0.349,9,24,0.375,25,28,0.893,5,27,32,8,3,3,11,16,6.0,2019,True,NYL,1611661313
1611661317,Phoenix Mercury,1021900162,2019-08-20,L,79,31,83,0.373,7,30,0.233,10,10,1.0,4,35,39,22,5,8,7,21,-5.0,2019,False,LVA,1611661319
1611661317,Phoenix Mercury,1021900172,2019-08-25,L,86,29,67,0.433,4,18,0.222,24,27,0.889,5,29,34,19,6,5,11,20,-8.0,2019,True,CHI,1611661329
1611661317,Phoenix Mercury,1021900176,2019-08-27,W,95,37,63,0.587,8,16,0.5,13,20,0.65,8,28,36,29,4,4,12,15,13.0,2019,False,NYL,1611661313
1611661317,Phoenix Mercury,1021900182,2019-08-29,W,65,21,56,0.375,5,23,0.217,18,22,0.818,4,35,39,19,10,6,19,19,7.0,2019,False,ATL,1611661330
1611661317,Phoenix Mercury,1021900186,2019-09-01,L,78,29,64,0.453,7,18,0.389,13,18,0.722,7,25,32,23,5,5,13,20,-27.0,2019,False,CHI,1611661329
1611661317,Phoenix Mercury,1021900190,2019-09-03,L,70,27,59,0.458,4,15,0.267,12,18,0.667,6,24,30,21,4,5,16,13,-12.0,2019,True,SEA,1611661328
1611661317,Phoenix Mercury,1021900198,2019-09-06,L,69,25,62,0.403,7,19,0.368,12,14,0.857,5,22,27,14,5,2,16,17,-14.0,2019,True,MIN,1611661324
1611661317,Phoenix Mercury,1021900203,2019-09-08,L,89,29,59,0.492,4,21,0.19,27,32,0.844,5,21,26,16,8,7,15,25,-9.0,2019,True,LVA,1611661319
1611661317,Phoenix Mercury,1022001002,2020-07-25,L,76,27,61,0.443,9,28,0.321,13,21,0.619,10,22,32,23,10,3,27,19,-23.0,2020,True,LAS,1611661320
1611661317,Phoenix Mercury,1022001010,2020-07-29,L,100,34,69,0.493,9,22,0.409,23,33,0.697,8,20,28,18,6,2,8,24,-6.0,2020,False,IND,1611661325
1611661317,Phoenix Mercury,1022001018,2020-07-31,W,102,38,66,0.576,11,20,0.55,15,19,0.789,2,29,31,30,4,9,13,26,7.0,2020,True,LVA,1611661319
1611661317,Phoenix Mercury,1022001022,2020-08-02,W,96,32,66,0.485,5,19,0.263,27,33,0.818,9,38,47,20,8,9,13,29,29.0,2020,False,NYL,1611661313
1611661317,Phoenix Mercury,1022001026,2020-08-04,W,81,29,75,0.387,4,20,0.2,19,22,0.864,10,23,33,19,7,2,10,18,7.0,2020,False,ATL,1611661330
1611661317,Phoenix Mercury,1022001033,2020-08-06,W,96,32,61,0.525,10,19,0.526,22,26,0.846,4,23,27,17,8,7,21,19,10.0,2020,True,CHI,1611661329
1611661317,Phoenix Mercury,1022001038,2020-08-08,L,68,24,66,0.364,4,20,0.2,16,18,0.889,7,24,31,16,11,5,18,18,-6.0,2020,False,SEA,1611661328
1611661317,Phoenix Mercury,1022001044,2020-08-10,W,91,35,74,0.473,6,22,0.273,15,16,0.938,8,32,40,27,5,5,11,15,12.0,2020,False,DAL,1611661321
1611661317,Phoenix Mercury,1022001050,2020-08-12,L,71,27,65,0.415,7,19,0.368,10,17,0.588,9,17,26,17,7,3,14,16,-18.0,2020,False,CHI,1611661329
1611661317,Phoenix Mercury,1022001057,2020-08-14,W,96,32,65,0.492,12,25,0.48,20,23,0.87,4,26,30,24,9,4,10,17,16.0,2020,True,ATL,1611661330
1611661317,Phoenix Mercury,1022001063,2020-08-16,L,89,33,67,0.493,9,25,0.36,14,17,0.824,8,24,32,25,7,3,14,19,-6.0,2020,True,DAL,1611661321
1611661317,Phoenix Mercury,1022001069,2020-08-19,L,74,29,66,0.439,7,21,0.333,9,10,0.9,7,30,37,23,5,3,17,18,-9.0,2020,False,LAS,1611661320
1611661317,Phoenix Mercury,1022001075,2020-08-21,L,80,25,60,0.417,7,28,0.25,23,29,0.793,6,23,29,15,9,5,15,25,-10.0,2020,True,MIN,1611661324
1611661317,Phoenix Mercury,1022001081,2020-08-23,W,88,29,61,0.475,10,22,0.455,20,24,0.833,8,29,37,19,5,9,16,20,1.0,2020,False,WAS,1611661322
1611661317,Phoenix Mercury,1022001093,2020-08-28,W,94,33,58,0.569,13,26,0.5,15,15,1.0,4,27,31,25,7,6,14,15,22.0,2020,True,WAS,1611661322
1611661317,Phoenix Mercury,1022001098,2020-08-30,W,83,29,65,0.446,8,30,0.267,17,20,0.85,12,29,41,20,5,7,17,19,4.0,2020,False,MIN,1611661324
1611661317,Phoenix Mercury,1022001102,2020-09-01,W,92,34,74,0.459,14,32,0.438,10,12,0.833,6,30,36,26,4,12,8,19,7.0,2020,False,LVA,1611661319
1611661317,Phoenix Mercury,1022001108,2020-09-03,W,105,40,77,0.519,11,28,0.393,14,18,0.778,7,26,33,22,10,8,10,22,24.0,2020,True,IND,1611661325
1611661317,Phoenix Mercury,1022001114,2020-09-05,W,83,31,75,0.413,10,30,0.333,11,14,0.786,8,35,43,12,4,9,10,21,16.0,2020,True,NYL,1611661313
1611661317,Phoenix Mercury,1022001087,2020-09-07,L,70,21,60,0.35,7,26,0.269,21,23,0.913,7,25,32,14,3,1,16,15,-15.0,2020,True,CON,1611661323
1611661317,Phoenix Mercury,1022001121,2020-09-09,W,100,35,82,0.427,9,33,0.273,21,25,0.84,10,29,39,24,7,7,11,24,5.0,2020,False,CON,1611661323
1611661317,Phoenix Mercury,1022001129,2020-09-11,L,60,15,62,0.242,3,25,0.12,27,28,0.964,11,21,32,12,8,4,14,16,-23.0,2020,True,SEA,1611661328
1611661317,Phoenix Mercury,1022100003,2021-05-14,W,77,31,75,0.413,4,20,0.2,11,19,0.579,11,31,42,20,6,9,11,16,2.0,2021,False,MIN,1611661324
1611661317,Phoenix Mercury,1022100008,2021-05-16,L,78,25,57,0.439,8,25,0.32,20,24,0.833,4,23,27,20,6,7,15,24,-8.0,2021,False,CON,1611661323
1611661317,Phoenix Mercury,1022100010,2021-05-18,W,91,30,66,0.455,11,28,0.393,20,25,0.8,17,33,50,22,4,3,19,22,21.0,2021,False,WAS,1611661322
1611661317,Phoenix Mercury,1022100017,2021-05-21,L,67,26,68,0.382,5,20,0.25,10,14,0.714,7,17,24,14,4,6,6,12,-17.0,2021,True,CON,1611661323
1611661317,Phoenix Mercury,1022100027,2021-05-26,L,79,32,69,0.464,5,17,0.294,10,10,1.0,6,27,33,22,3,7,13,14,-6.0,2021,True,LVA,1611661319
1611661317,Phoenix Mercury,1022100034,2021-05-29,W,89,31,62,0.5,8,22,0.364,19,26,0.731,11,33,44,22,0,7,10,20,4.0,2021,False,DAL,1611661321
1611661317,Phoenix Mercury,1022100039,2021-06-01,W,84,31,59,0.525,8,20,0.4,14,20,0.7,5,30,35,22,6,9,19,22,1.0,2021,False,CHI,1611661329
1611661317,Phoenix Mercury,1022100043,2021-06-03,W,77,30,70,0.429,5,14,0.357,12,17,0.706,7,31,38,19,4,8,17,16,3.0,2021,True,CHI,1611661329
1611661317,Phoenix Mercury,1022100055,2021-06-08,L,81,29,70,0.414,5,25,0.2,18,23,0.783,11,25,36,20,3,7,7,10,-4.0,2021,True,DAL,1611661321
1611661317,Phoenix Mercury,1022100058,2021-06-11,L,59,22,63,0.349,3,20,0.15,12,16,0.75,6,23,29,16,4,7,13,14,-18.0,2021,True,DAL,1611661321
1611661317,Phoenix Mercury,1022100064,2021-06-13,L,83,25,65,0.385,5,24,0.208,28,33,0.848,8,34,42,16,4,4,15,16,-2.0,2021,True,NYL,1611661313
1611661317,Phoenix Mercury,1022100068,2021-06-16,L,80,26,63,0.413,7,21,0.333,21,28,0.75,9,29,38,18,1,1,10,15,-5.0,2021,False,LAS,1611661320
1611661317,Phoenix Mercury,1022100074,2021-06-18,W,80,25,55,0.455,5,16,0.313,25,31,0.806,4,29,33,13,8,3,12,19,14.0,2021,False,LAS,1611661320
1611661317,Phoenix Mercury,1022100089,2021-06-27,W,88,28,62,0.452,9,21,0.429,23,26,0.885,8,36,44,13,3,4,18,18,9.0,2021,True,LAS,1611661320
1611661317,Phoenix Mercury,1022100095,2021-06-30,L,76,29,68,0.426,6,22,0.273,12,15,0.8,5,17,22,17,6,5,9,12,-6.0,2021,True,MIN,1611661324
1611661317,Phoenix Mercury,1022100100,2021-07-03,L,68,21,64,0.328,10,26,0.385,16,17,0.941,2,24,26,16,5,3,11,17,-31.0,2021,True,MIN,1611661324
1611661317,Phoenix Mercury,1022100108,2021-07-07,W,99,32,74,0.432,10,27,0.37,25,29,0.862,10,35,45,22,4,6,11,21,9.0,2021,False,LVA,1611661319
1611661317,Phoenix Mercury,1022100112,2021-07-09,W,85,33,70,0.471,4,18,0.222,15,17,0.882,9,30,39,21,7,6,11,12,8.0,2021,True,SEA,1611661328
1611661317,Phoenix Mercury,1022100118,2021-07-11,L,75,27,67,0.403,9,23,0.391,12,16,0.75,8,24,32,21,6,2,14,21,-7.0,2021,False,SEA,1611661328
1611661317,Phoenix Mercury,1022100123,2021-08-15,W,92,35,70,0.5,10,25,0.4,12,17,0.706,11,34,45,27,3,10,17,12,11.0,2021,True,ATL,1611661330
1611661317,Phoenix Mercury,1022100129,2021-08-17,W,84,28,67,0.418,6,20,0.3,22,24,0.917,8,27,35,20,4,7,13,18,4.0,2021,True,IND,1611661325
1611661317,Phoenix Mercury,1022100133,2021-08-19,W,77,32,62,0.516,4,14,0.286,9,13,0.692,10,34,44,19,2,4,18,22,13.0,2021,True,WAS,1611661322
1611661317,Phoenix Mercury,1022100137,2021-08-21,W,84,30,57,0.526,9,19,0.474,15,22,0.682,10,37,47,22,4,5,22,14,15.0,2021,False,ATL,1611661330
1611661317,Phoenix Mercury,1022100145,2021-08-25,W,106,43,76,0.566,12,25,0.48,8,9,0.889,7,33,40,26,4,4,8,12,27.0,2021,False,NYL,1611661313
1611661317,Phoenix Mercury,1022100149,2021-08-27,W,80,27,68,0.397,8,26,0.308,18,22,0.818,7,32,39,16,5,6,12,14,16.0,2021,False,NYL,1611661313
1611661317,Phoenix Mercury,1022100158,2021-08-31,W,103,39,75,0.52,14,27,0.519,11,12,0.917,9,26,35,26,8,5,8,11,20.0,2021,True,CHI,1611661329
1611661317,Phoenix Mercury,1022100163,2021-09-04,W,87,30,66,0.455,9,27,0.333,18,24,0.75,8,28,36,18,10,3,11,19,22.0,2021,False,IND,1611661325
1611661317,Phoenix Mercury,1022100167,2021-09-06,W,86,34,65,0.523,8,16,0.5,10,14,0.714,9,21,30,24,2,6,8,17,5.0,2021,False,IND,1611661325
1611661317,Phoenix Mercury,1022100170,2021-09-08,W,76,26,60,0.433,8,18,0.444,16,18,0.889,4,28,32,16,7,3,16,14,1.0,2021,False,ATL,1611661330
1611661317,Phoenix Mercury,1022100176,2021-09-11,L,67,27,56,0.482,5,17,0.294,8,9,0.889,4,27,31,20,5,6,15,21,-9.0,2021,True,CON,1611661323
1611661317,Phoenix Mercury,1022100187,2021-09-17,L,85,30,64,0.469,7,24,0.292,18,20,0.9,13,19,32,20,7,3,10,13,-9.0,2021,False,SEA,1611661328
1611661317,Phoenix Mercury,1022100189,2021-09-19,L,83,31,69,0.449,14,30,0.467,7,10,0.7,7,26,33,23,7,1,10,13,-1.0,2021,True,LVA,1611661319
1611661317,Phoenix Mercury,1022200003,2022-05-06,L,88,33,73,0.452,6,24,0.25,16,19,0.842,6,20,26,20,6,2,9,16,-18.0,2022,True,LVA,1611661319
1611661317,Phoenix Mercury,1022200014,2022-05-11,W,97,36,63,0.571,12,21,0.571,13,17,0.765,5,32,37,26,6,3,18,22,20.0,2022,True,SEA,1611661328
1611661317,Phoenix Mercury,1022200018,2022-05-14,W,69,26,69,0.377,12,32,0.375,5,8,0.625,7,35,42,19,6,2,12,14,5.0,2022,False,SEA,1611661328
1611661317,Phoenix Mercury,1022200026,2022-05-17,L,74,26,60,0.433,8,25,0.32,14,15,0.933,3,28,31,19,4,2,15,25,-12.0,2022,False,LVA,1611661319
1611661317,Phoenix Mercury,1022200030,2022-05-19,L,84,29,73,0.397,5,24,0.208,21,23,0.913,7,26,33,15,3,3,4,18,-10.0,2022,True,DAL,1611661321
1611661317,Phoenix Mercury,1022200034,2022-05-21,L,80,29,70,0.414,9,29,0.31,13,20,0.65,10,23,33,16,3,6,15,25,-20.0,2022,False,LVA,1611661319
1611661317,Phoenix Mercury,1022200043,2022-05-25,L,94,34,60,0.567,7,20,0.35,19,23,0.826,7,19,26,21,10,5,18,17,-5.0,2022,False,LAS,1611661320
1611661317,Phoenix Mercury,1022200049,2022-05-29,L,54,18,68,0.265,3,19,0.158,15,21,0.714,10,19,29,9,13,7,14,15,-27.0,2022,False,ATL,1611661330
1611661317,Phoenix Mercury,1022200053,2022-05-31,L,70,28,70,0.4,8,25,0.32,6,11,0.545,6,26,32,21,4,7,10,16,-3.0,2022,False,CHI,1611661329
1611661317,Phoenix Mercury,1022200061,2022-06-03,L,88,28,62,0.452,10,31,0.323,22,23,0.957,4,19,23,22,13,3,20,27,-4.0,2022,True,CON,1611661323
1611661317,Phoenix Mercury,1022200067,2022-06-05,W,81,27,59,0.458,9,24,0.375,18,20,0.9,4,20,24,17,8,4,16,19,7.0,2022,True,LAS,1611661320
1611661317,Phoenix Mercury,1022200077,2022-06-10,W,90,28,67,0.418,10,31,0.323,24,28,0.857,7,31,38,19,1,6,9,14,2.0,2022,True,ATL,1611661330
1611661317,Phoenix Mercury,1022200081,2022-06-12,W,99,36,70,0.514,10,32,0.313,17,21,0.81,4,26,30,21,10,3,15,28,9.0,2022,False,WAS,1611661322
1611661317,Phoenix Mercury,1022200083,2022-06-14,L,65,24,62,0.387,10,26,0.385,7,16,0.438,4,31,35,21,7,6,16,17,-18.0,2022,False,WAS,1611661322
1611661317,Phoenix Mercury,1022200087,2022-06-15,W,93,34,67,0.507,8,26,0.308,17,18,0.944,5,28,33,24,6,9,12,20,13.0,2022,False,IND,1611661325
1611661317,Phoenix Mercury,1022200090,2022-06-17,L,88,31,65,0.477,8,22,0.364,18,22,0.818,5,19,24,22,6,4,12,23,-5.0,2022,False,DAL,1611661321
1611661317,Phoenix Mercury,1022200099,2022-06-21,L,71,23,58,0.397,10,30,0.333,15,22,0.682,4,28,32,15,6,2,16,19,-13.0,2022,True,MIN,1611661324
1611661317,Phoenix Mercury,1022200103,2022-06-23,L,88,27,58,0.466,9,28,0.321,25,30,0.833,2,21,23,16,7,4,12,22,-12.0,2022,False,MIN,1611661324
1611661317,Phoenix Mercury,1022200107,2022-06-25,W,83,29,69,0.42,6,26,0.231,19,24,0.792,7,31,38,16,7,4,9,25,11.0,2022,False,DAL,1611661321
1611661317,Phoenix Mercury,1022200112,2022-06-27,W,83,26,69,0.377,13,33,0.394,18,20,0.9,9,21,30,19,8,5,10,22,12.0,2022,True,IND,1611661325
1611661317,Phoenix Mercury,1022200117,2022-06-29,W,99,38,70,0.543,9,24,0.375,14,19,0.737,11,21,32,29,7,6,8,20,21.0,2022,True,IND,1611661325
1611661317,Phoenix Mercury,1022200123,2022-07-02,L,75,27,66,0.409,5,20,0.25,16,19,0.842,7,20,27,15,14,2,18,24,-16.0,2022,False,CHI,1611661329
1611661317,Phoenix Mercury,1022200128,2022-07-04,L,75,26,57,0.456,8,27,0.296,15,16,0.938,6,24,30,21,11,3,21,25,-3.0,2022,False,LAS,1611661320
1611661317,Phoenix Mercury,1022200135,2022-07-07,W,84,27,66,0.409,9,30,0.3,21,24,0.875,6,24,30,20,11,4,9,17,3.0,2022,True,NYL,1611661313
1611661317,Phoenix Mercury,1022200140,2022-07-12,L,107,37,100,0.37,15,50,0.3,18,24,0.75,21,23,44,27,13,9,8,32,-11.0,2022,False,MIN,1611661324
1611661317,Phoenix Mercury,1022200145,2022-07-14,W,80,26,69,0.377,10,26,0.385,18,20,0.9,6,25,31,16,10,5,14,20,5.0,2022,True,WAS,1611661322
1611661317,Phoenix Mercury,1022200152,2022-07-17,L,75,26,63,0.413,8,29,0.276,15,20,0.75,9,19,28,18,6,7,13,16,-10.0,2022,True,ATL,1611661330
1611661317,Phoenix Mercury,1022200163,2022-07-22,W,94,30,65,0.462,14,31,0.452,20,21,0.952,7,27,34,20,7,6,13,16,16.0,2022,True,SEA,1611661328
1611661317,Phoenix Mercury,1022200172,2022-07-28,W,90,32,64,0.5,9,25,0.36,17,21,0.81,4,28,32,21,11,5,18,24,10.0,2022,True,LAS,1611661320
1611661317,Phoenix Mercury,1022200178,2022-07-31,L,69,24,64,0.375,6,25,0.24,15,16,0.938,5,21,26,20,5,6,12,14,-20.0,2022,False,NYL,1611661313
1611661317,Phoenix Mercury,1022200182,2022-08-02,L,63,23,64,0.359,6,27,0.222,11,16,0.688,9,24,33,13,7,6,18,19,-24.0,2022,False,CON,1611661323
1611661317,Phoenix Mercury,1022200189,2022-08-04,L,64,23,69,0.333,9,26,0.346,9,12,0.75,13,16,29,18,7,7,14,17,-13.0,2022,False,CON,1611661323
1611661317,Phoenix Mercury,1022200194,2022-08-06,W,76,27,72,0.375,8,27,0.296,14,16,0.875,9,31,40,15,4,3,13,18,14.0,2022,True,NYL,1611661313
1611661317,Phoenix Mercury,1022200204,2022-08-10,L,77,28,67,0.418,13,31,0.419,8,8,1.0,9,18,27,20,8,4,12,21,-9.0,2022,True,MIN,1611661324
1611661317,Phoenix Mercury,1022200210,2022-08-12,W,86,35,68,0.515,11,22,0.5,5,6,0.833,6,19,25,25,8,2,9,14,12.0,2022,True,DAL,1611661321
1611661317,Phoenix Mercury,1022200214,2022-08-14,L,67,27,59,0.458,3,13,0.231,10,12,0.833,2,33,35,17,4,1,18,13,-15.0,2022,True,CHI,1611661329
1611661317,Phoenix Mercury,1022300004,2023-05-19,L,71,24,59,0.407,6,20,0.3,17,20,0.85,6,28,34,18,2,8,19,20,-23.0,2023,False,LAS,1611661320
1611661317,Phoenix Mercury,1022300009,2023-05-21,L,69,23,56,0.411,5,16,0.313,18,24,0.75,3,26,29,17,6,8,18,19,-6.0,2023,True,CHI,1611661329
1611661317,Phoenix Mercury,1022300013,2023-05-25,W,90,28,57,0.491,13,28,0.464,21,23,0.913,6,27,33,23,5,5,18,25,9.0,2023,True,MIN,1611661324
1611661317,Phoenix Mercury,1022300029,2023-06-02,L,93,32,61,0.525,8,24,0.333,21,26,0.808,6,23,29,21,3,5,20,23,-6.0,2023,True,LAS,1611661320
1611661317,Phoenix Mercury,1022300039,2023-06-07,L,79,31,70,0.443,7,26,0.269,10,13,0.769,4,22,26,25,10,6,15,26,-5.0,2023,False,DAL,1611661321
1611661317,Phoenix Mercury,1022300042,2023-06-09,L,77,30,68,0.441,4,20,0.2,13,17,0.765,8,23,31,23,8,10,16,17,-13.0,2023,False,DAL,1611661321
1611661317,Phoenix Mercury,1022300049,2023-06-11,W,85,29,64,0.453,9,24,0.375,18,21,0.857,7,22,29,20,7,2,10,17,3.0,2023,False,IND,1611661325
1611661317,Phoenix Mercury,1022300054,2023-06-13,L,69,25,60,0.417,6,19,0.316,13,15,0.867,3,29,32,19,5,3,16,18,-14.0,2023,True,SEA,1611661328
1611661317,Phoenix Mercury,1022300059,2023-06-16,L,69,23,59,0.39,7,22,0.318,16,20,0.8,5,22,27,20,8,5,17,20,-19.0,2023,False,WAS,1611661322
1611661317,Phoenix Mercury,1022300062,2023-06-18,L,71,27,64,0.422,7,22,0.318,10,13,0.769,8,19,27,16,8,0,12,24,-18.0,2023,False,NYL,1611661313
1611661317,Phoenix Mercury,1022300070,2023-06-21,L,79,30,70,0.429,5,20,0.25,14,15,0.933,8,18,26,16,3,2,10,22,-20.0,2023,True,LVA,1611661319
1611661317,Phoenix Mercury,1022300077,2023-06-24,L,74,26,56,0.464,4,17,0.235,18,24,0.75,5,23,28,15,3,2,20,19,-23.0,2023,False,SEA,1611661328
1611661317,Phoenix Mercury,1022300084,2023-06-27,L,62,23,57,0.404,3,20,0.15,13,18,0.722,4,21,25,18,7,7,16,16,-15.0,2023,True,DAL,1611661321
1611661317,Phoenix Mercury,1022300088,2023-06-29,W,85,34,64,0.531,6,19,0.316,11,16,0.688,5,25,30,28,6,8,14,17,22.0,2023,True,IND,1611661325
1611661317,Phoenix Mercury,1022300093,2023-07-01,L,76,30,59,0.508,6,19,0.316,10,18,0.556,9,26,35,19,4,4,22,20,-10.0,2023,True,MIN,1611661324
1611661317,Phoenix Mercury,1022300098,2023-07-05,L,95,34,67,0.507,9,20,0.45,18,22,0.818,3,22,25,23,7,5,15,25,-4.0,2023,False,NYL,1611661313
1611661317,Phoenix Mercury,1022300106,2023-07-07,L,64,23,61,0.377,6,20,0.3,12,14,0.857,5,25,30,17,5,3,19,18,-11.0,2023,False,MIN,1611661324
1611661317,Phoenix Mercury,1022300110,2023-07-09,W,78,30,63,0.476,5,17,0.294,13,15,0.867,10,27,37,22,7,6,17,19,6.0,2023,True,LAS,1611661320
1611661317,Phoenix Mercury,1022300114,2023-07-11,L,72,27,70,0.386,6,19,0.316,12,14,0.857,8,30,38,15,3,2,9,19,-26.0,2023,False,LVA,1611661319
1611661317,Phoenix Mercury,1022300121,2023-07-18,W,72,26,62,0.419,11,26,0.423,9,10,0.9,5,28,33,19,5,6,13,24,6.0,2023,True,CON,1611661323
1611661317,Phoenix Mercury,1022300126,2023-07-20,W,80,31,68,0.456,9,20,0.45,9,10,0.9,11,29,40,19,5,4,17,15,18.0,2023,True,CHI,1611661329
1611661317,Phoenix Mercury,1022300134,2023-07-23,L,69,26,61,0.426,8,21,0.381,9,12,0.75,5,25,30,20,10,3,19,18,-15.0,2023,False,WAS,1611661322
1611661317,Phoenix Mercury,1022300135,2023-07-25,L,65,24,67,0.358,5,24,0.208,12,15,0.8,8,25,33,11,9,8,13,17,-13.0,2023,False,ATL,1611661330
1611661317,Phoenix Mercury,1022300148,2023-07-30,L,85,30,63,0.476,12,27,0.444,13,14,0.929,8,21,29,24,4,5,16,15,-19.0,2023,False,CHI,1611661329
1611661317,Phoenix Mercury,1022300152,2023-08-01,L,71,25,64,0.391,9,23,0.391,12,14,0.857,6,23,29,18,7,4,18,23,-1.0,2023,False,IND,1611661325
1611661317,Phoenix Mercury,1022300156,2023-08-03,W,91,29,71,0.408,10,31,0.323,23,24,0.958,12,28,40,17,5,3,13,24,20.0,2023,True,ATL,1611661330
1611661317,Phoenix Mercury,1022300161,2023-08-05,L,91,36,71,0.507,6,23,0.261,13,15,0.867,4,23,27,27,8,1,10,20,-6.0,2023,True,SEA,1611661328
1611661317,Phoenix Mercury,1022300170,2023-08-08,W,91,34,61,0.557,13,29,0.448,10,15,0.667,4,29,33,24,5,3,14,13,19.0,2023,True,WAS,1611661322
1611661317,Phoenix Mercury,1022300172,2023-08-10,W,90,31,56,0.554,9,18,0.5,19,21,0.905,2,24,26,21,8,8,19,23,6.0,2023,True,CON,1611661323
1611661317,Phoenix Mercury,1022300179,2023-08-13,L,71,31,75,0.413,5,23,0.217,4,7,0.571,11,20,31,19,10,4,8,14,-10.0,2023,False,SEA,1611661328
1611661317,Phoenix Mercury,1022300186,2023-08-18,L,63,25,71,0.352,4,23,0.174,9,11,0.818,11,25,36,16,4,4,14,11,-22.0,2023,True,NYL,1611661313
1611661317,Phoenix Mercury,1022300191,2023-08-20,L,73,27,67,0.403,3,22,0.136,16,23,0.696,12,24,36,9,3,3,13,20,-10.0,2023,True,IND,1611661325
1611661317,Phoenix Mercury,1022300197,2023-08-23,L,62,24,59,0.407,3,16,0.188,11,14,0.786,8,20,28,19,4,6,13,18,-29.0,2023,False,LAS,1611661320
1611661317,Phoenix Mercury,1022300207,2023-08-27,L,74,32,62,0.516,2,15,0.133,8,10,0.8,4,26,30,16,3,4,13,20,-3.0,2023,True,DAL,1611661321
1611661317,Phoenix Mercury,1022300210,2023-08-29,L,76,32,58,0.552,4,8,0.5,8,11,0.727,1,22,23,22,4,5,16,12,-18.0,2023,False,ATL,1611661330
1611661317,Phoenix Mercury,1022300213,2023-08-31,L,74,30,58,0.517,7,11,0.636,7,11,0.636,5,20,25,18,5,3,10,23,-10.0,2023,False,CON,1611661323
1611661317,Phoenix Mercury,1022300222,2023-09-03,L,73,25,68,0.368,7,14,0.5,16,22,0.727,9,28,37,13,5,1,12,21,-13.0,2023,False,MIN,1611661324
1611661317,Phoenix Mercury,1022300227,2023-09-05,L,77,29,65,0.446,6,17,0.353,13,18,0.722,7,24,31,22,4,1,12,12,-23.0,2023,True,WAS,1611661322
1611661317,Phoenix Mercury,1022300234,2023-09-08,L,73,26,75,0.347,5,18,0.278,16,18,0.889,8,27,35,13,6,0,10,14,-21.0,2023,True,LVA,1611661319
1611661317,Phoenix Mercury,1022300239,2023-09-10,L,85,34,71,0.479,11,26,0.423,6,6,1.0,10,22,32,21,6,3,14,12,-15.0,2023,False,LVA,1611661319
1611661317,Phoenix Mercury,1022400003,2024-05-14,L,80,29,76,0.382,15,36,0.417,7,10,0.7,10,27,37,21,6,6,15,23,-9.0,2024,False,LVA,1611661319
1611661317,Phoenix Mercury,1022400013,2024-05-18,W,88,27,66,0.409,6,23,0.261,28,32,0.875,7,31,38,17,10,5,12,22,3.0,2024,True,ATL,1611661330
1611661317,Phoenix Mercury,1022400018,2024-05-21,W,98,37,78,0.474,16,33,0.485,8,13,0.615,6,33,39,23,7,7,7,15,10.0,2024,False,LVA,1611661319
1611661317,Phoenix Mercury,1022400023,2024-05-23,W,83,26,60,0.433,10,33,0.303,21,24,0.875,4,30,34,20,9,4,16,19,3.0,2024,True,WAS,1611661322
1611661317,Phoenix Mercury,1022400029,2024-05-25,L,92,31,75,0.413,14,35,0.4,16,17,0.941,8,17,25,26,7,6,19,15,-15.0,2024,True,DAL,1611661321
1611661317,Phoenix Mercury,1022400032,2024-05-28,L,47,15,63,0.238,1,27,0.037,16,22,0.727,12,31,43,12,7,9,20,11,-23.0,2024,False,CON,1611661323
1611661317,Phoenix Mercury,1022400035,2024-05-29,L,78,29,68,0.426,10,30,0.333,10,13,0.769,8,26,34,18,6,2,10,18,-3.0,2024,False,NYL,1611661313
1611661317,Phoenix Mercury,1022400043,2024-05-31,L,71,24,62,0.387,9,28,0.321,14,18,0.778,10,26,36,16,6,2,16,14,-24.0,2024,False,MIN,1611661324
1611661317,Phoenix Mercury,1022400048,2024-06-02,W,87,28,66,0.424,14,29,0.483,17,20,0.85,7,26,33,20,11,5,14,18,19.0,2024,True,LAS,1611661320
1611661317,Phoenix Mercury,1022400051,2024-06-04,L,62,23,68,0.338,4,23,0.174,12,17,0.706,3,30,33,13,7,4,13,15,-18.0,2024,False,SEA,1611661328
1611661317,Phoenix Mercury,1022400059,2024-06-07,W,81,29,70,0.414,9,26,0.346,14,18,0.778,10,29,39,18,6,7,14,13,1.0,2024,True,MIN,1611661324
1611661317,Phoenix Mercury,1022400063,2024-06-09,W,97,37,80,0.463,9,33,0.273,14,19,0.737,9,20,29,25,9,5,20,19,7.0,2024,False,DAL,1611661321
1611661317,Phoenix Mercury,1022400073,2024-06-13,L,99,39,72,0.542,8,25,0.32,13,15,0.867,4,19,23,26,5,5,12,26,-4.0,2024,True,LVA,1611661319
1611661317,Phoenix Mercury,1022400078,2024-06-16,W,87,31,62,0.5,7,18,0.389,18,19,0.947,3,34,37,24,5,5,15,18,9.0,2024,True,SEA,1611661328
1611661317,Phoenix Mercury,1022400083,2024-06-18,W,99,38,69,0.551,15,30,0.5,8,10,0.8,4,27,31,24,7,3,17,12,6.0,2024,True,NYL,1611661313
1611661317,Phoenix Mercury,1022400093,2024-06-22,L,60,23,74,0.311,7,34,0.206,7,12,0.583,7,24,31,14,8,5,13,17,-13.0,2024,False,MIN,1611661324
1611661317,Phoenix Mercury,1022400103,2024-06-28,W,92,35,69,0.507,7,21,0.333,15,23,0.652,13,26,39,19,9,6,15,17,14.0,2024,True,LAS,1611661320
1611661317,Phoenix Mercury,1022400108,2024-06-30,L,82,27,68,0.397,8,28,0.286,20,24,0.833,6,22,28,18,9,1,12,25,-6.0,2024,True,IND,1611661325
1611661317,Phoenix Mercury,1022400109,2024-07-01,L,72,26,60,0.433,3,17,0.176,17,18,0.944,2,16,18,19,5,2,6,20,-11.0,2024,True,CON,1611661323
1611661317,Phoenix Mercury,1022400115,2024-07-03,W,104,36,65,0.554,11,23,0.478,21,23,0.913,5,19,24,22,6,3,9,23,8.0,2024,False,DAL,1611661321
1611661317,Phoenix Mercury,1022400126,2024-07-07,W,84,27,59,0.458,7,21,0.333,23,28,0.821,7,31,38,16,3,5,16,23,6.0,2024,False,LAS,1611661320
1611661317,Phoenix Mercury,1022400132,2024-07-10,W,100,36,61,0.59,9,21,0.429,19,22,0.864,4,18,22,24,8,6,11,19,16.0,2024,True,DAL,1611661321
1611661317,Phoenix Mercury,1022400135,2024-07-12,L,86,29,70,0.414,10,29,0.345,18,23,0.783,7,23,30,18,7,6,11,15,-9.0,2024,False,IND,1611661325
1611661317,Phoenix Mercury,1022400139,2024-07-14,L,69,28,69,0.406,7,25,0.28,6,10,0.6,11,22,33,16,3,8,15,13,-27.0,2024,False,CON,1611661323
1611661317,Phoenix Mercury,1022400143,2024-07-16,W,96,35,65,0.538,8,18,0.444,18,21,0.857,6,25,31,22,8,6,9,14,9.0,2024,False,WAS,1611661322
1611661317,Phoenix Mercury,1022400149,2024-08-15,W,85,33,59,0.559,12,23,0.522,7,11,0.636,5,29,34,26,5,10,12,18,20.0,2024,False,CHI,1611661329
1611661317,Phoenix Mercury,1022400153,2024-08-16,L,89,25,60,0.417,14,36,0.389,25,28,0.893,3,28,31,16,7,3,11,17,-9.0,2024,False,IND,1611661325
1611661317,Phoenix Mercury,1022400161,2024-08-18,W,86,28,62,0.452,7,23,0.304,23,31,0.742,9,32,41,21,5,4,10,19,18.0,2024,True,CHI,1611661329
1611661317,Phoenix Mercury,1022400165,2024-08-21,L,63,24,61,0.393,6,19,0.316,9,10,0.9,3,30,33,15,4,3,11,16,-9.0,2024,False,ATL,1611661330
1611661317,Phoenix Mercury,1022400168,2024-08-23,W,82,32,66,0.485,6,17,0.353,12,16,0.75,7,29,36,23,4,5,12,17,2.0,2024,False,ATL,1611661330
1611661317,Phoenix Mercury,1022400177,2024-08-26,L,70,31,67,0.463,5,22,0.227,3,4,0.75,7,24,31,15,7,4,20,15,-14.0,2024,True,NYL,1611661313
1611661317,Phoenix Mercury,1022400183,2024-08-28,L,76,26,68,0.382,7,23,0.304,17,23,0.739,13,24,37,15,7,3,19,15,-13.0,2024,True,MIN,1611661324
1611661317,Phoenix Mercury,1022400194,2024-09-01,L,79,29,61,0.475,7,22,0.318,14,18,0.778,4,20,24,23,9,2,15,14,-18.0,2024,True,LVA,1611661319
1611661317,Phoenix Mercury,1022400198,2024-09-03,W,74,23,55,0.418,6,25,0.24,22,26,0.846,7,26,33,18,7,4,17,15,8.0,2024,True,ATL,1611661330
1611661317,Phoenix Mercury,1022400201,2024-09-05,L,77,27,68,0.397,9,30,0.3,14,17,0.824,9,24,33,22,4,5,17,13,-13.0,2024,True,WAS,1611661322
1611661317,Phoenix Mercury,1022400206,2024-09-07,L,66,24,66,0.364,10,29,0.345,8,9,0.889,7,27,34,20,4,4,13,11,-24.0,2024,False,SEA,1611661328
1611661317,Phoenix Mercury,1022400223,2024-09-13,L,69,27,72,0.375,6,33,0.182,9,11,0.818,6,27,33,19,4,7,7,16,-19.0,2024,True,CON,1611661323
1611661317,Phoenix Mercury,1022400227,2024-09-15,W,93,36,66,0.545,9,24,0.375,12,17,0.706,3,27,30,29,4,2,8,15,5.0,2024,False,CHI,1611661329
1611661317,Phoenix Mercury,1022400233,2024-09-17,W,85,30,64,0.469,7,28,0.25,18,22,0.818,7,18,25,22,11,9,10,19,4.0,2024,False,LAS,1611661320
1611661317,Phoenix Mercury,1022400240,2024-09-19,L,70,24,63,0.381,6,26,0.231,16,23,0.696,6,27,33,19,8,1,11,12,-19.0,2024,True,SEA,1611661328
1611661317,Phoenix Mercury,1022500006,2025-05-17,W,81,30,58,0.517,8,24,0.333,13,21,0.619,4,34,38,20,8,5,14,22,22.0,2025,True,SEA,1611661328
1611661317,Phoenix Mercury,1022500014,2025-05-21,W,89,28,67,0.418,11,33,0.333,22,27,0.815,6,27,33,22,8,7,12,21,3.0,2025,True,LAS,1611661320
1611661317,Phoenix Mercury,1022500020,2025-05-23,L,70,27,63,0.429,8,24,0.333,8,11,0.727,7,27,34,18,9,4,19,19,-7.0,2025,False,SEA,1611661328
1611661317,Phoenix Mercury,1022500025,2025-05-25,W,68,21,63,0.333,11,34,0.324,15,19,0.789,8,18,26,15,15,1,14,21,6.0,2025,True,WAS,1611661322
1611661317,Phoenix Mercury,1022500031,2025-05-27,W,94,33,78,0.423,16,40,0.4,12,19,0.632,10,20,30,26,11,7,9,18,5.0,2025,True,CHI,1611661329
1611661317,Phoenix Mercury,1022500038,2025-05-30,L,71,28,71,0.394,3,26,0.115,12,14,0.857,11,27,38,21,8,4,14,19,-3.0,2025,True,MIN,1611661324
1611661317,Phoenix Mercury,1022500042,2025-06-01,W,85,26,64,0.406,12,29,0.414,21,24,0.875,7,31,38,22,7,2,12,22,5.0,2025,False,LAS,1611661320
1611661317,Phoenix Mercury,1022500046,2025-06-03,L,65,28,73,0.384,5,30,0.167,4,5,0.8,6,18,24,13,11,3,10,10,-23.0,2025,False,MIN,1611661324
1611661317,Phoenix Mercury,1022500049,2025-06-05,W,86,30,65,0.462,11,25,0.44,15,20,0.75,10,26,36,15,7,5,17,20,9.0,2025,True,GSV,1611661331
1611661317,Phoenix Mercury,1022500054,2025-06-07,L,77,29,66,0.439,8,25,0.32,11,13,0.846,8,21,29,21,3,1,14,18,-12.0,2025,True,SEA,1611661328
1611661317,Phoenix Mercury,1022500061,2025-06-11,W,93,35,70,0.5,15,35,0.429,8,11,0.727,6,22,28,23,9,6,10,24,13.0,2025,True,DAL,1611661321
1611661317,Phoenix Mercury,1022500070,2025-06-15,W,76,28,73,0.384,9,32,0.281,11,12,0.917,14,22,36,22,10,4,12,18,6.0,2025,False,LVA,1611661319
1611661317,Phoenix Mercury,1022500077,2025-06-18,W,83,26,64,0.406,8,23,0.348,23,27,0.852,12,29,41,18,9,5,12,20,8.0,2025,False,CON,1611661323
1611661317,Phoenix Mercury,1022500078,2025-06-19,W,89,30,72,0.417,7,31,0.226,22,27,0.815,15,27,42,22,10,3,13,21,8.0,2025,False,NYL,1611661313
1611661317,Phoenix Mercury,1022500083,2025-06-21,W,107,35,68,0.515,17,35,0.486,20,24,0.833,12,22,34,25,13,2,19,16,21.0,2025,False,CHI,1611661329
1611661317,Phoenix Mercury,1022500101,2025-06-27,W,106,41,78,0.526,18,39,0.462,6,7,0.857,10,26,36,30,7,1,12,17,15.0,2025,True,NYL,1611661313
1611661317,Phoenix Mercury,1022500106,2025-06-29,L,81,27,71,0.38,10,24,0.417,17,21,0.81,12,23,35,19,5,3,11,20,-3.0,2025,True,LVA,1611661319
1611661317,Phoenix Mercury,1022500112,2025-07-03,L,89,28,67,0.418,8,23,0.348,25,31,0.806,7,19,26,21,11,6,10,26,-9.0,2025,False,DAL,1611661321
1611661317,Phoenix Mercury,1022500120,2025-07-07,W,102,36,76,0.474,14,32,0.438,16,25,0.64,11,32,43,29,9,5,9,15,30.0,2025,True,DAL,1611661321
1611661317,Phoenix Mercury,1022500125,2025-07-09,W,79,34,73,0.466,1,16,0.063,10,10,1.0,7,28,35,17,6,1,9,12,8.0,2025,True,MIN,1611661324
1611661317,Phoenix Mercury,1022500138,2025-07-14,W,78,27,57,0.474,12,29,0.414,12,19,0.632,3,32,35,23,6,5,14,18,1.0,2025,False,GSV,1611661331
1611661317,Phoenix Mercury,1022500142,2025-07-16,L,66,25,70,0.357,7,26,0.269,9,15,0.6,9,30,39,21,7,4,12,16,-13.0,2025,False,MIN,1611661324
1611661317,Phoenix Mercury,1022500151,2025-07-23,L,79,26,67,0.388,11,30,0.367,16,21,0.762,5,27,32,18,5,3,8,17,-11.0,2025,True,ATL,1611661330
1611661317,Phoenix Mercury,1022500155,2025-07-25,L,76,31,77,0.403,7,30,0.233,7,13,0.538,9,24,33,22,5,3,14,19,-13.0,2025,False,NYL,1611661313
1611661317,Phoenix Mercury,1022500163,2025-07-27,W,88,35,68,0.515,5,21,0.238,13,14,0.929,6,27,33,22,10,5,13,19,16.0,2025,False,WAS,1611661322
1611661317,Phoenix Mercury,1022500170,2025-07-30,L,101,36,73,0.493,7,21,0.333,22,26,0.846,6,25,31,18,9,1,17,28,-6.0,2025,False,IND,1611661325
1611661317,Phoenix Mercury,1022500174,2025-08-01,L,72,27,70,0.386,4,16,0.25,14,17,0.824,9,18,27,16,4,6,9,12,-23.0,2025,False,ATL,1611661330
1611661317,Phoenix Mercury,1022500182,2025-08-03,W,83,33,73,0.452,7,25,0.28,10,14,0.714,14,31,45,22,8,8,9,17,16.0,2025,False,CHI,1611661329
1611661317,Phoenix Mercury,1022500188,2025-08-05,W,82,29,64,0.453,8,20,0.4,16,19,0.842,8,31,39,17,9,2,18,12,16.0,2025,True,CON,1611661323
1611661317,Phoenix Mercury,1022500193,2025-08-07,W,95,34,77,0.442,10,29,0.345,17,18,0.944,13,31,44,25,9,0,13,15,35.0,2025,True,IND,1611661325
1611661317,Phoenix Mercury,1022500202,2025-08-10,L,66,24,69,0.348,6,23,0.261,12,14,0.857,9,25,34,16,6,3,12,19,-8.0,2025,True,ATL,1611661330
1611661317,Phoenix Mercury,1022500215,2025-08-15,L,83,31,68,0.456,10,27,0.37,11,14,0.786,7,23,30,23,7,3,12,19,-3.0,2025,True,LVA,1611661319
1611661317,Phoenix Mercury,1022500220,2025-08-17,W,85,31,64,0.484,8,26,0.308,15,18,0.833,3,31,34,21,6,3,17,19,3.0,2025,False,SEA,1611661328
1611661317,Phoenix Mercury,1022500226,2025-08-19,W,98,34,69,0.493,11,31,0.355,19,23,0.826,10,30,40,22,1,3,10,18,7.0,2025,False,GSV,1611661331
1611661317,Phoenix Mercury,1022500231,2025-08-21,L,61,22,71,0.31,6,32,0.188,11,13,0.846,13,30,43,12,2,2,13,10,-22.0,2025,False,LVA,1611661319
1611661317,Phoenix Mercury,1022500234,2025-08-22,W,81,28,64,0.438,14,32,0.438,11,15,0.733,7,26,33,25,4,6,13,19,9.0,2025,True,GSV,1611661331
1611661317,Phoenix Mercury,1022500244,2025-08-26,W,92,33,69,0.478,11,25,0.44,15,18,0.833,7,25,32,28,11,1,13,14,8.0,2025,False,LAS,1611661320
1611661317,Phoenix Mercury,1022500249,2025-08-28,W,83,29,71,0.408,6,22,0.273,19,22,0.864,14,20,34,21,17,11,9,12,4.0,2025,True,CHI,1611661329
1611661317,Phoenix Mercury,1022500255,2025-08-30,W,80,30,63,0.476,12,27,0.444,8,14,0.571,9,21,30,22,9,5,12,12,17.0,2025,True,NYL,1611661313
1611661317,Phoenix Mercury,1022500262,2025-09-02,W,85,30,66,0.455,6,21,0.286,19,23,0.826,6,30,36,24,6,3,9,12,6.0,2025,True,IND,1611661325
1611661317,Phoenix Mercury,1022500265,2025-09-04,W,75,28,67,0.418,13,34,0.382,6,9,0.667,7,33,40,22,6,7,10,16,6.0,2025,False,WAS,1611661322
1611661317,Phoenix Mercury,1022500271,2025-09-06,L,84,29,71,0.408,11,32,0.344,15,21,0.714,9,24,33,21,7,1,12,25,-3.0,2025,False,CON,1611661323
1611661317,Phoenix Mercury,1022500280,2025-09-09,L,83,30,72,0.417,10,30,0.333,13,17,0.765,11,28,39,20,7,3,12,18,-5.0,2025,True,LAS,1611661320
1611661317,Phoenix Mercury,1022500284,2025-09-11,L,76,26,58,0.448,12,28,0.429,12,17,0.706,5,22,27,21,7,1,18,17,-21.0,2025,False,DAL,1611661321
1611661317,Phoenix Mercury,1022600005,2026-05-09,W,99,38,77,0.494,11,24,0.458,12,15,0.8,7,30,37,23,11,4,7,10,33.0,2026,False,LVA,1611661319
1611661317,Phoenix Mercury,1022600011,2026-05-10,L,79,26,54,0.481,11,22,0.5,16,19,0.842,4,20,24,20,2,3,17,21,-16.0,2026,False,GSV,1611661331
1611661317,Phoenix Mercury,1022600013,2026-05-12,L,84,26,71,0.366,9,29,0.31,23,33,0.697,9,22,31,20,11,4,11,22,-4.0,2026,True,MIN,1611661324
1611661317,Phoenix Mercury,1022600024,2026-05-15,W,91,24,62,0.387,6,21,0.286,37,41,0.902,10,30,40,12,5,7,15,22,8.0,2026,True,CHI,1611661329
1611661317,Phoenix Mercury,1022600031,2026-05-19,L,90,32,70,0.457,4,22,0.182,22,28,0.786,8,24,32,20,6,1,9,17,-8.0,2026,True,TOR,1611661332
1611661317,Phoenix Mercury,1022600037,2026-05-21,L,88,29,69,0.42,8,25,0.32,22,29,0.759,11,22,33,17,9,2,13,24,-9.0,2026,True,LAS,1611661320
1611661317,Phoenix Mercury,1022600044,2026-05-24,L,80,29,66,0.439,4,21,0.19,18,19,0.947,9,27,36,14,8,6,15,19,-2.0,2026,False,ATL,1611661330
1611661317,Phoenix Mercury,1022600049,2026-05-27,L,74,25,59,0.424,10,30,0.333,14,22,0.636,7,25,32,19,7,5,16,21,-10.0,2026,False,NYL,1611661313
1611661317,Phoenix Mercury,1022600056,2026-05-29,L,68,21,62,0.339,6,24,0.25,20,22,0.909,3,20,23,14,11,3,9,20,-7.0,2026,False,NYL,1611661313
1611661317,Phoenix Mercury,1022600065,2026-06-01,L,77,22,64,0.344,10,27,0.37,23,27,0.852,11,13,24,18,6,0,14,12,-34.0,2026,True,MIN,1611661324
1611661317,Phoenix Mercury,1022600071,2026-06-03,W,72,24,64,0.375,3,22,0.136,21,27,0.778,10,34,44,17,11,6,13,15,4.0,2026,False,SEA,1611661328
1611661317,Phoenix Mercury,1022600076,2026-06-05,W,78,26,62,0.419,7,21,0.333,19,22,0.864,7,17,24,21,10,5,12,19,6.0,2026,False,PDX,1611661327
1611661317,Phoenix Mercury,1022600088,2026-06-09,L,81,30,65,0.462,9,25,0.36,12,18,0.667,9,24,33,23,7,2,12,20,-6.0,2026,False,GSV,1611661331
1611661317,Phoenix Mercury,1022600093,2026-06-11,L,70,25,64,0.391,6,18,0.333,14,18,0.778,7,23,30,21,10,1,16,15,-15.0,2026,False,DAL,1611661321
1611661317,Phoenix Mercury,1022600100,2026-06-13,L,102,40,80,0.5,13,35,0.371,9,15,0.6,9,29,38,26,6,5,15,23,-9.0,2026,True,LAS,1611661320
1611661317,Phoenix Mercury,1022600111,2026-06-17,L,76,27,57,0.474,9,21,0.429,13,14,0.929,5,25,30,18,5,2,20,19,-10.0,2026,True,LVA,1611661319
1611661317,Phoenix Mercury,1022600118,2026-06-20,W,93,31,63,0.492,10,29,0.345,21,26,0.808,7,32,39,26,4,8,14,13,20.0,2026,True,SEA,1611661328
1611661317,Phoenix Mercury,1022600125,2026-06-22,L,77,28,68,0.412,5,25,0.2,16,21,0.762,8,21,29,19,5,2,12,25,-9.0,2026,False,IND,1611661325
1611661317,Phoenix Mercury,1022600128,2026-06-24,W,111,39,66,0.591,7,20,0.35,26,33,0.788,6,20,26,21,8,3,10,19,2.0,2026,False,IND,1611661325
1611661317,Phoenix Mercury,1022600138,2026-06-27,W,89,29,67,0.433,10,27,0.37,21,29,0.724,7,25,32,16,10,2,8,16,9.0,2026,False,TOR,1611661332
1611661317,Phoenix Mercury,1022600147,2026-07-02,W,90,33,73,0.452,11,26,0.423,13,19,0.684,13,27,40,23,9,4,10,13,23.0,2026,True,SEA,1611661328
1611661317,Phoenix Mercury,1022600158,2026-07-07,L,66,20,54,0.37,7,24,0.292,19,24,0.792,6,25,31,9,11,3,20,19,-11.0,2026,True,CHI,1611661329
1611661317,Phoenix Mercury,1022600163,2026-07-09,L,89,35,71,0.493,11,27,0.407,8,10,0.8,4,23,27,23,4,1,11,14,-3.0,2026,True,IND,1611661325
1611661317,Phoenix Mercury,1022600169,2026-07-11,L,58,23,66,0.348,7,31,0.226,5,8,0.625,3,26,29,14,3,0,17,16,-48.0,2026,False,LVA,1611661319
1611661317,Phoenix Mercury,1022600176,2026-07-13,L,100,35,63,0.556,11,25,0.44,19,21,0.905,4,22,26,28,5,0,14,18,-4.0,2026,False,MIN,1611661324
1611661317,Phoenix Mercury,1022600187,2026-07-17,L,83,30,65,0.462,4,15,0.267,19,23,0.826,4,23,27,18,5,2,13,18,-13.0,2026,True,CON,1611661323
1611661317,Phoenix Mercury,1022600193,2026-07-19,W,72,26,63,0.413,2,15,0.133,18,23,0.783,8,24,32,19,11,3,14,17,9.0,2026,True,CON,1611661323
1611661317,Phoenix Mercury,1022600197,2026-07-22,W,86,35,74,0.473,7,27,0.259,9,13,0.692,7,26,33,28,10,5,12,23,4.0,2026,False,LAS,1611661320
1611661317,Phoenix Mercury,1022600209,2026-07-29,W,91,27,55,0.491,5,16,0.313,32,43,0.744,6,28,34,19,3,7,10,23,2.0,2026,True,GSV,1611661331
1611661317,Phoenix Mercury,1022600217,2026-08-01,L,92,32,63,0.508,6,19,0.316,22,28,0.786,3,20,23,21,7,2,10,20,-2.0,2026,True,NYL,1611661313
1611661317,Phoenix Mercury,1022600224,2026-08-03,W,106,32,63,0.508,11,26,0.423,31,40,0.775,6,30,36,26,5,5,12,21,5.0,2026,False,CHI,1611661329
1611661317,Phoenix Mercury,1022600226,2026-08-05,L,82,26,64,0.406,7,24,0.292,23,26,0.885,4,24,28,22,4,2,9,13,-14.0,2026,False,ATL,1611661330
1611661317,Phoenix Mercury,1022600233,2026-08-07,L,72,27,68,0.397,5,28,0.179,13,23,0.565,6,23,29,19,10,1,10,21,-3.0,2026,False,CON,1611661323
1611661317,Phoenix Mercury,1022600240,2026-08-09,L,75,29,69,0.42,11,29,0.379,6,8,0.75,6,27,33,22,5,3,16,15,-20.0,2026,False,WAS,1611661322
1611661317,Phoenix Mercury,1022600247,2026-08-11,W,94,31,60,0.517,9,25,0.36,23,30,0.767,7,29,36,22,12,5,23,23,7.0,2026,False,LAS,1611661320
1611661317,Phoenix Mercury,1022600260,2026-08-16,L,85,28,67,0.418,9,27,0.333,20,25,0.8,7,29,36,18,5,1,12,20,-3.0,2026,True,PDX,1611661327
1611661317,Phoenix Mercury,1022600277,2026-08-22,L,89,29,62,0.468,11,23,0.478,20,25,0.8,7,28,35,22,5,3,16,18,-10.0,2026,True,ATL,1611661330
1611661317,Phoenix Mercury,1022600286,2026-08-25,L,84,33,70,0.471,3,17,0.176,15,17,0.882,6,20,26,22,9,5,9,21,-10.0,2026,True,WAS,1611661322
1611661317,Phoenix Mercury,1022600290,2026-08-27,L,73,27,66,0.409,5,17,0.294,14,18,0.778,5,24,29,18,10,5,15,21,-7.0,2026,True,WAS,1611661322
1611661317,Phoenix Mercury,1022600296,2026-08-29,W,101,37,77,0.481,15,34,0.441,12,13,0.923,10,25,35,27,12,3,7,19,32.0,2026,True,TOR,1611661332
1611661317,Phoenix Mercury,1022600304,2026-09-17,W,94,28,57,0.491,12,25,0.48,26,30,0.867,7,22,29,23,10,5,17,25,3.0,2026,False,PDX,1611661327
1611661317,Phoenix Mercury,1022600309,2026-09-19,L,82,30,69,0.435,7,26,0.269,15,21,0.714,6,29,35,21,5,6,13,24,-5.0,2026,False,DAL,1611661321
1611661317,Phoenix Mercury,1022600318,2026-09-21,W,87,28,67,0.418,5,21,0.238,26,30,0.867,6,26,32,22,4,5,5,17,1.0,2026,True,DAL,1611661321
1611661317,Phoenix Mercury,1022600330,2026-09-24,L,82,31,70,0.443,8,26,0.308,12,15,0.8,10,23,33,21,12,4,18,13,-18.0,2026,True,LVA,1611661319
1611661319,San Antonio Stars,1021500005,2015-06-05,L,71,26,63,0.413,5,17,0.294,14,21,0.667,10,23,33,11,3,4,15,15,-5.0,2015,False,PHO,1611661317
1611661319,San Antonio Stars,1021500015,2015-06-11,L,69,23,62,0.371,7,24,0.292,16,18,0.889,8,21,29,19,6,7,17,18,-3.0,2015,False,ATL,1611661330
1611661319,San Antonio Stars,1021500022,2015-06-14,L,62,22,60,0.367,2,11,0.182,16,24,0.667,5,21,26,13,5,9,10,20,-11.0,2015,True,TUL,1611661321
1611661319,San Antonio Stars,1021500026,2015-06-16,L,61,22,69,0.319,3,14,0.214,14,16,0.875,8,17,25,11,7,7,11,16,-27.0,2015,False,TUL,1611661321
1611661319,San Antonio Stars,1021500032,2015-06-19,L,59,22,62,0.355,3,15,0.2,12,14,0.857,6,20,26,13,8,1,15,12,-15.0,2015,True,MIN,1611661324
1611661319,San Antonio Stars,1021500035,2015-06-20,L,87,32,80,0.4,6,17,0.353,17,18,0.944,13,29,42,17,9,3,14,15,-8.0,2015,True,CHI,1611661329
1611661319,San Antonio Stars,1021500042,2015-06-25,W,76,27,63,0.429,4,13,0.308,18,21,0.857,12,36,48,18,6,4,19,20,5.0,2015,True,PHO,1611661317
1611661319,San Antonio Stars,1021500049,2015-06-27,W,73,30,67,0.448,4,19,0.211,9,15,0.6,12,25,37,19,8,5,15,10,2.0,2015,True,SEA,1611661328
1611661319,San Antonio Stars,1021500055,2015-06-30,L,78,28,65,0.431,6,15,0.4,16,17,0.941,6,18,24,17,9,0,10,13,-7.0,2015,False,PHO,1611661317
1611661319,San Antonio Stars,1021500060,2015-07-02,L,81,33,60,0.55,2,10,0.2,13,18,0.722,6,23,29,23,2,2,14,19,-5.0,2015,False,LAS,1611661320
1611661319,San Antonio Stars,1021500067,2015-07-08,W,70,29,61,0.475,1,4,0.25,11,16,0.688,4,31,35,21,7,5,11,16,7.0,2015,True,LAS,1611661320
1611661319,San Antonio Stars,1021500069,2015-07-10,L,76,28,66,0.424,1,9,0.111,19,26,0.731,10,26,36,11,7,4,13,17,-7.0,2015,False,IND,1611661325
1611661319,San Antonio Stars,1021500076,2015-07-12,L,49,20,69,0.29,1,10,0.1,8,8,1.0,10,33,43,12,6,3,13,8,-17.0,2015,False,MIN,1611661324
1611661319,San Antonio Stars,1021500079,2015-07-15,L,68,23,62,0.371,2,9,0.222,20,23,0.87,7,24,31,9,8,6,11,17,-16.0,2015,False,NYL,1611661313
1611661319,San Antonio Stars,1021500087,2015-07-17,W,65,21,55,0.382,1,4,0.25,22,31,0.71,11,33,44,12,5,9,15,22,7.0,2015,True,TUL,1611661321
1611661319,San Antonio Stars,1021500092,2015-07-19,L,82,32,67,0.478,6,13,0.462,12,15,0.8,5,16,21,17,4,3,9,10,-11.0,2015,False,CHI,1611661329
1611661319,San Antonio Stars,1021500095,2015-07-21,W,80,27,45,0.6,5,10,0.5,21,25,0.84,5,29,34,18,6,2,20,19,18.0,2015,True,IND,1611661325
1611661319,San Antonio Stars,1021500105,2015-07-29,W,102,35,65,0.538,8,14,0.571,24,32,0.75,7,25,32,27,6,3,17,22,17.0,2015,True,ATL,1611661330
1611661319,San Antonio Stars,1021500109,2015-07-31,L,53,22,63,0.349,3,8,0.375,6,10,0.6,4,21,25,15,8,3,12,14,-35.0,2015,True,WAS,1611661322
1611661319,San Antonio Stars,1021500114,2015-08-02,L,78,28,64,0.438,6,10,0.6,16,20,0.8,5,19,24,14,6,0,7,9,-2.0,2015,True,LAS,1611661320
1611661319,San Antonio Stars,1021500117,2015-08-04,L,51,23,55,0.418,2,10,0.2,3,7,0.429,1,24,25,11,10,4,21,12,-31.0,2015,False,CON,1611661323
1611661319,San Antonio Stars,1021500121,2015-08-05,L,63,26,67,0.388,6,13,0.462,5,6,0.833,4,26,30,14,7,2,9,15,-3.0,2015,False,WAS,1611661322
1611661319,San Antonio Stars,1021500127,2015-08-08,W,88,32,63,0.508,8,18,0.444,16,20,0.8,4,27,31,23,7,1,16,12,7.0,2015,True,SEA,1611661328
1611661319,San Antonio Stars,1021500134,2015-08-11,L,76,30,76,0.395,4,15,0.267,12,14,0.857,10,25,35,20,9,2,12,17,-7.0,2015,False,MIN,1611661324
1611661319,San Antonio Stars,1021500146,2015-08-16,L,63,22,59,0.373,4,13,0.308,15,18,0.833,7,22,29,12,9,3,15,19,-9.0,2015,False,SEA,1611661328
1611661319,San Antonio Stars,1021500150,2015-08-19,L,45,17,63,0.27,3,14,0.214,8,15,0.533,11,22,33,11,7,6,19,11,-28.0,2015,True,NYL,1611661313
1611661319,San Antonio Stars,1021500153,2015-08-21,L,61,24,71,0.338,2,10,0.2,11,12,0.917,8,21,29,16,12,2,10,10,-17.0,2015,True,MIN,1611661324
1611661319,San Antonio Stars,1021500158,2015-08-23,L,59,19,71,0.268,2,11,0.182,19,26,0.731,13,23,36,12,8,6,10,19,-31.0,2015,True,LAS,1611661320
1611661319,San Antonio Stars,1021500169,2015-08-28,L,69,25,65,0.385,3,10,0.3,16,20,0.8,8,19,27,14,10,2,11,19,-14.0,2015,False,SEA,1611661328
1611661319,San Antonio Stars,1021500173,2015-08-30,L,52,22,75,0.293,2,11,0.182,6,7,0.857,13,32,45,13,4,1,11,15,-8.0,2015,False,LAS,1611661320
1611661319,San Antonio Stars,1021500184,2015-09-04,L,72,28,68,0.412,7,13,0.538,9,11,0.818,7,23,30,17,8,5,7,8,-1.0,2015,True,CON,1611661323
1611661319,San Antonio Stars,1021500185,2015-09-05,L,52,18,59,0.305,1,12,0.083,15,24,0.625,9,23,32,10,7,3,14,19,-30.0,2015,True,PHO,1611661317
1611661319,San Antonio Stars,1021500192,2015-09-08,L,64,24,72,0.333,2,14,0.143,14,16,0.875,13,25,38,9,9,5,12,20,-10.0,2015,False,TUL,1611661321
1611661319,San Antonio Stars,1021500204,2015-09-13,W,59,21,74,0.284,6,24,0.25,11,13,0.846,12,32,44,17,13,8,12,11,1.0,2015,False,SEA,1611661328
1611661319,San Antonio Stars,1021600005,2016-05-14,L,63,26,74,0.351,3,12,0.25,8,10,0.8,8,28,36,20,8,7,13,18,-10.0,2016,True,ATL,1611661330
1611661319,San Antonio Stars,1021600011,2016-05-19,L,68,23,58,0.397,6,18,0.333,16,21,0.762,7,25,32,18,6,5,15,17,-4.0,2016,True,CON,1611661323
1611661319,San Antonio Stars,1021600017,2016-05-21,L,77,29,72,0.403,5,18,0.278,14,19,0.737,11,23,34,18,7,9,11,26,-5.0,2016,False,DAL,1611661321
1611661319,San Antonio Stars,1021600026,2016-05-27,W,79,24,62,0.387,7,21,0.333,24,27,0.889,6,21,27,16,11,3,11,18,1.0,2016,True,CHI,1611661329
1611661319,San Antonio Stars,1021600036,2016-06-02,L,61,24,67,0.358,2,15,0.133,11,14,0.786,16,22,38,15,11,3,13,16,-7.0,2016,False,LAS,1611661320
1611661319,San Antonio Stars,1021600042,2016-06-04,L,61,24,65,0.369,3,16,0.188,10,14,0.714,13,21,34,14,6,5,8,13,-13.0,2016,True,LAS,1611661320
1611661319,San Antonio Stars,1021600049,2016-06-09,L,75,27,63,0.429,5,13,0.385,16,19,0.842,10,20,30,15,8,7,15,20,-15.0,2016,False,PHO,1611661317
1611661319,San Antonio Stars,1021600054,2016-06-11,L,75,24,68,0.353,7,23,0.304,20,32,0.625,12,21,33,18,4,8,10,27,-15.0,2016,True,NYL,1611661313
1611661319,San Antonio Stars,1021600062,2016-06-14,W,77,29,64,0.453,2,12,0.167,17,22,0.773,11,34,45,13,7,1,13,20,7.0,2016,True,SEA,1611661328
1611661319,San Antonio Stars,1021600067,2016-06-17,L,75,29,63,0.46,3,11,0.273,14,17,0.824,9,14,23,22,10,5,16,18,-9.0,2016,True,IND,1611661325
1611661319,San Antonio Stars,1021600071,2016-06-19,L,90,32,62,0.516,10,17,0.588,16,20,0.8,3,24,27,24,4,6,13,17,-3.0,2016,False,CON,1611661323
1611661319,San Antonio Stars,1021600075,2016-06-21,L,75,27,63,0.429,6,19,0.316,15,23,0.652,5,30,35,13,7,5,16,20,-6.0,2016,False,CHI,1611661329
1611661319,San Antonio Stars,1021600079,2016-06-23,L,90,31,72,0.431,4,13,0.308,24,26,0.923,5,27,32,18,6,3,13,24,-7.0,2016,False,DAL,1611661321
1611661319,San Antonio Stars,1021600084,2016-06-25,W,73,27,73,0.37,4,15,0.267,15,16,0.938,13,25,38,19,8,4,10,17,4.0,2016,True,ATL,1611661330
1611661319,San Antonio Stars,1021600091,2016-06-29,L,67,25,64,0.391,3,10,0.3,14,16,0.875,11,23,34,15,4,2,11,19,-17.0,2016,False,WAS,1611661322
1611661319,San Antonio Stars,1021600097,2016-07-01,W,87,35,71,0.493,2,10,0.2,15,22,0.682,5,22,27,11,16,4,18,22,2.0,2016,False,IND,1611661325
1611661319,San Antonio Stars,1021600100,2016-07-02,L,68,25,75,0.333,5,18,0.278,13,17,0.765,9,22,31,12,3,3,11,19,-23.0,2016,False,MIN,1611661324
1611661319,San Antonio Stars,1021600108,2016-07-06,W,77,27,71,0.38,7,17,0.412,16,17,0.941,12,27,39,16,4,5,5,18,7.0,2016,True,WAS,1611661322
1611661319,San Antonio Stars,1021600112,2016-07-08,L,68,27,60,0.45,7,19,0.368,7,9,0.778,8,21,29,18,4,2,14,18,-10.0,2016,True,SEA,1611661328
1611661319,San Antonio Stars,1021600117,2016-07-10,L,65,25,68,0.368,2,11,0.182,13,15,0.867,9,26,35,8,12,2,12,17,-10.0,2016,False,NYL,1611661313
1611661319,San Antonio Stars,1021600121,2016-07-12,L,57,22,59,0.373,2,12,0.167,11,16,0.688,7,19,26,9,5,0,15,19,-24.0,2016,True,MIN,1611661324
1611661319,San Antonio Stars,1021600131,2016-07-16,L,64,25,60,0.417,7,12,0.583,7,8,0.875,6,20,26,18,9,2,15,22,-19.0,2016,False,PHO,1611661317
1611661319,San Antonio Stars,1021600141,2016-07-20,L,69,28,69,0.406,4,15,0.267,9,15,0.6,5,27,32,14,6,2,10,20,-14.0,2016,False,SEA,1611661328
1611661319,San Antonio Stars,1021600148,2016-08-26,L,77,27,66,0.409,5,12,0.417,18,23,0.783,10,27,37,18,8,3,11,20,-7.0,2016,True,NYL,1611661313
1611661319,San Antonio Stars,1021600156,2016-08-28,W,85,30,62,0.484,2,13,0.154,23,25,0.92,7,33,40,19,4,1,15,31,11.0,2016,False,WAS,1611661322
1611661319,San Antonio Stars,1021600158,2016-08-30,L,62,23,59,0.39,5,13,0.385,11,15,0.733,7,19,26,13,8,4,20,21,-27.0,2016,False,CON,1611661323
1611661319,San Antonio Stars,1021600162,2016-09-01,L,61,24,63,0.381,4,16,0.25,9,10,0.9,8,22,30,15,6,6,12,22,-9.0,2016,True,LAS,1611661320
1611661319,San Antonio Stars,1021600169,2016-09-04,L,73,26,65,0.4,2,15,0.133,19,22,0.864,8,17,25,14,7,3,8,20,-24.0,2016,False,CHI,1611661329
1611661319,San Antonio Stars,1021600174,2016-09-06,L,69,24,59,0.407,2,13,0.154,19,19,1.0,4,22,26,16,5,5,12,21,-2.0,2016,True,IND,1611661325
1611661319,San Antonio Stars,1021600182,2016-09-09,L,84,28,68,0.412,5,14,0.357,23,28,0.821,13,22,35,20,5,0,9,26,-8.0,2016,True,DAL,1611661321
1611661319,San Antonio Stars,1021600186,2016-09-11,L,76,29,72,0.403,5,13,0.385,13,19,0.684,8,29,37,22,7,4,10,23,-5.0,2016,True,MIN,1611661324
1611661319,San Antonio Stars,1021600191,2016-09-13,W,71,27,64,0.422,7,21,0.333,10,14,0.714,6,31,37,19,6,7,16,20,4.0,2016,False,ATL,1611661330
1611661319,San Antonio Stars,1021600199,2016-09-16,L,65,26,59,0.441,4,13,0.308,9,11,0.818,2,15,17,14,13,3,14,18,-6.0,2016,False,LAS,1611661320
1611661319,San Antonio Stars,1021600203,2016-09-18,L,65,24,69,0.348,5,18,0.278,12,14,0.857,11,19,30,17,5,0,7,18,-16.0,2016,True,PHO,1611661317
1611661319,San Antonio Stars,1021700001,2017-05-13,L,64,23,60,0.383,1,5,0.2,17,29,0.586,13,20,33,8,3,1,13,22,-9.0,2017,False,NYL,1611661313
1611661319,San Antonio Stars,1021700004,2017-05-14,L,74,24,60,0.4,8,19,0.421,18,18,1.0,7,16,23,16,7,3,15,27,-15.0,2017,False,WAS,1611661322
1611661319,San Antonio Stars,1021700010,2017-05-19,L,72,26,71,0.366,2,11,0.182,18,26,0.692,10,31,41,18,4,5,16,29,-6.0,2017,True,PHO,1611661317
1611661319,San Antonio Stars,1021700021,2017-05-25,L,82,29,68,0.426,3,15,0.2,21,23,0.913,14,23,37,18,10,12,19,23,-12.0,2017,True,DAL,1611661321
1611661319,San Antonio Stars,1021700029,2017-05-28,L,66,26,55,0.473,4,9,0.444,10,13,0.769,5,24,29,22,5,3,22,16,-14.0,2017,False,MIN,1611661324
1611661319,San Antonio Stars,1021700033,2017-05-31,L,70,25,61,0.41,4,16,0.25,16,25,0.64,10,24,34,18,10,11,21,23,-7.0,2017,False,ATL,1611661330
1611661319,San Antonio Stars,1021700037,2017-06-03,L,77,29,72,0.403,8,17,0.471,11,12,0.917,8,29,37,19,8,3,13,21,-8.0,2017,True,CON,1611661323
1611661319,San Antonio Stars,1021700042,2017-06-06,L,76,32,73,0.438,3,14,0.214,9,11,0.818,10,22,32,16,6,1,9,25,-9.0,2017,True,SEA,1611661328
1611661319,San Antonio Stars,1021700050,2017-06-10,L,81,33,82,0.402,4,15,0.267,11,14,0.786,12,24,36,19,12,1,12,15,-4.0,2017,True,CHI,1611661329
1611661319,San Antonio Stars,1021700059,2017-06-15,L,75,30,67,0.448,5,18,0.278,10,11,0.909,7,24,31,16,6,2,13,20,-5.0,2017,False,LAS,1611661320
1611661319,San Antonio Stars,1021700066,2017-06-18,L,57,19,66,0.288,5,20,0.25,14,18,0.778,14,27,41,10,12,2,18,20,-18.0,2017,False,SEA,1611661328
1611661319,San Antonio Stars,1021700067,2017-06-21,L,78,31,63,0.492,6,17,0.353,10,15,0.667,5,22,27,17,8,3,12,25,-3.0,2017,False,DAL,1611661321
1611661319,San Antonio Stars,1021700071,2017-06-23,L,69,30,65,0.462,5,11,0.455,4,5,0.8,10,24,34,24,4,5,19,15,-12.0,2017,True,DAL,1611661321
1611661319,San Antonio Stars,1021700076,2017-06-25,L,78,29,72,0.403,3,16,0.188,17,22,0.773,11,17,28,16,9,4,8,24,-9.0,2017,False,MIN,1611661324
1611661319,San Antonio Stars,1021700083,2017-06-30,W,89,39,73,0.534,6,10,0.6,5,6,0.833,11,20,31,28,9,1,13,10,7.0,2017,True,CHI,1611661329
1611661319,San Antonio Stars,1021700090,2017-07-05,L,56,21,62,0.339,4,14,0.286,10,17,0.588,8,23,31,11,6,2,18,13,-33.0,2017,True,CON,1611661323
1611661319,San Antonio Stars,1021700095,2017-07-07,L,77,28,70,0.4,3,11,0.273,18,21,0.857,12,16,28,18,7,1,15,22,-15.0,2017,True,PHO,1611661317
1611661319,San Antonio Stars,1021700101,2017-07-12,W,79,29,61,0.475,5,15,0.333,16,20,0.8,8,26,34,18,6,2,13,17,7.0,2017,False,IND,1611661325
1611661319,San Antonio Stars,1021700110,2017-07-16,L,75,33,71,0.465,3,13,0.231,6,11,0.545,9,21,30,10,7,2,14,15,-14.0,2017,False,CON,1611661323
1611661319,San Antonio Stars,1021700115,2017-07-18,L,75,29,69,0.42,4,16,0.25,13,17,0.765,10,27,37,18,8,5,16,31,-13.0,2017,False,ATL,1611661330
1611661319,San Antonio Stars,1021700122,2017-07-20,W,85,33,55,0.6,4,6,0.667,15,17,0.882,6,30,36,25,9,2,15,18,24.0,2017,True,IND,1611661325
1611661319,San Antonio Stars,1021700123,2017-07-25,L,76,27,65,0.415,7,14,0.5,15,26,0.577,12,22,34,14,6,0,10,20,-9.0,2017,True,WAS,1611661322
1611661319,San Antonio Stars,1021700132,2017-07-28,L,73,26,58,0.448,3,10,0.3,18,20,0.9,5,25,30,17,4,0,12,12,-12.0,2017,True,LAS,1611661320
1611661319,San Antonio Stars,1021700138,2017-07-30,L,64,22,65,0.338,4,15,0.267,16,22,0.727,12,31,43,6,4,3,18,24,-17.0,2017,False,PHO,1611661317
1611661319,San Antonio Stars,1021700141,2017-08-01,W,93,33,70,0.471,9,20,0.45,18,19,0.947,12,20,32,23,8,5,13,9,12.0,2017,True,NYL,1611661313
1611661319,San Antonio Stars,1021700146,2017-08-04,W,76,29,65,0.446,6,15,0.4,12,16,0.75,8,28,36,24,6,5,10,19,2.0,2017,True,WAS,1611661322
1611661319,San Antonio Stars,1021700149,2017-08-05,W,87,29,73,0.397,10,24,0.417,19,26,0.731,18,24,42,19,10,2,22,19,7.0,2017,True,SEA,1611661328
1611661319,San Antonio Stars,1021700156,2017-08-10,L,74,29,63,0.46,7,12,0.583,9,15,0.6,6,23,29,18,5,2,17,20,-20.0,2017,False,CHI,1611661329
1611661319,San Antonio Stars,1021700162,2017-08-12,W,84,33,63,0.524,4,10,0.4,14,18,0.778,7,25,32,27,7,6,11,13,16.0,2017,True,ATL,1611661330
1611661319,San Antonio Stars,1021700172,2017-08-18,L,78,31,63,0.492,8,21,0.381,8,10,0.8,7,30,37,14,6,4,16,16,-1.0,2017,False,SEA,1611661328
1611661319,San Antonio Stars,1021700179,2017-08-22,L,55,21,60,0.35,3,17,0.176,10,12,0.833,4,24,28,17,5,0,18,21,-20.0,2017,False,LAS,1611661320
1611661319,San Antonio Stars,1021700186,2017-08-25,L,70,28,71,0.394,3,19,0.158,11,13,0.846,11,22,33,17,5,2,13,17,-19.0,2017,True,MIN,1611661324
1611661319,San Antonio Stars,1021700195,2017-09-01,L,69,25,61,0.41,5,14,0.357,14,20,0.7,6,26,32,17,2,1,12,16,-12.0,2017,False,NYL,1611661313
1611661319,San Antonio Stars,1021700199,2017-09-02,W,75,25,57,0.439,3,7,0.429,22,24,0.917,6,28,34,16,5,2,13,13,4.0,2017,False,IND,1611661325
1611661319,Las Vegas Aces,1021800003,2018-05-20,L,65,18,68,0.265,1,7,0.143,28,34,0.824,12,29,41,8,6,3,19,21,-36.0,2018,False,CON,1611661323
1611661319,Las Vegas Aces,1021800010,2018-05-22,L,70,28,72,0.389,1,9,0.111,13,22,0.591,8,28,36,16,12,5,14,14,-5.0,2018,False,WAS,1611661322
1611661319,Las Vegas Aces,1021800022,2018-05-27,L,98,36,71,0.507,5,10,0.5,21,30,0.7,10,24,34,20,6,0,16,18,-7.0,2018,True,SEA,1611661328
1611661319,Las Vegas Aces,1021800027,2018-05-31,L,74,28,63,0.444,1,9,0.111,17,23,0.739,7,20,27,14,6,4,13,15,-27.0,2018,False,SEA,1611661328
1611661319,Las Vegas Aces,1021800030,2018-06-01,W,85,25,60,0.417,2,14,0.143,33,40,0.825,12,26,38,18,5,7,13,24,12.0,2018,True,WAS,1611661322
1611661319,Las Vegas Aces,1021800036,2018-06-03,L,90,37,72,0.514,6,9,0.667,10,16,0.625,2,27,29,33,4,7,15,27,-5.0,2018,False,CHI,1611661329
1611661319,Las Vegas Aces,1021800044,2018-06-08,L,83,29,70,0.414,5,13,0.385,20,29,0.69,8,29,37,18,8,2,12,17,-4.0,2018,True,ATL,1611661330
1611661319,Las Vegas Aces,1021800048,2018-06-10,L,66,24,74,0.324,3,13,0.231,15,18,0.833,9,31,40,16,5,2,10,18,-6.0,2018,False,PHO,1611661317
1611661319,Las Vegas Aces,1021800050,2018-06-12,W,101,40,77,0.519,3,9,0.333,18,26,0.692,10,29,39,30,5,5,13,16,9.0,2018,False,IND,1611661325
1611661319,Las Vegas Aces,1021800055,2018-06-13,W,78,30,65,0.462,3,12,0.25,15,20,0.75,5,22,27,20,7,4,11,13,15.0,2018,False,NYL,1611661313
1611661319,Las Vegas Aces,1021800058,2018-06-15,L,67,25,60,0.417,4,6,0.667,13,18,0.722,1,26,27,15,5,7,10,18,-10.0,2018,False,DAL,1611661321
1611661319,Las Vegas Aces,1021800064,2018-06-17,L,80,28,78,0.359,2,10,0.2,22,31,0.71,19,30,49,18,4,2,12,19,-12.0,2018,True,PHO,1611661317
1611661319,Las Vegas Aces,1021800068,2018-06-19,W,89,34,76,0.447,4,7,0.571,17,23,0.739,14,33,47,18,5,4,9,18,12.0,2018,False,SEA,1611661328
1611661319,Las Vegas Aces,1021800073,2018-06-22,W,88,27,64,0.422,6,10,0.6,28,31,0.903,12,31,43,16,8,4,17,15,10.0,2018,True,NYL,1611661313
1611661319,Las Vegas Aces,1021800079,2018-06-24,L,73,29,70,0.414,4,13,0.308,11,12,0.917,6,23,29,21,7,4,13,12,-15.0,2018,True,MIN,1611661324
1611661319,Las Vegas Aces,1021800087,2018-06-27,L,91,31,71,0.437,4,8,0.5,25,27,0.926,11,25,36,24,5,4,13,21,-6.0,2018,True,DAL,1611661321
1611661319,Las Vegas Aces,1021800093,2018-06-29,W,94,33,64,0.516,5,8,0.625,23,31,0.742,8,32,40,23,8,3,12,17,16.0,2018,True,LAS,1611661320
1611661319,Las Vegas Aces,1021800096,2018-07-01,L,71,28,56,0.5,3,6,0.5,12,17,0.706,4,22,26,24,7,1,21,15,-16.0,2018,False,LAS,1611661320
1611661319,Las Vegas Aces,1021800107,2018-07-05,W,84,33,78,0.423,3,7,0.429,15,20,0.75,12,28,40,22,10,8,9,11,4.0,2018,True,CHI,1611661329
1611661319,Las Vegas Aces,1021800112,2018-07-07,W,94,37,75,0.493,4,13,0.308,16,19,0.842,9,29,38,26,5,7,11,12,4.0,2018,True,CON,1611661323
1611661319,Las Vegas Aces,1021800118,2018-07-10,W,98,35,73,0.479,6,12,0.5,22,26,0.846,10,30,40,26,7,3,14,17,24.0,2018,False,CHI,1611661329
1611661319,Las Vegas Aces,1021800126,2018-07-13,W,85,31,63,0.492,5,16,0.313,18,23,0.783,6,36,42,26,5,5,12,21,8.0,2018,False,MIN,1611661324
1611661319,Las Vegas Aces,1021800131,2018-07-15,L,78,31,75,0.413,2,12,0.167,14,20,0.7,14,29,43,15,6,2,13,17,-21.0,2018,True,LAS,1611661320
1611661319,Las Vegas Aces,1021800139,2018-07-19,W,85,30,78,0.385,3,10,0.3,22,24,0.917,8,31,39,12,12,4,9,23,3.0,2018,False,PHO,1611661317
1611661319,Las Vegas Aces,1021800147,2018-07-22,W,88,33,73,0.452,4,11,0.364,18,24,0.75,13,34,47,20,5,5,11,16,14.0,2018,True,IND,1611661325
1611661319,Las Vegas Aces,1021800158,2018-08-01,L,93,33,84,0.393,2,11,0.182,25,31,0.806,16,25,41,21,6,2,8,25,-11.0,2018,True,PHO,1611661317
1611661319,Las Vegas Aces,1021800165,2018-08-05,L,88,35,69,0.507,7,12,0.583,11,14,0.786,2,24,26,19,7,1,14,15,-21.0,2018,False,CON,1611661323
1611661319,Las Vegas Aces,1021800170,2018-08-07,L,100,36,74,0.486,6,14,0.429,22,30,0.733,9,25,34,24,5,1,11,17,-9.0,2018,False,ATL,1611661330
1611661319,Las Vegas Aces,1021800178,2018-08-09,L,73,24,64,0.375,5,14,0.357,20,22,0.909,7,23,30,15,6,5,11,17,-16.0,2018,True,MIN,1611661324
1611661319,Las Vegas Aces,1021800182,2018-08-11,W,92,36,78,0.462,4,12,0.333,16,21,0.762,15,33,48,19,8,5,10,18,18.0,2018,True,IND,1611661325
1611661319,Las Vegas Aces,1021800192,2018-08-15,W,85,35,67,0.522,3,16,0.188,12,17,0.706,8,28,36,18,6,1,9,15,13.0,2018,True,NYL,1611661313
1611661319,Las Vegas Aces,1021800195,2018-08-17,L,102,41,71,0.577,8,16,0.5,12,16,0.75,6,19,25,30,2,8,12,22,-5.0,2018,False,DAL,1611661321
1611661319,Las Vegas Aces,1021800200,2018-08-19,L,78,32,81,0.395,1,12,0.083,13,19,0.684,17,25,42,23,5,3,12,20,-15.0,2018,True,ATL,1611661330
1611661319,Las Vegas Aces,1021900006,2019-05-26,W,83,31,74,0.419,4,14,0.286,17,22,0.773,11,34,45,16,10,6,16,19,13.0,2019,True,LAS,1611661320
1611661319,Las Vegas Aces,1021900010,2019-05-31,L,84,30,76,0.395,8,16,0.5,16,20,0.8,13,25,38,19,8,3,11,20,-2.0,2019,False,PHO,1611661317
1611661319,Las Vegas Aces,1021900016,2019-06-02,L,74,28,64,0.438,3,9,0.333,15,20,0.75,6,33,39,23,6,5,21,20,-6.0,2019,True,CON,1611661323
1611661319,Las Vegas Aces,1021900020,2019-06-06,W,92,39,76,0.513,7,19,0.368,7,11,0.636,12,35,47,27,9,3,20,22,23.0,2019,False,ATL,1611661330
1611661319,Las Vegas Aces,1021900027,2019-06-09,L,78,28,79,0.354,4,13,0.308,18,24,0.75,15,27,42,14,5,3,12,20,-10.0,2019,False,NYL,1611661313
1611661319,Las Vegas Aces,1021900039,2019-06-14,W,100,33,61,0.541,5,14,0.357,29,36,0.806,8,38,46,23,12,6,19,20,35.0,2019,True,NYL,1611661313
1611661319,Las Vegas Aces,1021900044,2019-06-16,W,80,24,59,0.407,8,18,0.444,24,27,0.889,6,32,38,15,6,6,16,13,5.0,2019,False,MIN,1611661324
1611661319,Las Vegas Aces,1021900049,2019-06-20,L,72,27,69,0.391,6,16,0.375,12,17,0.706,10,24,34,19,7,5,15,16,-23.0,2019,True,WAS,1611661322
1611661319,Las Vegas Aces,1021900054,2019-06-22,W,86,35,66,0.53,7,17,0.412,9,10,0.9,4,32,36,31,8,7,13,14,18.0,2019,True,DAL,1611661321
1611661319,Las Vegas Aces,1021900060,2019-06-25,W,60,22,70,0.314,3,17,0.176,13,18,0.722,5,36,41,17,10,8,17,12,4.0,2019,True,SEA,1611661328
1611661319,Las Vegas Aces,1021900063,2019-06-27,L,74,30,72,0.417,5,17,0.294,9,12,0.75,10,32,42,19,11,6,19,11,-12.0,2019,False,LAS,1611661320
1611661319,Las Vegas Aces,1021900068,2019-06-29,W,102,37,77,0.481,2,12,0.167,26,32,0.813,12,38,50,31,3,2,10,12,5.0,2019,True,IND,1611661325
1611661319,Las Vegas Aces,1021900073,2019-07-02,W,90,36,67,0.537,5,7,0.714,13,19,0.684,1,26,27,27,8,4,14,13,8.0,2019,True,CHI,1611661329
1611661319,Las Vegas Aces,1021900081,2019-07-07,W,90,33,74,0.446,7,16,0.438,17,23,0.739,10,28,38,24,12,8,10,11,32.0,2019,False,NYL,1611661313
1611661319,Las Vegas Aces,1021900088,2019-07-10,W,74,27,74,0.365,7,19,0.368,13,15,0.867,7,29,36,17,6,3,11,16,3.0,2019,False,IND,1611661325
1611661319,Las Vegas Aces,1021900095,2019-07-13,W,85,30,70,0.429,4,12,0.333,21,26,0.808,11,30,41,20,9,2,16,19,4.0,2019,False,WAS,1611661322
1611661319,Las Vegas Aces,1021900107,2019-07-19,L,66,26,62,0.419,5,11,0.455,9,14,0.643,5,29,34,16,7,9,21,16,-3.0,2019,False,SEA,1611661328
1611661319,Las Vegas Aces,1021900112,2019-07-21,W,79,28,62,0.452,6,18,0.333,17,22,0.773,6,27,33,22,7,2,18,15,5.0,2019,True,MIN,1611661324
1611661319,Las Vegas Aces,1021900114,2019-07-23,W,79,27,69,0.391,9,20,0.45,16,20,0.8,15,24,39,20,11,6,10,19,17.0,2019,True,SEA,1611661328
1611661319,Las Vegas Aces,1021900120,2019-07-30,W,86,30,64,0.469,8,13,0.615,18,23,0.783,5,36,41,27,13,4,10,14,32.0,2019,True,DAL,1611661321
1611661319,Las Vegas Aces,1021900124,2019-08-01,L,68,25,71,0.352,5,17,0.294,13,17,0.765,10,29,39,17,7,4,14,13,-8.0,2019,False,LAS,1611661320
1611661319,Las Vegas Aces,1021900128,2019-08-03,W,75,24,60,0.4,7,16,0.438,20,29,0.69,8,27,35,14,7,2,17,9,5.0,2019,False,DAL,1611661321
1611661319,Las Vegas Aces,1021900079,2019-08-05,L,70,28,72,0.389,6,13,0.462,8,9,0.889,9,17,26,22,3,1,11,17,-29.0,2019,True,WAS,1611661322
1611661319,Las Vegas Aces,1021900138,2019-08-09,L,84,31,84,0.369,4,17,0.235,18,22,0.818,19,22,41,18,7,1,15,24,-3.0,2019,True,CHI,1611661329
1611661319,Las Vegas Aces,1021900144,2019-08-11,W,89,33,72,0.458,8,21,0.381,15,17,0.882,11,29,40,24,3,3,16,15,8.0,2019,True,CON,1611661323
1611661319,Las Vegas Aces,1021900146,2019-08-13,W,94,30,66,0.455,9,15,0.6,25,32,0.781,12,30,42,24,9,4,12,16,4.0,2019,True,ATL,1611661330
1611661319,Las Vegas Aces,1021900157,2019-08-18,W,100,35,70,0.5,4,12,0.333,26,30,0.867,10,33,43,15,2,5,12,25,15.0,2019,False,CHI,1611661329
1611661319,Las Vegas Aces,1021900162,2019-08-20,W,84,31,84,0.369,6,14,0.429,16,22,0.727,10,40,50,24,4,6,12,19,5.0,2019,True,PHO,1611661317
1611661319,Las Vegas Aces,1021900166,2019-08-23,L,85,32,71,0.451,2,13,0.154,19,22,0.864,4,29,33,25,7,4,10,15,-4.0,2019,False,CON,1611661323
1611661319,Las Vegas Aces,1021900173,2019-08-25,L,77,29,69,0.42,5,15,0.333,14,17,0.824,8,19,27,20,5,1,15,17,-21.0,2019,False,MIN,1611661324
1611661319,Las Vegas Aces,1021900175,2019-08-27,L,71,24,71,0.338,5,14,0.357,18,26,0.692,10,27,37,20,3,4,8,17,-15.0,2019,False,IND,1611661325
1611661319,Las Vegas Aces,1021900185,2019-08-31,W,92,31,65,0.477,7,16,0.438,23,32,0.719,9,39,48,19,1,7,16,18,6.0,2019,True,LAS,1611661320
1611661319,Las Vegas Aces,1021900193,2019-09-05,L,74,29,75,0.387,1,15,0.067,15,23,0.652,10,25,35,21,9,11,9,19,-4.0,2019,False,ATL,1611661330
1611661319,Las Vegas Aces,1021900203,2019-09-08,W,98,37,74,0.5,5,13,0.385,19,22,0.864,10,26,36,21,5,3,13,28,9.0,2019,False,PHO,1611661317
1611661319,Las Vegas Aces,1022001005,2020-07-26,L,86,36,78,0.462,0,6,0.0,14,19,0.737,11,31,42,23,8,0,17,20,-2.0,2020,True,CHI,1611661329
1611661319,Las Vegas Aces,1022001012,2020-07-29,W,100,38,71,0.535,6,9,0.667,18,26,0.692,14,33,47,16,11,1,19,14,30.0,2020,True,ATL,1611661330
1611661319,Las Vegas Aces,1022001018,2020-07-31,L,95,32,70,0.457,7,14,0.5,24,28,0.857,5,25,30,22,8,1,10,17,-7.0,2020,False,PHO,1611661317
1611661319,Las Vegas Aces,1022001024,2020-08-02,W,79,27,62,0.435,3,14,0.214,22,27,0.815,7,33,40,17,3,1,18,14,9.0,2020,True,DAL,1611661321
1611661319,Las Vegas Aces,1022001029,2020-08-05,W,83,28,57,0.491,4,10,0.4,23,30,0.767,6,32,38,11,6,0,15,17,6.0,2020,False,WAS,1611661322
1611661319,Las Vegas Aces,1022001036,2020-08-07,W,86,34,68,0.5,4,7,0.571,14,16,0.875,7,35,42,20,6,3,18,19,4.0,2020,True,LAS,1611661320
1611661319,Las Vegas Aces,1022001040,2020-08-09,W,78,28,61,0.459,1,8,0.125,21,24,0.875,5,25,30,15,6,3,10,18,2.0,2020,False,NYL,1611661313
1611661319,Las Vegas Aces,1022001047,2020-08-11,W,98,39,75,0.52,4,8,0.5,16,22,0.727,8,29,37,20,7,4,9,9,19.0,2020,False,IND,1611661325
1611661319,Las Vegas Aces,1022001054,2020-08-13,W,87,34,70,0.486,2,13,0.154,17,21,0.81,12,22,34,17,11,6,11,14,10.0,2020,True,MIN,1611661324
1611661319,Las Vegas Aces,1022001060,2020-08-15,W,88,35,65,0.538,6,13,0.462,12,15,0.8,3,26,29,21,10,2,10,12,15.0,2020,True,WAS,1611661322
1611661319,Las Vegas Aces,1022001065,2020-08-18,L,82,28,74,0.378,5,18,0.278,21,24,0.875,6,26,32,22,10,6,7,11,-2.0,2020,False,CHI,1611661329
1611661319,Las Vegas Aces,1022001072,2020-08-20,W,99,36,64,0.563,4,11,0.364,23,27,0.852,7,30,37,25,10,0,15,16,21.0,2020,True,CON,1611661323
1611661319,Las Vegas Aces,1022001078,2020-08-22,W,82,30,68,0.441,2,11,0.182,20,25,0.8,8,36,44,21,7,3,16,12,8.0,2020,True,SEA,1611661328
1611661319,Las Vegas Aces,1022001083,2020-08-25,W,96,31,64,0.484,2,6,0.333,32,37,0.865,11,28,39,22,6,2,8,20,4.0,2020,False,DAL,1611661321
1611661319,Las Vegas Aces,1022001096,2020-08-29,W,80,30,79,0.38,6,20,0.3,14,16,0.875,12,31,43,19,9,8,8,14,17.0,2020,True,NYL,1611661313
1611661319,Las Vegas Aces,1022001102,2020-09-01,L,85,32,75,0.427,3,10,0.3,18,21,0.857,13,31,44,21,6,2,12,14,-7.0,2020,True,PHO,1611661317
1611661319,Las Vegas Aces,1022001107,2020-09-03,W,93,38,73,0.521,5,12,0.417,12,12,1.0,6,17,23,25,11,5,10,18,15.0,2020,False,CON,1611661323
1611661319,Las Vegas Aces,1022001113,2020-09-05,W,89,33,63,0.524,4,12,0.333,19,23,0.826,5,33,38,19,8,3,16,17,10.0,2020,False,ATL,1611661330
1611661319,Las Vegas Aces,1022001120,2020-09-08,W,92,32,70,0.457,2,6,0.333,26,32,0.813,13,29,42,23,9,4,9,7,6.0,2020,True,IND,1611661325
1611661319,Las Vegas Aces,1022001125,2020-09-10,W,104,37,75,0.493,10,18,0.556,20,23,0.87,7,30,37,31,10,4,6,13,15.0,2020,False,MIN,1611661324
1611661319,Las Vegas Aces,1022001132,2020-09-12,W,84,32,61,0.525,5,9,0.556,15,19,0.789,5,33,38,22,6,4,15,16,14.0,2020,False,LAS,1611661320
1611661319,Las Vegas Aces,1022001090,2020-09-13,W,86,30,69,0.435,8,19,0.421,18,27,0.667,8,29,37,25,4,4,9,19,2.0,2020,False,SEA,1611661328
1611661319,Las Vegas Aces,1022100006,2021-05-15,L,83,35,80,0.438,3,12,0.25,10,12,0.833,6,27,33,22,4,4,6,13,-14.0,2021,False,SEA,1611661328
1611661319,Las Vegas Aces,1022100011,2021-05-18,W,96,37,70,0.529,6,15,0.4,16,18,0.889,8,32,40,24,7,7,11,14,16.0,2021,False,SEA,1611661328
1611661319,Las Vegas Aces,1022100018,2021-05-21,W,97,33,62,0.532,4,14,0.286,27,32,0.844,4,40,44,18,7,12,15,15,28.0,2021,True,LAS,1611661320
1611661319,Las Vegas Aces,1022100022,2021-05-23,L,65,22,54,0.407,5,16,0.313,16,21,0.762,1,25,26,16,4,13,14,15,-7.0,2021,True,CON,1611661323
1611661319,Las Vegas Aces,1022100027,2021-05-26,W,85,33,75,0.44,4,16,0.25,15,17,0.882,11,25,36,19,8,3,9,9,6.0,2021,False,PHO,1611661317
1611661319,Las Vegas Aces,1022100032,2021-05-28,W,113,38,69,0.551,7,15,0.467,30,39,0.769,3,29,32,23,12,4,8,16,36.0,2021,True,IND,1611661325
1611661319,Las Vegas Aces,1022100036,2021-05-30,W,101,38,67,0.567,7,14,0.5,18,23,0.783,5,31,36,22,8,7,11,13,23.0,2021,True,IND,1611661325
1611661319,Las Vegas Aces,1022100038,2021-06-01,L,67,28,64,0.438,0,5,0.0,11,12,0.917,3,26,29,20,6,3,12,17,-7.0,2021,False,CON,1611661323
1611661319,Las Vegas Aces,1022100042,2021-06-03,W,94,32,70,0.457,4,11,0.364,26,29,0.897,7,31,38,21,4,4,11,13,12.0,2021,False,NYL,1611661313
1611661319,Las Vegas Aces,1022100047,2021-06-05,W,96,33,76,0.434,6,16,0.375,24,27,0.889,8,36,44,20,9,1,12,18,3.0,2021,False,WAS,1611661322
1611661319,Las Vegas Aces,1022100063,2021-06-13,W,85,30,64,0.469,4,12,0.333,21,26,0.808,4,37,41,17,6,4,16,25,7.0,2021,True,DAL,1611661321
1611661319,Las Vegas Aces,1022100067,2021-06-15,W,100,40,72,0.556,5,13,0.385,15,16,0.938,7,29,36,26,10,1,15,16,22.0,2021,True,NYL,1611661313
1611661319,Las Vegas Aces,1022100073,2021-06-17,W,103,34,77,0.442,11,23,0.478,24,30,0.8,15,37,52,25,5,10,12,21,27.0,2021,True,NYL,1611661313
1611661319,Las Vegas Aces,1022100086,2021-06-25,L,89,30,78,0.385,4,11,0.364,25,31,0.806,14,30,44,19,7,2,16,16,-1.0,2021,False,MIN,1611661324
1611661319,Las Vegas Aces,1022100091,2021-06-27,W,95,35,80,0.438,6,11,0.545,19,23,0.826,7,28,35,18,8,3,12,16,3.0,2021,True,SEA,1611661328
1611661319,Las Vegas Aces,1022100096,2021-06-30,W,99,37,81,0.457,7,22,0.318,18,19,0.947,12,43,55,27,8,6,16,16,24.0,2021,False,LAS,1611661320
1611661319,Las Vegas Aces,1022100099,2021-07-02,W,66,23,61,0.377,2,11,0.182,18,23,0.783,5,29,34,11,7,4,12,14,8.0,2021,False,LAS,1611661320
1611661319,Las Vegas Aces,1022100104,2021-07-04,W,118,43,72,0.597,11,17,0.647,21,28,0.75,10,33,43,31,4,2,11,14,23.0,2021,True,ATL,1611661330
1611661319,Las Vegas Aces,1022100108,2021-07-07,L,90,36,82,0.439,3,13,0.231,15,24,0.625,9,34,43,22,7,3,6,21,-9.0,2021,True,PHO,1611661317
1611661319,Las Vegas Aces,1022100113,2021-07-09,L,67,24,67,0.358,3,15,0.2,16,19,0.842,11,31,42,14,4,6,15,8,-10.0,2021,True,MIN,1611661324
1611661319,Las Vegas Aces,1022100115,2021-07-11,W,95,34,67,0.507,3,8,0.375,24,30,0.8,9,34,43,25,2,11,10,12,16.0,2021,False,DAL,1611661321
1611661319,Las Vegas Aces,1022100122,2021-08-15,W,84,33,69,0.478,3,10,0.3,15,21,0.714,8,30,38,21,4,1,11,13,1.0,2021,True,WAS,1611661322
1611661319,Las Vegas Aces,1022100128,2021-08-17,W,93,34,60,0.567,6,11,0.545,19,23,0.826,3,34,37,20,4,3,14,13,10.0,2021,True,WAS,1611661322
1611661319,Las Vegas Aces,1022100143,2021-08-24,L,62,25,63,0.397,3,9,0.333,9,10,0.9,6,24,30,15,6,3,14,14,-14.0,2021,False,CON,1611661323
1611661319,Las Vegas Aces,1022100146,2021-08-26,W,78,32,73,0.438,3,13,0.231,11,15,0.733,9,34,43,26,6,5,10,13,7.0,2021,False,ATL,1611661330
1611661319,Las Vegas Aces,1022100151,2021-08-28,W,87,31,64,0.484,7,12,0.583,18,22,0.818,7,31,38,23,12,4,16,17,16.0,2021,False,IND,1611661325
1611661319,Las Vegas Aces,1022100161,2021-09-02,W,90,33,73,0.452,4,10,0.4,20,25,0.8,11,28,39,16,7,3,12,12,7.0,2021,True,CHI,1611661329
1611661319,Las Vegas Aces,1022100165,2021-09-05,L,84,30,73,0.411,5,13,0.385,19,22,0.864,9,28,37,19,6,4,6,16,-8.0,2021,False,CHI,1611661329
1611661319,Las Vegas Aces,1022100171,2021-09-08,W,102,43,78,0.551,4,10,0.4,12,14,0.857,2,34,36,28,8,3,5,12,21.0,2021,True,MIN,1611661324
1611661319,Las Vegas Aces,1022100180,2021-09-13,W,85,31,65,0.477,7,19,0.368,16,21,0.762,5,28,33,16,11,4,9,8,10.0,2021,True,DAL,1611661321
1611661319,Las Vegas Aces,1022100186,2021-09-17,W,103,41,73,0.562,9,18,0.5,12,14,0.857,11,36,47,32,9,3,15,6,33.0,2021,False,CHI,1611661329
1611661319,Las Vegas Aces,1022100189,2021-09-19,W,84,32,69,0.464,6,17,0.353,14,15,0.933,6,27,33,12,6,4,8,9,1.0,2021,False,PHO,1611661317
1611661319,Las Vegas Aces,1022200003,2022-05-06,W,106,39,67,0.582,11,21,0.524,17,18,0.944,5,33,38,27,2,5,16,23,18.0,2022,False,PHO,1611661317
1611661319,Las Vegas Aces,1022200008,2022-05-08,W,85,30,67,0.448,7,18,0.389,18,22,0.818,7,38,45,18,5,10,16,21,11.0,2022,True,SEA,1611661328
1611661319,Las Vegas Aces,1022200010,2022-05-10,L,76,27,65,0.415,6,17,0.353,16,18,0.889,5,29,34,16,4,7,16,16,-13.0,2022,False,WAS,1611661322
1611661319,Las Vegas Aces,1022200016,2022-05-13,W,96,32,68,0.471,16,35,0.457,16,19,0.842,6,25,31,24,11,8,13,16,23.0,2022,False,ATL,1611661330
1611661319,Las Vegas Aces,1022200026,2022-05-17,W,86,29,62,0.468,9,23,0.391,19,26,0.731,3,26,29,19,6,3,9,20,12.0,2022,True,PHO,1611661317
1611661319,Las Vegas Aces,1022200029,2022-05-19,W,93,31,67,0.463,9,27,0.333,22,29,0.759,10,22,32,22,8,1,10,15,6.0,2022,True,MIN,1611661324
1611661319,Las Vegas Aces,1022200034,2022-05-21,W,100,34,71,0.479,9,27,0.333,23,30,0.767,9,26,35,18,10,5,9,22,20.0,2022,True,PHO,1611661317
1611661319,Las Vegas Aces,1022200038,2022-05-23,W,104,36,71,0.507,18,38,0.474,14,16,0.875,4,38,42,27,2,2,7,15,28.0,2022,True,LAS,1611661320
1611661319,Las Vegas Aces,1022200047,2022-05-28,W,83,31,84,0.369,4,20,0.2,17,23,0.739,14,36,50,20,6,5,7,13,7.0,2022,False,CHI,1611661329
1611661319,Las Vegas Aces,1022200054,2022-05-31,W,89,33,73,0.452,6,25,0.24,17,20,0.85,6,32,38,20,9,4,14,14,8.0,2022,True,CON,1611661323
1611661319,Las Vegas Aces,1022200058,2022-06-02,L,90,32,66,0.485,10,25,0.4,16,22,0.727,3,28,31,20,5,4,13,19,-7.0,2022,True,CON,1611661323
1611661319,Las Vegas Aces,1022200066,2022-06-05,W,84,30,71,0.423,7,28,0.25,17,21,0.81,5,30,35,19,8,4,10,19,6.0,2022,True,DAL,1611661321
1611661319,Las Vegas Aces,1022200078,2022-06-11,W,89,33,68,0.485,7,24,0.292,16,17,0.941,6,35,41,19,11,7,19,13,17.0,2022,False,LAS,1611661320
1611661319,Las Vegas Aces,1022200085,2022-06-15,W,92,35,71,0.493,6,22,0.273,16,23,0.696,4,29,33,17,5,6,7,12,8.0,2022,False,DAL,1611661321
1611661319,Las Vegas Aces,1022200096,2022-06-19,W,96,35,78,0.449,9,25,0.36,17,20,0.85,7,26,33,23,7,3,6,10,1.0,2022,True,MIN,1611661324
1611661319,Las Vegas Aces,1022200098,2022-06-21,L,95,33,75,0.44,13,31,0.419,16,19,0.842,6,29,35,23,8,4,9,6,-9.0,2022,True,CHI,1611661329
1611661319,Las Vegas Aces,1022200109,2022-06-25,L,86,31,81,0.383,10,24,0.417,14,16,0.875,8,30,38,14,17,4,15,21,-1.0,2022,True,WAS,1611661322
1611661319,Las Vegas Aces,1022200113,2022-06-27,W,79,26,61,0.426,8,27,0.296,19,26,0.731,6,31,37,15,9,2,13,16,6.0,2022,False,LAS,1611661320
1611661319,Las Vegas Aces,1022200118,2022-06-29,L,78,29,73,0.397,9,24,0.375,11,12,0.917,11,29,40,23,7,1,17,12,-10.0,2022,False,SEA,1611661328
1611661319,Las Vegas Aces,1022200121,2022-07-01,W,91,36,70,0.514,9,24,0.375,10,13,0.769,7,27,34,25,8,5,14,15,6.0,2022,False,MIN,1611661324
1611661319,Las Vegas Aces,1022200126,2022-07-03,L,71,25,68,0.368,12,37,0.324,9,11,0.818,1,24,25,17,6,4,6,15,-31.0,2022,False,MIN,1611661324
1611661319,Las Vegas Aces,1022200133,2022-07-06,L,107,34,69,0.493,13,27,0.481,26,30,0.867,6,25,31,22,4,1,7,13,-9.0,2022,True,NYL,1611661313
1611661319,Las Vegas Aces,1022200138,2022-07-12,W,107,33,64,0.516,7,21,0.333,34,35,0.971,8,28,36,21,8,3,14,18,6.0,2022,False,NYL,1611661313
1611661319,Las Vegas Aces,1022200143,2022-07-14,W,108,38,71,0.535,16,33,0.485,16,21,0.762,6,34,40,32,9,3,10,16,34.0,2022,False,NYL,1611661313
1611661319,Las Vegas Aces,1022200150,2022-07-17,W,91,31,74,0.419,9,36,0.25,20,24,0.833,10,20,30,18,10,2,7,14,8.0,2022,False,CON,1611661323
1611661319,Las Vegas Aces,1022200155,2022-07-19,L,76,26,71,0.366,10,35,0.286,14,19,0.737,5,24,29,18,12,4,12,17,-16.0,2022,True,ATL,1611661330
1611661319,Las Vegas Aces,1022200160,2022-07-21,W,90,37,77,0.481,8,26,0.308,8,13,0.615,9,34,43,23,9,1,16,15,13.0,2022,True,IND,1611661325
1611661319,Las Vegas Aces,1022200165,2022-07-23,W,84,29,70,0.414,10,27,0.37,16,19,0.842,9,29,38,20,9,4,9,19,18.0,2022,True,LAS,1611661320
1611661319,Las Vegas Aces,1022200173,2022-07-29,W,93,38,72,0.528,9,26,0.346,8,12,0.667,15,26,41,22,7,3,19,16,21.0,2022,False,IND,1611661325
1611661319,Las Vegas Aces,1022200179,2022-07-31,W,94,36,71,0.507,6,17,0.353,16,19,0.842,10,27,37,23,9,2,9,19,25.0,2022,False,IND,1611661325
1611661319,Las Vegas Aces,1022200184,2022-08-02,L,73,26,64,0.406,9,26,0.346,12,15,0.8,3,27,30,14,5,4,8,14,-10.0,2022,False,WAS,1611661322
1611661319,Las Vegas Aces,1022200190,2022-08-04,L,80,31,69,0.449,10,33,0.303,8,8,1.0,8,24,32,20,7,8,9,13,-2.0,2022,False,DAL,1611661321
1611661319,Las Vegas Aces,1022200197,2022-08-07,W,89,35,76,0.461,7,27,0.259,12,14,0.857,11,24,35,24,8,2,5,17,8.0,2022,False,SEA,1611661328
1611661319,Las Vegas Aces,1022200201,2022-08-09,W,97,32,67,0.478,14,27,0.519,19,19,1.0,6,26,32,22,4,2,10,17,7.0,2022,True,ATL,1611661330
1611661319,Las Vegas Aces,1022200205,2022-08-11,W,89,31,67,0.463,9,21,0.429,18,20,0.9,5,24,29,17,10,4,9,17,11.0,2022,True,CHI,1611661329
1611661319,Las Vegas Aces,1022200215,2022-08-14,W,109,39,70,0.557,11,27,0.407,20,24,0.833,5,28,33,26,11,3,10,11,9.0,2022,True,SEA,1611661328
1611661319,Las Vegas Aces,1022300005,2023-05-20,W,105,40,73,0.548,11,18,0.611,14,17,0.824,6,44,50,22,6,8,14,14,41.0,2023,False,SEA,1611661328
1611661319,Las Vegas Aces,1022300012,2023-05-25,W,94,31,59,0.525,10,23,0.435,22,28,0.786,5,32,37,18,8,6,20,16,9.0,2023,False,LAS,1611661320
1611661319,Las Vegas Aces,1022300017,2023-05-27,W,93,37,80,0.463,9,32,0.281,10,12,0.833,9,29,38,25,16,8,9,16,28.0,2023,True,LAS,1611661320
1611661319,Las Vegas Aces,1022300020,2023-05-28,W,94,32,72,0.444,14,39,0.359,16,17,0.941,4,32,36,25,9,7,10,20,21.0,2023,True,MIN,1611661324
1611661319,Las Vegas Aces,1022300027,2023-06-02,W,92,33,70,0.471,6,21,0.286,20,25,0.8,5,26,31,17,9,4,11,13,5.0,2023,False,ATL,1611661330
1611661319,Las Vegas Aces,1022300034,2023-06-04,W,84,32,72,0.444,4,21,0.19,16,22,0.727,6,29,35,21,6,6,5,15,4.0,2023,False,IND,1611661325
1611661319,Las Vegas Aces,1022300035,2023-06-06,W,90,32,63,0.508,4,15,0.267,22,26,0.846,5,26,31,25,9,6,14,17,6.0,2023,False,CON,1611661323
1611661319,Las Vegas Aces,1022300040,2023-06-08,L,77,28,60,0.467,9,21,0.429,12,17,0.706,5,21,26,18,8,5,16,18,-17.0,2023,False,CON,1611661323
1611661319,Las Vegas Aces,1022300047,2023-06-11,W,93,38,65,0.585,6,16,0.375,11,13,0.846,7,26,33,21,10,3,14,18,13.0,2023,True,CHI,1611661329
1611661319,Las Vegas Aces,1022300058,2023-06-15,W,96,39,70,0.557,12,26,0.462,6,8,0.75,4,33,37,25,10,3,11,14,33.0,2023,True,SEA,1611661328
1611661319,Las Vegas Aces,1022300066,2023-06-18,W,93,35,74,0.473,10,30,0.333,13,15,0.867,7,32,39,18,7,9,5,13,31.0,2023,True,MIN,1611661324
1611661319,Las Vegas Aces,1022300070,2023-06-21,W,99,36,65,0.554,11,23,0.478,16,23,0.696,8,24,32,29,4,3,9,16,20.0,2023,False,PHO,1611661317
1611661319,Las Vegas Aces,1022300076,2023-06-24,W,101,34,64,0.531,11,23,0.478,22,27,0.815,5,26,31,27,6,7,12,14,13.0,2023,True,IND,1611661325
1611661319,Las Vegas Aces,1022300081,2023-06-26,W,88,27,66,0.409,7,24,0.292,27,28,0.964,10,29,39,15,4,6,15,20,8.0,2023,True,IND,1611661325
1611661319,Las Vegas Aces,1022300087,2023-06-29,W,98,40,69,0.58,9,21,0.429,9,10,0.9,4,23,27,32,10,1,7,15,17.0,2023,True,NYL,1611661313
1611661319,Las Vegas Aces,1022300092,2023-07-01,W,102,36,72,0.5,7,23,0.304,23,26,0.885,11,31,42,25,7,5,12,22,18.0,2023,True,CON,1611661323
1611661319,Las Vegas Aces,1022300100,2023-07-05,W,89,30,65,0.462,9,20,0.45,20,24,0.833,7,32,39,17,1,4,13,12,7.0,2023,True,DAL,1611661321
1611661319,Las Vegas Aces,1022300105,2023-07-07,L,78,27,60,0.45,10,26,0.385,14,17,0.824,5,20,25,14,7,4,17,14,-2.0,2023,False,DAL,1611661321
1611661319,Las Vegas Aces,1022300111,2023-07-09,W,113,43,72,0.597,17,39,0.436,10,14,0.714,7,27,34,31,9,11,11,11,24.0,2023,False,MIN,1611661324
1611661319,Las Vegas Aces,1022300114,2023-07-11,W,98,36,72,0.5,9,25,0.36,17,22,0.773,3,32,35,24,3,3,3,15,26.0,2023,True,PHO,1611661317
1611661319,Las Vegas Aces,1022300119,2023-07-12,W,97,37,68,0.544,9,22,0.409,14,16,0.875,5,29,34,20,12,5,15,14,19.0,2023,False,LAS,1611661320
1611661319,Las Vegas Aces,1022300127,2023-07-20,W,79,29,66,0.439,7,18,0.389,14,19,0.737,7,33,40,19,16,4,14,19,16.0,2023,False,SEA,1611661328
1611661319,Las Vegas Aces,1022300132,2023-07-22,W,98,36,69,0.522,8,26,0.308,18,24,0.75,4,30,34,25,8,1,13,12,17.0,2023,False,MIN,1611661324
1611661319,Las Vegas Aces,1022300137,2023-07-25,W,107,38,76,0.5,7,22,0.318,24,27,0.889,9,26,35,24,7,6,4,13,12.0,2023,False,CHI,1611661329
1611661319,Las Vegas Aces,1022300149,2023-07-30,W,104,32,64,0.5,13,25,0.52,27,28,0.964,3,27,30,17,5,7,8,18,13.0,2023,True,DAL,1611661321
1611661319,Las Vegas Aces,1022300153,2023-08-01,W,93,34,65,0.523,11,23,0.478,14,17,0.824,3,32,35,17,12,5,13,20,21.0,2023,True,ATL,1611661330
1611661319,Las Vegas Aces,1022300163,2023-08-06,L,61,23,70,0.329,6,23,0.261,9,10,0.9,2,22,24,14,7,4,10,9,-38.0,2023,False,NYL,1611661313
1611661319,Las Vegas Aces,1022300169,2023-08-08,W,104,37,74,0.5,16,32,0.5,14,16,0.875,11,34,45,27,4,2,13,21,20.0,2023,False,DAL,1611661321
1611661319,Las Vegas Aces,1022300175,2023-08-11,W,113,42,77,0.545,14,28,0.5,15,16,0.938,3,31,34,29,9,1,7,10,24.0,2023,True,WAS,1611661322
1611661319,Las Vegas Aces,1022300181,2023-08-13,W,86,32,77,0.416,7,23,0.304,15,19,0.789,8,30,38,16,13,6,9,19,21.0,2023,True,ATL,1611661330
1611661319,Las Vegas Aces,1022300182,2023-08-17,W,88,32,72,0.444,9,25,0.36,15,16,0.938,7,28,35,21,9,1,8,20,13.0,2023,True,NYL,1611661313
1611661319,Las Vegas Aces,1022300188,2023-08-19,L,72,27,75,0.36,8,32,0.25,10,11,0.909,13,19,32,17,12,2,15,19,-6.0,2023,True,LAS,1611661320
1611661319,Las Vegas Aces,1022300193,2023-08-22,W,112,35,69,0.507,8,19,0.421,34,36,0.944,5,29,34,25,4,7,9,22,12.0,2023,False,ATL,1611661330
1611661319,Las Vegas Aces,1022300200,2023-08-24,W,94,34,71,0.479,8,24,0.333,18,18,1.0,6,28,34,21,6,5,14,15,7.0,2023,False,CHI,1611661329
1611661319,Las Vegas Aces,1022300203,2023-08-26,L,62,20,65,0.308,6,29,0.207,16,21,0.762,6,34,40,14,6,3,17,13,-16.0,2023,False,WAS,1611661322
1611661319,Las Vegas Aces,1022300209,2023-08-28,L,85,31,69,0.449,9,23,0.391,14,20,0.7,5,26,31,21,5,6,11,23,-9.0,2023,False,NYL,1611661313
1611661319,Las Vegas Aces,1022300214,2023-08-31,W,84,29,62,0.468,10,28,0.357,16,19,0.842,4,29,33,19,7,5,10,17,9.0,2023,True,WAS,1611661322
1611661319,Las Vegas Aces,1022300219,2023-09-02,W,103,35,75,0.467,10,30,0.333,23,25,0.92,9,29,38,26,10,3,8,15,26.0,2023,True,SEA,1611661328
1611661319,Las Vegas Aces,1022300234,2023-09-08,W,94,38,70,0.543,6,25,0.24,12,14,0.857,3,35,38,25,8,6,10,15,21.0,2023,False,PHO,1611661317
1611661319,Las Vegas Aces,1022300239,2023-09-10,W,100,37,70,0.529,14,33,0.424,12,16,0.75,10,22,32,22,12,3,9,11,15.0,2023,True,PHO,1611661317
1611661319,Las Vegas Aces,1022400003,2024-05-14,W,89,29,71,0.408,6,29,0.207,25,29,0.862,8,29,37,17,7,5,9,12,9.0,2024,True,PHO,1611661317
1611661319,Las Vegas Aces,1022400011,2024-05-18,W,89,31,73,0.425,13,31,0.419,14,16,0.875,10,24,34,23,10,4,12,14,7.0,2024,True,LAS,1611661320
1611661319,Las Vegas Aces,1022400018,2024-05-21,L,88,33,78,0.423,11,31,0.355,11,15,0.733,7,32,39,22,5,4,9,18,-10.0,2024,True,PHO,1611661317
1611661319,Las Vegas Aces,1022400027,2024-05-25,W,99,35,73,0.479,13,35,0.371,16,18,0.889,6,30,36,24,7,4,8,14,19.0,2024,True,IND,1611661325
1611661319,Las Vegas Aces,1022400037,2024-05-29,W,80,30,72,0.417,10,27,0.37,10,14,0.714,11,30,41,23,6,5,14,12,14.0,2024,False,MIN,1611661324
1611661319,Las Vegas Aces,1022400040,2024-05-31,L,74,25,69,0.362,6,21,0.286,18,20,0.9,3,31,34,18,6,5,11,25,-4.0,2024,False,ATL,1611661330
1611661319,Las Vegas Aces,1022400052,2024-06-05,W,95,34,70,0.486,9,28,0.321,18,20,0.9,8,25,33,20,10,5,12,18,14.0,2024,False,DAL,1611661321
1611661319,Las Vegas Aces,1022400057,2024-06-07,L,65,21,67,0.313,7,26,0.269,16,19,0.842,3,33,36,13,7,10,14,18,-13.0,2024,True,SEA,1611661328
1611661319,Las Vegas Aces,1022400065,2024-06-09,L,92,30,68,0.441,11,26,0.423,21,24,0.875,4,19,23,17,7,6,6,16,-4.0,2024,False,LAS,1611661320
1611661319,Las Vegas Aces,1022400068,2024-06-11,L,86,28,62,0.452,10,31,0.323,20,26,0.769,5,30,35,19,4,1,13,19,-14.0,2024,True,MIN,1611661324
1611661319,Las Vegas Aces,1022400073,2024-06-13,W,103,33,69,0.478,13,30,0.433,24,25,0.96,12,25,37,17,6,2,14,16,4.0,2024,False,PHO,1611661317
1611661319,Las Vegas Aces,1022400077,2024-06-15,L,82,31,69,0.449,11,34,0.324,9,11,0.818,2,29,31,23,3,3,10,19,-8.0,2024,True,NYL,1611661313
1611661319,Las Vegas Aces,1022400086,2024-06-19,W,94,35,63,0.556,8,20,0.4,16,21,0.762,3,26,29,25,11,4,14,19,11.0,2024,True,SEA,1611661328
1611661319,Las Vegas Aces,1022400090,2024-06-21,W,85,31,65,0.477,6,24,0.25,17,23,0.739,10,32,42,16,6,3,12,17,11.0,2024,True,CON,1611661323
1611661319,Las Vegas Aces,1022400100,2024-06-27,W,95,33,66,0.5,9,25,0.36,20,27,0.741,6,29,35,20,5,11,9,15,12.0,2024,False,CHI,1611661329
1611661319,Las Vegas Aces,1022400104,2024-06-29,W,88,30,63,0.476,9,25,0.36,19,24,0.792,5,29,34,20,3,4,12,17,11.0,2024,False,WAS,1611661322
1611661319,Las Vegas Aces,1022400113,2024-07-02,W,88,32,71,0.451,9,25,0.36,15,17,0.882,7,31,38,24,7,7,10,15,19.0,2024,True,IND,1611661325
1611661319,Las Vegas Aces,1022400117,2024-07-04,W,98,38,64,0.594,11,23,0.478,11,11,1.0,4,32,36,31,8,3,18,20,21.0,2024,True,WAS,1611661322
1611661319,Las Vegas Aces,1022400119,2024-07-05,L,93,32,67,0.478,9,24,0.375,20,22,0.909,3,40,43,24,1,8,11,29,-5.0,2024,False,LAS,1611661320
1611661319,Las Vegas Aces,1022400124,2024-07-07,W,104,37,81,0.457,14,36,0.389,16,19,0.842,10,30,40,23,6,6,9,14,19.0,2024,True,DAL,1611661321
1611661319,Las Vegas Aces,1022400131,2024-07-10,W,84,30,70,0.429,5,23,0.217,19,20,0.95,4,34,38,21,7,5,9,14,5.0,2024,False,SEA,1611661328
1611661319,Las Vegas Aces,1022400134,2024-07-12,W,84,29,70,0.414,12,29,0.414,14,17,0.824,3,33,36,22,8,7,9,14,14.0,2024,False,ATL,1611661330
1611661319,Las Vegas Aces,1022400140,2024-07-14,W,89,34,70,0.486,8,25,0.32,13,17,0.765,8,33,41,24,7,7,12,13,12.0,2024,False,WAS,1611661322
1611661319,Las Vegas Aces,1022400146,2024-07-16,L,85,31,66,0.47,5,18,0.278,18,22,0.818,3,23,26,17,11,7,12,14,-8.0,2024,True,CHI,1611661329
1611661319,Las Vegas Aces,1022400156,2024-08-17,L,67,24,65,0.369,9,31,0.29,10,11,0.909,2,28,30,14,10,7,10,18,-12.0,2024,True,NYL,1611661313
1611661319,Las Vegas Aces,1022400159,2024-08-18,W,87,30,61,0.492,8,18,0.444,19,23,0.826,1,32,33,14,15,5,17,14,16.0,2024,True,LAS,1611661320
1611661319,Las Vegas Aces,1022400166,2024-08-21,L,87,33,71,0.465,13,30,0.433,8,12,0.667,9,19,28,22,7,2,9,19,-11.0,2024,True,MIN,1611661324
1611661319,Las Vegas Aces,1022400171,2024-08-23,L,74,26,57,0.456,7,19,0.368,15,18,0.833,1,16,17,17,7,1,18,21,-13.0,2024,False,MIN,1611661324
1611661319,Las Vegas Aces,1022400174,2024-08-25,W,77,31,81,0.383,6,24,0.25,9,10,0.9,9,35,44,18,6,6,3,15,2.0,2024,False,CHI,1611661329
1611661319,Las Vegas Aces,1022400179,2024-08-27,L,90,31,62,0.5,5,19,0.263,23,30,0.767,4,22,26,15,6,6,8,18,-3.0,2024,False,DAL,1611661321
1611661319,Las Vegas Aces,1022400187,2024-08-30,W,83,31,69,0.449,10,29,0.345,11,16,0.688,8,31,39,19,4,8,5,13,11.0,2024,True,ATL,1611661330
1611661319,Las Vegas Aces,1022400194,2024-09-01,W,97,37,66,0.561,11,32,0.344,12,15,0.8,6,29,35,32,10,2,13,15,18.0,2024,False,PHO,1611661317
1611661319,Las Vegas Aces,1022400197,2024-09-03,W,90,32,61,0.525,8,24,0.333,18,21,0.857,5,26,31,25,12,6,12,15,19.0,2024,True,CHI,1611661329
1611661319,Las Vegas Aces,1022400203,2024-09-06,W,72,25,65,0.385,6,20,0.3,16,19,0.842,7,26,33,17,9,2,14,16,5.0,2024,False,CON,1611661323
1611661319,Las Vegas Aces,1022400209,2024-09-08,L,71,23,64,0.359,15,33,0.455,10,10,1.0,2,25,27,18,7,4,11,23,-4.0,2024,False,NYL,1611661313
1611661319,Las Vegas Aces,1022400215,2024-09-11,W,86,31,70,0.443,10,22,0.455,14,17,0.824,6,28,34,20,6,6,8,14,11.0,2024,False,IND,1611661325
1611661319,Las Vegas Aces,1022400220,2024-09-13,W,78,28,70,0.4,9,30,0.3,13,18,0.722,1,30,31,22,7,4,9,18,4.0,2024,False,IND,1611661325
1611661319,Las Vegas Aces,1022400228,2024-09-15,W,84,35,71,0.493,10,24,0.417,4,6,0.667,4,29,33,24,5,4,6,14,13.0,2024,True,CON,1611661323
1611661319,Las Vegas Aces,1022400234,2024-09-17,W,85,32,60,0.533,9,20,0.45,12,14,0.857,3,28,31,18,5,2,9,11,13.0,2024,False,SEA,1611661328
1611661319,Las Vegas Aces,1022400239,2024-09-19,W,98,35,75,0.467,15,37,0.405,13,16,0.813,10,28,38,22,8,7,11,15,14.0,2024,True,DAL,1611661321
1611661319,Las Vegas Aces,1022500005,2025-05-17,L,78,28,82,0.341,11,32,0.344,11,13,0.846,12,29,41,18,4,2,10,20,-14.0,2025,False,NYL,1611661313
1611661319,Las Vegas Aces,1022500010,2025-05-20,W,87,26,67,0.388,10,26,0.385,25,30,0.833,12,29,41,16,9,4,11,18,25.0,2025,False,CON,1611661323
1611661319,Las Vegas Aces,1022500018,2025-05-23,W,75,24,69,0.348,8,33,0.242,19,20,0.95,7,25,32,15,9,6,8,18,3.0,2025,True,WAS,1611661322
1611661319,Las Vegas Aces,1022500026,2025-05-25,L,82,29,66,0.439,9,25,0.36,15,20,0.75,5,20,25,19,7,8,12,10,-20.0,2025,False,SEA,1611661328
1611661319,Las Vegas Aces,1022500037,2025-05-30,W,96,32,70,0.457,12,25,0.48,20,23,0.87,6,24,30,22,12,7,10,16,15.0,2025,True,LAS,1611661320
1611661319,Las Vegas Aces,1022500043,2025-06-01,W,75,27,64,0.422,10,25,0.4,11,14,0.786,6,25,31,17,11,4,15,17,5.0,2025,False,SEA,1611661328
1611661319,Las Vegas Aces,1022500052,2025-06-07,L,68,22,62,0.355,6,25,0.24,18,25,0.72,7,24,31,11,5,2,13,14,-27.0,2025,False,GSV,1611661331
1611661319,Las Vegas Aces,1022500060,2025-06-11,L,89,27,72,0.375,9,35,0.257,26,29,0.897,9,19,28,12,8,4,9,24,-8.0,2025,True,LAS,1611661320
1611661319,Las Vegas Aces,1022500064,2025-06-13,W,88,26,62,0.419,10,29,0.345,26,28,0.929,10,26,36,15,10,4,18,12,4.0,2025,True,DAL,1611661321
1611661319,Las Vegas Aces,1022500070,2025-06-15,L,70,23,64,0.359,9,28,0.321,15,16,0.938,11,27,38,14,6,4,19,13,-6.0,2025,True,PHX,1611661317
1611661319,Las Vegas Aces,1022500075,2025-06-17,L,62,23,64,0.359,9,24,0.375,7,9,0.778,8,26,34,18,4,4,17,21,-14.0,2025,False,MIN,1611661324
1611661319,Las Vegas Aces,1022500082,2025-06-20,L,83,29,61,0.475,11,19,0.579,14,21,0.667,6,24,30,20,5,5,14,16,-7.0,2025,True,SEA,1611661328
1611661319,Las Vegas Aces,1022500087,2025-06-22,W,89,32,71,0.451,6,20,0.3,19,21,0.905,8,23,31,19,9,3,13,11,8.0,2025,True,IND,1611661325
1611661319,Las Vegas Aces,1022500095,2025-06-25,W,85,30,70,0.429,11,28,0.393,14,16,0.875,10,35,45,18,6,7,15,14,26.0,2025,True,CON,1611661323
1611661319,Las Vegas Aces,1022500097,2025-06-26,L,83,33,66,0.5,6,23,0.261,11,12,0.917,2,25,27,21,4,7,8,24,-11.0,2025,True,WAS,1611661322
1611661319,Las Vegas Aces,1022500106,2025-06-29,W,84,26,60,0.433,9,24,0.375,23,26,0.885,5,31,36,20,5,3,12,19,3.0,2025,False,PHX,1611661317
1611661319,Las Vegas Aces,1022500109,2025-07-03,L,54,16,61,0.262,3,16,0.188,19,22,0.864,8,18,26,12,4,1,17,21,-27.0,2025,False,IND,1611661325
1611661319,Las Vegas Aces,1022500116,2025-07-06,W,86,34,63,0.54,9,26,0.346,9,13,0.692,7,28,35,21,9,6,14,15,18.0,2025,False,CON,1611661323
1611661319,Las Vegas Aces,1022500122,2025-07-08,L,78,25,61,0.41,7,26,0.269,21,24,0.875,7,25,32,13,2,7,16,22,-9.0,2025,False,NYL,1611661313
1611661319,Las Vegas Aces,1022500128,2025-07-10,L,68,27,71,0.38,3,25,0.12,11,14,0.786,7,24,31,12,8,5,11,20,-2.0,2025,False,WAS,1611661322
1611661319,Las Vegas Aces,1022500132,2025-07-12,W,104,34,62,0.548,6,21,0.286,30,35,0.857,8,22,30,21,4,2,9,20,2.0,2025,True,GSV,1611661331
1611661319,Las Vegas Aces,1022500145,2025-07-16,W,90,34,71,0.479,5,15,0.333,17,26,0.654,11,29,40,23,8,9,15,11,4.0,2025,False,DAL,1611661321
1611661319,Las Vegas Aces,1022500149,2025-07-22,W,87,31,69,0.449,6,20,0.3,19,21,0.905,5,29,34,20,13,4,11,18,15.0,2025,True,ATL,1611661330
1611661319,Las Vegas Aces,1022500153,2025-07-24,L,70,27,67,0.403,2,15,0.133,14,17,0.824,9,28,37,12,7,3,14,21,-10.0,2025,False,IND,1611661325
1611661319,Las Vegas Aces,1022500156,2025-07-25,L,78,27,71,0.38,8,26,0.308,16,23,0.696,10,20,30,15,7,4,6,27,-31.0,2025,False,MIN,1611661324
1611661319,Las Vegas Aces,1022500162,2025-07-27,W,106,36,74,0.486,15,36,0.417,19,24,0.792,11,26,37,30,6,7,10,19,26.0,2025,False,DAL,1611661321
1611661319,Las Vegas Aces,1022500169,2025-07-29,W,89,36,78,0.462,9,32,0.281,8,8,1.0,12,24,36,25,13,6,13,17,15.0,2025,False,LAS,1611661320
1611661319,Las Vegas Aces,1022500179,2025-08-02,L,58,23,67,0.343,8,26,0.308,4,8,0.5,4,18,22,18,6,7,15,17,-53.0,2025,True,MIN,1611661324
1611661319,Las Vegas Aces,1022500183,2025-08-03,W,101,35,76,0.461,18,40,0.45,13,16,0.813,18,28,46,24,10,3,15,15,24.0,2025,True,GSV,1611661331
1611661319,Las Vegas Aces,1022500190,2025-08-06,W,78,27,60,0.45,5,27,0.185,19,25,0.76,9,22,31,15,9,5,13,19,6.0,2025,False,GSV,1611661331
1611661319,Las Vegas Aces,1022500196,2025-08-08,W,90,31,69,0.449,10,22,0.455,18,23,0.783,11,27,38,20,5,3,12,16,4.0,2025,True,SEA,1611661328
1611661319,Las Vegas Aces,1022500203,2025-08-10,W,94,35,71,0.493,8,25,0.32,16,21,0.762,11,29,40,24,8,1,15,12,8.0,2025,True,CON,1611661323
1611661319,Las Vegas Aces,1022500209,2025-08-13,W,83,25,65,0.385,10,29,0.345,23,28,0.821,14,25,39,15,7,7,10,17,6.0,2025,True,NYL,1611661313
1611661319,Las Vegas Aces,1022500215,2025-08-15,W,86,30,66,0.455,4,18,0.222,22,26,0.846,12,27,39,21,6,5,11,15,3.0,2025,False,PHX,1611661317
1611661319,Las Vegas Aces,1022500219,2025-08-17,W,106,34,68,0.5,18,34,0.529,20,23,0.87,4,24,28,28,9,3,8,17,19.0,2025,True,DAL,1611661321
1611661319,Las Vegas Aces,1022500225,2025-08-19,W,74,29,64,0.453,7,20,0.35,9,11,0.818,9,23,32,20,6,6,13,15,2.0,2025,True,ATL,1611661330
1611661319,Las Vegas Aces,1022500231,2025-08-21,W,83,34,73,0.466,6,22,0.273,9,10,0.9,6,31,37,18,9,4,4,9,22.0,2025,True,PHX,1611661317
1611661319,Las Vegas Aces,1022500236,2025-08-23,W,91,34,65,0.523,10,20,0.5,13,15,0.867,4,30,34,27,6,6,11,18,10.0,2025,False,WAS,1611661322
1611661319,Las Vegas Aces,1022500242,2025-08-25,W,79,30,67,0.448,11,23,0.478,8,10,0.8,4,20,24,20,9,8,12,18,5.0,2025,False,CHI,1611661329
1611661319,Las Vegas Aces,1022500245,2025-08-27,W,81,32,67,0.478,8,21,0.381,9,11,0.818,5,27,32,26,4,6,7,14,6.0,2025,False,ATL,1611661330
1611661319,Las Vegas Aces,1022500267,2025-09-04,W,97,38,69,0.551,11,24,0.458,10,11,0.909,5,24,29,25,7,4,11,11,10.0,2025,True,MIN,1611661324
1611661319,Las Vegas Aces,1022500275,2025-09-07,W,80,32,70,0.457,10,34,0.294,6,7,0.857,6,22,28,20,12,6,10,13,14.0,2025,True,CHI,1611661329
1611661319,Las Vegas Aces,1022500279,2025-09-09,W,92,34,62,0.548,15,29,0.517,9,12,0.75,4,23,27,26,8,8,7,17,31.0,2025,True,CHI,1611661329
1611661319,Las Vegas Aces,1022500286,2025-09-11,W,103,38,78,0.487,22,45,0.489,5,6,0.833,11,33,44,35,13,6,11,9,28.0,2025,False,LAS,1611661320
1611661319,Las Vegas Aces,1022600005,2026-05-09,L,66,29,71,0.408,4,19,0.211,4,8,0.5,6,29,35,19,5,8,17,15,-33.0,2026,True,PHX,1611661317
1611661319,Las Vegas Aces,1022600009,2026-05-10,W,105,43,69,0.623,7,20,0.35,12,17,0.706,6,25,31,28,11,10,14,16,27.0,2026,False,LAS,1611661320
1611661319,Las Vegas Aces,1022600016,2026-05-13,W,98,39,72,0.542,5,16,0.313,15,21,0.714,12,34,46,21,9,6,15,19,29.0,2026,False,CON,1611661323
1611661319,Las Vegas Aces,1022600021,2026-05-15,W,101,35,58,0.603,6,13,0.462,25,32,0.781,3,25,28,24,6,6,17,18,7.0,2026,False,CON,1611661323
1611661319,Las Vegas Aces,1022600026,2026-05-17,W,85,31,73,0.425,10,27,0.37,13,17,0.765,6,32,38,21,5,8,13,23,1.0,2026,False,ATL,1611661330
1611661319,Las Vegas Aces,1022600043,2026-05-23,L,95,34,76,0.447,10,29,0.345,17,21,0.81,13,23,36,21,6,9,14,20,-6.0,2026,True,LAS,1611661320
1611661319,Las Vegas Aces,1022600054,2026-05-28,L,87,36,82,0.439,8,20,0.4,7,12,0.583,8,25,33,21,5,3,5,15,-8.0,2026,False,DAL,1611661321
1611661319,Las Vegas Aces,1022600063,2026-05-31,W,91,33,69,0.478,8,22,0.364,17,21,0.81,12,33,45,26,5,8,15,18,10.0,2026,False,GSV,1611661331
1611661319,Las Vegas Aces,1022600069,2026-06-02,W,79,31,69,0.449,8,24,0.333,9,16,0.563,8,36,44,24,7,8,10,23,10.0,2026,False,LAS,1611661320
1611661319,Las Vegas Aces,1022600078,2026-06-06,W,84,27,63,0.429,13,30,0.433,17,22,0.773,6,30,36,22,3,2,11,19,5.0,2026,True,GSV,1611661331
1611661319,Las Vegas Aces,1022600085,2026-06-08,W,101,35,70,0.5,10,28,0.357,21,24,0.875,11,28,39,27,4,5,12,13,10.0,2026,True,SEA,1611661328
1611661319,Las Vegas Aces,1022600094,2026-06-11,W,105,36,72,0.5,14,28,0.5,19,29,0.655,17,25,42,25,6,4,14,15,16.0,2026,False,PDX,1611661327
1611661319,Las Vegas Aces,1022600098,2026-06-13,W,100,36,67,0.537,11,25,0.44,17,19,0.895,11,22,33,24,8,3,11,15,3.0,2026,True,MIN,1611661324
1611661319,Las Vegas Aces,1022600103,2026-06-15,L,66,27,68,0.397,5,21,0.238,7,9,0.778,7,24,31,24,5,3,14,18,-30.0,2026,False,DAL,1611661321
1611661319,Las Vegas Aces,1022600111,2026-06-17,W,86,31,68,0.456,5,21,0.238,19,25,0.76,9,20,29,25,18,6,9,13,10.0,2026,False,PHX,1611661317
1611661319,Las Vegas Aces,1022600120,2026-06-21,W,92,36,58,0.621,11,24,0.458,9,10,0.9,2,23,25,21,5,3,11,18,19.0,2026,True,GSV,1611661331
1611661319,Las Vegas Aces,1022600127,2026-06-23,L,76,31,72,0.431,8,27,0.296,6,8,0.75,5,27,32,23,9,4,7,14,-11.0,2026,True,NYL,1611661313
1611661319,Las Vegas Aces,1022600133,2026-06-25,W,99,32,60,0.533,8,18,0.444,27,33,0.818,7,28,35,20,5,2,15,20,15.0,2026,True,DAL,1611661321
1611661319,Las Vegas Aces,1022600143,2026-06-28,W,107,33,63,0.524,10,25,0.4,31,37,0.838,6,26,32,20,9,4,11,21,8.0,2026,False,CHI,1611661329
1611661319,Las Vegas Aces,1022600149,2026-07-03,W,98,35,69,0.507,4,22,0.182,24,30,0.8,6,28,34,17,10,6,13,19,8.0,2026,True,CHI,1611661329
1611661319,Las Vegas Aces,1022600153,2026-07-05,L,68,22,55,0.4,4,19,0.211,20,25,0.8,6,24,30,14,5,1,13,17,-16.0,2026,True,IND,1611661325
1611661319,Las Vegas Aces,1022600164,2026-07-09,W,88,31,61,0.508,8,20,0.4,18,22,0.818,4,23,27,23,13,5,12,17,8.0,2026,False,PDX,1611661327
1611661319,Las Vegas Aces,1022600169,2026-07-11,W,106,39,77,0.506,14,35,0.4,14,16,0.875,12,35,47,31,8,2,8,14,48.0,2026,True,PHX,1611661317
1611661319,Las Vegas Aces,1022600174,2026-07-12,L,75,27,69,0.391,4,17,0.235,17,20,0.85,9,19,28,17,4,4,11,19,-34.0,2026,True,IND,1611661325
1611661319,Las Vegas Aces,1022600194,2026-07-20,W,109,45,78,0.577,14,38,0.368,5,6,0.833,4,27,31,29,6,7,7,12,26.0,2026,False,TOR,1611661332
1611661319,Las Vegas Aces,1022600200,2026-07-22,L,99,34,62,0.548,5,14,0.357,26,29,0.897,4,20,24,18,10,6,8,25,-1.0,2026,False,WAS,1611661322
1611661319,Las Vegas Aces,1022600206,2026-07-28,W,98,33,57,0.579,9,22,0.409,23,26,0.885,2,28,30,21,7,3,12,21,15.0,2026,True,PDX,1611661327
1611661319,Las Vegas Aces,1022600212,2026-07-30,W,104,33,64,0.516,13,28,0.464,25,27,0.926,3,23,26,25,5,4,10,21,5.0,2026,True,NYL,1611661313
1611661319,Las Vegas Aces,1022600216,2026-08-01,L,83,32,74,0.432,5,22,0.227,14,18,0.778,9,31,40,21,5,8,16,19,-1.0,2026,False,CHI,1611661329
1611661319,Las Vegas Aces,1022600222,2026-08-03,W,109,44,71,0.62,10,19,0.526,11,14,0.786,5,25,30,24,5,6,9,16,22.0,2026,False,ATL,1611661330
1611661319,Las Vegas Aces,1022600230,2026-08-06,W,86,35,86,0.407,5,22,0.227,11,14,0.786,12,27,39,24,9,4,16,24,2.0,2026,False,IND,1611661325
1611661319,Las Vegas Aces,1022600236,2026-08-08,L,87,30,69,0.435,10,27,0.37,17,18,0.944,12,25,37,17,3,4,16,11,-11.0,2026,False,MIN,1611661324
1611661319,Las Vegas Aces,1022600239,2026-08-09,L,71,25,63,0.397,10,29,0.345,11,14,0.786,5,19,24,17,6,2,14,18,-40.0,2026,False,NYL,1611661313
1611661319,Las Vegas Aces,1022600246,2026-08-11,W,86,32,70,0.457,9,23,0.391,13,14,0.929,9,21,30,20,9,5,8,15,10.0,2026,True,WAS,1611661322
1611661319,Las Vegas Aces,1022600253,2026-08-13,W,83,24,59,0.407,10,25,0.4,25,27,0.926,4,23,27,19,3,4,12,21,7.0,2026,True,WAS,1611661322
1611661319,Las Vegas Aces,1022600258,2026-08-15,L,87,31,69,0.449,9,28,0.321,16,18,0.889,12,17,29,20,7,2,13,14,-5.0,2026,True,MIN,1611661324
1611661319,Las Vegas Aces,1022600266,2026-08-18,L,82,25,63,0.397,10,28,0.357,22,25,0.88,7,26,33,15,4,12,17,22,-15.0,2026,True,ATL,1611661330
1611661319,Las Vegas Aces,1022600270,2026-08-20,W,101,37,75,0.493,9,25,0.36,18,22,0.818,12,28,40,23,7,2,11,17,23.0,2026,True,CON,1611661323
1611661319,Las Vegas Aces,1022600281,2026-08-23,W,88,34,65,0.523,5,20,0.25,15,20,0.75,8,21,29,22,11,3,10,14,10.0,2026,False,TOR,1611661332
1611661319,Las Vegas Aces,1022600293,2026-08-28,W,93,32,75,0.427,10,33,0.303,19,21,0.905,10,28,38,20,10,4,7,14,20.0,2026,True,TOR,1611661332
1611661319,Las Vegas Aces,1022600305,2026-09-17,W,114,40,69,0.58,13,28,0.464,21,24,0.875,6,32,38,29,7,6,13,21,37.0,2026,False,SEA,1611661328
1611661319,Las Vegas Aces,1022600316,2026-09-20,W,98,32,63,0.508,11,26,0.423,23,28,0.821,3,25,28,20,13,5,13,17,21.0,2026,True,SEA,1611661328
1611661319,Las Vegas Aces,1022600322,2026-09-22,W,89,34,70,0.486,11,28,0.393,10,14,0.714,5,24,29,21,8,4,10,12,10.0,2026,True,LAS,1611661320
1611661319,Las Vegas Aces,1022600330,2026-09-24,W,100,42,75,0.56,9,19,0.474,7,8,0.875,9,24,33,27,12,5,13,9,18.0,2026,False,PHX,1611661317
1611661320,Los Angeles Sparks,1021500009,2015-06-06,L,61,23,67,0.343,4,22,0.182,11,13,0.846,8,26,34,17,3,1,8,15,-25.0,2015,False,SEA,1611661328
1611661320,Los Angeles Sparks,1021500023,2015-06-14,L,54,22,57,0.386,5,18,0.278,5,9,0.556,2,30,32,14,5,0,12,19,-6.0,2015,True,SEA,1611661328
1611661320,Los Angeles Sparks,1021500028,2015-06-16,L,52,24,61,0.393,3,18,0.167,1,4,0.25,9,23,32,16,1,3,11,16,-15.0,2015,True,MIN,1611661324
1611661320,Los Angeles Sparks,1021500037,2015-06-21,L,68,25,59,0.424,6,16,0.375,12,13,0.923,7,24,31,15,3,1,16,18,-8.0,2015,True,CON,1611661323
1611661320,Los Angeles Sparks,1021500040,2015-06-23,L,80,34,68,0.5,6,15,0.4,6,7,0.857,11,26,37,20,4,3,17,24,-4.0,2015,False,WAS,1611661322
1611661320,Los Angeles Sparks,1021500044,2015-06-26,L,76,29,66,0.439,6,12,0.5,12,13,0.923,8,26,34,14,7,4,19,19,-4.0,2015,False,CON,1611661323
1611661320,Los Angeles Sparks,1021500050,2015-06-28,L,70,22,60,0.367,7,17,0.412,19,21,0.905,7,26,33,14,3,2,10,21,-9.0,2015,False,NYL,1611661313
1611661320,Los Angeles Sparks,1021500060,2015-07-02,W,86,31,62,0.5,3,11,0.273,21,23,0.913,8,19,27,15,8,1,10,16,5.0,2015,True,SAN,1611661319
1611661320,Los Angeles Sparks,1021500062,2015-07-03,W,98,33,63,0.524,8,20,0.4,24,30,0.8,8,21,29,21,5,3,9,21,3.0,2015,True,TUL,1611661321
1611661320,Los Angeles Sparks,1021500064,2015-07-05,L,91,33,71,0.465,9,18,0.5,16,19,0.842,11,26,37,26,2,5,8,18,-3.0,2015,True,PHO,1611661317
1611661320,Los Angeles Sparks,1021500067,2015-07-08,L,63,24,69,0.348,4,13,0.308,11,13,0.846,9,25,34,15,3,6,11,19,-7.0,2015,False,SAN,1611661319
1611661320,Los Angeles Sparks,1021500072,2015-07-11,L,67,24,61,0.393,6,18,0.333,13,14,0.929,11,27,38,18,4,4,13,21,-15.0,2015,False,TUL,1611661321
1611661320,Los Angeles Sparks,1021500081,2015-07-15,L,61,25,51,0.49,3,14,0.214,8,12,0.667,3,23,26,14,4,4,21,17,-7.0,2015,False,SEA,1611661328
1611661320,Los Angeles Sparks,1021500083,2015-07-16,L,72,27,62,0.435,0,8,0.0,18,20,0.9,7,18,25,21,8,4,16,21,-4.0,2015,True,ATL,1611661330
1611661320,Los Angeles Sparks,1021500097,2015-07-21,W,70,27,56,0.482,3,12,0.25,13,18,0.722,5,25,30,17,3,5,10,10,5.0,2015,True,PHO,1611661317
1611661320,Los Angeles Sparks,1021500100,2015-07-22,L,53,20,63,0.317,1,9,0.111,12,12,1.0,3,30,33,15,8,7,12,24,-6.0,2015,True,NYL,1611661313
1611661320,Los Angeles Sparks,1021500104,2015-07-29,L,76,31,55,0.564,7,14,0.5,7,8,0.875,2,23,25,23,6,3,21,21,-6.0,2015,False,MIN,1611661324
1611661320,Los Angeles Sparks,1021500110,2015-07-31,W,88,32,66,0.485,3,9,0.333,21,25,0.84,7,26,33,17,7,7,6,15,11.0,2015,False,CHI,1611661329
1611661320,Los Angeles Sparks,1021500114,2015-08-02,W,80,35,65,0.538,4,13,0.308,6,8,0.75,6,28,34,26,6,7,10,16,2.0,2015,False,SAN,1611661319
1611661320,Los Angeles Sparks,1021500120,2015-08-04,W,83,37,77,0.481,2,11,0.182,7,8,0.875,9,30,39,23,12,3,7,9,22.0,2015,True,MIN,1611661324
1611661320,Los Angeles Sparks,1021500122,2015-08-06,W,84,34,63,0.54,2,6,0.333,14,15,0.933,9,34,43,20,5,5,14,20,27.0,2015,True,TUL,1611661321
1611661320,Los Angeles Sparks,1021500131,2015-08-09,L,64,24,62,0.387,5,16,0.313,11,12,0.917,9,24,33,17,6,5,16,21,-8.0,2015,False,MIN,1611661324
1611661320,Los Angeles Sparks,1021500135,2015-08-11,L,77,28,64,0.438,5,19,0.263,16,18,0.889,7,22,29,23,1,5,13,14,-8.0,2015,True,SEA,1611661328
1611661320,Los Angeles Sparks,1021500144,2015-08-16,W,76,30,62,0.484,3,9,0.333,13,16,0.813,4,30,34,18,7,1,11,15,12.0,2015,True,CHI,1611661329
1611661320,Los Angeles Sparks,1021500148,2015-08-18,L,68,26,57,0.456,1,13,0.077,15,18,0.833,6,23,29,18,12,7,17,21,-11.0,2015,True,IND,1611661325
1611661320,Los Angeles Sparks,1021500155,2015-08-21,W,78,32,65,0.492,3,14,0.214,11,13,0.846,9,21,30,13,7,4,8,20,10.0,2015,False,PHO,1611661317
1611661320,Los Angeles Sparks,1021500158,2015-08-23,W,90,37,68,0.544,4,9,0.444,12,17,0.706,7,33,40,28,6,14,10,16,31.0,2015,False,SAN,1611661319
1611661320,Los Angeles Sparks,1021500163,2015-08-26,W,81,28,63,0.444,8,21,0.381,17,24,0.708,9,21,30,20,10,3,9,19,2.0,2015,False,IND,1611661325
1611661320,Los Angeles Sparks,1021500168,2015-08-28,L,66,27,60,0.45,3,15,0.2,9,12,0.75,6,22,28,14,7,4,13,20,-10.0,2015,False,TUL,1611661321
1611661320,Los Angeles Sparks,1021500173,2015-08-30,W,60,22,59,0.373,5,22,0.227,11,12,0.917,3,30,33,17,5,7,14,10,8.0,2015,True,SAN,1611661319
1611661320,Los Angeles Sparks,1021500182,2015-09-03,W,93,27,50,0.54,4,11,0.364,35,40,0.875,8,24,32,16,5,3,13,12,2.0,2015,True,WAS,1611661322
1611661320,Los Angeles Sparks,1021500187,2015-09-06,W,92,37,61,0.607,6,11,0.545,12,15,0.8,7,23,30,23,7,5,9,20,19.0,2015,True,TUL,1611661321
1611661320,Los Angeles Sparks,1021500194,2015-09-09,L,60,25,67,0.373,3,15,0.2,7,17,0.412,8,20,28,17,10,3,14,17,-30.0,2015,False,ATL,1611661330
1611661320,Los Angeles Sparks,1021500198,2015-09-11,L,65,24,61,0.393,3,20,0.15,14,21,0.667,7,24,31,16,7,1,11,23,-5.0,2015,False,PHO,1611661317
1611661320,Los Angeles Sparks,1021600006,2016-05-15,W,96,36,66,0.545,6,15,0.4,18,23,0.783,5,19,24,19,12,1,10,21,30.0,2016,True,SEA,1611661328
1611661320,Los Angeles Sparks,1021600012,2016-05-20,W,97,37,66,0.561,8,17,0.471,15,20,0.75,2,26,28,28,18,6,11,18,30.0,2016,False,WAS,1611661322
1611661320,Los Angeles Sparks,1021600015,2016-05-21,W,79,31,88,0.352,5,21,0.238,12,14,0.857,10,36,46,12,12,5,11,21,7.0,2016,False,NYL,1611661313
1611661320,Los Angeles Sparks,1021600021,2016-05-24,W,93,30,65,0.462,7,17,0.412,26,32,0.813,6,23,29,27,9,3,8,13,13.0,2016,False,CHI,1611661329
1611661320,Los Angeles Sparks,1021600023,2016-05-26,W,77,29,57,0.509,4,14,0.286,15,23,0.652,5,32,37,18,5,2,17,18,5.0,2016,False,CON,1611661323
1611661320,Los Angeles Sparks,1021600036,2016-06-02,W,68,23,53,0.434,9,16,0.563,13,19,0.684,9,21,30,17,7,4,15,17,7.0,2016,True,SAN,1611661319
1611661320,Los Angeles Sparks,1021600042,2016-06-04,W,74,27,58,0.466,9,13,0.692,11,14,0.786,7,24,31,14,3,3,8,14,13.0,2016,False,SAN,1611661319
1611661320,Los Angeles Sparks,1021600047,2016-06-07,W,100,41,74,0.554,7,20,0.35,11,19,0.579,10,21,31,30,14,5,9,19,23.0,2016,True,NYL,1611661313
1611661320,Los Angeles Sparks,1021600055,2016-06-11,W,97,38,65,0.585,5,17,0.294,16,17,0.941,9,23,32,25,12,5,19,18,24.0,2016,False,DAL,1611661321
1611661320,Los Angeles Sparks,1021600063,2016-06-14,W,98,39,67,0.582,4,14,0.286,16,17,0.941,7,22,29,24,5,2,6,15,13.0,2016,True,CHI,1611661329
1611661320,Los Angeles Sparks,1021600068,2016-06-17,W,77,31,68,0.456,5,18,0.278,10,12,0.833,6,21,27,18,5,4,8,17,6.0,2016,True,PHO,1611661317
1611661320,Los Angeles Sparks,1021600074,2016-06-21,L,69,24,60,0.4,5,14,0.357,16,24,0.667,5,24,29,15,11,3,17,17,-3.0,2016,True,MIN,1611661324
1611661320,Los Angeles Sparks,1021600082,2016-06-24,W,94,34,67,0.507,11,19,0.579,15,17,0.882,6,23,29,25,10,3,14,16,18.0,2016,False,MIN,1611661324
1611661320,Los Angeles Sparks,1021600088,2016-06-26,W,80,30,69,0.435,6,14,0.429,14,18,0.778,12,20,32,21,9,4,11,14,7.0,2016,True,CON,1611661323
1611661320,Los Angeles Sparks,1021600090,2016-06-28,W,89,35,72,0.486,4,13,0.308,15,17,0.882,11,26,37,20,9,2,11,14,5.0,2016,True,DAL,1611661321
1611661320,Los Angeles Sparks,1021600095,2016-06-30,W,84,30,59,0.508,3,10,0.3,21,28,0.75,5,23,28,20,7,8,13,20,9.0,2016,True,ATL,1611661330
1611661320,Los Angeles Sparks,1021600102,2016-07-03,W,77,30,57,0.526,5,12,0.417,12,16,0.75,3,26,29,22,8,6,14,8,10.0,2016,True,NYL,1611661313
1611661320,Los Angeles Sparks,1021600109,2016-07-06,W,94,35,63,0.556,6,15,0.4,18,21,0.857,6,17,23,24,8,5,13,14,6.0,2016,True,IND,1611661325
1611661320,Los Angeles Sparks,1021600119,2016-07-10,W,93,36,65,0.554,8,17,0.471,13,18,0.722,9,23,32,25,8,3,12,13,11.0,2016,True,WAS,1611661322
1611661320,Los Angeles Sparks,1021600124,2016-07-13,W,77,33,60,0.55,4,13,0.308,7,9,0.778,2,33,35,28,4,8,12,10,10.0,2016,False,CHI,1611661329
1611661320,Los Angeles Sparks,1021600126,2016-07-15,W,98,37,75,0.493,6,21,0.286,18,19,0.947,9,29,38,20,5,3,14,16,6.0,2016,False,CON,1611661323
1611661320,Los Angeles Sparks,1021600133,2016-07-17,L,74,24,64,0.375,4,14,0.286,22,28,0.786,8,26,34,15,6,4,12,22,-17.0,2016,False,ATL,1611661330
1611661320,Los Angeles Sparks,1021600136,2016-07-19,L,82,32,64,0.5,9,15,0.6,9,10,0.9,12,18,30,22,7,3,19,20,-10.0,2016,False,IND,1611661325
1611661320,Los Angeles Sparks,1021600143,2016-07-22,W,95,34,61,0.557,8,18,0.444,19,23,0.826,10,22,32,23,5,2,11,12,20.0,2016,False,WAS,1611661322
1611661320,Los Angeles Sparks,1021600151,2016-08-26,L,72,30,66,0.455,5,17,0.294,7,11,0.636,5,31,36,20,8,5,17,18,-7.0,2016,False,SEA,1611661328
1611661320,Los Angeles Sparks,1021600157,2016-08-28,L,66,28,57,0.491,4,13,0.308,6,11,0.545,4,33,37,16,10,5,21,15,-4.0,2016,False,PHO,1611661317
1611661320,Los Angeles Sparks,1021600162,2016-09-01,W,70,25,57,0.439,7,15,0.467,13,16,0.813,7,27,34,20,10,5,14,10,9.0,2016,False,SAN,1611661319
1611661320,Los Angeles Sparks,1021600166,2016-09-02,W,87,30,63,0.476,8,17,0.471,19,23,0.826,4,32,36,19,7,8,10,20,8.0,2016,False,DAL,1611661321
1611661320,Los Angeles Sparks,1021600171,2016-09-04,W,88,31,54,0.574,7,17,0.412,19,25,0.76,6,21,27,23,5,3,9,16,7.0,2016,True,IND,1611661325
1611661320,Los Angeles Sparks,1021600175,2016-09-06,L,74,25,61,0.41,5,16,0.313,19,26,0.731,5,23,28,13,8,2,8,19,-3.0,2016,True,MIN,1611661324
1611661320,Los Angeles Sparks,1021600178,2016-09-08,L,81,32,71,0.451,6,19,0.316,11,13,0.846,7,25,32,17,8,3,9,21,-5.0,2016,True,ATL,1611661330
1611661320,Los Angeles Sparks,1021600188,2016-09-11,L,60,23,61,0.377,3,13,0.231,11,13,0.846,2,22,24,10,7,2,13,19,-18.0,2016,False,SEA,1611661328
1611661320,Los Angeles Sparks,1021600193,2016-09-13,W,90,34,71,0.479,4,17,0.235,18,20,0.9,5,26,31,24,5,2,4,19,5.0,2016,True,PHO,1611661317
1611661320,Los Angeles Sparks,1021600199,2016-09-16,W,71,27,54,0.5,3,12,0.25,14,15,0.933,8,25,33,18,6,1,22,15,6.0,2016,True,SAN,1611661319
1611661320,Los Angeles Sparks,1021700002,2017-05-13,W,78,33,72,0.458,8,18,0.444,4,8,0.5,5,17,22,20,14,0,11,19,10.0,2017,True,SEA,1611661328
1611661320,Los Angeles Sparks,1021700012,2017-05-19,W,99,34,62,0.548,10,21,0.476,21,22,0.955,5,20,25,20,8,3,11,15,10.0,2017,True,WAS,1611661322
1611661320,Los Angeles Sparks,1021700020,2017-05-24,L,90,34,62,0.548,8,15,0.533,14,19,0.737,4,24,28,19,4,3,9,16,-3.0,2017,False,IND,1611661325
1611661320,Los Angeles Sparks,1021700025,2017-05-27,L,73,25,60,0.417,4,12,0.333,19,23,0.826,11,21,32,18,3,7,17,20,-2.0,2017,False,ATL,1611661330
1611661320,Los Angeles Sparks,1021700030,2017-05-30,W,90,31,62,0.5,5,16,0.313,23,27,0.852,7,21,28,16,13,3,11,18,15.0,2017,False,NYL,1611661313
1611661320,Los Angeles Sparks,1021700043,2017-06-06,W,79,22,64,0.344,4,13,0.308,31,40,0.775,7,25,32,17,13,6,7,15,9.0,2017,True,CHI,1611661329
1611661320,Los Angeles Sparks,1021700048,2017-06-09,L,90,36,72,0.5,3,11,0.273,15,15,1.0,7,22,29,14,7,5,15,20,-6.0,2017,False,DAL,1611661321
1611661320,Los Angeles Sparks,1021700051,2017-06-10,W,89,31,59,0.525,8,18,0.444,19,27,0.704,4,18,22,22,9,4,11,20,2.0,2017,False,PHO,1611661317
1611661320,Los Angeles Sparks,1021700056,2017-06-13,W,97,35,61,0.574,5,16,0.313,22,26,0.846,3,24,27,22,9,2,10,20,10.0,2017,True,DAL,1611661321
1611661320,Los Angeles Sparks,1021700059,2017-06-15,W,80,27,56,0.482,2,12,0.167,24,28,0.857,4,24,28,15,6,4,13,11,5.0,2017,True,SAN,1611661319
1611661320,Los Angeles Sparks,1021700064,2017-06-18,W,90,32,67,0.478,6,19,0.316,20,23,0.87,9,31,40,22,10,4,13,19,31.0,2017,True,PHO,1611661317
1611661320,Los Angeles Sparks,1021700073,2017-06-24,W,84,32,60,0.533,8,17,0.471,12,14,0.857,4,27,31,19,9,5,14,21,11.0,2017,False,IND,1611661325
1611661320,Los Angeles Sparks,1021700078,2017-06-27,W,87,32,64,0.5,4,12,0.333,19,26,0.731,8,24,32,20,8,7,9,19,8.0,2017,False,CON,1611661323
1611661320,Los Angeles Sparks,1021700082,2017-06-30,W,85,31,60,0.517,8,17,0.471,15,20,0.75,8,25,33,16,9,5,18,17,9.0,2017,False,ATL,1611661330
1611661320,Los Angeles Sparks,1021700087,2017-07-02,W,76,28,68,0.412,8,19,0.421,12,15,0.8,10,24,34,17,7,3,9,16,7.0,2017,True,WAS,1611661322
1611661320,Los Angeles Sparks,1021700092,2017-07-06,L,77,32,66,0.485,4,16,0.25,9,11,0.818,9,19,28,15,9,3,17,18,-11.0,2017,False,MIN,1611661324
1611661320,Los Angeles Sparks,1021700098,2017-07-08,L,69,26,70,0.371,4,23,0.174,13,14,0.929,9,18,27,10,11,5,11,16,-12.0,2017,False,SEA,1611661328
1611661320,Los Angeles Sparks,1021700105,2017-07-13,W,87,31,70,0.443,8,23,0.348,17,20,0.85,9,28,37,20,7,5,15,16,10.0,2017,True,CON,1611661323
1611661320,Los Angeles Sparks,1021700114,2017-07-17,W,80,34,64,0.531,5,10,0.5,7,9,0.778,5,27,32,19,12,5,12,11,18.0,2017,True,IND,1611661325
1611661320,Los Angeles Sparks,1021700121,2017-07-20,L,80,32,66,0.485,6,16,0.375,10,14,0.714,4,24,28,15,7,2,12,10,-2.0,2017,True,CHI,1611661329
1611661320,Los Angeles Sparks,1021700128,2017-07-25,W,68,26,69,0.377,2,13,0.154,14,20,0.7,13,26,39,16,10,4,11,19,8.0,2017,True,SEA,1611661328
1611661320,Los Angeles Sparks,1021700132,2017-07-28,W,85,37,67,0.552,4,13,0.308,7,9,0.778,3,26,29,22,7,5,8,14,12.0,2017,False,SAN,1611661319
1611661320,Los Angeles Sparks,1021700137,2017-07-30,W,95,40,71,0.563,3,17,0.176,12,13,0.923,8,33,41,28,10,2,15,21,21.0,2017,True,DAL,1611661321
1611661320,Los Angeles Sparks,1021700147,2017-08-04,W,87,32,70,0.457,6,18,0.333,17,22,0.773,5,28,33,16,7,1,7,15,13.0,2017,True,NYL,1611661313
1611661320,Los Angeles Sparks,1021700151,2017-08-06,L,79,26,64,0.406,2,15,0.133,25,27,0.926,4,27,31,10,12,4,15,19,-6.0,2017,False,DAL,1611661321
1611661320,Los Angeles Sparks,1021700159,2017-08-11,W,70,24,64,0.375,7,19,0.368,15,16,0.938,6,24,30,15,7,3,15,17,6.0,2017,False,MIN,1611661324
1611661320,Los Angeles Sparks,1021700164,2017-08-13,L,69,26,63,0.413,5,19,0.263,12,13,0.923,4,22,26,16,5,7,10,15,-14.0,2017,False,NYL,1611661313
1611661320,Los Angeles Sparks,1021700166,2017-08-16,W,95,40,67,0.597,3,6,0.5,12,13,0.923,9,26,35,24,12,3,12,16,33.0,2017,False,WAS,1611661322
1611661320,Los Angeles Sparks,1021700171,2017-08-18,W,115,45,99,0.455,12,23,0.522,13,15,0.867,14,28,42,34,17,4,6,12,9.0,2017,False,CHI,1611661329
1611661320,Los Angeles Sparks,1021700179,2017-08-22,W,75,29,57,0.509,6,20,0.3,11,16,0.688,3,30,33,22,9,0,14,16,20.0,2017,True,SAN,1611661319
1611661320,Los Angeles Sparks,1021700183,2017-08-24,W,82,35,73,0.479,4,9,0.444,8,8,1.0,7,25,32,18,13,2,8,20,15.0,2017,False,PHO,1611661317
1611661320,Los Angeles Sparks,1021700190,2017-08-27,W,78,31,66,0.47,4,18,0.222,12,16,0.75,6,25,31,15,11,2,8,14,11.0,2017,True,MIN,1611661324
1611661320,Los Angeles Sparks,1021700198,2017-09-01,W,81,31,60,0.517,4,11,0.364,15,18,0.833,6,30,36,21,10,3,16,20,25.0,2017,True,ATL,1611661330
1611661320,Los Angeles Sparks,1021700201,2017-09-03,W,81,37,72,0.514,1,6,0.167,6,6,1.0,5,29,34,21,11,4,13,14,11.0,2017,True,CON,1611661323
1611661320,Los Angeles Sparks,1021800006,2018-05-20,W,77,29,72,0.403,3,18,0.167,16,20,0.8,5,20,25,13,14,1,6,20,1.0,2018,False,MIN,1611661324
1611661320,Los Angeles Sparks,1021800009,2018-05-22,W,87,34,67,0.507,6,17,0.353,13,15,0.867,5,29,34,21,7,2,10,21,17.0,2018,False,IND,1611661325
1611661320,Los Angeles Sparks,1021800014,2018-05-24,L,94,35,64,0.547,8,14,0.571,16,19,0.842,5,9,14,23,8,2,11,16,-8.0,2018,False,CON,1611661323
1611661320,Los Angeles Sparks,1021800021,2018-05-27,W,80,26,58,0.448,7,18,0.389,21,30,0.7,9,22,31,17,8,1,13,19,8.0,2018,True,PHO,1611661317
1611661320,Los Angeles Sparks,1021800035,2018-06-03,W,77,32,62,0.516,3,13,0.231,10,12,0.833,4,21,25,18,6,1,11,16,8.0,2018,True,MIN,1611661324
1611661320,Los Angeles Sparks,1021800041,2018-06-07,L,63,25,67,0.373,2,12,0.167,11,12,0.917,8,18,26,13,12,1,17,17,-25.0,2018,True,SEA,1611661328
1611661320,Los Angeles Sparks,1021800047,2018-06-10,W,77,29,59,0.492,2,13,0.154,17,21,0.81,7,38,45,18,4,4,13,17,18.0,2018,True,CHI,1611661329
1611661320,Los Angeles Sparks,1021800053,2018-06-12,W,72,29,65,0.446,7,15,0.467,7,10,0.7,9,22,31,18,5,1,13,12,8.0,2018,True,ATL,1611661330
1611661320,Los Angeles Sparks,1021800057,2018-06-15,W,97,35,56,0.625,8,10,0.8,19,20,0.95,3,21,24,29,6,2,16,14,11.0,2018,False,WAS,1611661322
1611661320,Los Angeles Sparks,1021800063,2018-06-17,W,81,30,72,0.417,4,13,0.308,17,20,0.85,13,28,41,19,7,6,9,17,9.0,2018,False,CHI,1611661329
1611661320,Los Angeles Sparks,1021800069,2018-06-19,W,74,32,68,0.471,4,13,0.308,6,6,1.0,3,26,29,20,9,7,7,12,19.0,2018,True,IND,1611661325
1611661320,Los Angeles Sparks,1021800071,2018-06-22,L,72,29,65,0.446,3,15,0.2,11,13,0.846,7,17,24,18,6,3,12,19,-29.0,2018,False,DAL,1611661321
1611661320,Los Angeles Sparks,1021800077,2018-06-24,W,80,31,61,0.508,8,20,0.4,10,18,0.556,3,36,39,27,10,4,9,14,26.0,2018,True,NYL,1611661313
1611661320,Los Angeles Sparks,1021800084,2018-06-26,W,87,33,63,0.524,5,15,0.333,16,24,0.667,5,26,31,17,14,7,12,18,4.0,2018,True,DAL,1611661321
1611661320,Los Angeles Sparks,1021800089,2018-06-28,L,72,26,68,0.382,6,17,0.353,14,15,0.933,10,25,35,8,6,5,12,15,-9.0,2018,False,SEA,1611661328
1611661320,Los Angeles Sparks,1021800093,2018-06-29,L,78,29,73,0.397,13,28,0.464,7,12,0.583,11,23,34,19,7,7,12,20,-16.0,2018,False,LVA,1611661319
1611661320,Los Angeles Sparks,1021800096,2018-07-01,W,87,35,60,0.583,8,18,0.444,9,11,0.818,2,22,24,24,13,1,14,17,16.0,2018,True,LVA,1611661319
1611661320,Los Angeles Sparks,1021800103,2018-07-03,L,72,27,64,0.422,4,13,0.308,14,15,0.933,6,21,27,11,10,1,13,16,-1.0,2018,True,CON,1611661323
1611661320,Los Angeles Sparks,1021800106,2018-07-05,L,72,28,66,0.424,6,20,0.3,10,13,0.769,8,19,27,19,7,4,9,18,-11.0,2018,False,MIN,1611661324
1611661320,Los Angeles Sparks,1021800110,2018-07-07,L,74,29,64,0.453,4,16,0.25,12,13,0.923,5,25,30,17,7,2,14,27,-9.0,2018,True,WAS,1611661322
1611661320,Los Angeles Sparks,1021800116,2018-07-10,W,77,30,75,0.4,6,15,0.4,11,12,0.917,9,25,34,23,10,3,12,17,2.0,2018,False,SEA,1611661328
1611661320,Los Angeles Sparks,1021800122,2018-07-12,L,77,27,62,0.435,4,17,0.235,19,24,0.792,5,22,27,16,8,3,13,15,-15.0,2018,True,DAL,1611661321
1611661320,Los Angeles Sparks,1021800131,2018-07-15,W,99,37,76,0.487,10,20,0.5,15,15,1.0,5,30,35,20,7,4,7,16,21.0,2018,False,LVA,1611661319
1611661320,Los Angeles Sparks,1021800142,2018-07-20,L,76,32,70,0.457,4,18,0.222,8,11,0.727,12,26,38,20,3,0,11,12,-2.0,2018,True,IND,1611661325
1611661320,Los Angeles Sparks,1021800148,2018-07-22,W,93,38,73,0.521,9,22,0.409,8,9,0.889,9,28,37,27,8,2,9,12,17.0,2018,False,CHI,1611661329
1611661320,Los Angeles Sparks,1021800152,2018-07-24,L,71,26,63,0.413,5,20,0.25,14,15,0.933,7,22,29,13,5,5,12,13,-10.0,2018,True,ATL,1611661330
1611661320,Los Angeles Sparks,1021800160,2018-08-02,W,79,32,65,0.492,8,16,0.5,7,11,0.636,6,24,30,22,7,4,9,19,22.0,2018,True,MIN,1611661324
1611661320,Los Angeles Sparks,1021800167,2018-08-05,W,78,30,63,0.476,3,15,0.2,15,19,0.789,9,27,36,17,1,1,7,22,3.0,2018,True,PHO,1611661317
1611661320,Los Angeles Sparks,1021800174,2018-08-08,W,82,29,67,0.433,12,28,0.429,12,16,0.75,7,24,31,20,7,2,10,14,1.0,2018,False,NYL,1611661313
1611661320,Los Angeles Sparks,1021800177,2018-08-09,L,73,29,69,0.42,6,19,0.316,9,14,0.643,9,21,30,16,13,2,12,17,-6.0,2018,False,ATL,1611661330
1611661320,Los Angeles Sparks,1021800186,2018-08-12,L,78,29,69,0.42,9,21,0.429,11,15,0.733,7,21,28,19,10,0,9,22,-8.0,2018,False,PHO,1611661317
1611661320,Los Angeles Sparks,1021800190,2018-08-14,W,74,29,79,0.367,4,19,0.211,12,14,0.857,11,27,38,13,11,2,5,12,8.0,2018,True,NYL,1611661313
1611661320,Los Angeles Sparks,1021800194,2018-08-17,L,67,25,67,0.373,6,17,0.353,11,11,1.0,11,28,39,16,6,2,10,7,-2.0,2018,False,WAS,1611661322
1611661320,Los Angeles Sparks,1021800199,2018-08-19,L,86,30,76,0.395,7,23,0.304,19,22,0.864,10,26,36,12,8,4,11,15,-3.0,2018,False,CON,1611661323
1611661320,Los Angeles Sparks,1021900006,2019-05-26,L,70,28,77,0.364,5,13,0.385,9,13,0.692,10,30,40,17,9,8,14,22,-13.0,2019,False,LVA,1611661319
1611661320,Los Angeles Sparks,1021900011,2019-05-31,W,77,28,72,0.389,6,20,0.3,15,17,0.882,9,30,39,15,6,4,10,22,7.0,2019,True,CON,1611661323
1611661320,Los Angeles Sparks,1021900017,2019-06-04,W,78,27,78,0.346,8,21,0.381,16,20,0.8,13,27,40,15,9,6,12,15,5.0,2019,False,NYL,1611661313
1611661320,Los Angeles Sparks,1021900021,2019-06-06,L,77,29,66,0.439,8,25,0.32,11,12,0.917,7,18,25,23,13,4,21,18,-12.0,2019,False,CON,1611661323
1611661320,Los Angeles Sparks,1021900025,2019-06-08,W,89,32,74,0.432,9,25,0.36,16,17,0.941,12,21,33,18,13,5,16,21,4.0,2019,False,MIN,1611661324
1611661320,Los Angeles Sparks,1021900038,2019-06-14,W,85,34,66,0.515,9,19,0.474,8,9,0.889,5,25,30,19,7,4,9,21,17.0,2019,False,PHO,1611661317
1611661320,Los Angeles Sparks,1021900042,2019-06-15,L,92,39,84,0.464,8,23,0.348,6,7,0.857,12,30,42,22,5,3,14,22,-6.0,2019,True,NYL,1611661313
1611661320,Los Angeles Sparks,1021900045,2019-06-18,L,52,19,66,0.288,3,19,0.158,11,18,0.611,10,28,38,10,9,1,26,12,-29.0,2019,True,WAS,1611661322
1611661320,Los Angeles Sparks,1021900052,2019-06-21,L,62,23,61,0.377,6,21,0.286,10,12,0.833,5,24,29,13,4,4,14,15,-22.0,2019,False,SEA,1611661328
1611661320,Los Angeles Sparks,1021900057,2019-06-23,L,72,26,70,0.371,8,23,0.348,12,14,0.857,10,29,39,19,2,2,10,24,-10.0,2019,False,PHO,1611661317
1611661320,Los Angeles Sparks,1021900063,2019-06-27,W,86,32,75,0.427,8,18,0.444,14,15,0.933,8,31,39,17,11,6,14,13,12.0,2019,True,LVA,1611661319
1611661320,Los Angeles Sparks,1021900071,2019-06-30,W,94,35,71,0.493,10,24,0.417,14,15,0.933,10,26,36,21,8,6,14,15,25.0,2019,True,CHI,1611661329
1611661320,Los Angeles Sparks,1021900082,2019-07-07,W,98,36,74,0.486,16,31,0.516,10,12,0.833,7,32,39,24,4,5,6,15,17.0,2019,True,WAS,1611661322
1611661320,Los Angeles Sparks,1021900085,2019-07-09,L,62,26,71,0.366,4,19,0.211,6,7,0.857,17,19,36,16,6,4,21,12,-12.0,2019,False,DAL,1611661321
1611661320,Los Angeles Sparks,1021900090,2019-07-12,W,90,34,78,0.436,7,22,0.318,15,17,0.882,13,18,31,23,16,2,12,13,6.0,2019,False,IND,1611661325
1611661320,Los Angeles Sparks,1021900096,2019-07-14,W,76,30,87,0.345,6,26,0.231,10,12,0.833,16,27,43,17,8,6,5,17,5.0,2019,False,ATL,1611661330
1611661320,Los Angeles Sparks,1021900104,2019-07-18,W,69,23,60,0.383,4,12,0.333,19,21,0.905,8,23,31,13,9,1,11,14,5.0,2019,True,DAL,1611661321
1611661320,Los Angeles Sparks,1021900108,2019-07-20,L,78,28,65,0.431,10,25,0.4,12,16,0.75,5,21,26,18,7,6,11,27,-5.0,2019,False,NYL,1611661313
1611661320,Los Angeles Sparks,1021900113,2019-07-23,W,78,28,65,0.431,9,19,0.474,13,15,0.867,11,27,38,22,10,5,13,16,12.0,2019,False,ATL,1611661330
1611661320,Los Angeles Sparks,1021900124,2019-08-01,W,76,30,71,0.423,9,26,0.346,7,7,1.0,5,28,33,19,7,7,12,18,8.0,2019,True,LVA,1611661319
1611661320,Los Angeles Sparks,1021900130,2019-08-04,W,83,32,61,0.525,6,20,0.3,13,15,0.867,5,26,31,23,10,5,16,12,8.0,2019,True,SEA,1611661328
1611661320,Los Angeles Sparks,1021900135,2019-08-08,W,84,31,63,0.492,10,23,0.435,12,15,0.8,5,25,30,22,8,2,13,21,10.0,2019,True,PHO,1611661317
1611661320,Los Angeles Sparks,1021900143,2019-08-11,W,84,32,70,0.457,7,20,0.35,13,15,0.867,8,25,33,18,10,1,23,20,3.0,2019,True,CHI,1611661329
1611661320,Los Angeles Sparks,1021900148,2019-08-14,L,78,30,68,0.441,5,18,0.278,13,14,0.929,4,23,27,16,6,4,15,19,-6.0,2019,False,DAL,1611661321
1611661320,Los Angeles Sparks,1021900151,2019-08-16,L,81,30,71,0.423,4,17,0.235,17,20,0.85,7,20,27,21,10,2,13,23,-10.0,2019,False,CHI,1611661329
1611661320,Los Angeles Sparks,1021900163,2019-08-20,W,81,29,60,0.483,7,19,0.368,16,20,0.8,7,26,33,14,10,1,16,15,10.0,2019,True,MIN,1611661324
1611661320,Los Angeles Sparks,1021900165,2019-08-22,W,98,38,76,0.5,6,20,0.3,16,23,0.696,10,31,41,27,10,4,13,18,33.0,2019,True,IND,1611661325
1611661320,Los Angeles Sparks,1021900171,2019-08-25,W,84,31,64,0.484,9,24,0.375,13,13,1.0,3,23,26,19,7,2,14,19,12.0,2019,True,CON,1611661323
1611661320,Los Angeles Sparks,1021900177,2019-08-27,L,66,23,67,0.343,3,21,0.143,17,22,0.773,12,21,33,12,7,0,15,18,-29.0,2019,False,WAS,1611661322
1611661320,Los Angeles Sparks,1021900180,2019-08-29,W,87,35,72,0.486,10,16,0.625,7,9,0.778,5,22,27,19,6,4,11,29,4.0,2019,False,IND,1611661325
1611661320,Los Angeles Sparks,1021900185,2019-08-31,L,86,31,77,0.403,10,28,0.357,14,17,0.824,4,23,27,19,3,2,4,20,-6.0,2019,False,LVA,1611661319
1611661320,Los Angeles Sparks,1021900191,2019-09-03,W,70,27,66,0.409,3,17,0.176,13,16,0.813,14,33,47,15,6,7,18,24,10.0,2019,True,ATL,1611661330
1611661320,Los Angeles Sparks,1021900194,2019-09-05,W,102,41,75,0.547,3,17,0.176,17,21,0.81,10,33,43,26,10,2,8,12,34.0,2019,True,SEA,1611661328
1611661320,Los Angeles Sparks,1021900204,2019-09-08,W,77,34,67,0.507,6,19,0.316,3,3,1.0,7,25,32,22,12,4,14,13,9.0,2019,True,MIN,1611661324
1611661320,Los Angeles Sparks,1022001002,2020-07-25,W,99,38,68,0.559,9,20,0.45,14,17,0.824,6,25,31,21,14,2,15,21,23.0,2020,False,PHO,1611661317
1611661320,Los Angeles Sparks,1022001008,2020-07-28,L,78,30,70,0.429,7,20,0.35,11,15,0.733,7,23,30,18,10,2,16,15,-18.0,2020,False,CHI,1611661329
1611661320,Los Angeles Sparks,1022001015,2020-07-30,W,81,32,72,0.444,5,16,0.313,12,15,0.8,5,31,36,22,8,3,15,26,5.0,2020,True,CON,1611661323
1611661320,Los Angeles Sparks,1022001021,2020-08-01,L,75,29,75,0.387,7,24,0.292,10,13,0.769,11,22,33,16,10,2,14,15,-6.0,2020,False,SEA,1611661328
1611661320,Los Angeles Sparks,1022001030,2020-08-05,W,86,31,64,0.484,6,17,0.353,18,23,0.783,4,25,29,16,9,6,12,21,11.0,2020,True,IND,1611661325
1611661320,Los Angeles Sparks,1022001036,2020-08-07,L,82,30,72,0.417,6,20,0.3,16,17,0.941,7,26,33,18,9,6,13,20,-4.0,2020,False,LVA,1611661319
1611661320,Los Angeles Sparks,1022001042,2020-08-09,W,97,38,58,0.655,13,22,0.591,8,12,0.667,4,26,30,27,7,1,20,22,16.0,2020,True,MIN,1611661324
1611661320,Los Angeles Sparks,1022001048,2020-08-11,W,93,35,71,0.493,11,17,0.647,12,15,0.8,4,22,26,19,10,5,16,18,15.0,2020,True,NYL,1611661313
1611661320,Los Angeles Sparks,1022001053,2020-08-13,W,81,31,64,0.484,6,19,0.316,13,18,0.722,7,27,34,18,10,2,12,19,17.0,2020,False,WAS,1611661322
1611661320,Los Angeles Sparks,1022001058,2020-08-15,W,90,33,61,0.541,11,19,0.579,13,17,0.765,5,16,21,25,14,1,13,24,14.0,2020,False,IND,1611661325
1611661320,Los Angeles Sparks,1022001069,2020-08-19,W,83,30,69,0.435,4,15,0.267,19,25,0.76,5,29,34,17,12,2,9,12,9.0,2020,True,PHO,1611661317
1611661320,Los Angeles Sparks,1022001073,2020-08-21,W,93,30,67,0.448,8,18,0.444,25,30,0.833,7,29,36,21,14,2,21,24,8.0,2020,False,ATL,1611661330
1611661320,Los Angeles Sparks,1022001080,2020-08-23,W,84,35,64,0.547,4,10,0.4,10,14,0.714,6,24,30,20,5,3,12,18,3.0,2020,True,DAL,1611661321
1611661320,Los Angeles Sparks,1022001092,2020-08-28,W,80,29,60,0.483,6,16,0.375,16,20,0.8,5,19,24,16,11,0,17,17,4.0,2020,False,CON,1611661323
1611661320,Los Angeles Sparks,1022001099,2020-08-30,W,84,36,72,0.5,4,14,0.286,8,11,0.727,7,27,34,19,8,3,13,17,5.0,2020,True,ATL,1611661330
1611661320,Los Angeles Sparks,1022001086,2020-08-31,L,78,30,67,0.448,10,25,0.4,8,13,0.615,8,22,30,19,3,3,10,12,-18.0,2020,False,MIN,1611661324
1611661320,Los Angeles Sparks,1022001104,2020-09-02,W,91,31,60,0.517,9,17,0.529,20,28,0.714,7,29,36,17,6,4,13,16,8.0,2020,False,DAL,1611661321
1611661320,Los Angeles Sparks,1022001111,2020-09-04,L,89,33,62,0.532,8,19,0.421,15,16,0.938,3,22,25,20,7,6,13,20,-1.0,2020,True,SEA,1611661328
1611661320,Los Angeles Sparks,1022001117,2020-09-06,W,86,34,67,0.507,8,14,0.571,10,13,0.769,9,29,38,19,6,3,16,17,6.0,2020,True,CHI,1611661329
1611661320,Los Angeles Sparks,1022001118,2020-09-08,W,96,37,68,0.544,8,19,0.421,14,15,0.933,4,27,31,32,9,3,11,19,26.0,2020,False,NYL,1611661313
1611661320,Los Angeles Sparks,1022001126,2020-09-10,L,72,29,70,0.414,4,16,0.25,10,11,0.909,13,28,41,15,7,4,13,14,-8.0,2020,True,WAS,1611661322
1611661320,Los Angeles Sparks,1022001132,2020-09-12,L,70,27,72,0.375,5,22,0.227,11,12,0.917,6,23,29,25,8,3,12,16,-14.0,2020,True,LVA,1611661319
1611661320,Los Angeles Sparks,1022100004,2021-05-14,L,71,28,78,0.359,7,28,0.25,8,14,0.571,6,19,25,15,12,3,15,17,-23.0,2021,True,DAL,1611661321
1611661320,Los Angeles Sparks,1022100018,2021-05-21,L,69,27,74,0.365,5,17,0.294,10,15,0.667,5,23,28,18,8,1,11,24,-28.0,2021,False,LVA,1611661319
1611661320,Los Angeles Sparks,1022100030,2021-05-28,W,76,26,66,0.394,9,19,0.474,15,18,0.833,9,21,30,17,13,3,19,18,15.0,2021,False,CHI,1611661329
1611661320,Los Angeles Sparks,1022100035,2021-05-30,W,82,30,73,0.411,8,18,0.444,14,18,0.778,8,25,33,20,11,8,19,19,3.0,2021,False,CHI,1611661329
1611661320,Los Angeles Sparks,1022100040,2021-06-01,L,69,24,64,0.375,10,30,0.333,11,12,0.917,4,20,24,11,5,10,12,19,-10.0,2021,False,DAL,1611661321
1611661320,Los Angeles Sparks,1022100044,2021-06-03,W,98,37,66,0.561,14,28,0.5,10,11,0.909,2,25,27,14,9,4,8,18,35.0,2021,True,IND,1611661325
1611661320,Los Angeles Sparks,1022100048,2021-06-05,W,68,25,68,0.368,3,19,0.158,15,21,0.714,9,29,38,13,4,6,11,20,5.0,2021,True,CHI,1611661329
1611661320,Los Angeles Sparks,1022100056,2021-06-10,L,71,22,67,0.328,8,23,0.348,19,28,0.679,9,22,31,13,6,4,11,19,-18.0,2021,False,WAS,1611661322
1611661320,Los Angeles Sparks,1022100060,2021-06-12,L,64,23,70,0.329,8,23,0.348,10,12,0.833,9,18,27,15,9,5,12,18,-16.0,2021,False,MIN,1611661324
1611661320,Los Angeles Sparks,1022100068,2021-06-16,W,85,36,80,0.45,9,28,0.321,4,6,0.667,14,21,35,17,3,6,5,23,5.0,2021,True,PHO,1611661317
1611661320,Los Angeles Sparks,1022100074,2021-06-18,L,66,23,60,0.383,4,14,0.286,16,22,0.727,5,23,28,10,8,2,12,25,-14.0,2021,True,PHO,1611661317
1611661320,Los Angeles Sparks,1022100078,2021-06-20,L,73,31,68,0.456,6,24,0.25,5,10,0.5,8,19,27,16,17,2,18,19,-3.0,2021,True,NYL,1611661313
1611661320,Los Angeles Sparks,1022100085,2021-06-24,W,89,33,64,0.516,10,17,0.588,13,15,0.867,0,22,22,16,8,6,12,18,7.0,2021,True,WAS,1611661322
1611661320,Los Angeles Sparks,1022100089,2021-06-27,L,79,31,74,0.419,6,20,0.3,11,15,0.733,5,26,31,14,7,3,9,24,-9.0,2021,False,PHO,1611661317
1611661320,Los Angeles Sparks,1022100096,2021-06-30,L,75,28,82,0.341,7,24,0.292,12,17,0.706,10,29,39,12,9,3,11,13,-24.0,2021,True,LVA,1611661319
1611661320,Los Angeles Sparks,1022100099,2021-07-02,L,58,22,62,0.355,6,21,0.286,8,10,0.8,5,28,33,12,5,6,13,20,-8.0,2021,True,LVA,1611661319
1611661320,Los Angeles Sparks,1022100105,2021-07-04,L,74,25,65,0.385,7,18,0.389,17,17,1.0,7,23,30,18,5,5,12,18,-10.0,2021,True,SEA,1611661328
1611661320,Los Angeles Sparks,1022100109,2021-07-07,L,62,21,59,0.356,4,19,0.211,16,20,0.8,7,21,28,8,11,5,17,19,-9.0,2021,False,SEA,1611661328
1611661320,Los Angeles Sparks,1022100119,2021-07-11,L,61,22,60,0.367,4,15,0.267,13,17,0.765,6,18,24,14,12,4,15,16,-25.0,2021,True,MIN,1611661324
1611661320,Los Angeles Sparks,1022100125,2021-08-15,W,75,29,66,0.439,7,20,0.35,10,14,0.714,7,30,37,17,3,6,15,24,5.0,2021,True,IND,1611661325
1611661320,Los Angeles Sparks,1022100130,2021-08-17,W,85,36,81,0.444,5,22,0.227,8,10,0.8,6,35,41,29,9,5,14,18,5.0,2021,True,ATL,1611661330
1611661320,Los Angeles Sparks,1022100134,2021-08-19,W,66,25,56,0.446,5,14,0.357,11,17,0.647,8,24,32,16,6,2,19,15,2.0,2021,True,ATL,1611661330
1611661320,Los Angeles Sparks,1022100139,2021-08-22,W,86,32,68,0.471,8,23,0.348,14,19,0.737,4,22,26,22,12,6,10,23,3.0,2021,False,NYL,1611661313
1611661320,Los Angeles Sparks,1022100144,2021-08-24,L,68,25,70,0.357,5,22,0.227,13,15,0.867,8,27,35,11,9,6,11,17,-10.0,2021,False,WAS,1611661322
1611661320,Los Angeles Sparks,1022100147,2021-08-26,L,72,27,57,0.474,5,16,0.313,13,14,0.929,3,20,23,20,7,4,15,24,-4.0,2021,False,CON,1611661323
1611661320,Los Angeles Sparks,1022100152,2021-08-28,L,61,20,53,0.377,8,21,0.381,13,18,0.722,3,15,18,12,10,3,14,21,-15.0,2021,False,CON,1611661323
1611661320,Los Angeles Sparks,1022100155,2021-08-31,L,72,28,59,0.475,6,17,0.353,10,15,0.667,3,17,20,21,7,1,11,17,-2.0,2021,False,IND,1611661325
1611661320,Los Angeles Sparks,1022100160,2021-09-02,L,57,19,61,0.311,6,19,0.316,13,17,0.765,3,26,29,12,9,6,12,16,-9.0,2021,False,MIN,1611661324
1611661320,Los Angeles Sparks,1022100172,2021-09-09,L,57,23,55,0.418,2,10,0.2,9,11,0.818,5,14,19,13,10,4,17,22,-18.0,2021,True,CON,1611661323
1611661320,Los Angeles Sparks,1022100179,2021-09-12,W,81,30,62,0.484,6,13,0.462,15,16,0.938,8,29,37,13,6,3,12,18,28.0,2021,True,SEA,1611661328
1611661320,Los Angeles Sparks,1022100183,2021-09-16,W,74,26,58,0.448,5,16,0.313,17,23,0.739,3,28,31,16,8,1,13,20,6.0,2021,False,ATL,1611661330
1611661320,Los Angeles Sparks,1022100191,2021-09-19,L,84,31,61,0.508,13,27,0.481,9,12,0.75,5,22,27,19,8,2,17,16,-3.0,2021,False,DAL,1611661321
1611661320,Los Angeles Sparks,1022200002,2022-05-06,W,98,32,65,0.492,7,19,0.368,27,33,0.818,8,28,36,20,19,4,20,20,7.0,2022,False,CHI,1611661329
1611661320,Los Angeles Sparks,1022200007,2022-05-08,W,87,34,71,0.479,1,10,0.1,18,20,0.9,11,30,41,18,15,5,19,16,10.0,2022,False,IND,1611661325
1611661320,Los Angeles Sparks,1022200012,2022-05-11,L,75,25,72,0.347,6,19,0.316,19,23,0.826,9,27,36,16,5,8,8,16,-2.0,2022,False,ATL,1611661330
1611661320,Los Angeles Sparks,1022200019,2022-05-14,L,60,19,54,0.352,3,12,0.25,19,22,0.864,8,13,21,11,11,2,19,23,-17.0,2022,False,CON,1611661323
1611661320,Los Angeles Sparks,1022200027,2022-05-17,L,84,32,67,0.478,8,20,0.4,12,17,0.706,7,19,26,23,10,6,14,20,-3.0,2022,True,MIN,1611661324
1611661320,Los Angeles Sparks,1022200033,2022-05-20,L,80,32,61,0.525,3,14,0.214,13,17,0.765,5,26,31,16,6,7,15,21,-3.0,2022,False,SEA,1611661328
1611661320,Los Angeles Sparks,1022200038,2022-05-23,L,76,30,75,0.4,5,23,0.217,11,14,0.786,6,26,32,17,3,5,5,16,-28.0,2022,False,LVA,1611661319
1611661320,Los Angeles Sparks,1022200043,2022-05-25,W,99,39,66,0.591,8,11,0.727,13,17,0.765,5,19,24,24,10,4,14,15,5.0,2022,True,PHO,1611661317
1611661320,Los Angeles Sparks,1022200045,2022-05-27,L,96,35,71,0.493,7,14,0.5,19,28,0.679,12,23,35,24,8,5,13,20,-5.0,2022,False,IND,1611661325
1611661320,Los Angeles Sparks,1022200051,2022-05-29,W,85,29,56,0.518,5,14,0.357,22,27,0.815,5,20,25,18,7,3,15,25,2.0,2022,False,MIN,1611661324
1611661320,Los Angeles Sparks,1022200055,2022-05-31,W,93,36,56,0.643,3,8,0.375,18,25,0.72,2,27,29,23,7,4,15,20,2.0,2022,True,DAL,1611661321
1611661320,Los Angeles Sparks,1022200067,2022-06-05,L,74,29,59,0.492,5,16,0.313,11,16,0.688,5,23,28,19,5,5,17,18,-7.0,2022,False,PHO,1611661317
1611661320,Los Angeles Sparks,1022200078,2022-06-11,L,72,26,71,0.366,7,22,0.318,13,14,0.929,5,25,30,18,7,8,13,20,-17.0,2022,True,LVA,1611661319
1611661320,Los Angeles Sparks,1022200095,2022-06-19,L,82,28,69,0.406,5,20,0.25,21,28,0.75,10,32,42,17,10,5,17,21,-10.0,2022,False,DAL,1611661321
1611661320,Los Angeles Sparks,1022200100,2022-06-21,W,84,33,67,0.493,6,14,0.429,12,17,0.706,9,25,34,21,11,5,16,19,2.0,2022,True,WAS,1611661322
1611661320,Los Angeles Sparks,1022200105,2022-06-23,L,59,26,79,0.329,3,18,0.167,4,8,0.5,7,27,34,18,7,2,9,13,-23.0,2022,True,CHI,1611661329
1611661320,Los Angeles Sparks,1022200108,2022-06-25,W,85,34,72,0.472,8,20,0.4,9,13,0.692,10,31,41,26,7,1,15,17,8.0,2022,False,SEA,1611661328
1611661320,Los Angeles Sparks,1022200113,2022-06-27,L,73,28,73,0.384,7,23,0.304,10,15,0.667,11,29,40,23,4,3,13,21,-6.0,2022,True,LVA,1611661319
1611661320,Los Angeles Sparks,1022200120,2022-07-01,W,97,37,76,0.487,7,19,0.368,16,19,0.842,5,24,29,24,9,3,10,20,8.0,2022,False,DAL,1611661321
1611661320,Los Angeles Sparks,1022200127,2022-07-03,W,84,30,64,0.469,6,16,0.375,18,22,0.818,8,29,37,19,8,4,14,13,10.0,2022,True,NYL,1611661313
1611661320,Los Angeles Sparks,1022200128,2022-07-04,W,78,27,60,0.45,5,14,0.357,19,25,0.76,7,25,32,18,10,0,20,16,3.0,2022,True,PHO,1611661317
1611661320,Los Angeles Sparks,1022200136,2022-07-07,L,69,26,70,0.371,5,19,0.263,12,13,0.923,8,16,24,18,7,3,12,11,-37.0,2022,True,SEA,1611661328
1611661320,Los Angeles Sparks,1022200141,2022-07-12,L,81,29,56,0.518,9,13,0.692,14,21,0.667,3,20,23,16,5,3,18,18,-13.0,2022,True,WAS,1611661322
1611661320,Los Angeles Sparks,1022200146,2022-07-14,L,68,28,71,0.394,7,17,0.412,5,6,0.833,7,23,30,19,11,5,14,13,-12.0,2022,True,CHI,1611661329
1611661320,Los Angeles Sparks,1022200156,2022-07-19,W,86,33,66,0.5,9,25,0.36,11,16,0.688,8,19,27,20,13,2,16,16,7.0,2022,True,IND,1611661325
1611661320,Los Angeles Sparks,1022200159,2022-07-21,W,85,34,64,0.531,6,11,0.545,11,13,0.846,6,19,25,22,12,3,12,19,7.0,2022,True,ATL,1611661330
1611661320,Los Angeles Sparks,1022200165,2022-07-23,L,66,24,59,0.407,2,12,0.167,16,21,0.762,4,28,32,12,6,6,14,19,-18.0,2022,False,LVA,1611661319
1611661320,Los Angeles Sparks,1022200172,2022-07-28,L,80,27,67,0.403,3,21,0.143,23,28,0.821,6,25,31,18,8,2,17,21,-10.0,2022,False,PHO,1611661317
1611661320,Los Angeles Sparks,1022200181,2022-07-31,L,77,30,83,0.361,6,25,0.24,11,12,0.917,8,21,29,20,11,3,7,16,-7.0,2022,True,MIN,1611661324
1611661320,Los Angeles Sparks,1022200183,2022-08-02,L,73,31,75,0.413,2,16,0.125,9,12,0.75,9,17,26,17,13,1,11,18,-29.0,2022,False,NYL,1611661313
1611661320,Los Angeles Sparks,1022200187,2022-08-03,L,61,24,60,0.4,4,17,0.235,9,9,1.0,4,30,34,17,4,6,16,19,-3.0,2022,False,NYL,1611661313
1611661320,Los Angeles Sparks,1022200191,2022-08-05,L,86,35,73,0.479,3,17,0.176,13,15,0.867,9,22,31,22,8,6,8,17,-2.0,2022,False,ATL,1611661330
1611661320,Los Angeles Sparks,1022200196,2022-08-07,W,79,26,63,0.413,5,13,0.385,22,26,0.846,6,23,29,18,4,4,7,20,3.0,2022,False,WAS,1611661322
1611661320,Los Angeles Sparks,1022200202,2022-08-09,L,71,27,60,0.45,6,15,0.4,11,14,0.786,1,22,23,15,13,3,19,15,-26.0,2022,True,CON,1611661323
1611661320,Los Angeles Sparks,1022200206,2022-08-11,L,69,28,68,0.412,5,18,0.278,8,10,0.8,7,17,24,16,6,2,17,22,-24.0,2022,True,CON,1611661323
1611661320,Los Angeles Sparks,1022200216,2022-08-14,L,88,31,70,0.443,8,24,0.333,18,22,0.818,9,14,23,17,8,4,8,23,-28.0,2022,True,DAL,1611661321
1611661320,Los Angeles Sparks,1022300004,2023-05-19,W,94,29,73,0.397,9,22,0.409,27,29,0.931,11,21,32,20,10,2,6,19,23.0,2023,True,PHO,1611661317
1611661320,Los Angeles Sparks,1022300012,2023-05-25,L,85,32,76,0.421,7,19,0.368,14,20,0.7,6,24,30,23,16,4,11,22,-9.0,2023,True,LVA,1611661319
1611661320,Los Angeles Sparks,1022300017,2023-05-27,L,65,25,68,0.368,8,22,0.364,7,9,0.778,6,27,33,18,2,3,19,15,-28.0,2023,False,LVA,1611661319
1611661320,Los Angeles Sparks,1022300029,2023-06-02,W,99,37,75,0.493,8,24,0.333,17,19,0.895,8,21,29,22,8,2,13,22,6.0,2023,False,PHO,1611661317
1611661320,Los Angeles Sparks,1022300031,2023-06-03,W,92,31,68,0.456,7,19,0.368,23,27,0.852,7,27,34,24,13,1,7,14,7.0,2023,True,SEA,1611661328
1611661320,Los Angeles Sparks,1022300037,2023-06-06,L,63,22,56,0.393,5,15,0.333,14,16,0.875,3,30,33,19,6,3,21,21,-3.0,2023,False,SEA,1611661328
1611661320,Los Angeles Sparks,1022300044,2023-06-09,W,77,28,73,0.384,3,20,0.15,18,22,0.818,10,32,42,16,10,1,10,9,15.0,2023,True,CHI,1611661329
1611661320,Los Angeles Sparks,1022300051,2023-06-11,L,86,32,67,0.478,9,28,0.321,13,15,0.867,2,24,26,26,7,6,10,21,-5.0,2023,False,MIN,1611661324
1611661320,Los Angeles Sparks,1022300055,2023-06-14,W,79,32,62,0.516,6,14,0.429,9,16,0.563,3,26,29,16,7,2,9,18,18.0,2023,False,DAL,1611661321
1611661320,Los Angeles Sparks,1022300060,2023-06-16,L,72,26,60,0.433,9,26,0.346,11,16,0.688,5,23,28,18,6,1,12,24,-5.0,2023,True,MIN,1611661324
1611661320,Los Angeles Sparks,1022300065,2023-06-18,L,74,28,68,0.412,4,19,0.211,14,15,0.933,10,24,34,18,5,2,15,14,-9.0,2023,True,CON,1611661323
1611661320,Los Angeles Sparks,1022300068,2023-06-20,L,61,23,62,0.371,8,26,0.308,7,10,0.7,4,33,37,14,4,3,17,20,-6.0,2023,True,MIN,1611661324
1611661320,Los Angeles Sparks,1022300075,2023-06-23,W,76,26,74,0.351,2,18,0.111,22,25,0.88,11,21,32,16,13,1,13,15,2.0,2023,True,DAL,1611661321
1611661320,Los Angeles Sparks,1022300080,2023-06-25,W,93,31,62,0.5,8,19,0.421,23,29,0.793,4,28,32,25,6,3,13,14,10.0,2023,True,DAL,1611661321
1611661320,Los Angeles Sparks,1022300085,2023-06-28,L,63,22,63,0.349,4,13,0.308,15,19,0.789,8,26,34,17,10,5,16,23,-17.0,2023,False,CHI,1611661329
1611661320,Los Angeles Sparks,1022300091,2023-06-30,L,78,28,67,0.418,4,13,0.308,18,23,0.783,10,20,30,16,9,3,13,13,-8.0,2023,False,CHI,1611661329
1611661320,Los Angeles Sparks,1022300094,2023-07-02,L,84,28,67,0.418,5,18,0.278,23,30,0.767,6,27,33,17,10,3,13,22,-28.0,2023,False,ATL,1611661330
1611661320,Los Angeles Sparks,1022300101,2023-07-05,L,79,29,68,0.426,6,22,0.273,15,22,0.682,4,29,33,20,3,5,11,20,-11.0,2023,True,ATL,1611661330
1611661320,Los Angeles Sparks,1022300110,2023-07-09,L,72,26,70,0.371,8,21,0.381,12,14,0.857,8,22,30,15,9,2,11,19,-6.0,2023,False,PHO,1611661317
1611661320,Los Angeles Sparks,1022300119,2023-07-12,L,78,34,78,0.436,4,21,0.19,6,8,0.75,12,24,36,22,9,3,16,13,-19.0,2023,True,LVA,1611661319
1611661320,Los Angeles Sparks,1022300125,2023-07-20,L,70,25,62,0.403,7,21,0.333,13,16,0.813,7,32,39,17,9,1,18,20,-3.0,2023,False,MIN,1611661324
1611661320,Los Angeles Sparks,1022300131,2023-07-22,L,84,32,63,0.508,8,18,0.444,12,14,0.857,3,21,24,20,4,1,12,12,-14.0,2023,False,DAL,1611661321
1611661320,Los Angeles Sparks,1022300139,2023-07-25,W,79,31,71,0.437,6,16,0.375,11,12,0.917,6,19,25,17,9,5,11,13,1.0,2023,True,IND,1611661325
1611661320,Los Angeles Sparks,1022300141,2023-07-27,W,81,28,63,0.444,5,20,0.25,20,23,0.87,4,26,30,17,7,4,12,9,13.0,2023,True,IND,1611661325
1611661320,Los Angeles Sparks,1022300150,2023-07-30,L,79,31,72,0.431,5,22,0.227,12,18,0.667,4,21,25,17,10,3,8,13,-8.0,2023,True,NYL,1611661313
1611661320,Los Angeles Sparks,1022300154,2023-08-01,L,69,24,70,0.343,6,20,0.3,15,16,0.938,12,23,35,18,7,1,12,17,-7.0,2023,True,NYL,1611661313
1611661320,Los Angeles Sparks,1022300158,2023-08-04,L,77,28,67,0.418,7,17,0.412,14,18,0.778,11,32,43,17,3,2,16,21,-2.0,2023,False,WAS,1611661322
1611661320,Los Angeles Sparks,1022300164,2023-08-06,W,91,27,59,0.458,10,21,0.476,27,31,0.871,6,26,32,21,11,3,15,23,8.0,2023,False,WAS,1611661322
1611661320,Los Angeles Sparks,1022300167,2023-08-08,W,87,29,72,0.403,8,19,0.421,21,24,0.875,6,25,31,19,8,6,8,14,7.0,2023,False,IND,1611661325
1611661320,Los Angeles Sparks,1022300176,2023-08-12,W,85,28,62,0.452,5,15,0.333,24,28,0.857,4,26,30,20,8,2,12,21,11.0,2023,True,ATL,1611661330
1611661320,Los Angeles Sparks,1022300188,2023-08-19,W,78,28,53,0.528,6,12,0.5,16,17,0.941,2,27,29,17,10,2,22,10,6.0,2023,False,LVA,1611661319
1611661320,Los Angeles Sparks,1022300197,2023-08-23,W,91,34,63,0.54,10,17,0.588,13,19,0.684,8,22,30,24,8,5,7,18,29.0,2023,True,PHO,1611661317
1611661320,Los Angeles Sparks,1022300202,2023-08-25,W,83,31,65,0.477,6,18,0.333,15,17,0.882,5,22,27,19,9,3,9,19,5.0,2023,False,ATL,1611661330
1611661320,Los Angeles Sparks,1022300205,2023-08-27,L,68,26,62,0.419,6,21,0.286,10,15,0.667,1,25,26,21,13,1,14,16,-15.0,2023,False,CON,1611661323
1611661320,Los Angeles Sparks,1022300212,2023-08-29,L,75,29,79,0.367,7,23,0.304,10,12,0.833,14,27,41,23,10,1,9,15,-1.0,2023,True,CHI,1611661329
1611661320,Los Angeles Sparks,1022300215,2023-08-31,L,61,20,66,0.303,6,21,0.286,15,16,0.938,4,22,26,17,12,1,13,18,-11.0,2023,True,SEA,1611661328
1611661320,Los Angeles Sparks,1022300223,2023-09-03,W,72,23,58,0.397,5,20,0.25,21,24,0.875,2,29,31,16,8,4,11,11,8.0,2023,True,WAS,1611661322
1611661320,Los Angeles Sparks,1022300224,2023-09-05,L,76,25,60,0.417,8,19,0.421,18,21,0.857,8,17,25,17,6,5,13,20,-14.0,2023,False,CON,1611661323
1611661320,Los Angeles Sparks,1022300229,2023-09-07,L,89,34,71,0.479,10,23,0.435,11,13,0.846,7,18,25,16,8,7,11,12,-7.0,2023,False,NYL,1611661313
1611661320,Los Angeles Sparks,1022300240,2023-09-10,W,91,34,77,0.442,5,18,0.278,18,24,0.75,14,24,38,25,16,2,12,16,2.0,2023,False,SEA,1611661328
1611661320,Los Angeles Sparks,1022400006,2024-05-15,L,81,28,72,0.389,12,31,0.387,13,22,0.591,8,27,35,24,8,2,11,17,-11.0,2024,True,ATL,1611661330
1611661320,Los Angeles Sparks,1022400011,2024-05-18,L,82,34,66,0.515,5,14,0.357,9,15,0.6,3,28,31,16,11,5,17,18,-7.0,2024,False,LVA,1611661319
1611661320,Los Angeles Sparks,1022400019,2024-05-21,W,70,26,55,0.473,8,21,0.381,10,15,0.667,5,28,33,21,8,5,24,19,2.0,2024,True,WAS,1611661322
1611661320,Los Angeles Sparks,1022400024,2024-05-24,L,73,25,59,0.424,5,24,0.208,18,21,0.857,3,32,35,18,5,3,18,19,-5.0,2024,True,IND,1611661325
1611661320,Los Angeles Sparks,1022400031,2024-05-26,L,83,30,76,0.395,6,21,0.286,17,21,0.81,10,27,37,21,1,4,8,18,-1.0,2024,True,DAL,1611661321
1611661320,Los Angeles Sparks,1022400033,2024-05-28,W,88,25,53,0.472,14,23,0.609,24,33,0.727,4,26,30,17,9,5,19,20,6.0,2024,False,IND,1611661325
1611661320,Los Angeles Sparks,1022400039,2024-05-30,L,73,24,60,0.4,4,21,0.19,21,29,0.724,7,26,33,17,9,2,18,15,-10.0,2024,False,CHI,1611661329
1611661320,Los Angeles Sparks,1022400048,2024-06-02,L,68,24,60,0.4,9,23,0.391,11,15,0.733,6,24,30,18,5,2,18,23,-19.0,2024,False,PHO,1611661317
1611661320,Los Angeles Sparks,1022400053,2024-06-05,L,62,20,77,0.26,4,28,0.143,18,18,1.0,17,27,44,15,6,3,16,20,-24.0,2024,True,MIN,1611661324
1611661320,Los Angeles Sparks,1022400058,2024-06-07,W,81,33,70,0.471,5,20,0.25,10,15,0.667,8,28,36,23,9,4,14,20,9.0,2024,True,DAL,1611661321
1611661320,Los Angeles Sparks,1022400065,2024-06-09,W,96,32,65,0.492,10,25,0.4,22,26,0.846,8,28,36,21,3,6,15,24,4.0,2024,True,LVA,1611661319
1611661320,Los Angeles Sparks,1022400069,2024-06-11,L,79,27,69,0.391,6,20,0.3,19,24,0.792,10,23,33,19,6,6,11,15,-16.0,2024,False,SEA,1611661328
1611661320,Los Angeles Sparks,1022400075,2024-06-14,L,76,28,64,0.438,5,20,0.25,15,18,0.833,8,26,34,23,11,1,21,18,-5.0,2024,False,MIN,1611661324
1611661320,Los Angeles Sparks,1022400080,2024-06-16,L,74,24,68,0.353,8,25,0.32,18,18,1.0,8,25,33,18,6,2,12,20,-13.0,2024,False,ATL,1611661330
1611661320,Los Angeles Sparks,1022400082,2024-06-18,L,70,26,52,0.5,6,17,0.353,12,18,0.667,4,22,26,19,7,2,22,15,-9.0,2024,False,CON,1611661323
1611661320,Los Angeles Sparks,1022400088,2024-06-20,L,80,31,62,0.5,7,19,0.368,11,19,0.579,5,29,34,18,8,1,14,18,-13.0,2024,False,NYL,1611661313
1611661320,Los Angeles Sparks,1022400092,2024-06-22,L,88,29,68,0.426,8,27,0.296,22,26,0.846,8,19,27,22,10,1,10,15,-10.0,2024,False,NYL,1611661313
1611661320,Los Angeles Sparks,1022400103,2024-06-28,L,78,29,63,0.46,10,21,0.476,10,15,0.667,4,19,23,24,10,5,15,21,-14.0,2024,False,PHO,1611661317
1611661320,Los Angeles Sparks,1022400114,2024-07-02,L,80,28,60,0.467,13,30,0.433,11,18,0.611,7,25,32,22,5,1,14,22,-2.0,2024,True,WAS,1611661322
1611661320,Los Angeles Sparks,1022400119,2024-07-05,W,98,32,86,0.372,11,31,0.355,23,32,0.719,11,28,39,23,6,3,3,16,5.0,2024,True,LVA,1611661319
1611661320,Los Angeles Sparks,1022400126,2024-07-07,L,78,29,75,0.387,5,24,0.208,15,19,0.789,10,19,29,25,6,2,9,24,-6.0,2024,True,PHO,1611661317
1611661320,Los Angeles Sparks,1022400127,2024-07-09,L,67,23,56,0.411,3,20,0.15,18,19,0.947,4,25,29,17,3,5,18,20,-15.0,2024,True,MIN,1611661324
1611661320,Los Angeles Sparks,1022400138,2024-07-13,W,87,35,70,0.5,6,14,0.429,11,14,0.786,5,24,29,24,11,4,12,17,6.0,2024,False,DAL,1611661321
1611661320,Los Angeles Sparks,1022400144,2024-07-16,L,83,28,69,0.406,10,26,0.385,17,22,0.773,12,25,37,20,5,3,15,23,-6.0,2024,True,SEA,1611661328
1611661320,Los Angeles Sparks,1022400151,2024-08-15,L,68,23,64,0.359,6,18,0.333,16,20,0.8,7,22,29,16,6,4,20,10,-35.0,2024,True,NYL,1611661313
1611661320,Los Angeles Sparks,1022400157,2024-08-17,L,86,29,74,0.392,9,27,0.333,19,26,0.731,10,23,33,23,6,4,8,23,-4.0,2024,True,CHI,1611661329
1611661320,Los Angeles Sparks,1022400159,2024-08-18,L,71,25,62,0.403,6,23,0.261,15,21,0.714,3,30,33,16,10,4,21,21,-16.0,2024,False,LVA,1611661319
1611661320,Los Angeles Sparks,1022400162,2024-08-20,L,61,26,66,0.394,2,19,0.105,7,10,0.7,8,34,42,15,8,6,21,14,-8.0,2024,False,CON,1611661323
1611661320,Los Angeles Sparks,1022400170,2024-08-23,L,74,28,75,0.373,6,27,0.222,12,15,0.8,8,29,37,18,12,3,18,11,-6.0,2024,False,WAS,1611661322
1611661320,Los Angeles Sparks,1022400175,2024-08-25,L,110,39,65,0.6,12,24,0.5,20,26,0.769,3,18,21,29,5,5,13,20,-3.0,2024,False,DAL,1611661321
1611661320,Los Angeles Sparks,1022400182,2024-08-28,W,94,35,68,0.515,8,21,0.381,16,22,0.727,5,23,28,24,12,4,10,16,6.0,2024,True,NYL,1611661313
1611661320,Los Angeles Sparks,1022400193,2024-09-01,L,62,23,62,0.371,3,21,0.143,13,18,0.722,7,24,31,14,5,2,9,14,-18.0,2024,True,ATL,1611661330
1611661320,Los Angeles Sparks,1022400199,2024-09-04,L,86,31,77,0.403,10,27,0.37,14,17,0.824,6,22,28,17,9,3,12,19,-7.0,2024,False,IND,1611661325
1611661320,Los Angeles Sparks,1022400205,2024-09-06,L,78,29,66,0.439,5,20,0.25,15,20,0.75,6,20,26,23,9,4,13,18,-14.0,2024,False,CHI,1611661329
1611661320,Los Angeles Sparks,1022400211,2024-09-08,L,67,22,54,0.407,7,14,0.5,16,20,0.8,4,24,28,15,5,2,19,20,-12.0,2024,True,CON,1611661323
1611661320,Los Angeles Sparks,1022400214,2024-09-10,L,66,26,67,0.388,6,19,0.316,8,12,0.667,5,22,27,19,9,0,15,14,-20.0,2024,True,CON,1611661323
1611661320,Los Angeles Sparks,1022400217,2024-09-11,L,82,32,65,0.492,7,17,0.412,11,15,0.733,6,32,38,21,5,3,13,12,-8.0,2024,True,SEA,1611661328
1611661320,Los Angeles Sparks,1022400229,2024-09-15,L,87,33,73,0.452,3,16,0.188,18,20,0.9,13,23,36,18,13,1,16,16,-3.0,2024,False,SEA,1611661328
1611661320,Los Angeles Sparks,1022400233,2024-09-17,L,81,28,83,0.337,9,33,0.273,16,20,0.8,23,26,49,16,5,3,18,18,-4.0,2024,True,PHO,1611661317
1611661320,Los Angeles Sparks,1022400238,2024-09-19,W,68,25,59,0.424,10,31,0.323,8,9,0.889,5,31,36,18,5,4,18,12,17.0,2024,False,MIN,1611661324
1611661320,Los Angeles Sparks,1022500003,2025-05-16,W,84,29,63,0.46,7,19,0.368,19,21,0.905,3,24,27,19,16,4,11,14,17.0,2025,False,GSV,1611661331
1611661320,Los Angeles Sparks,1022500008,2025-05-18,L,75,24,60,0.4,9,26,0.346,18,24,0.75,8,21,29,15,4,3,11,19,-14.0,2025,True,MIN,1611661324
1611661320,Los Angeles Sparks,1022500014,2025-05-21,L,86,28,68,0.412,10,29,0.345,20,26,0.769,7,30,37,18,4,3,16,21,-3.0,2025,False,PHX,1611661317
1611661320,Los Angeles Sparks,1022500019,2025-05-23,L,73,24,62,0.387,9,26,0.346,16,22,0.727,7,24,31,18,9,4,17,18,-9.0,2025,True,GSV,1611661331
1611661320,Los Angeles Sparks,1022500024,2025-05-25,W,91,31,66,0.47,13,27,0.481,16,23,0.696,10,22,32,24,12,2,11,14,13.0,2025,True,CHI,1611661329
1611661320,Los Angeles Sparks,1022500030,2025-05-27,L,82,30,67,0.448,8,19,0.421,14,17,0.824,8,20,28,23,12,1,13,19,-6.0,2025,True,ATL,1611661330
1611661320,Los Angeles Sparks,1022500037,2025-05-30,L,81,31,66,0.47,7,24,0.292,12,19,0.632,10,28,38,18,6,0,18,19,-15.0,2025,False,LVA,1611661319
1611661320,Los Angeles Sparks,1022500042,2025-06-01,L,80,26,71,0.366,8,35,0.229,20,25,0.8,12,26,38,17,11,3,13,25,-5.0,2025,True,PHX,1611661317
1611661320,Los Angeles Sparks,1022500051,2025-06-06,W,93,35,63,0.556,9,24,0.375,14,19,0.737,6,24,30,24,9,5,14,15,14.0,2025,False,DAL,1611661321
1611661320,Los Angeles Sparks,1022500057,2025-06-09,L,81,28,72,0.389,6,25,0.24,19,25,0.76,6,28,34,23,8,4,13,23,-8.0,2025,True,GSV,1611661331
1611661320,Los Angeles Sparks,1022500060,2025-06-11,W,97,33,58,0.569,9,20,0.45,22,27,0.815,4,34,38,24,5,1,15,26,8.0,2025,False,LVA,1611661319
1611661320,Los Angeles Sparks,1022500065,2025-06-14,L,78,24,58,0.414,8,15,0.533,22,28,0.786,12,24,36,14,3,1,20,14,-23.0,2025,False,MIN,1611661324
1611661320,Los Angeles Sparks,1022500076,2025-06-17,L,67,21,64,0.328,6,22,0.273,19,23,0.826,13,29,42,14,7,4,22,12,-31.0,2025,True,SEA,1611661328
1611661320,Los Angeles Sparks,1022500084,2025-06-21,L,66,24,65,0.369,7,31,0.226,11,16,0.688,9,17,26,13,7,3,15,17,-16.0,2025,False,MIN,1611661324
1611661320,Los Angeles Sparks,1022500091,2025-06-24,L,86,32,65,0.492,7,26,0.269,15,21,0.714,8,19,27,22,7,7,17,25,-11.0,2025,False,CHI,1611661329
1611661320,Los Angeles Sparks,1022500096,2025-06-26,W,85,29,58,0.5,6,19,0.316,21,28,0.75,8,26,34,19,8,1,19,24,10.0,2025,False,IND,1611661325
1611661320,Los Angeles Sparks,1022500105,2025-06-29,L,85,30,72,0.417,9,28,0.321,16,22,0.727,12,23,35,22,7,5,13,16,-7.0,2025,True,CHI,1611661329
1611661320,Los Angeles Sparks,1022500110,2025-07-03,L,79,27,56,0.482,5,19,0.263,20,26,0.769,4,28,32,22,8,6,17,16,-10.0,2025,False,NYL,1611661313
1611661320,Los Angeles Sparks,1022500114,2025-07-05,W,89,32,65,0.492,10,22,0.455,15,23,0.652,6,24,30,22,2,1,7,21,2.0,2025,False,IND,1611661325
1611661320,Los Angeles Sparks,1022500127,2025-07-10,L,82,29,58,0.5,13,27,0.481,11,12,0.917,4,27,31,24,7,1,22,15,-9.0,2025,True,MIN,1611661324
1611661320,Los Angeles Sparks,1022500135,2025-07-13,W,92,35,75,0.467,10,27,0.37,12,16,0.75,15,17,32,22,8,4,12,15,4.0,2025,True,CON,1611661323
1611661320,Los Angeles Sparks,1022500140,2025-07-15,W,99,38,71,0.535,9,23,0.391,14,22,0.636,5,25,30,28,9,4,10,18,19.0,2025,True,WAS,1611661322
1611661320,Los Angeles Sparks,1022500146,2025-07-22,W,93,35,68,0.515,13,31,0.419,10,14,0.714,11,22,33,24,7,2,16,20,7.0,2025,False,WAS,1611661322
1611661320,Los Angeles Sparks,1022500152,2025-07-24,W,101,33,63,0.524,12,28,0.429,23,36,0.639,5,34,39,21,8,5,15,20,15.0,2025,False,CON,1611661323
1611661320,Los Angeles Sparks,1022500159,2025-07-26,W,101,39,76,0.513,11,27,0.407,12,18,0.667,9,28,37,24,3,0,12,15,2.0,2025,False,NYL,1611661313
1611661320,Los Angeles Sparks,1022500169,2025-07-29,L,74,26,69,0.377,4,24,0.167,18,19,0.947,8,26,34,16,5,2,19,17,-15.0,2025,True,LVA,1611661319
1611661320,Los Angeles Sparks,1022500178,2025-08-01,W,108,41,88,0.466,7,26,0.269,19,25,0.76,12,34,46,23,8,6,18,22,2.0,2025,False,SEA,1611661328
1611661320,Los Angeles Sparks,1022500187,2025-08-05,W,100,37,66,0.561,13,26,0.5,13,15,0.867,7,25,32,25,1,7,11,16,9.0,2025,True,IND,1611661325
1611661320,Los Angeles Sparks,1022500192,2025-08-07,W,102,35,62,0.565,11,25,0.44,21,26,0.808,6,26,32,24,3,4,14,15,11.0,2025,True,CON,1611661323
1611661320,Los Angeles Sparks,1022500197,2025-08-09,L,59,20,61,0.328,8,34,0.235,11,14,0.786,5,26,31,15,6,2,12,14,-13.0,2025,False,GSV,1611661331
1611661320,Los Angeles Sparks,1022500201,2025-08-10,W,94,34,64,0.531,14,27,0.519,12,13,0.923,7,23,30,25,10,3,19,11,3.0,2025,True,SEA,1611661328
1611661320,Los Angeles Sparks,1022500206,2025-08-12,L,97,36,77,0.468,9,31,0.29,16,19,0.842,11,23,34,23,8,1,7,16,-8.0,2025,True,NYL,1611661313
1611661320,Los Angeles Sparks,1022500213,2025-08-15,W,97,33,75,0.44,11,25,0.44,20,25,0.8,15,24,39,23,11,5,14,17,1.0,2025,False,DAL,1611661321
1611661320,Los Angeles Sparks,1022500217,2025-08-17,L,86,35,70,0.5,8,24,0.333,8,11,0.727,4,11,15,23,8,4,7,14,-9.0,2025,False,WAS,1611661322
1611661320,Los Angeles Sparks,1022500227,2025-08-20,W,81,33,74,0.446,10,26,0.385,5,8,0.625,11,28,39,21,5,2,14,12,1.0,2025,True,DAL,1611661321
1611661320,Los Angeles Sparks,1022500244,2025-08-26,L,84,31,65,0.477,7,24,0.292,15,17,0.882,5,24,29,19,8,3,16,18,-8.0,2025,True,PHX,1611661317
1611661320,Los Angeles Sparks,1022500251,2025-08-29,L,75,27,56,0.482,8,25,0.32,13,16,0.813,3,27,30,17,7,4,22,14,-1.0,2025,True,IND,1611661325
1611661320,Los Angeles Sparks,1022500256,2025-08-31,W,81,28,70,0.4,10,36,0.278,15,18,0.833,7,33,40,19,6,3,13,18,3.0,2025,True,WAS,1611661322
1611661320,Los Angeles Sparks,1022500260,2025-09-01,W,91,35,67,0.522,4,18,0.222,17,19,0.895,8,29,37,22,8,2,18,16,6.0,2025,False,SEA,1611661328
1611661320,Los Angeles Sparks,1022500263,2025-09-03,L,75,28,69,0.406,6,25,0.24,13,20,0.65,9,26,35,19,8,3,11,11,-11.0,2025,False,ATL,1611661330
1611661320,Los Angeles Sparks,1022500268,2025-09-05,L,85,29,63,0.46,6,22,0.273,21,25,0.84,7,20,27,16,3,4,8,12,-19.0,2025,False,ATL,1611661330
1611661320,Los Angeles Sparks,1022500274,2025-09-07,W,91,34,84,0.405,10,33,0.303,13,20,0.65,10,31,41,23,11,2,7,14,14.0,2025,True,DAL,1611661321
1611661320,Los Angeles Sparks,1022500280,2025-09-09,W,88,29,69,0.42,9,31,0.29,21,25,0.84,9,26,35,21,7,4,9,13,5.0,2025,False,PHX,1611661317
1611661320,Los Angeles Sparks,1022500286,2025-09-11,L,75,31,73,0.425,4,26,0.154,9,10,0.9,5,27,32,23,9,1,14,11,-28.0,2025,True,LVA,1611661319
1611661320,Los Angeles Sparks,1022600009,2026-05-10,L,78,29,78,0.372,9,31,0.29,11,16,0.688,15,17,32,11,8,0,19,17,-27.0,2026,True,LVA,1611661319
1611661320,Los Angeles Sparks,1022600018,2026-05-13,L,78,28,57,0.491,2,15,0.133,20,25,0.8,4,20,24,13,12,4,19,24,-9.0,2026,True,IND,1611661325
1611661320,Los Angeles Sparks,1022600023,2026-05-15,W,99,37,58,0.638,9,21,0.429,16,20,0.8,2,22,24,26,6,1,16,18,4.0,2026,True,TOR,1611661332
1611661320,Los Angeles Sparks,1022600028,2026-05-17,L,96,33,64,0.516,7,23,0.304,23,30,0.767,9,17,26,26,6,3,13,32,-10.0,2026,True,TOR,1611661332
1611661320,Los Angeles Sparks,1022600037,2026-05-21,W,97,31,64,0.484,15,32,0.469,20,22,0.909,7,24,31,23,8,4,17,25,9.0,2026,False,PHX,1611661317
1611661320,Los Angeles Sparks,1022600043,2026-05-23,W,101,37,67,0.552,14,29,0.483,13,15,0.867,4,26,30,26,8,1,17,24,6.0,2026,False,LVA,1611661319
1611661320,Los Angeles Sparks,1022600057,2026-05-29,W,92,33,66,0.5,6,20,0.3,20,28,0.714,9,20,29,23,8,2,14,24,5.0,2026,False,WAS,1611661322
1611661320,Los Angeles Sparks,1022600061,2026-05-30,L,81,27,66,0.409,8,25,0.32,19,26,0.731,11,18,29,16,9,7,16,24,-3.0,2026,False,CON,1611661323
1611661320,Los Angeles Sparks,1022600069,2026-06-02,L,69,20,65,0.308,6,23,0.261,23,27,0.852,8,30,38,13,4,4,11,16,-10.0,2026,True,LVA,1611661319
1611661320,Los Angeles Sparks,1022600075,2026-06-05,L,96,36,67,0.537,9,28,0.321,15,21,0.714,8,22,30,25,5,2,17,16,-8.0,2026,True,DAL,1611661321
1611661320,Los Angeles Sparks,1022600082,2026-06-07,W,89,32,75,0.427,8,30,0.267,17,22,0.773,15,27,42,17,11,4,12,22,17.0,2026,True,PDX,1611661327
1611661320,Los Angeles Sparks,1022600090,2026-06-10,W,88,29,75,0.387,9,35,0.257,21,25,0.84,13,25,38,20,10,4,9,17,5.0,2026,False,SEA,1611661328
1611661320,Los Angeles Sparks,1022600100,2026-06-13,W,111,38,79,0.481,15,34,0.441,20,23,0.87,10,27,37,21,8,8,11,19,9.0,2026,False,PHX,1611661317
1611661320,Los Angeles Sparks,1022600105,2026-06-15,L,58,20,60,0.333,3,21,0.143,15,20,0.75,8,25,33,16,4,4,15,18,-20.0,2026,False,GSV,1611661331
1611661320,Los Angeles Sparks,1022600110,2026-06-17,L,83,25,60,0.417,7,26,0.269,26,32,0.813,5,21,26,20,8,1,18,18,-16.0,2026,True,MIN,1611661324
1611661320,Los Angeles Sparks,1022600122,2026-06-21,W,98,40,77,0.519,9,27,0.333,9,12,0.75,7,19,26,28,5,2,9,20,1.0,2026,True,NYL,1611661313
1611661320,Los Angeles Sparks,1022600132,2026-06-25,L,97,33,77,0.429,11,38,0.289,20,26,0.769,8,22,30,20,7,2,8,23,-28.0,2026,False,TOR,1611661332
1611661320,Los Angeles Sparks,1022600139,2026-06-27,L,87,33,77,0.429,4,20,0.2,17,21,0.81,5,20,25,21,4,4,9,23,-24.0,2026,False,IND,1611661325
1611661320,Los Angeles Sparks,1022600156,2026-07-06,L,64,22,65,0.338,5,29,0.172,15,20,0.75,4,31,35,18,7,1,18,13,-18.0,2026,True,SEA,1611661328
1611661320,Los Angeles Sparks,1022600161,2026-07-08,W,106,40,79,0.506,9,20,0.45,17,20,0.85,7,30,37,25,11,0,11,18,14.0,2026,True,IND,1611661325
1611661320,Los Angeles Sparks,1022600167,2026-07-10,W,102,39,76,0.513,14,31,0.452,10,15,0.667,5,27,32,32,11,4,11,20,15.0,2026,True,CHI,1611661329
1611661320,Los Angeles Sparks,1022600175,2026-07-13,L,92,35,67,0.522,9,24,0.375,13,16,0.813,6,19,25,18,11,3,18,23,-9.0,2026,False,ATL,1611661330
1611661320,Los Angeles Sparks,1022600180,2026-07-15,L,87,31,65,0.477,9,28,0.321,16,19,0.842,5,26,31,22,6,1,17,17,-9.0,2026,False,MIN,1611661324
1611661320,Los Angeles Sparks,1022600186,2026-07-17,L,82,29,65,0.446,6,26,0.231,18,23,0.783,6,28,34,20,4,5,17,17,-14.0,2026,False,CHI,1611661329
1611661320,Los Angeles Sparks,1022600191,2026-07-19,L,82,33,68,0.485,6,21,0.286,10,11,0.909,5,25,30,23,9,6,13,23,-8.0,2026,False,DAL,1611661321
1611661320,Los Angeles Sparks,1022600197,2026-07-22,L,82,28,70,0.4,9,28,0.321,17,21,0.81,10,27,37,20,5,5,18,21,-4.0,2026,True,PHX,1611661317
1611661320,Los Angeles Sparks,1022600207,2026-07-28,L,109,44,73,0.603,16,31,0.516,5,7,0.714,2,19,21,35,10,1,15,17,-4.0,2026,True,NYL,1611661313
1611661320,Los Angeles Sparks,1022600219,2026-08-02,W,106,39,75,0.52,16,29,0.552,12,14,0.857,9,23,32,33,8,5,13,16,5.0,2026,False,PDX,1611661327
1611661320,Los Angeles Sparks,1022600229,2026-08-05,L,88,32,68,0.471,9,24,0.375,15,20,0.75,9,26,35,27,6,5,14,19,-7.0,2026,False,CHI,1611661329
1611661320,Los Angeles Sparks,1022600231,2026-08-06,W,89,34,68,0.5,9,24,0.375,12,16,0.75,10,25,35,27,6,4,13,13,7.0,2026,False,MIN,1611661324
1611661320,Los Angeles Sparks,1022600242,2026-08-09,L,78,32,70,0.457,10,31,0.323,4,9,0.444,11,17,28,18,6,1,11,17,-6.0,2026,True,GSV,1611661331
1611661320,Los Angeles Sparks,1022600247,2026-08-11,L,87,32,74,0.432,7,32,0.219,16,22,0.727,11,22,33,25,11,2,17,25,-7.0,2026,True,PHX,1611661317
1611661320,Los Angeles Sparks,1022600252,2026-08-13,L,81,32,68,0.471,10,30,0.333,7,13,0.538,9,27,36,22,7,5,14,20,-4.0,2026,False,NYL,1611661313
1611661320,Los Angeles Sparks,1022600257,2026-08-15,L,70,24,61,0.393,9,26,0.346,13,16,0.813,3,24,27,20,11,2,14,18,-10.0,2026,False,WAS,1611661322
1611661320,Los Angeles Sparks,1022600263,2026-08-18,L,77,29,64,0.453,2,16,0.125,17,23,0.739,10,19,29,18,12,4,16,15,-8.0,2026,False,CON,1611661323
1611661320,Los Angeles Sparks,1022600271,2026-08-20,L,88,29,61,0.475,10,27,0.37,20,26,0.769,6,18,24,19,6,2,20,23,-36.0,2026,True,ATL,1611661330
1611661320,Los Angeles Sparks,1022600276,2026-08-22,W,77,27,53,0.509,8,18,0.444,15,19,0.789,4,36,40,19,4,3,24,20,9.0,2026,True,CON,1611661323
1611661320,Los Angeles Sparks,1022600283,2026-08-24,L,71,26,67,0.388,3,18,0.167,16,18,0.889,7,25,32,19,7,7,11,19,-7.0,2026,True,ATL,1611661330
1611661320,Los Angeles Sparks,1022600294,2026-08-28,W,88,36,64,0.563,8,20,0.4,8,14,0.571,3,20,23,28,10,5,9,17,6.0,2026,True,WAS,1611661322
1611661320,Los Angeles Sparks,1022600298,2026-08-30,W,90,32,73,0.438,12,31,0.387,14,15,0.933,5,35,40,23,12,5,16,16,16.0,2026,False,SEA,1611661328
1611661320,Los Angeles Sparks,1022600303,2026-09-17,L,77,29,78,0.372,7,25,0.28,12,19,0.632,7,20,27,22,13,6,13,12,-20.0,2026,False,DAL,1611661321
1611661320,Los Angeles Sparks,1022600315,2026-09-20,W,105,33,62,0.532,14,29,0.483,25,29,0.862,9,20,29,24,6,3,16,26,21.0,2026,True,PDX,1611661327
1611661320,Los Angeles Sparks,1022600322,2026-09-22,L,79,32,67,0.478,7,21,0.333,8,11,0.727,6,24,30,16,8,3,13,17,-10.0,2026,False,LVA,1611661319
1611661320,Los Angeles Sparks,1022600329,2026-09-24,L,75,28,68,0.412,9,25,0.36,10,15,0.667,6,27,33,22,2,2,12,18,-1.0,2026,True,GSV,1611661331
1611661321,Tulsa Shock,1021500003,2015-06-05,L,75,28,79,0.354,7,24,0.292,12,12,1.0,9,23,32,17,6,3,6,19,-8.0,2015,False,MIN,1611661324
1611661321,Tulsa Shock,1021500008,2015-06-06,W,101,34,70,0.486,10,14,0.714,23,27,0.852,12,19,31,19,6,4,15,16,8.0,2015,True,CHI,1611661329
1611661321,Tulsa Shock,1021500012,2015-06-09,W,68,23,63,0.365,6,23,0.261,16,27,0.593,13,34,47,10,12,6,13,23,23.0,2015,True,SEA,1611661328
1611661321,Tulsa Shock,1021500022,2015-06-14,W,73,30,84,0.357,3,7,0.429,10,15,0.667,30,27,57,13,5,7,12,22,11.0,2015,False,SAN,1611661319
1611661321,Tulsa Shock,1021500026,2015-06-16,W,88,36,71,0.507,6,13,0.462,10,12,0.833,9,34,43,23,6,6,12,19,27.0,2015,True,SAN,1611661319
1611661321,Tulsa Shock,1021500029,2015-06-19,W,86,31,75,0.413,8,20,0.4,16,19,0.842,14,23,37,18,3,3,9,22,4.0,2015,False,WAS,1611661322
1611661321,Tulsa Shock,1021500038,2015-06-21,W,86,33,74,0.446,7,19,0.368,13,17,0.765,14,22,36,22,7,0,11,15,8.0,2015,False,MIN,1611661324
1611661321,Tulsa Shock,1021500047,2015-06-26,W,71,21,62,0.339,10,24,0.417,19,21,0.905,7,19,26,14,9,3,13,20,9.0,2015,True,NYL,1611661313
1611661321,Tulsa Shock,1021500052,2015-06-28,W,93,29,65,0.446,9,26,0.346,26,28,0.929,11,22,33,15,6,6,13,15,4.0,2015,True,SEA,1611661328
1611661321,Tulsa Shock,1021500056,2015-06-30,L,69,23,65,0.354,9,22,0.409,14,19,0.737,8,28,36,13,4,4,10,20,-5.0,2015,False,SEA,1611661328
1611661321,Tulsa Shock,1021500059,2015-07-02,L,55,20,71,0.282,4,22,0.182,11,17,0.647,15,21,36,8,7,2,13,16,-31.0,2015,False,PHO,1611661317
1611661321,Tulsa Shock,1021500062,2015-07-03,L,95,32,71,0.451,11,21,0.524,20,26,0.769,13,19,32,16,5,4,10,25,-3.0,2015,False,LAS,1611661320
1611661321,Tulsa Shock,1021500065,2015-07-07,W,85,25,63,0.397,6,26,0.231,29,36,0.806,8,32,40,15,10,5,18,18,10.0,2015,False,ATL,1611661330
1611661321,Tulsa Shock,1021500072,2015-07-11,W,82,26,69,0.377,4,17,0.235,26,28,0.929,11,23,34,15,7,4,5,16,15.0,2015,True,LAS,1611661320
1611661321,Tulsa Shock,1021500082,2015-07-15,L,80,30,75,0.4,6,21,0.286,14,22,0.636,14,26,40,14,8,6,12,31,-3.0,2015,False,IND,1611661325
1611661321,Tulsa Shock,1021500087,2015-07-17,L,58,21,68,0.309,4,16,0.25,12,21,0.571,11,24,35,8,9,3,11,22,-7.0,2015,False,SAN,1611661319
1611661321,Tulsa Shock,1021500091,2015-07-19,L,72,25,64,0.391,9,23,0.391,13,16,0.813,6,23,29,14,6,3,13,17,-7.0,2015,True,MIN,1611661324
1611661321,Tulsa Shock,1021500094,2015-07-21,L,69,23,73,0.315,4,15,0.267,19,24,0.792,22,26,48,11,6,2,14,20,-7.0,2015,True,WAS,1611661322
1611661321,Tulsa Shock,1021500106,2015-07-30,L,66,21,72,0.292,6,22,0.273,18,23,0.783,9,23,32,10,11,3,12,21,-12.0,2015,True,PHO,1611661317
1611661321,Tulsa Shock,1021500111,2015-08-01,L,80,25,63,0.397,6,21,0.286,24,33,0.727,12,21,33,13,7,7,8,21,-6.0,2015,True,MIN,1611661324
1611661321,Tulsa Shock,1021500119,2015-08-04,L,84,29,75,0.387,6,18,0.333,20,24,0.833,14,28,42,14,8,4,8,20,-3.0,2015,False,PHO,1611661317
1611661321,Tulsa Shock,1021500122,2015-08-06,L,57,17,65,0.262,1,14,0.071,22,28,0.786,11,16,27,8,8,1,10,16,-27.0,2015,False,LAS,1611661320
1611661321,Tulsa Shock,1021500130,2015-08-09,L,90,26,64,0.406,8,22,0.364,30,38,0.789,9,17,26,17,9,4,9,23,-8.0,2015,True,ATL,1611661330
1611661321,Tulsa Shock,1021500136,2015-08-12,L,74,28,65,0.431,3,12,0.25,15,17,0.882,6,26,32,12,6,4,13,15,-6.0,2015,False,CON,1611661323
1611661321,Tulsa Shock,1021500141,2015-08-15,W,81,26,55,0.473,6,15,0.4,23,30,0.767,10,25,35,17,6,2,14,23,5.0,2015,False,NYL,1611661313
1611661321,Tulsa Shock,1021500147,2015-08-18,W,74,24,69,0.348,5,18,0.278,21,23,0.913,18,31,49,16,10,5,17,18,15.0,2015,True,PHO,1611661317
1611661321,Tulsa Shock,1021500152,2015-08-21,W,84,29,68,0.426,5,16,0.313,21,26,0.808,11,21,32,15,7,3,10,19,8.0,2015,True,CON,1611661323
1611661321,Tulsa Shock,1021500168,2015-08-28,W,76,28,66,0.424,2,14,0.143,18,22,0.818,15,27,42,15,8,2,13,17,10.0,2015,True,LAS,1611661320
1611661321,Tulsa Shock,1021500172,2015-08-30,W,76,26,58,0.448,7,17,0.412,17,19,0.895,2,25,27,14,3,6,14,22,6.0,2015,True,IND,1611661325
1611661321,Tulsa Shock,1021500181,2015-09-03,W,85,30,65,0.462,8,23,0.348,17,21,0.81,8,26,34,15,6,3,9,20,18.0,2015,False,SEA,1611661328
1611661321,Tulsa Shock,1021500187,2015-09-06,L,73,24,59,0.407,6,19,0.316,19,25,0.76,11,18,29,13,8,1,11,19,-19.0,2015,False,LAS,1611661320
1611661321,Tulsa Shock,1021500192,2015-09-08,W,74,28,65,0.431,3,17,0.176,15,20,0.75,10,29,39,9,4,5,14,16,10.0,2015,True,SAN,1611661319
1611661321,Tulsa Shock,1021500197,2015-09-11,L,71,25,64,0.391,4,16,0.25,17,23,0.739,13,23,36,12,3,5,15,19,-21.0,2015,False,CHI,1611661329
1611661321,Tulsa Shock,1021500202,2015-09-13,W,91,31,63,0.492,7,17,0.412,22,26,0.846,7,18,25,15,10,1,9,18,4.0,2015,True,PHO,1611661317
1611661321,Dallas Wings,1021600001,2016-05-14,W,90,27,64,0.422,7,18,0.389,29,36,0.806,11,26,37,11,10,2,13,24,11.0,2016,False,IND,1611661325
1611661321,Dallas Wings,1021600007,2016-05-15,L,71,24,70,0.343,7,28,0.25,16,21,0.762,9,25,34,17,10,5,11,22,-8.0,2016,False,NYL,1611661313
1611661321,Dallas Wings,1021600009,2016-05-18,W,87,30,75,0.4,8,30,0.267,19,20,0.95,14,21,35,17,7,2,12,23,10.0,2016,False,WAS,1611661322
1611661321,Dallas Wings,1021600017,2016-05-21,W,82,28,65,0.431,2,11,0.182,24,34,0.706,14,28,42,13,3,3,13,18,5.0,2016,True,SAN,1611661319
1611661321,Dallas Wings,1021600027,2016-05-27,L,93,28,69,0.406,7,19,0.368,30,39,0.769,17,19,36,13,5,2,19,33,-9.0,2016,True,ATL,1611661330
1611661321,Dallas Wings,1021600030,2016-05-29,L,87,26,75,0.347,11,27,0.407,24,27,0.889,13,19,32,18,8,2,12,15,-5.0,2016,True,CHI,1611661329
1611661321,Dallas Wings,1021600041,2016-06-04,L,63,26,71,0.366,6,26,0.231,5,8,0.625,12,24,36,17,10,4,18,18,-17.0,2016,False,MIN,1611661324
1611661321,Dallas Wings,1021600048,2016-06-08,L,79,26,74,0.351,8,23,0.348,19,25,0.76,14,22,36,20,3,4,10,25,-8.0,2016,True,WAS,1611661322
1611661321,Dallas Wings,1021600055,2016-06-11,L,73,23,55,0.418,8,18,0.444,19,28,0.679,6,18,24,15,9,1,21,18,-24.0,2016,True,LAS,1611661320
1611661321,Dallas Wings,1021600060,2016-06-14,L,88,30,73,0.411,15,34,0.441,13,16,0.813,14,16,30,18,6,4,12,21,-3.0,2016,False,NYL,1611661313
1611661321,Dallas Wings,1021600065,2016-06-16,W,88,33,63,0.524,4,17,0.235,18,27,0.667,13,22,35,14,13,5,17,26,9.0,2016,True,SEA,1611661328
1611661321,Dallas Wings,1021600070,2016-06-18,W,117,33,86,0.384,10,32,0.313,41,51,0.804,15,34,49,16,10,7,17,26,6.0,2016,False,PHO,1611661317
1611661321,Dallas Wings,1021600076,2016-06-21,W,100,38,72,0.528,9,17,0.529,15,19,0.789,8,22,30,19,7,1,13,23,10.0,2016,True,PHO,1611661317
1611661321,Dallas Wings,1021600079,2016-06-23,W,97,32,78,0.41,7,22,0.318,26,28,0.929,8,26,34,17,7,2,11,21,7.0,2016,True,SAN,1611661319
1611661321,Dallas Wings,1021600085,2016-06-25,L,87,30,70,0.429,5,17,0.294,22,28,0.786,15,21,36,13,4,7,12,20,-5.0,2016,True,IND,1611661325
1611661321,Dallas Wings,1021600090,2016-06-28,L,84,34,70,0.486,9,22,0.409,7,7,1.0,9,22,31,18,7,2,12,19,-5.0,2016,False,LAS,1611661320
1611661321,Dallas Wings,1021600096,2016-06-30,W,83,25,62,0.403,11,22,0.5,22,25,0.88,11,27,38,14,6,7,13,19,5.0,2016,False,SEA,1611661328
1611661321,Dallas Wings,1021600101,2016-07-02,L,83,29,66,0.439,2,13,0.154,23,27,0.852,11,23,34,8,8,3,12,17,-3.0,2016,True,CON,1611661323
1611661321,Dallas Wings,1021600106,2016-07-05,W,77,27,74,0.365,5,16,0.313,18,21,0.857,19,27,46,15,6,0,13,15,3.0,2016,True,PHO,1611661317
1611661321,Dallas Wings,1021600111,2016-07-08,L,90,31,80,0.388,4,20,0.2,24,27,0.889,17,32,49,19,4,3,17,26,-5.0,2016,False,ATL,1611661330
1611661321,Dallas Wings,1021600115,2016-07-09,L,56,17,69,0.246,8,29,0.276,14,18,0.778,8,17,25,11,5,3,10,14,-37.0,2016,False,MIN,1611661324
1611661321,Dallas Wings,1021600129,2016-07-15,L,77,26,69,0.377,10,27,0.37,15,19,0.789,11,21,32,19,4,3,10,17,-7.0,2016,False,CHI,1611661329
1611661321,Dallas Wings,1021600134,2016-07-17,L,97,34,75,0.453,10,26,0.385,19,24,0.792,7,27,34,24,10,3,13,19,-1.0,2016,True,MIN,1611661324
1611661321,Dallas Wings,1021600139,2016-07-20,L,78,28,73,0.384,6,18,0.333,16,18,0.889,8,21,29,15,6,3,9,14,-11.0,2016,True,CON,1611661323
1611661321,Dallas Wings,1021600144,2016-07-22,L,88,31,75,0.413,6,21,0.286,20,28,0.714,12,21,33,22,8,6,10,25,-5.0,2016,False,ATL,1611661330
1611661321,Dallas Wings,1021600150,2016-08-26,L,72,24,68,0.353,6,21,0.286,18,25,0.72,9,20,29,12,5,3,9,15,-26.0,2016,False,PHO,1611661317
1611661321,Dallas Wings,1021600154,2016-08-28,L,85,30,75,0.4,11,30,0.367,14,18,0.778,11,26,37,19,2,4,12,20,-7.0,2016,True,CHI,1611661329
1611661321,Dallas Wings,1021600160,2016-08-31,L,66,26,73,0.356,5,20,0.25,9,10,0.9,10,17,27,12,5,3,12,22,-12.0,2016,False,SEA,1611661328
1611661321,Dallas Wings,1021600166,2016-09-02,L,79,29,75,0.387,4,20,0.2,17,21,0.81,10,26,36,10,6,1,11,21,-8.0,2016,True,LAS,1611661320
1611661321,Dallas Wings,1021600168,2016-09-04,L,83,29,63,0.46,5,15,0.333,20,26,0.769,7,28,35,13,4,7,17,22,-5.0,2016,True,WAS,1611661322
1611661321,Dallas Wings,1021600182,2016-09-09,W,92,27,59,0.458,7,22,0.318,31,39,0.795,7,22,29,16,5,8,9,22,8.0,2016,False,SAN,1611661319
1611661321,Dallas Wings,1021600185,2016-09-11,W,84,29,69,0.42,4,16,0.25,22,26,0.846,9,27,36,8,7,5,10,20,3.0,2016,True,NYL,1611661313
1611661321,Dallas Wings,1021600196,2016-09-16,L,74,25,69,0.362,8,27,0.296,16,19,0.842,8,16,24,16,6,2,11,18,-33.0,2016,False,CON,1611661323
1611661321,Dallas Wings,1021600202,2016-09-18,L,60,20,63,0.317,4,18,0.222,16,17,0.941,8,22,30,12,4,3,16,23,-23.0,2016,False,IND,1611661325
1611661321,Dallas Wings,1021700005,2017-05-14,W,68,25,60,0.417,1,10,0.1,17,20,0.85,12,29,41,9,7,1,17,20,10.0,2017,False,PHO,1611661317
1611661321,Dallas Wings,1021700014,2017-05-20,L,87,31,62,0.5,3,13,0.231,22,27,0.815,8,17,25,16,11,3,16,25,-2.0,2017,True,MIN,1611661324
1611661321,Dallas Wings,1021700021,2017-05-25,W,94,32,72,0.444,5,19,0.263,25,29,0.862,12,23,35,22,10,5,15,18,12.0,2017,False,SAN,1611661319
1611661321,Dallas Wings,1021700026,2017-05-27,L,65,21,65,0.323,4,21,0.19,19,27,0.704,8,26,34,10,5,6,15,25,-42.0,2017,False,PHO,1611661317
1611661321,Dallas Wings,1021700031,2017-05-30,W,89,30,64,0.469,6,14,0.429,23,29,0.793,12,30,42,15,6,4,12,16,27.0,2017,True,IND,1611661325
1611661321,Dallas Wings,1021700035,2017-06-02,L,89,29,70,0.414,8,22,0.364,23,28,0.821,5,23,28,13,11,1,10,20,-4.0,2017,False,NYL,1611661313
1611661321,Dallas Wings,1021700036,2017-06-03,L,85,28,67,0.418,6,19,0.316,23,27,0.852,10,24,34,15,5,4,10,23,-6.0,2017,False,IND,1611661325
1611661321,Dallas Wings,1021700041,2017-06-06,L,89,29,77,0.377,6,22,0.273,25,28,0.893,14,24,38,16,4,3,12,20,-12.0,2017,True,WAS,1611661322
1611661321,Dallas Wings,1021700048,2017-06-09,W,96,33,71,0.465,6,20,0.3,24,28,0.857,12,22,34,20,10,4,14,18,6.0,2017,True,LAS,1611661320
1611661321,Dallas Wings,1021700054,2017-06-11,L,74,25,65,0.385,3,17,0.176,21,23,0.913,6,18,24,12,11,3,11,16,-17.0,2017,True,MIN,1611661324
1611661321,Dallas Wings,1021700056,2017-06-13,L,87,28,64,0.438,8,22,0.364,23,30,0.767,11,20,31,20,7,2,14,25,-10.0,2017,False,LAS,1611661320
1611661321,Dallas Wings,1021700060,2017-06-16,L,93,31,77,0.403,8,22,0.364,23,26,0.885,9,25,34,12,7,3,11,25,-9.0,2017,True,NYL,1611661313
1611661321,Dallas Wings,1021700063,2017-06-18,W,87,28,68,0.412,8,21,0.381,23,29,0.793,11,24,35,18,3,2,11,21,4.0,2017,False,WAS,1611661322
1611661321,Dallas Wings,1021700067,2017-06-21,W,81,24,62,0.387,6,21,0.286,27,33,0.818,9,23,32,18,7,3,12,20,3.0,2017,True,SAN,1611661319
1611661321,Dallas Wings,1021700071,2017-06-23,W,81,29,71,0.408,12,29,0.414,11,14,0.786,10,19,29,18,12,5,10,10,12.0,2017,False,SAN,1611661319
1611661321,Dallas Wings,1021700074,2017-06-25,W,96,33,64,0.516,7,17,0.412,23,28,0.821,8,23,31,18,8,6,14,17,14.0,2017,True,CON,1611661323
1611661321,Dallas Wings,1021700086,2017-07-01,L,69,24,68,0.353,1,17,0.059,20,26,0.769,12,20,32,13,10,4,13,17,-20.0,2017,True,SEA,1611661328
1611661321,Dallas Wings,1021700089,2017-07-05,W,94,28,70,0.4,8,22,0.364,30,34,0.882,15,24,39,16,11,7,20,24,10.0,2017,True,ATL,1611661330
1611661321,Dallas Wings,1021700099,2017-07-09,L,78,25,77,0.325,7,23,0.304,21,29,0.724,16,28,44,16,4,5,17,23,-20.0,2017,False,ATL,1611661330
1611661321,Dallas Wings,1021700102,2017-07-12,L,84,29,74,0.392,8,27,0.296,18,20,0.9,10,17,27,14,13,5,12,19,-6.0,2017,False,CHI,1611661329
1611661321,Dallas Wings,1021700112,2017-07-16,W,112,35,97,0.361,3,25,0.12,39,44,0.886,18,27,45,9,12,4,12,27,6.0,2017,True,CHI,1611661329
1611661321,Dallas Wings,1021700119,2017-07-19,L,74,26,75,0.347,7,26,0.269,15,18,0.833,8,20,28,18,9,3,13,19,-26.0,2017,False,MIN,1611661324
1611661321,Dallas Wings,1021700127,2017-07-25,W,84,28,68,0.412,6,13,0.462,22,27,0.815,12,18,30,13,7,1,14,23,2.0,2017,True,IND,1611661325
1611661321,Dallas Wings,1021700134,2017-07-28,L,93,32,70,0.457,10,23,0.435,19,22,0.864,9,19,28,17,9,3,15,25,-16.0,2017,False,SEA,1611661328
1611661321,Dallas Wings,1021700137,2017-07-30,L,74,19,66,0.288,6,28,0.214,30,33,0.909,7,14,21,11,10,5,12,13,-21.0,2017,False,LAS,1611661320
1611661321,Dallas Wings,1021700145,2017-08-04,W,93,34,72,0.472,16,26,0.615,9,12,0.75,16,30,46,18,3,5,14,19,13.0,2017,True,SEA,1611661328
1611661321,Dallas Wings,1021700151,2017-08-06,W,85,31,79,0.392,4,16,0.25,19,21,0.905,16,31,47,12,6,4,15,22,6.0,2017,True,LAS,1611661320
1611661321,Dallas Wings,1021700157,2017-08-10,L,100,33,80,0.413,6,18,0.333,28,35,0.8,15,27,42,18,11,5,15,21,-1.0,2017,True,PHO,1611661317
1611661321,Dallas Wings,1021700160,2017-08-12,L,88,28,73,0.384,7,23,0.304,25,26,0.962,5,23,28,15,12,2,11,21,-8.0,2017,False,CON,1611661323
1611661321,Dallas Wings,1021700173,2017-08-19,W,90,27,73,0.37,12,21,0.571,24,35,0.686,11,32,43,18,7,5,8,22,4.0,2017,True,ATL,1611661330
1611661321,Dallas Wings,1021700180,2017-08-23,L,87,34,82,0.415,10,30,0.333,9,11,0.818,10,26,36,19,8,2,13,23,-6.0,2017,False,CON,1611661323
1611661321,Dallas Wings,1021700188,2017-08-26,W,83,28,63,0.444,6,22,0.273,21,31,0.677,8,28,36,16,6,3,10,23,5.0,2017,False,WAS,1611661322
1611661321,Dallas Wings,1021700193,2017-08-30,W,99,35,83,0.422,9,27,0.333,20,24,0.833,20,20,40,19,11,6,10,11,3.0,2017,False,CHI,1611661329
1611661321,Dallas Wings,1021700200,2017-09-03,L,81,27,65,0.415,4,15,0.267,23,30,0.767,11,22,33,18,5,2,14,16,-1.0,2017,True,NYL,1611661313
1611661321,Dallas Wings,1021800001,2018-05-18,L,78,29,80,0.363,4,20,0.2,16,18,0.889,11,28,39,16,2,4,8,24,-8.0,2018,False,PHO,1611661317
1611661321,Dallas Wings,1021800005,2018-05-20,W,101,31,64,0.484,6,17,0.353,33,42,0.786,12,28,40,14,5,10,12,22,23.0,2018,True,ATL,1611661330
1611661321,Dallas Wings,1021800012,2018-05-23,L,68,28,81,0.346,9,29,0.31,3,7,0.429,6,27,33,19,3,8,11,21,-8.0,2018,False,MIN,1611661324
1611661321,Dallas Wings,1021800018,2018-05-26,W,78,22,58,0.379,6,21,0.286,28,36,0.778,8,39,47,14,7,12,21,21,8.0,2018,False,ATL,1611661330
1611661321,Dallas Wings,1021800024,2018-05-29,L,89,28,59,0.475,13,31,0.419,20,28,0.714,6,26,32,18,8,4,19,20,-5.0,2018,False,NYL,1611661313
1611661321,Dallas Wings,1021800032,2018-06-02,W,94,32,63,0.508,4,16,0.25,26,33,0.788,12,24,36,16,8,3,14,21,4.0,2018,True,SEA,1611661328
1611661321,Dallas Wings,1021800042,2018-06-08,W,89,30,65,0.462,4,16,0.25,25,30,0.833,9,25,34,13,4,5,13,19,6.0,2018,False,IND,1611661325
1611661321,Dallas Wings,1021800051,2018-06-12,L,72,24,66,0.364,4,16,0.25,20,25,0.8,11,25,36,11,7,3,12,20,-3.0,2018,True,PHO,1611661317
1611661321,Dallas Wings,1021800058,2018-06-15,W,77,31,72,0.431,1,15,0.067,14,17,0.824,11,32,43,15,7,4,12,17,10.0,2018,True,LVA,1611661319
1611661321,Dallas Wings,1021800067,2018-06-19,L,83,28,60,0.467,6,21,0.286,21,27,0.778,6,27,33,21,8,1,22,25,-8.0,2018,False,MIN,1611661324
1611661321,Dallas Wings,1021800071,2018-06-22,W,101,34,64,0.531,12,25,0.48,21,26,0.808,8,29,37,23,9,3,11,15,29.0,2018,True,LAS,1611661320
1611661321,Dallas Wings,1021800076,2018-06-24,L,76,25,64,0.391,7,23,0.304,19,25,0.76,5,17,22,18,7,6,13,14,-21.0,2018,True,SEA,1611661328
1611661321,Dallas Wings,1021800084,2018-06-26,L,83,29,74,0.392,8,23,0.348,17,20,0.85,13,26,39,16,8,3,17,17,-4.0,2018,False,LAS,1611661320
1611661321,Dallas Wings,1021800087,2018-06-27,W,97,32,70,0.457,10,28,0.357,23,30,0.767,6,26,32,20,6,5,11,23,6.0,2018,False,LVA,1611661319
1611661321,Dallas Wings,1021800095,2018-07-01,L,72,25,62,0.403,6,22,0.273,16,20,0.8,6,27,33,19,6,7,16,15,-4.0,2018,True,MIN,1611661324
1611661321,Dallas Wings,1021800101,2018-07-03,W,108,45,79,0.57,9,23,0.391,9,10,0.9,12,24,36,26,9,5,13,15,23.0,2018,True,CHI,1611661329
1611661321,Dallas Wings,1021800105,2018-07-05,W,90,29,63,0.46,4,18,0.222,28,34,0.824,11,36,47,16,4,1,18,16,27.0,2018,True,IND,1611661325
1611661321,Dallas Wings,1021800114,2018-07-08,W,97,32,65,0.492,7,21,0.333,26,32,0.813,8,32,40,19,1,5,9,18,10.0,2018,False,NYL,1611661313
1611661321,Dallas Wings,1021800117,2018-07-10,W,101,36,71,0.507,7,18,0.389,22,28,0.786,15,21,36,17,14,5,14,17,29.0,2018,True,PHO,1611661317
1611661321,Dallas Wings,1021800122,2018-07-12,W,92,36,72,0.5,4,22,0.182,16,18,0.889,12,24,36,22,11,4,11,18,15.0,2018,False,LAS,1611661320
1611661321,Dallas Wings,1021800127,2018-07-14,L,84,32,69,0.464,7,21,0.333,13,18,0.722,8,29,37,21,12,4,15,23,-7.0,2018,False,SEA,1611661328
1611661321,Dallas Wings,1021800133,2018-07-17,W,104,32,63,0.508,8,21,0.381,32,38,0.842,5,27,32,27,11,7,11,21,17.0,2018,True,NYL,1611661313
1611661321,Dallas Wings,1021800138,2018-07-19,W,90,29,66,0.439,7,18,0.389,25,35,0.714,10,31,41,19,4,2,13,18,9.0,2018,True,WAS,1611661322
1611661321,Dallas Wings,1021800141,2018-07-20,L,99,30,71,0.423,7,27,0.259,32,37,0.865,10,19,29,19,11,7,11,18,-15.0,2018,False,CHI,1611661329
1611661321,Dallas Wings,1021800146,2018-07-22,L,75,30,66,0.455,5,21,0.238,10,14,0.714,5,24,29,19,2,2,12,15,-17.0,2018,True,CON,1611661323
1611661321,Dallas Wings,1021800155,2018-07-31,L,91,30,74,0.405,2,22,0.091,29,33,0.879,19,26,45,18,7,6,15,23,-1.0,2018,True,CHI,1611661329
1611661321,Dallas Wings,1021800159,2018-08-02,L,78,30,64,0.469,5,22,0.227,13,21,0.619,18,23,41,17,3,6,21,19,-6.0,2018,False,IND,1611661325
1611661321,Dallas Wings,1021800166,2018-08-05,L,74,32,72,0.444,7,19,0.368,3,7,0.429,13,31,44,19,4,1,13,12,-2.0,2018,True,WAS,1611661322
1611661321,Dallas Wings,1021800175,2018-08-08,L,92,38,80,0.475,10,29,0.345,6,10,0.6,17,17,34,22,3,4,13,15,-9.0,2018,True,CON,1611661323
1611661321,Dallas Wings,1021800181,2018-08-11,L,82,33,78,0.423,9,24,0.375,7,11,0.636,10,26,36,16,7,3,14,19,-10.0,2018,False,ATL,1611661330
1611661321,Dallas Wings,1021800185,2018-08-12,L,80,26,76,0.342,10,30,0.333,18,22,0.818,15,28,43,15,5,2,12,23,-13.0,2018,False,WAS,1611661322
1611661321,Dallas Wings,1021800188,2018-08-14,L,76,26,68,0.382,8,29,0.276,16,19,0.842,11,19,30,14,5,8,13,19,-20.0,2018,False,CON,1611661323
1611661321,Dallas Wings,1021800195,2018-08-17,W,107,37,76,0.487,9,22,0.409,24,30,0.8,19,23,42,23,9,4,11,20,5.0,2018,True,LVA,1611661319
1611661321,Dallas Wings,1021800203,2018-08-19,L,68,26,74,0.351,4,22,0.182,12,12,1.0,11,20,31,12,11,4,9,8,-16.0,2018,False,SEA,1611661328
1611661321,Dallas Wings,1021900001,2019-05-24,L,72,26,74,0.351,8,24,0.333,12,16,0.75,17,25,42,18,12,6,15,31,-4.0,2019,False,ATL,1611661330
1611661321,Dallas Wings,1021900015,2019-06-01,L,67,27,72,0.375,5,21,0.238,8,13,0.615,13,21,34,14,7,7,12,18,-3.0,2019,True,MIN,1611661324
1611661321,Dallas Wings,1021900023,2019-06-07,L,64,25,71,0.352,1,12,0.083,13,14,0.929,12,20,32,16,7,5,10,18,-15.0,2019,False,IND,1611661325
1611661321,Dallas Wings,1021900028,2019-06-09,L,62,28,61,0.459,3,14,0.214,3,6,0.5,8,21,29,19,5,2,14,18,-24.0,2019,False,WAS,1611661322
1611661321,Dallas Wings,1021900035,2019-06-13,L,72,25,66,0.379,6,17,0.353,16,18,0.889,12,21,33,17,5,2,13,16,-4.0,2019,True,IND,1611661325
1611661321,Dallas Wings,1021900041,2019-06-15,W,71,26,74,0.351,6,22,0.273,13,18,0.722,17,24,41,10,12,6,12,22,10.0,2019,True,ATL,1611661330
1611661321,Dallas Wings,1021900048,2019-06-20,W,69,26,66,0.394,5,22,0.227,12,15,0.8,14,35,49,13,5,4,18,19,15.0,2019,True,PHO,1611661317
1611661321,Dallas Wings,1021900054,2019-06-22,L,68,22,77,0.286,6,31,0.194,18,20,0.9,16,25,41,13,9,4,11,8,-18.0,2019,False,LVA,1611661319
1611661321,Dallas Wings,1021900062,2019-06-26,W,74,28,65,0.431,7,16,0.438,11,12,0.917,10,23,33,18,5,3,13,15,1.0,2019,True,CON,1611661323
1611661321,Dallas Wings,1021900064,2019-06-28,L,68,22,67,0.328,8,26,0.308,16,18,0.889,11,30,41,17,5,2,11,17,-1.0,2019,False,NYL,1611661313
1611661321,Dallas Wings,1021900070,2019-06-30,W,89,30,61,0.492,11,22,0.5,18,21,0.857,5,31,36,22,3,3,15,19,3.0,2019,True,MIN,1611661324
1611661321,Dallas Wings,1021900076,2019-07-05,L,56,22,69,0.319,4,25,0.16,8,11,0.727,11,19,30,17,5,3,9,14,-20.0,2019,True,IND,1611661325
1611661321,Dallas Wings,1021900083,2019-07-07,L,66,24,70,0.343,5,18,0.278,13,15,0.867,10,29,39,18,13,4,14,14,-12.0,2019,False,CHI,1611661329
1611661321,Dallas Wings,1021900085,2019-07-09,W,74,29,62,0.468,6,14,0.429,10,10,1.0,8,21,29,12,12,6,15,10,12.0,2019,True,LAS,1611661320
1611661321,Dallas Wings,1021900094,2019-07-12,L,81,31,58,0.534,12,19,0.632,7,11,0.636,6,21,27,19,7,4,18,19,-14.0,2019,False,SEA,1611661328
1611661321,Dallas Wings,1021900098,2019-07-14,L,79,27,71,0.38,4,18,0.222,21,25,0.84,11,24,35,13,6,5,7,18,-10.0,2019,True,CHI,1611661329
1611661321,Dallas Wings,1021900102,2019-07-17,L,64,26,75,0.347,5,23,0.217,7,9,0.778,13,27,40,13,3,1,7,20,-5.0,2019,False,PHO,1611661317
1611661321,Dallas Wings,1021900104,2019-07-18,L,64,27,69,0.391,5,17,0.294,5,5,1.0,14,27,41,21,7,3,15,20,-5.0,2019,False,LAS,1611661320
1611661321,Dallas Wings,1021900109,2019-07-20,L,66,23,69,0.333,7,23,0.304,13,14,0.929,12,30,42,12,1,6,14,26,-4.0,2019,True,PHO,1611661317
1611661321,Dallas Wings,1021900120,2019-07-30,L,54,18,63,0.286,6,20,0.3,12,20,0.6,10,29,39,11,4,4,18,22,-32.0,2019,False,LVA,1611661319
1611661321,Dallas Wings,1021900123,2019-08-01,W,87,30,64,0.469,7,22,0.318,20,24,0.833,9,24,33,24,13,6,18,21,23.0,2019,True,NYL,1611661313
1611661321,Dallas Wings,1021900128,2019-08-03,L,70,27,70,0.386,10,18,0.556,6,8,0.75,7,20,27,18,11,6,13,21,-5.0,2019,True,LVA,1611661319
1611661321,Dallas Wings,1021900136,2019-08-08,L,57,22,58,0.379,6,20,0.3,7,9,0.778,7,22,29,12,7,2,15,22,-12.0,2019,False,SEA,1611661328
1611661321,Dallas Wings,1021900140,2019-08-10,W,80,27,62,0.435,6,19,0.316,20,26,0.769,8,21,29,13,4,5,11,26,3.0,2019,False,PHO,1611661317
1611661321,Dallas Wings,1021900148,2019-08-14,W,84,30,64,0.469,10,17,0.588,14,19,0.737,12,25,37,10,11,3,18,20,6.0,2019,True,LAS,1611661320
1611661321,Dallas Wings,1021900152,2019-08-16,W,83,25,62,0.403,6,20,0.3,27,29,0.931,13,18,31,15,11,3,12,26,6.0,2019,True,NYL,1611661313
1611661321,Dallas Wings,1021900155,2019-08-18,L,68,22,59,0.373,8,23,0.348,16,23,0.696,8,21,29,15,5,5,9,14,-10.0,2019,False,CON,1611661323
1611661321,Dallas Wings,1021900164,2019-08-22,L,70,25,59,0.424,6,17,0.353,14,17,0.824,3,22,25,14,6,3,17,23,-16.0,2019,False,MIN,1611661324
1611661321,Dallas Wings,1021900170,2019-08-25,L,73,25,72,0.347,4,13,0.308,19,23,0.826,16,22,38,8,6,1,12,25,-4.0,2019,True,ATL,1611661330
1611661321,Dallas Wings,1021900181,2019-08-29,W,88,31,75,0.413,6,13,0.462,20,24,0.833,13,22,35,15,8,5,6,22,5.0,2019,False,CHI,1611661329
1611661321,Dallas Wings,1021900184,2019-08-31,L,85,30,71,0.423,11,23,0.478,14,18,0.778,9,21,30,19,8,3,4,18,-6.0,2019,True,WAS,1611661322
1611661321,Dallas Wings,1021900192,2019-09-04,L,72,25,58,0.431,6,19,0.316,16,19,0.842,3,14,17,15,7,1,9,20,-30.0,2019,False,CON,1611661323
1611661321,Dallas Wings,1021900195,2019-09-06,L,73,26,64,0.406,5,17,0.294,16,19,0.842,9,21,30,16,5,3,9,22,-13.0,2019,False,WAS,1611661322
1611661321,Dallas Wings,1021900202,2019-09-08,L,64,23,67,0.343,5,17,0.294,13,16,0.813,9,21,30,11,13,3,14,15,-14.0,2019,True,SEA,1611661328
1611661321,Dallas Wings,1022001006,2020-07-26,L,95,34,77,0.442,13,28,0.464,14,20,0.7,8,21,29,19,10,1,13,27,-10.0,2020,False,ATL,1611661330
1611661321,Dallas Wings,1022001011,2020-07-29,W,93,36,72,0.5,10,23,0.435,11,17,0.647,5,25,30,18,8,6,10,19,13.0,2020,True,NYL,1611661313
1611661321,Dallas Wings,1022001017,2020-07-31,W,76,26,74,0.351,3,25,0.12,21,25,0.84,16,27,43,10,7,5,8,18,3.0,2020,True,IND,1611661325
1611661321,Dallas Wings,1022001024,2020-08-02,L,70,28,76,0.368,4,30,0.133,10,12,0.833,9,21,30,11,10,5,10,23,-9.0,2020,False,LVA,1611661319
1611661321,Dallas Wings,1022001025,2020-08-04,L,79,29,72,0.403,10,28,0.357,11,14,0.786,9,22,31,12,9,5,10,17,-3.0,2020,False,CHI,1611661329
1611661321,Dallas Wings,1022001032,2020-08-06,L,68,28,73,0.384,8,29,0.276,4,9,0.444,10,20,30,13,9,1,17,16,-23.0,2020,True,CON,1611661323
1611661321,Dallas Wings,1022001037,2020-08-08,W,85,31,67,0.463,10,25,0.4,13,15,0.867,10,29,39,17,9,4,13,15,10.0,2020,True,ATL,1611661330
1611661321,Dallas Wings,1022001044,2020-08-10,L,79,28,74,0.378,7,26,0.269,16,21,0.762,9,25,34,20,9,4,8,17,-12.0,2020,True,PHO,1611661317
1611661321,Dallas Wings,1022001049,2020-08-12,L,66,25,59,0.424,5,19,0.263,11,12,0.917,9,23,32,11,6,3,13,21,-4.0,2020,False,CON,1611661323
1611661321,Dallas Wings,1022001056,2020-08-14,L,65,24,74,0.324,9,28,0.321,8,12,0.667,12,25,37,14,9,2,12,16,-18.0,2020,True,SEA,1611661328
1611661321,Dallas Wings,1022001063,2020-08-16,W,95,34,69,0.493,12,27,0.444,15,17,0.882,7,27,34,18,9,3,10,19,6.0,2020,False,PHO,1611661317
1611661321,Dallas Wings,1022001068,2020-08-19,L,84,26,64,0.406,9,26,0.346,23,27,0.852,10,22,32,15,11,3,10,17,-7.0,2020,False,MIN,1611661324
1611661321,Dallas Wings,1022001074,2020-08-21,W,101,33,69,0.478,11,25,0.44,24,27,0.889,2,25,27,22,10,5,10,21,9.0,2020,True,WAS,1611661322
1611661321,Dallas Wings,1022001080,2020-08-23,L,81,28,67,0.418,8,23,0.348,17,19,0.895,12,22,34,15,10,2,14,18,-3.0,2020,False,LAS,1611661320
1611661321,Dallas Wings,1022001083,2020-08-25,L,92,31,75,0.413,15,40,0.375,15,20,0.75,14,23,37,15,2,3,11,30,-4.0,2020,True,LVA,1611661319
1611661321,Dallas Wings,1022001094,2020-08-29,W,82,27,75,0.36,7,27,0.259,21,25,0.84,11,28,39,14,8,2,11,24,4.0,2020,False,IND,1611661325
1611661321,Dallas Wings,1022001104,2020-09-02,L,83,27,72,0.375,13,37,0.351,16,21,0.762,12,25,37,14,7,1,11,24,-8.0,2020,True,LAS,1611661320
1611661321,Dallas Wings,1022001110,2020-09-04,L,75,27,64,0.422,5,26,0.192,16,16,1.0,3,20,23,18,8,3,10,22,-13.0,2020,True,MIN,1611661324
1611661321,Dallas Wings,1022001115,2020-09-06,W,101,33,68,0.485,10,24,0.417,25,28,0.893,4,22,26,14,9,1,10,14,7.0,2020,False,WAS,1611661322
1611661321,Dallas Wings,1022001123,2020-09-09,L,95,33,68,0.485,8,24,0.333,21,25,0.84,3,26,29,20,2,3,12,24,-12.0,2020,False,SEA,1611661328
1611661321,Dallas Wings,1022001128,2020-09-11,L,88,33,83,0.398,10,31,0.323,12,17,0.706,15,17,32,20,8,3,4,15,-7.0,2020,True,CHI,1611661329
1611661321,Dallas Wings,1022001089,2020-09-13,W,82,27,70,0.386,9,36,0.25,19,22,0.864,8,27,35,14,10,5,12,16,3.0,2020,False,NYL,1611661313
1611661321,Dallas Wings,1022100004,2021-05-14,W,94,34,64,0.531,8,17,0.471,18,22,0.818,8,37,45,19,8,3,26,17,23.0,2021,False,LAS,1611661320
1611661321,Dallas Wings,1022100019,2021-05-22,L,97,37,82,0.451,10,31,0.323,13,16,0.813,13,33,46,21,5,4,16,24,-3.0,2021,True,SEA,1611661328
1611661321,Dallas Wings,1022100024,2021-05-24,L,81,29,70,0.414,7,21,0.333,16,22,0.727,11,23,34,17,9,2,12,23,-7.0,2021,False,NYL,1611661313
1611661321,Dallas Wings,1022100028,2021-05-27,L,95,30,66,0.455,10,25,0.4,25,30,0.833,7,25,32,17,8,3,10,26,-6.0,2021,False,ATL,1611661330
1611661321,Dallas Wings,1022100034,2021-05-29,L,85,29,78,0.372,9,23,0.391,18,22,0.818,10,20,30,14,7,1,4,21,-4.0,2021,True,PHO,1611661317
1611661321,Dallas Wings,1022100040,2021-06-01,W,79,26,66,0.394,10,28,0.357,17,18,0.944,12,29,41,21,5,3,16,22,10.0,2021,True,LAS,1611661320
1611661321,Dallas Wings,1022100046,2021-06-04,L,102,43,96,0.448,11,28,0.393,5,12,0.417,14,30,44,25,9,4,13,24,-3.0,2021,False,SEA,1611661328
1611661321,Dallas Wings,1022100051,2021-06-06,W,68,25,70,0.357,5,22,0.227,13,13,1.0,9,33,42,13,5,3,13,18,1.0,2021,False,SEA,1611661328
1611661321,Dallas Wings,1022100055,2021-06-08,W,85,32,75,0.427,10,26,0.385,11,13,0.846,12,29,41,20,5,4,9,22,4.0,2021,False,PHO,1611661317
1611661321,Dallas Wings,1022100058,2021-06-11,W,77,30,72,0.417,6,22,0.273,11,12,0.917,12,28,40,16,6,4,13,16,18.0,2021,False,PHO,1611661317
1611661321,Dallas Wings,1022100063,2021-06-13,L,78,25,77,0.325,5,24,0.208,23,27,0.852,14,22,36,17,11,2,10,26,-7.0,2021,False,LVA,1611661319
1611661321,Dallas Wings,1022100072,2021-06-17,L,73,26,75,0.347,7,20,0.35,14,18,0.778,10,24,34,15,8,3,10,18,-12.0,2021,True,MIN,1611661324
1611661321,Dallas Wings,1022100077,2021-06-19,W,95,32,64,0.5,17,28,0.607,14,14,1.0,9,31,40,17,9,4,15,23,18.0,2021,True,MIN,1611661324
1611661321,Dallas Wings,1022100079,2021-06-22,L,70,27,61,0.443,6,14,0.429,10,13,0.769,6,21,27,15,5,3,12,19,-10.0,2021,False,CON,1611661323
1611661321,Dallas Wings,1022100083,2021-06-24,W,89,32,68,0.471,8,25,0.32,17,17,1.0,10,24,34,17,8,7,13,22,25.0,2021,False,IND,1611661325
1611661321,Dallas Wings,1022100087,2021-06-26,W,85,33,78,0.423,10,29,0.345,9,9,1.0,10,30,40,20,9,3,8,11,11.0,2021,True,WAS,1611661322
1611661321,Dallas Wings,1022100094,2021-06-30,L,81,31,75,0.413,6,25,0.24,13,16,0.813,9,28,37,19,10,6,17,20,-10.0,2021,True,CHI,1611661329
1611661321,Dallas Wings,1022100098,2021-07-02,W,100,34,64,0.531,11,20,0.55,21,26,0.808,10,16,26,23,4,7,13,15,9.0,2021,True,CHI,1611661329
1611661321,Dallas Wings,1022100106,2021-07-05,L,96,38,76,0.5,7,16,0.438,13,15,0.867,10,21,31,23,8,6,12,16,-3.0,2021,False,NYL,1611661313
1611661321,Dallas Wings,1022100107,2021-07-07,L,79,31,74,0.419,9,28,0.321,8,8,1.0,10,24,34,15,7,4,11,20,-6.0,2021,False,MIN,1611661324
1611661321,Dallas Wings,1022100115,2021-07-11,L,79,28,83,0.337,7,24,0.292,16,19,0.842,15,25,40,17,4,2,6,20,-16.0,2021,True,LVA,1611661319
1611661321,Dallas Wings,1022100121,2021-08-15,L,59,24,52,0.462,7,16,0.438,4,6,0.667,1,21,22,12,6,4,19,16,-21.0,2021,True,CON,1611661323
1611661321,Dallas Wings,1022100127,2021-08-17,W,80,30,78,0.385,7,14,0.5,13,15,0.867,15,30,45,20,7,5,12,6,4.0,2021,False,CHI,1611661329
1611661321,Dallas Wings,1022100136,2021-08-20,L,81,28,60,0.467,9,22,0.409,16,18,0.889,7,23,30,18,5,6,14,19,-2.0,2021,True,IND,1611661325
1611661321,Dallas Wings,1022100148,2021-08-26,W,82,33,69,0.478,5,18,0.278,11,15,0.733,10,25,35,18,5,1,12,15,5.0,2021,False,WAS,1611661322
1611661321,Dallas Wings,1022100153,2021-08-28,L,75,25,47,0.532,6,14,0.429,19,25,0.76,4,30,34,13,6,0,23,21,-1.0,2021,False,WAS,1611661322
1611661321,Dallas Wings,1022100159,2021-09-02,W,72,27,74,0.365,6,28,0.214,12,16,0.75,14,29,43,16,10,6,9,11,4.0,2021,True,ATL,1611661330
1611661321,Dallas Wings,1022100166,2021-09-05,L,64,26,78,0.333,9,25,0.36,3,5,0.6,13,32,45,11,5,4,14,16,-5.0,2021,True,ATL,1611661330
1611661321,Dallas Wings,1022100168,2021-09-07,L,56,17,64,0.266,7,32,0.219,15,19,0.789,9,17,26,13,4,8,12,14,-27.0,2021,True,CON,1611661323
1611661321,Dallas Wings,1022100175,2021-09-11,W,77,26,72,0.361,10,27,0.37,15,19,0.789,10,27,37,18,6,3,6,13,1.0,2021,True,NYL,1611661313
1611661321,Dallas Wings,1022100180,2021-09-13,L,75,31,74,0.419,7,26,0.269,6,7,0.857,12,28,40,18,6,4,14,18,-10.0,2021,False,LVA,1611661319
1611661321,Dallas Wings,1022100191,2021-09-19,W,87,30,60,0.5,10,22,0.455,17,19,0.895,4,21,25,19,9,5,14,17,3.0,2021,True,LAS,1611661320
1611661321,Dallas Wings,1022200006,2022-05-07,L,59,17,70,0.243,4,19,0.211,21,27,0.778,11,28,39,9,12,7,17,19,-7.0,2022,True,ATL,1611661330
1611661321,Dallas Wings,1022200015,2022-05-13,W,94,31,65,0.477,13,29,0.448,19,23,0.826,9,20,29,22,8,3,9,20,8.0,2022,False,WAS,1611661322
1611661321,Dallas Wings,1022200021,2022-05-15,W,81,28,63,0.444,9,20,0.45,16,20,0.8,8,25,33,16,6,2,14,19,10.0,2022,False,NYL,1611661313
1611661321,Dallas Wings,1022200025,2022-05-17,L,68,25,61,0.41,7,21,0.333,11,16,0.688,4,23,27,16,6,2,14,12,-16.0,2022,True,WAS,1611661322
1611661321,Dallas Wings,1022200030,2022-05-19,W,94,34,72,0.472,11,25,0.44,15,17,0.882,7,31,38,25,3,8,9,20,10.0,2022,False,PHO,1611661317
1611661321,Dallas Wings,1022200035,2022-05-21,W,94,34,73,0.466,9,27,0.333,17,20,0.85,15,24,39,20,7,5,15,26,16.0,2022,True,MIN,1611661324
1611661321,Dallas Wings,1022200039,2022-05-24,W,85,28,70,0.4,7,22,0.318,22,24,0.917,13,24,37,17,3,5,9,24,8.0,2022,False,CON,1611661323
1611661321,Dallas Wings,1022200044,2022-05-26,L,68,24,65,0.369,10,30,0.333,10,12,0.833,10,18,28,16,7,1,19,20,-31.0,2022,False,CON,1611661323
1611661321,Dallas Wings,1022200055,2022-05-31,L,91,33,74,0.446,11,27,0.407,14,22,0.636,12,23,35,17,10,0,9,24,-2.0,2022,False,LAS,1611661320
1611661321,Dallas Wings,1022200062,2022-06-03,W,68,26,66,0.394,9,27,0.333,7,11,0.636,11,31,42,18,9,2,17,14,17.0,2022,False,SEA,1611661328
1611661321,Dallas Wings,1022200066,2022-06-05,L,78,27,78,0.346,11,42,0.262,13,14,0.929,19,31,50,18,2,2,17,23,-6.0,2022,False,LVA,1611661319
1611661321,Dallas Wings,1022200075,2022-06-10,L,88,30,68,0.441,7,17,0.412,21,22,0.955,5,21,26,20,9,2,14,17,-1.0,2022,True,SEA,1611661328
1611661321,Dallas Wings,1022200080,2022-06-12,L,79,31,69,0.449,6,17,0.353,11,13,0.846,14,25,39,18,7,4,19,17,-5.0,2022,True,SEA,1611661328
1611661321,Dallas Wings,1022200085,2022-06-15,L,84,29,73,0.397,10,29,0.345,16,19,0.842,11,29,40,20,2,3,11,20,-8.0,2022,True,LVA,1611661319
1611661321,Dallas Wings,1022200090,2022-06-17,W,93,33,68,0.485,12,25,0.48,15,19,0.789,9,22,31,18,4,6,12,20,5.0,2022,True,PHO,1611661317
1611661321,Dallas Wings,1022200095,2022-06-19,W,92,32,71,0.451,13,29,0.448,15,22,0.682,8,31,39,20,9,5,13,25,10.0,2022,True,LAS,1611661320
1611661321,Dallas Wings,1022200097,2022-06-21,L,75,25,66,0.379,6,25,0.24,19,26,0.731,11,20,31,18,10,2,13,22,-5.0,2022,False,ATL,1611661330
1611661321,Dallas Wings,1022200102,2022-06-23,W,94,34,68,0.5,11,23,0.478,15,19,0.789,8,27,35,20,13,5,13,16,26.0,2022,True,IND,1611661325
1611661321,Dallas Wings,1022200107,2022-06-25,L,72,29,67,0.433,4,21,0.19,10,21,0.476,6,32,38,21,3,4,15,24,-11.0,2022,True,PHO,1611661317
1611661321,Dallas Wings,1022200115,2022-06-28,L,64,17,59,0.288,5,16,0.313,25,32,0.781,5,25,30,10,4,5,10,14,-28.0,2022,False,MIN,1611661324
1611661321,Dallas Wings,1022200120,2022-07-01,L,89,33,66,0.5,6,19,0.316,17,25,0.68,3,26,29,19,8,2,13,19,-8.0,2022,True,LAS,1611661320
1611661321,Dallas Wings,1022200130,2022-07-05,W,82,32,71,0.451,6,26,0.231,12,17,0.706,11,23,34,19,6,6,9,14,11.0,2022,True,CON,1611661323
1611661321,Dallas Wings,1022200137,2022-07-12,L,74,27,72,0.375,7,23,0.304,13,18,0.722,11,24,35,17,10,4,13,19,-9.0,2022,False,SEA,1611661328
1611661321,Dallas Wings,1022200144,2022-07-14,W,92,33,69,0.478,7,20,0.35,19,23,0.826,7,21,28,25,7,4,12,22,5.0,2022,False,MIN,1611661324
1611661321,Dallas Wings,1022200149,2022-07-16,L,81,26,66,0.394,7,16,0.438,22,27,0.815,5,19,24,14,2,5,7,13,-8.0,2022,True,CHI,1611661329
1611661321,Dallas Wings,1022200162,2022-07-22,L,83,35,68,0.515,4,15,0.267,9,9,1.0,2,28,30,24,8,2,15,19,-6.0,2022,False,CHI,1611661329
1611661321,Dallas Wings,1022200166,2022-07-24,W,96,38,73,0.521,4,21,0.19,16,21,0.762,9,21,30,24,8,6,14,24,10.0,2022,False,IND,1611661325
1611661321,Dallas Wings,1022200171,2022-07-28,L,77,28,73,0.384,5,22,0.227,16,27,0.593,17,20,37,14,9,3,14,20,-10.0,2022,True,WAS,1611661322
1611661321,Dallas Wings,1022200176,2022-07-30,W,81,34,71,0.479,7,25,0.28,6,11,0.545,8,24,32,24,17,4,11,18,13.0,2022,False,ATL,1611661330
1611661321,Dallas Wings,1022200185,2022-08-02,W,84,30,67,0.448,3,13,0.231,21,25,0.84,11,23,34,21,12,2,9,20,6.0,2022,False,CHI,1611661329
1611661321,Dallas Wings,1022200190,2022-08-04,W,82,33,70,0.471,6,18,0.333,10,14,0.714,14,23,37,22,6,4,8,12,2.0,2022,True,LVA,1611661319
1611661321,Dallas Wings,1022200193,2022-08-06,W,95,27,65,0.415,7,20,0.35,34,45,0.756,10,24,34,17,10,3,14,21,4.0,2022,True,IND,1611661325
1611661321,Dallas Wings,1022200199,2022-08-08,W,86,32,66,0.485,8,22,0.364,14,20,0.7,9,22,31,15,8,5,10,15,9.0,2022,True,NYL,1611661313
1611661321,Dallas Wings,1022200203,2022-08-10,L,73,23,67,0.343,7,19,0.368,20,25,0.8,13,20,33,12,4,3,9,14,-18.0,2022,True,NYL,1611661313
1611661321,Dallas Wings,1022200210,2022-08-12,L,74,28,62,0.452,9,21,0.429,9,14,0.643,11,20,31,17,4,5,16,11,-12.0,2022,False,PHO,1611661317
1611661321,Dallas Wings,1022200216,2022-08-14,W,116,42,64,0.656,11,22,0.5,21,27,0.778,7,25,32,33,3,3,13,19,28.0,2022,False,LAS,1611661320
1611661321,Dallas Wings,1022300006,2023-05-20,W,85,27,74,0.365,9,30,0.3,22,26,0.846,13,27,40,13,10,5,16,19,7.0,2023,True,ATL,1611661330
1611661321,Dallas Wings,1022300015,2023-05-26,W,95,37,74,0.5,8,22,0.364,13,13,1.0,8,24,32,19,6,6,13,17,4.0,2023,False,SEA,1611661328
1611661321,Dallas Wings,1022300019,2023-05-28,L,88,32,79,0.405,9,29,0.31,15,17,0.882,9,23,32,16,8,3,10,20,-6.0,2023,False,CHI,1611661329
1611661321,Dallas Wings,1022300023,2023-05-30,W,94,33,75,0.44,8,23,0.348,20,22,0.909,12,24,36,22,7,5,9,16,5.0,2023,True,MIN,1611661324
1611661321,Dallas Wings,1022300026,2023-06-02,L,74,26,76,0.342,9,32,0.281,13,16,0.813,11,34,45,18,10,2,10,25,-1.0,2023,False,WAS,1611661322
1611661321,Dallas Wings,1022300032,2023-06-04,L,74,24,65,0.369,9,26,0.346,17,19,0.895,11,22,33,17,6,2,17,24,-6.0,2023,False,CON,1611661323
1611661321,Dallas Wings,1022300039,2023-06-07,W,84,30,77,0.39,4,23,0.174,20,27,0.741,15,35,50,13,6,6,17,17,5.0,2023,True,PHO,1611661317
1611661321,Dallas Wings,1022300042,2023-06-09,W,90,32,82,0.39,8,29,0.276,18,19,0.947,17,24,41,22,7,9,14,19,13.0,2023,True,PHO,1611661317
1611661321,Dallas Wings,1022300046,2023-06-11,L,93,32,82,0.39,6,23,0.261,23,28,0.821,14,23,37,20,6,3,4,19,-9.0,2023,False,NYL,1611661313
1611661321,Dallas Wings,1022300055,2023-06-14,L,61,25,69,0.362,4,21,0.19,7,7,1.0,12,26,38,14,3,3,17,19,-18.0,2023,True,LAS,1611661320
1611661321,Dallas Wings,1022300061,2023-06-17,L,103,38,76,0.5,10,26,0.385,17,20,0.85,8,23,31,23,7,6,10,26,-6.0,2023,True,SEA,1611661328
1611661321,Dallas Wings,1022300067,2023-06-20,W,85,27,66,0.409,6,17,0.353,25,34,0.735,16,30,46,19,6,5,16,20,12.0,2023,True,ATL,1611661330
1611661321,Dallas Wings,1022300075,2023-06-23,L,74,28,70,0.4,5,24,0.208,13,17,0.765,13,35,48,11,8,3,18,23,-2.0,2023,False,LAS,1611661320
1611661321,Dallas Wings,1022300080,2023-06-25,L,83,31,72,0.431,6,22,0.273,15,16,0.938,9,26,35,20,12,7,13,17,-10.0,2023,False,LAS,1611661320
1611661321,Dallas Wings,1022300084,2023-06-27,W,77,30,64,0.469,5,16,0.313,12,14,0.857,10,27,37,20,8,3,17,18,15.0,2023,False,PHO,1611661317
1611661321,Dallas Wings,1022300096,2023-07-02,W,89,33,74,0.446,6,22,0.273,17,23,0.739,15,39,54,25,4,2,18,24,17.0,2023,True,WAS,1611661322
1611661321,Dallas Wings,1022300100,2023-07-05,L,82,33,82,0.402,6,24,0.25,10,12,0.833,13,26,39,18,8,1,8,19,-7.0,2023,False,LVA,1611661319
1611661321,Dallas Wings,1022300105,2023-07-07,W,80,32,68,0.471,3,14,0.214,13,18,0.722,10,26,36,21,13,4,16,16,2.0,2023,True,LVA,1611661319
1611661321,Dallas Wings,1022300109,2023-07-09,W,77,27,62,0.435,2,13,0.154,21,26,0.808,9,24,33,18,9,4,13,18,1.0,2023,False,IND,1611661325
1611661321,Dallas Wings,1022300117,2023-07-12,W,107,41,79,0.519,10,26,0.385,15,19,0.789,12,31,43,31,9,4,7,13,40.0,2023,False,MIN,1611661324
1611661321,Dallas Wings,1022300123,2023-07-19,W,98,38,80,0.475,7,16,0.438,15,23,0.652,12,28,40,25,6,3,2,16,10.0,2023,False,NYL,1611661313
1611661321,Dallas Wings,1022300131,2023-07-22,W,98,41,76,0.539,6,19,0.316,10,15,0.667,13,25,38,26,9,6,11,14,14.0,2023,True,LAS,1611661320
1611661321,Dallas Wings,1022300138,2023-07-25,L,83,31,76,0.408,7,21,0.333,14,20,0.7,18,26,44,15,5,5,9,21,-5.0,2023,True,CON,1611661323
1611661321,Dallas Wings,1022300144,2023-07-28,W,90,37,63,0.587,5,16,0.313,11,12,0.917,6,42,48,29,5,6,20,15,28.0,2023,True,WAS,1611661322
1611661321,Dallas Wings,1022300149,2023-07-30,L,91,36,78,0.462,7,18,0.389,12,21,0.571,15,26,41,18,8,3,16,23,-13.0,2023,False,LVA,1611661319
1611661321,Dallas Wings,1022300155,2023-08-02,W,76,28,77,0.364,8,22,0.364,12,12,1.0,17,27,44,17,11,2,13,15,11.0,2023,False,SEA,1611661328
1611661321,Dallas Wings,1022300159,2023-08-04,L,89,35,73,0.479,7,20,0.35,12,19,0.632,7,21,28,26,9,3,12,15,-15.0,2023,True,CHI,1611661329
1611661321,Dallas Wings,1022300165,2023-08-06,L,96,32,70,0.457,4,16,0.25,28,35,0.8,13,21,34,20,8,4,17,26,-8.0,2023,True,CHI,1611661329
1611661321,Dallas Wings,1022300169,2023-08-08,L,84,27,72,0.375,9,26,0.346,21,28,0.75,8,22,30,23,4,4,6,17,-20.0,2023,True,LVA,1611661319
1611661321,Dallas Wings,1022300177,2023-08-12,W,91,30,64,0.469,6,15,0.4,25,27,0.926,7,27,34,22,8,5,12,18,10.0,2023,True,CON,1611661323
1611661321,Dallas Wings,1022300183,2023-08-18,W,95,36,74,0.486,8,19,0.421,15,23,0.652,16,24,40,19,8,10,12,18,20.0,2023,False,CON,1611661323
1611661321,Dallas Wings,1022300189,2023-08-20,W,97,34,69,0.493,9,21,0.429,20,23,0.87,8,32,40,23,11,1,18,16,13.0,2023,False,WAS,1611661322
1611661321,Dallas Wings,1022300196,2023-08-22,L,86,33,77,0.429,8,23,0.348,12,16,0.75,17,24,41,18,8,2,20,18,-5.0,2023,False,MIN,1611661324
1611661321,Dallas Wings,1022300201,2023-08-24,L,81,30,66,0.455,2,13,0.154,19,25,0.76,11,23,34,21,7,7,18,18,-9.0,2023,True,MIN,1611661324
1611661321,Dallas Wings,1022300207,2023-08-27,W,77,26,72,0.361,6,16,0.375,19,20,0.95,14,20,34,10,6,3,11,15,3.0,2023,False,PHO,1611661317
1611661321,Dallas Wings,1022300216,2023-09-01,W,110,40,79,0.506,14,24,0.583,16,18,0.889,14,21,35,25,7,4,10,19,10.0,2023,False,IND,1611661325
1611661321,Dallas Wings,1022300221,2023-09-03,L,84,32,83,0.386,7,29,0.241,13,19,0.684,10,29,39,16,8,6,10,18,-13.0,2023,True,IND,1611661325
1611661321,Dallas Wings,1022300226,2023-09-05,L,93,37,76,0.487,4,19,0.211,15,18,0.833,13,24,37,24,9,5,12,21,-1.0,2023,True,NYL,1611661313
1611661321,Dallas Wings,1022300233,2023-09-08,W,106,41,69,0.594,8,20,0.4,16,21,0.762,9,27,36,30,7,5,15,22,15.0,2023,True,SEA,1611661328
1611661321,Dallas Wings,1022300235,2023-09-10,W,94,33,66,0.5,5,18,0.278,23,23,1.0,6,38,44,26,6,4,16,20,17.0,2023,False,ATL,1611661330
1611661321,Dallas Wings,1022400005,2024-05-15,W,87,37,82,0.451,5,15,0.333,8,10,0.8,15,27,42,18,7,12,15,20,8.0,2024,True,CHI,1611661329
1611661321,Dallas Wings,1022400012,2024-05-18,L,74,23,66,0.348,7,18,0.389,21,23,0.913,13,27,40,15,7,8,25,23,-9.0,2024,True,CHI,1611661329
1611661321,Dallas Wings,1022400017,2024-05-21,L,78,30,70,0.429,2,16,0.125,16,20,0.8,11,24,35,17,6,6,14,20,-5.0,2024,False,ATL,1611661330
1611661321,Dallas Wings,1022400029,2024-05-25,W,107,39,75,0.52,10,20,0.5,19,21,0.905,14,24,38,23,10,5,18,14,15.0,2024,False,PHO,1611661317
1611661321,Dallas Wings,1022400031,2024-05-26,W,84,32,76,0.421,2,12,0.167,18,24,0.75,16,28,44,22,5,6,6,17,1.0,2024,False,LAS,1611661320
1611661321,Dallas Wings,1022400041,2024-05-31,L,72,32,62,0.516,6,16,0.375,2,4,0.5,7,23,30,21,3,4,14,22,-2.0,2024,False,CON,1611661323
1611661321,Dallas Wings,1022400047,2024-06-02,L,76,30,65,0.462,4,11,0.364,12,14,0.857,8,26,34,20,12,3,25,14,-11.0,2024,False,MIN,1611661324
1611661321,Dallas Wings,1022400052,2024-06-05,L,81,28,74,0.378,5,25,0.2,20,22,0.909,14,26,40,18,5,4,13,20,-14.0,2024,True,LVA,1611661319
1611661321,Dallas Wings,1022400058,2024-06-07,L,72,29,73,0.397,2,17,0.118,12,13,0.923,9,26,35,14,7,5,14,16,-9.0,2024,False,LAS,1611661320
1611661321,Dallas Wings,1022400063,2024-06-09,L,90,37,78,0.474,6,23,0.261,10,14,0.714,9,27,36,25,9,3,21,21,-7.0,2024,True,PHO,1611661317
1611661321,Dallas Wings,1022400072,2024-06-13,L,84,31,65,0.477,6,13,0.462,16,17,0.941,9,19,28,23,6,9,19,13,-8.0,2024,True,SEA,1611661328
1611661321,Dallas Wings,1022400076,2024-06-15,L,67,23,61,0.377,1,16,0.063,20,24,0.833,7,22,29,19,3,2,11,17,-18.0,2024,True,CON,1611661323
1611661321,Dallas Wings,1022400081,2024-06-17,L,78,35,73,0.479,7,17,0.412,1,3,0.333,10,24,34,24,5,3,16,17,-12.0,2024,False,MIN,1611661324
1611661321,Dallas Wings,1022400087,2024-06-20,L,72,23,65,0.354,9,26,0.346,17,20,0.85,10,25,35,16,9,3,15,19,-11.0,2024,False,CHI,1611661329
1611661321,Dallas Wings,1022400091,2024-06-22,L,69,26,66,0.394,5,24,0.208,12,16,0.75,9,27,36,20,6,5,21,21,-28.0,2024,False,WAS,1611661322
1611661321,Dallas Wings,1022400095,2024-06-23,L,84,28,68,0.412,11,28,0.393,17,20,0.85,13,28,41,17,6,1,14,18,-8.0,2024,False,WAS,1611661322
1611661321,Dallas Wings,1022400098,2024-06-27,W,94,37,76,0.487,9,15,0.6,11,16,0.688,14,22,36,21,9,0,10,11,6.0,2024,True,MIN,1611661324
1611661321,Dallas Wings,1022400105,2024-06-29,L,76,32,70,0.457,6,18,0.333,6,14,0.429,8,24,32,18,12,2,18,21,-21.0,2024,False,SEA,1611661328
1611661321,Dallas Wings,1022400110,2024-07-01,L,71,26,62,0.419,4,17,0.235,15,19,0.789,8,23,31,18,11,2,15,19,-24.0,2024,False,SEA,1611661328
1611661321,Dallas Wings,1022400115,2024-07-03,L,96,33,67,0.493,5,17,0.294,25,34,0.735,13,21,34,20,6,2,10,20,-8.0,2024,True,PHO,1611661317
1611661321,Dallas Wings,1022400118,2024-07-05,W,85,31,69,0.449,7,21,0.333,16,22,0.727,7,20,27,21,16,5,18,16,3.0,2024,True,ATL,1611661330
1611661321,Dallas Wings,1022400124,2024-07-07,L,85,35,76,0.461,6,20,0.3,9,13,0.692,9,28,37,19,6,4,13,18,-19.0,2024,False,LVA,1611661319
1611661321,Dallas Wings,1022400132,2024-07-10,L,84,32,64,0.5,7,19,0.368,13,18,0.722,7,19,26,25,5,1,14,18,-16.0,2024,False,PHO,1611661317
1611661321,Dallas Wings,1022400138,2024-07-13,L,81,31,71,0.437,5,16,0.313,14,18,0.778,10,23,33,18,6,8,16,20,-6.0,2024,True,LAS,1611661320
1611661321,Dallas Wings,1022400148,2024-07-17,W,101,39,76,0.513,9,20,0.45,14,18,0.778,6,23,29,28,10,4,10,18,8.0,2024,True,IND,1611661325
1611661321,Dallas Wings,1022400154,2024-08-16,L,91,29,66,0.439,10,24,0.417,23,32,0.719,15,21,36,19,12,4,20,23,-18.0,2024,True,CON,1611661323
1611661321,Dallas Wings,1022400163,2024-08-20,L,74,25,66,0.379,9,21,0.429,15,23,0.652,9,19,28,20,7,2,18,21,-20.0,2024,False,NYL,1611661313
1611661321,Dallas Wings,1022400167,2024-08-22,L,71,30,69,0.435,2,13,0.154,9,13,0.692,8,30,38,17,4,6,14,20,-8.0,2024,False,NYL,1611661313
1611661321,Dallas Wings,1022400175,2024-08-25,W,113,40,76,0.526,8,22,0.364,25,29,0.862,13,21,34,21,9,2,9,19,3.0,2024,True,LAS,1611661320
1611661321,Dallas Wings,1022400179,2024-08-27,W,93,36,75,0.48,6,21,0.286,15,19,0.789,13,27,40,22,4,4,11,26,3.0,2024,True,LVA,1611661319
1611661321,Dallas Wings,1022400186,2024-08-30,W,94,40,83,0.482,7,18,0.389,7,11,0.636,11,27,38,21,10,3,8,13,18.0,2024,True,MIN,1611661324
1611661321,Dallas Wings,1022400192,2024-09-01,L,93,29,74,0.392,13,31,0.419,22,27,0.815,8,26,34,22,8,2,13,18,-7.0,2024,True,IND,1611661325
1611661321,Dallas Wings,1022400196,2024-09-03,L,86,31,72,0.431,4,18,0.222,20,26,0.769,16,28,44,22,3,7,13,18,-4.0,2024,True,WAS,1611661322
1611661321,Dallas Wings,1022400202,2024-09-06,L,96,35,71,0.493,8,20,0.4,18,22,0.818,10,23,33,26,5,3,18,24,-11.0,2024,False,ATL,1611661330
1611661321,Dallas Wings,1022400210,2024-09-08,L,77,30,74,0.405,3,15,0.2,14,19,0.737,13,21,34,21,6,4,14,21,-15.0,2024,False,CHI,1611661329
1611661321,Dallas Wings,1022400213,2024-09-10,L,91,34,72,0.472,6,24,0.25,17,19,0.895,5,23,28,24,3,4,11,13,-14.0,2024,True,NYL,1611661313
1611661321,Dallas Wings,1022400218,2024-09-12,L,67,26,71,0.366,4,18,0.222,11,16,0.688,9,24,33,17,4,2,15,23,-32.0,2024,True,NYL,1611661313
1611661321,Dallas Wings,1022400221,2024-09-13,L,81,30,78,0.385,4,18,0.222,17,19,0.895,15,27,42,20,9,3,18,12,-2.0,2024,True,SEA,1611661328
1611661321,Dallas Wings,1022400224,2024-09-15,L,109,42,74,0.568,11,24,0.458,14,15,0.933,11,22,33,28,7,3,13,23,-1.0,2024,False,IND,1611661325
1611661321,Dallas Wings,1022400239,2024-09-19,L,84,30,70,0.429,9,20,0.45,15,19,0.789,7,26,33,17,7,2,13,12,-14.0,2024,False,LVA,1611661319
1611661321,Dallas Wings,1022500002,2025-05-16,L,84,30,66,0.455,5,14,0.357,19,24,0.792,8,25,33,15,8,2,14,21,-15.0,2025,True,MIN,1611661324
1611661321,Dallas Wings,1022500009,2025-05-19,L,71,27,73,0.37,4,19,0.211,13,19,0.684,13,31,44,19,6,7,14,19,-8.0,2025,True,SEA,1611661328
1611661321,Dallas Wings,1022500012,2025-05-21,L,81,29,71,0.408,12,33,0.364,11,14,0.786,9,18,27,20,9,1,11,22,-4.0,2025,False,MIN,1611661324
1611661321,Dallas Wings,1022500022,2025-05-24,L,75,30,82,0.366,5,23,0.217,10,14,0.714,11,27,38,17,9,3,8,18,-8.0,2025,False,ATL,1611661330
1611661321,Dallas Wings,1022500027,2025-05-27,W,109,37,66,0.561,10,20,0.5,25,29,0.862,10,25,35,26,10,3,12,24,22.0,2025,False,CON,1611661323
1611661321,Dallas Wings,1022500034,2025-05-29,L,92,37,72,0.514,8,22,0.364,10,11,0.909,9,21,30,23,6,10,16,16,-5.0,2025,False,CHI,1611661329
1611661321,Dallas Wings,1022500040,2025-05-31,L,83,27,67,0.403,4,15,0.267,25,33,0.758,13,19,32,15,9,10,14,26,-11.0,2025,True,CHI,1611661329
1611661321,Dallas Wings,1022500047,2025-06-03,L,77,30,86,0.349,5,20,0.25,12,18,0.667,20,28,48,18,7,4,14,18,-6.0,2025,False,SEA,1611661328
1611661321,Dallas Wings,1022500051,2025-06-06,L,79,31,73,0.425,6,20,0.3,11,11,1.0,13,22,35,24,6,5,15,18,-14.0,2025,True,LAS,1611661320
1611661321,Dallas Wings,1022500056,2025-06-08,L,65,19,65,0.292,8,24,0.333,19,23,0.826,13,28,41,14,3,3,15,16,-16.0,2025,True,MIN,1611661324
1611661321,Dallas Wings,1022500061,2025-06-11,L,80,29,67,0.433,5,19,0.263,17,23,0.739,11,25,36,16,6,4,14,14,-13.0,2025,False,PHX,1611661317
1611661321,Dallas Wings,1022500064,2025-06-13,L,84,33,70,0.471,8,20,0.4,10,11,0.909,8,21,29,24,10,2,15,20,-4.0,2025,False,LVA,1611661319
1611661321,Dallas Wings,1022500074,2025-06-17,W,80,29,74,0.392,7,27,0.259,15,19,0.789,13,26,39,23,12,6,11,20,9.0,2025,True,GSV,1611661331
1611661321,Dallas Wings,1022500081,2025-06-20,W,86,29,67,0.433,4,16,0.25,24,30,0.8,17,25,42,23,7,1,17,21,3.0,2025,False,CON,1611661323
1611661321,Dallas Wings,1022500086,2025-06-22,L,88,27,72,0.375,8,25,0.32,26,32,0.813,12,26,38,16,8,6,17,33,-3.0,2025,False,WAS,1611661322
1611661321,Dallas Wings,1022500092,2025-06-24,W,68,25,66,0.379,2,13,0.154,16,18,0.889,12,32,44,14,6,5,8,17,13.0,2025,True,ATL,1611661330
1611661321,Dallas Wings,1022500099,2025-06-27,L,86,29,68,0.426,6,17,0.353,22,25,0.88,9,14,23,21,5,3,8,21,-8.0,2025,True,IND,1611661325
1611661321,Dallas Wings,1022500103,2025-06-28,W,79,29,62,0.468,4,11,0.364,17,18,0.944,10,31,41,18,7,4,19,22,8.0,2025,True,WAS,1611661322
1611661321,Dallas Wings,1022500112,2025-07-03,W,98,32,67,0.478,8,22,0.364,26,31,0.839,8,30,38,20,4,6,15,22,9.0,2025,True,PHX,1611661317
1611661321,Dallas Wings,1022500120,2025-07-07,L,72,27,75,0.36,8,24,0.333,10,12,0.833,13,31,44,16,5,3,17,16,-30.0,2025,False,PHX,1611661317
1611661321,Dallas Wings,1022500126,2025-07-09,L,76,27,75,0.36,7,26,0.269,15,21,0.714,12,19,31,18,10,4,10,18,-11.0,2025,False,CHI,1611661329
1611661321,Dallas Wings,1022500133,2025-07-13,L,83,34,71,0.479,8,19,0.421,7,11,0.636,9,24,33,24,5,4,17,19,-19.0,2025,False,IND,1611661325
1611661321,Dallas Wings,1022500145,2025-07-16,L,86,34,85,0.4,10,29,0.345,8,11,0.727,9,30,39,32,14,6,11,20,-4.0,2025,True,LVA,1611661319
1611661321,Dallas Wings,1022500150,2025-07-22,W,87,32,71,0.451,10,23,0.435,13,17,0.765,9,39,48,25,6,7,15,16,24.0,2025,False,SEA,1611661328
1611661321,Dallas Wings,1022500157,2025-07-25,L,76,27,64,0.422,10,26,0.385,12,19,0.632,7,22,29,19,11,2,13,24,-10.0,2025,False,GSV,1611661331
1611661321,Dallas Wings,1022500162,2025-07-27,L,80,30,79,0.38,4,19,0.211,16,21,0.762,14,24,38,15,4,2,11,20,-26.0,2025,True,LVA,1611661319
1611661321,Dallas Wings,1022500166,2025-07-28,W,92,36,78,0.462,7,25,0.28,13,14,0.929,9,30,39,27,8,3,10,17,10.0,2025,True,NYL,1611661313
1611661321,Dallas Wings,1022500171,2025-07-30,L,85,34,68,0.5,11,22,0.5,6,8,0.75,5,19,24,21,7,2,8,12,-3.0,2025,True,ATL,1611661330
1611661321,Dallas Wings,1022500177,2025-08-01,L,78,26,64,0.406,2,15,0.133,24,25,0.96,4,26,30,16,8,7,14,16,-10.0,2025,True,IND,1611661325
1611661321,Dallas Wings,1022500185,2025-08-05,L,76,29,78,0.372,6,27,0.222,12,16,0.75,16,29,45,20,5,2,7,18,-9.0,2025,False,NYL,1611661313
1611661321,Dallas Wings,1022500194,2025-08-08,L,77,28,70,0.4,3,21,0.143,18,23,0.783,10,30,40,14,4,2,15,20,-11.0,2025,True,NYL,1611661313
1611661321,Dallas Wings,1022500200,2025-08-10,L,78,23,63,0.365,8,23,0.348,24,29,0.828,6,20,26,18,9,4,13,26,-13.0,2025,True,WAS,1611661322
1611661321,Dallas Wings,1022500205,2025-08-12,W,81,30,71,0.423,8,26,0.308,13,15,0.867,7,23,30,25,9,1,14,19,1.0,2025,False,IND,1611661325
1611661321,Dallas Wings,1022500213,2025-08-15,L,96,38,75,0.507,9,27,0.333,11,11,1.0,7,21,28,32,6,7,15,20,-1.0,2025,True,LAS,1611661320
1611661321,Dallas Wings,1022500219,2025-08-17,L,87,38,78,0.487,3,17,0.176,8,9,0.889,8,29,37,26,5,2,12,16,-19.0,2025,False,LVA,1611661319
1611661321,Dallas Wings,1022500227,2025-08-20,L,80,29,60,0.483,11,19,0.579,11,14,0.786,2,30,32,16,11,7,15,17,-1.0,2025,False,LAS,1611661320
1611661321,Dallas Wings,1022500233,2025-08-22,L,60,20,67,0.299,4,23,0.174,16,19,0.842,8,28,36,9,3,0,16,20,-35.0,2025,True,SEA,1611661328
1611661321,Dallas Wings,1022500239,2025-08-24,L,81,31,75,0.413,9,28,0.321,10,14,0.714,12,18,30,21,8,5,3,17,-9.0,2025,True,GSV,1611661331
1611661321,Dallas Wings,1022500246,2025-08-27,L,95,38,75,0.507,6,22,0.273,13,17,0.765,6,27,33,24,7,3,13,22,-6.0,2025,True,CON,1611661323
1611661321,Dallas Wings,1022500250,2025-08-29,L,78,33,73,0.452,5,18,0.278,7,9,0.778,5,21,26,20,5,2,11,13,-22.0,2025,False,ATL,1611661330
1611661321,Dallas Wings,1022500259,2025-09-01,L,71,26,67,0.388,3,15,0.2,16,23,0.696,10,17,27,15,9,1,13,15,-25.0,2025,False,MIN,1611661324
1611661321,Dallas Wings,1022500266,2025-09-04,L,80,30,71,0.423,5,25,0.2,15,20,0.75,8,23,31,21,11,5,9,17,-4.0,2025,False,GSV,1611661331
1611661321,Dallas Wings,1022500274,2025-09-07,L,77,28,72,0.389,5,23,0.217,16,17,0.941,10,36,46,24,4,4,15,14,-14.0,2025,False,LAS,1611661320
1611661321,Dallas Wings,1022500284,2025-09-11,W,97,41,84,0.488,8,28,0.286,7,11,0.636,17,25,42,24,11,5,9,13,21.0,2025,True,PHX,1611661317
1611661321,Dallas Wings,1022600004,2026-05-09,W,107,39,66,0.591,12,23,0.522,17,24,0.708,3,24,27,26,9,2,15,28,3.0,2026,False,IND,1611661325
1611661321,Dallas Wings,1022600012,2026-05-12,L,72,28,73,0.384,4,26,0.154,12,14,0.857,7,27,34,15,3,4,8,17,-5.0,2026,True,ATL,1611661330
1611661321,Dallas Wings,1022600019,2026-05-14,L,86,31,67,0.463,5,17,0.294,19,22,0.864,9,17,26,22,9,3,11,18,-4.0,2026,True,MIN,1611661324
1611661321,Dallas Wings,1022600029,2026-05-18,W,92,33,70,0.471,11,24,0.458,15,17,0.882,11,20,31,30,10,1,8,20,23.0,2026,True,WAS,1611661322
1611661321,Dallas Wings,1022600033,2026-05-20,W,99,36,72,0.5,9,21,0.429,18,23,0.783,9,27,36,28,5,1,8,20,10.0,2026,False,CHI,1611661329
1611661321,Dallas Wings,1022600038,2026-05-22,L,69,28,74,0.378,7,28,0.25,6,12,0.5,10,16,26,21,9,8,14,18,-17.0,2026,False,ATL,1611661330
1611661321,Dallas Wings,1022600045,2026-05-24,W,91,30,65,0.462,15,35,0.429,16,19,0.842,6,28,34,22,6,5,8,16,15.0,2026,False,NYL,1611661313
1611661321,Dallas Wings,1022600054,2026-05-28,W,95,33,67,0.493,10,22,0.455,19,22,0.864,8,31,39,23,1,5,10,16,8.0,2026,True,LVA,1611661319
1611661321,Dallas Wings,1022600064,2026-06-01,W,79,29,81,0.358,5,25,0.2,16,24,0.667,18,30,48,19,7,1,8,15,23.0,2026,True,SEA,1611661328
1611661321,Dallas Wings,1022600075,2026-06-05,W,104,41,77,0.532,10,25,0.4,12,18,0.667,13,20,33,30,10,2,12,18,8.0,2026,False,LAS,1611661320
1611661321,Dallas Wings,1022600087,2026-06-09,L,76,29,77,0.377,8,28,0.286,10,10,1.0,8,23,31,19,9,3,12,18,-24.0,2026,False,MIN,1611661324
1611661321,Dallas Wings,1022600093,2026-06-11,W,85,37,71,0.521,4,18,0.222,7,8,0.875,7,30,37,24,9,4,16,17,15.0,2026,True,PHX,1611661317
1611661321,Dallas Wings,1022600099,2026-06-13,L,83,29,74,0.392,7,28,0.25,18,26,0.692,12,29,41,18,7,4,10,15,-1.0,2026,False,PDX,1611661327
1611661321,Dallas Wings,1022600103,2026-06-15,W,96,35,71,0.493,10,28,0.357,16,21,0.762,8,33,41,30,10,3,7,14,30.0,2026,True,LVA,1611661319
1611661321,Dallas Wings,1022600109,2026-06-17,L,80,30,64,0.469,9,22,0.409,11,16,0.688,2,23,25,19,10,3,8,20,-11.0,2026,False,GSV,1611661331
1611661321,Dallas Wings,1022600119,2026-06-20,W,93,33,73,0.452,10,25,0.4,17,21,0.81,9,26,35,17,7,7,13,23,1.0,2026,True,CHI,1611661329
1611661321,Dallas Wings,1022600126,2026-06-22,W,112,48,89,0.539,9,24,0.375,7,9,0.778,9,25,34,30,9,2,8,14,2.0,2026,False,SEA,1611661328
1611661321,Dallas Wings,1022600133,2026-06-25,L,84,34,70,0.486,2,21,0.095,14,16,0.875,3,21,24,18,7,2,12,25,-15.0,2026,False,LVA,1611661319
1611661321,Dallas Wings,1022600141,2026-06-28,L,77,28,74,0.378,7,23,0.304,14,15,0.933,11,27,38,13,7,3,15,15,-8.0,2026,True,MIN,1611661324
1611661321,Dallas Wings,1022600146,2026-07-02,W,86,33,68,0.485,9,26,0.346,11,16,0.688,5,26,31,18,4,3,14,25,3.0,2026,False,CON,1611661323
1611661321,Dallas Wings,1022600152,2026-07-05,W,89,33,75,0.44,10,28,0.357,13,14,0.929,16,26,42,16,7,6,11,22,13.0,2026,False,TOR,1611661332
1611661321,Dallas Wings,1022600157,2026-07-07,W,88,35,76,0.461,6,23,0.261,12,12,1.0,10,28,38,29,3,5,9,17,11.0,2026,False,NYL,1611661313
1611661321,Dallas Wings,1022600166,2026-07-10,W,108,39,74,0.527,11,25,0.44,19,21,0.905,11,21,32,22,5,1,6,17,13.0,2026,False,TOR,1611661332
1611661321,Dallas Wings,1022600173,2026-07-12,W,96,36,75,0.48,9,25,0.36,15,19,0.789,7,26,33,23,4,3,5,13,5.0,2026,True,CHI,1611661329
1611661321,Dallas Wings,1022600191,2026-07-19,W,90,34,69,0.493,7,19,0.368,15,19,0.789,10,24,34,21,8,2,16,21,8.0,2026,True,LAS,1611661320
1611661321,Dallas Wings,1022600183,2026-07-20,L,98,36,76,0.474,11,21,0.524,15,19,0.789,7,27,34,27,1,7,7,26,-1.0,2026,True,NYL,1611661313
1611661321,Dallas Wings,1022600202,2026-07-22,W,101,35,72,0.486,12,30,0.4,19,24,0.792,9,26,35,28,7,2,13,18,4.0,2026,False,PDX,1611661327
1611661321,Dallas Wings,1022600208,2026-07-29,L,81,34,69,0.493,4,15,0.267,9,14,0.643,8,24,32,19,9,5,16,19,-1.0,2026,True,ATL,1611661330
1611661321,Dallas Wings,1022600214,2026-07-31,L,75,28,70,0.4,8,33,0.242,11,13,0.846,6,26,32,19,3,7,6,23,-6.0,2026,False,WAS,1611661322
1611661321,Dallas Wings,1022600220,2026-08-02,W,83,33,69,0.478,7,18,0.389,10,12,0.833,7,31,38,22,10,4,14,15,20.0,2026,True,CON,1611661323
1611661321,Dallas Wings,1022600228,2026-08-05,L,92,34,68,0.5,9,23,0.391,15,21,0.714,7,25,32,23,6,6,9,26,-4.0,2026,False,WAS,1611661322
1611661321,Dallas Wings,1022600235,2026-08-07,L,76,21,62,0.339,7,25,0.28,27,38,0.711,15,24,39,8,7,3,13,15,-18.0,2026,True,GSV,1611661331
1611661321,Dallas Wings,1022600241,2026-08-09,L,90,37,68,0.544,6,20,0.3,10,11,0.909,8,26,34,24,5,0,18,8,-13.0,2026,False,MIN,1611661324
1611661321,Dallas Wings,1022600248,2026-08-12,W,94,31,70,0.443,9,26,0.346,23,26,0.885,7,23,30,24,9,5,9,21,6.0,2026,True,TOR,1611661332
1611661321,Dallas Wings,1022600254,2026-08-14,L,87,31,72,0.431,7,29,0.241,18,20,0.9,11,20,31,18,3,6,10,19,-11.0,2026,False,IND,1611661325
1611661321,Dallas Wings,1022600262,2026-08-17,L,70,26,58,0.448,5,22,0.227,13,15,0.867,4,29,33,15,7,4,16,16,-8.0,2026,False,GSV,1611661331
1611661321,Dallas Wings,1022600269,2026-08-20,W,91,34,72,0.472,5,18,0.278,18,27,0.667,7,25,32,22,5,8,8,19,6.0,2026,True,IND,1611661325
1611661321,Dallas Wings,1022600278,2026-08-23,W,92,33,66,0.5,11,23,0.478,15,17,0.882,6,34,40,23,6,4,13,11,22.0,2026,True,SEA,1611661328
1611661321,Dallas Wings,1022600285,2026-08-25,W,96,38,69,0.551,11,24,0.458,9,13,0.692,10,28,38,26,11,8,12,16,18.0,2026,True,PDX,1611661327
1611661321,Dallas Wings,1022600300,2026-08-30,W,97,33,63,0.524,8,16,0.5,23,30,0.767,6,35,41,20,5,5,10,20,26.0,2026,True,CON,1611661323
1611661321,Dallas Wings,1022600303,2026-09-17,W,97,38,75,0.507,10,30,0.333,11,14,0.786,10,36,46,31,9,11,18,16,20.0,2026,True,LAS,1611661320
1611661321,Dallas Wings,1022600309,2026-09-19,W,87,30,71,0.423,8,25,0.32,19,26,0.731,7,25,32,21,10,7,8,19,5.0,2026,True,PHX,1611661317
1611661321,Dallas Wings,1022600318,2026-09-21,L,86,31,74,0.419,10,23,0.435,14,21,0.667,11,31,42,24,3,6,9,21,-1.0,2026,False,PHX,1611661317
1611661321,Dallas Wings,1022600325,2026-09-23,W,103,39,69,0.565,9,18,0.5,16,19,0.842,8,25,33,32,9,5,13,15,12.0,2026,False,SEA,1611661328
1611661322,Washington Mystics,1021500001,2015-06-05,W,73,25,68,0.368,6,22,0.273,17,19,0.895,15,26,41,16,2,6,9,18,5.0,2015,False,CON,1611661323
1611661322,Washington Mystics,1021500006,2015-06-06,W,67,26,71,0.366,4,18,0.222,11,14,0.786,6,27,33,17,6,2,9,15,5.0,2015,True,NYL,1611661313
1611661322,Washington Mystics,1021500017,2015-06-12,L,61,23,63,0.365,5,16,0.313,10,12,0.833,11,21,32,15,7,2,15,18,-3.0,2015,True,ATL,1611661330
1611661322,Washington Mystics,1021500024,2015-06-14,W,74,27,61,0.443,10,24,0.417,10,17,0.588,3,28,31,18,13,6,12,18,15.0,2015,False,NYL,1611661313
1611661322,Washington Mystics,1021500029,2015-06-19,L,82,30,69,0.435,4,20,0.2,18,22,0.818,10,28,38,21,7,10,12,20,-4.0,2015,True,TUL,1611661321
1611661322,Washington Mystics,1021500034,2015-06-20,W,87,31,60,0.517,10,22,0.455,15,19,0.789,10,26,36,22,7,3,17,19,12.0,2015,False,IND,1611661325
1611661322,Washington Mystics,1021500040,2015-06-23,W,84,27,58,0.466,6,14,0.429,24,33,0.727,5,19,24,17,9,4,9,17,4.0,2015,True,LAS,1611661320
1611661322,Washington Mystics,1021500046,2015-06-26,L,69,26,57,0.456,6,17,0.353,11,14,0.786,5,19,24,21,8,7,17,18,-3.0,2015,False,ATL,1611661330
1611661322,Washington Mystics,1021500051,2015-06-28,W,86,35,70,0.5,10,19,0.526,6,7,0.857,9,28,37,24,6,1,10,15,15.0,2015,True,CHI,1611661329
1611661322,Washington Mystics,1021500058,2015-07-02,L,50,17,58,0.293,3,21,0.143,13,15,0.867,13,20,33,8,2,2,15,17,-23.0,2015,False,IND,1611661325
1611661322,Washington Mystics,1021500068,2015-07-09,L,76,27,74,0.365,5,20,0.25,17,20,0.85,9,25,34,22,3,3,12,26,-3.0,2015,True,NYL,1611661313
1611661322,Washington Mystics,1021500080,2015-07-15,L,57,23,70,0.329,2,10,0.2,9,13,0.692,9,23,32,14,4,5,14,15,-28.0,2015,False,CHI,1611661329
1611661322,Washington Mystics,1021500085,2015-07-17,W,68,27,70,0.386,3,17,0.176,11,14,0.786,12,31,43,21,11,5,9,16,18.0,2015,True,IND,1611661325
1611661322,Washington Mystics,1021500093,2015-07-19,W,89,28,58,0.483,7,15,0.467,26,36,0.722,6,22,28,23,9,4,12,14,7.0,2015,True,CON,1611661323
1611661322,Washington Mystics,1021500094,2015-07-21,W,76,25,56,0.446,6,13,0.462,20,25,0.8,5,19,24,15,8,10,8,22,7.0,2015,False,TUL,1611661321
1611661322,Washington Mystics,1021500102,2015-07-29,W,87,33,70,0.471,8,18,0.444,13,14,0.929,8,28,36,20,6,8,5,14,13.0,2015,True,SEA,1611661328
1611661322,Washington Mystics,1021500109,2015-07-31,W,88,36,63,0.571,9,15,0.6,7,12,0.583,7,35,42,30,6,5,14,15,35.0,2015,False,SAN,1611661319
1611661322,Washington Mystics,1021500116,2015-08-02,L,68,25,70,0.357,5,16,0.313,13,15,0.867,10,28,38,17,4,10,5,17,-3.0,2015,False,CHI,1611661329
1611661322,Washington Mystics,1021500121,2015-08-05,W,66,21,56,0.375,6,19,0.316,18,22,0.818,9,29,38,9,6,8,12,17,3.0,2015,True,SAN,1611661319
1611661322,Washington Mystics,1021500123,2015-08-07,L,72,25,60,0.417,6,20,0.3,16,22,0.727,7,16,23,14,4,4,11,17,-14.0,2015,False,CON,1611661323
1611661322,Washington Mystics,1021500129,2015-08-09,W,84,25,51,0.49,6,11,0.545,28,33,0.848,4,28,32,18,4,7,11,22,11.0,2015,True,CON,1611661323
1611661322,Washington Mystics,1021500133,2015-08-11,L,62,25,57,0.439,6,14,0.429,6,10,0.6,4,22,26,14,4,8,14,17,-11.0,2015,True,IND,1611661325
1611661322,Washington Mystics,1021500143,2015-08-16,W,77,27,66,0.409,8,20,0.4,15,17,0.882,8,27,35,12,7,6,8,19,8.0,2015,True,MIN,1611661324
1611661322,Washington Mystics,1021500149,2015-08-19,W,79,29,65,0.446,7,14,0.5,14,18,0.778,10,26,36,21,6,4,10,24,18.0,2015,False,MIN,1611661324
1611661322,Washington Mystics,1021500154,2015-08-21,L,85,37,73,0.507,3,17,0.176,8,10,0.8,4,23,27,26,9,5,12,21,-2.0,2015,False,CHI,1611661329
1611661322,Washington Mystics,1021500157,2015-08-23,L,64,22,66,0.333,6,20,0.3,14,18,0.778,10,22,32,13,6,6,16,22,-2.0,2015,True,CHI,1611661329
1611661322,Washington Mystics,1021500165,2015-08-28,W,71,25,60,0.417,6,15,0.4,15,20,0.75,3,25,28,20,11,6,11,13,8.0,2015,True,PHO,1611661317
1611661322,Washington Mystics,1021500176,2015-08-30,L,59,24,66,0.364,2,14,0.143,9,9,1.0,9,19,28,10,9,2,16,24,-10.0,2015,False,SEA,1611661328
1611661322,Washington Mystics,1021500179,2015-09-02,L,53,19,61,0.311,3,16,0.188,12,15,0.8,13,17,30,11,3,2,12,13,-20.0,2015,False,PHO,1611661317
1611661322,Washington Mystics,1021500182,2015-09-03,L,91,35,72,0.486,10,22,0.455,11,11,1.0,6,12,18,26,8,0,6,24,-2.0,2015,False,LAS,1611661320
1611661322,Washington Mystics,1021500186,2015-09-06,L,67,29,68,0.426,4,18,0.222,5,6,0.833,8,27,35,16,9,6,15,24,-6.0,2015,False,ATL,1611661330
1611661322,Washington Mystics,1021500190,2015-09-08,W,76,27,64,0.422,5,21,0.238,17,23,0.739,9,27,36,13,9,4,22,23,4.0,2015,True,IND,1611661325
1611661322,Washington Mystics,1021500195,2015-09-11,W,82,32,67,0.478,12,19,0.632,6,8,0.75,8,30,38,25,8,3,11,17,27.0,2015,False,NYL,1611661313
1611661322,Washington Mystics,1021500201,2015-09-13,L,71,26,62,0.419,6,16,0.375,13,15,0.867,10,21,31,17,5,2,16,20,-2.0,2015,True,ATL,1611661330
1611661322,Washington Mystics,1021600002,2016-05-14,L,76,24,67,0.358,9,20,0.45,19,24,0.792,11,28,39,11,5,3,13,21,-11.0,2016,True,NYL,1611661313
1611661322,Washington Mystics,1021600009,2016-05-18,L,77,29,67,0.433,2,12,0.167,17,24,0.708,10,26,36,16,2,5,15,22,-10.0,2016,True,DAL,1611661321
1611661322,Washington Mystics,1021600012,2016-05-20,L,67,28,63,0.444,4,10,0.4,7,15,0.467,7,23,30,14,7,1,21,19,-30.0,2016,True,LAS,1611661320
1611661322,Washington Mystics,1021600016,2016-05-21,W,84,25,55,0.455,5,14,0.357,29,39,0.744,7,28,35,14,8,2,20,26,8.0,2016,False,CON,1611661323
1611661322,Washington Mystics,1021600024,2016-05-26,W,84,29,64,0.453,8,18,0.444,18,23,0.783,6,32,38,13,6,5,16,23,2.0,2016,False,SEA,1611661328
1611661322,Washington Mystics,1021600031,2016-05-29,L,77,29,71,0.408,4,17,0.235,15,20,0.75,11,22,33,11,3,0,6,22,-16.0,2016,False,PHO,1611661317
1611661322,Washington Mystics,1021600034,2016-06-01,L,78,28,66,0.424,8,22,0.364,14,18,0.778,12,21,33,17,8,3,13,17,-8.0,2016,True,CHI,1611661329
1611661322,Washington Mystics,1021600039,2016-06-03,L,72,22,60,0.367,5,19,0.263,23,27,0.852,7,18,25,14,4,4,14,16,-26.0,2016,False,CHI,1611661329
1611661322,Washington Mystics,1021600044,2016-06-05,W,86,28,74,0.378,9,21,0.429,21,23,0.913,13,30,43,20,3,5,7,22,7.0,2016,False,ATL,1611661330
1611661322,Washington Mystics,1021600048,2016-06-08,W,87,26,58,0.448,7,21,0.333,28,37,0.757,9,32,41,17,7,5,15,24,8.0,2016,False,DAL,1611661321
1611661322,Washington Mystics,1021600053,2016-06-11,L,76,30,73,0.411,5,22,0.227,11,11,1.0,6,19,25,14,9,1,13,23,-7.0,2016,True,MIN,1611661324
1611661322,Washington Mystics,1021600059,2016-06-14,W,109,34,77,0.442,10,24,0.417,31,33,0.939,7,30,37,18,10,2,18,24,3.0,2016,False,CON,1611661323
1611661322,Washington Mystics,1021600069,2016-06-18,W,95,35,67,0.522,8,16,0.5,17,23,0.739,9,25,34,22,12,1,12,23,30.0,2016,True,ATL,1611661330
1611661322,Washington Mystics,1021600078,2016-06-22,W,76,20,52,0.385,5,16,0.313,31,37,0.838,3,29,32,12,14,4,13,18,14.0,2016,True,IND,1611661325
1611661322,Washington Mystics,1021600080,2016-06-24,L,79,28,63,0.444,5,15,0.333,18,24,0.75,6,24,30,22,6,2,11,19,-12.0,2016,True,PHO,1611661317
1611661322,Washington Mystics,1021600087,2016-06-26,W,87,33,70,0.471,11,29,0.379,10,12,0.833,8,26,34,19,9,3,9,17,24.0,2016,True,MIN,1611661324
1611661322,Washington Mystics,1021600091,2016-06-29,W,84,30,65,0.462,9,19,0.474,15,15,1.0,7,22,29,24,6,2,7,13,17.0,2016,True,SAN,1611661319
1611661322,Washington Mystics,1021600098,2016-07-01,L,84,30,72,0.417,6,21,0.286,18,21,0.857,8,30,38,22,4,4,12,22,-2.0,2016,False,CHI,1611661329
1611661322,Washington Mystics,1021600108,2016-07-06,L,70,25,69,0.362,5,18,0.278,15,16,0.938,10,26,36,15,3,4,8,20,-7.0,2016,False,SAN,1611661319
1611661322,Washington Mystics,1021600119,2016-07-10,L,82,30,65,0.462,7,17,0.412,15,16,0.938,9,20,29,21,10,3,13,15,-11.0,2016,False,LAS,1611661320
1611661322,Washington Mystics,1021600125,2016-07-13,L,74,26,69,0.377,7,18,0.389,15,18,0.833,6,27,33,16,3,3,14,23,-4.0,2016,False,PHO,1611661317
1611661322,Washington Mystics,1021600130,2016-07-15,L,51,20,69,0.29,6,13,0.462,5,7,0.714,13,25,38,15,6,3,13,16,-29.0,2016,False,SEA,1611661328
1611661322,Washington Mystics,1021600138,2016-07-20,L,81,25,63,0.397,11,22,0.5,20,23,0.87,8,24,32,19,3,3,13,17,-7.0,2016,True,NYL,1611661313
1611661322,Washington Mystics,1021600143,2016-07-22,L,75,29,63,0.46,7,26,0.269,10,12,0.833,2,16,18,21,8,0,10,16,-20.0,2016,True,LAS,1611661320
1611661322,Washington Mystics,1021600152,2016-08-27,W,92,32,61,0.525,9,23,0.391,19,24,0.792,8,21,29,17,6,11,13,17,23.0,2016,False,IND,1611661325
1611661322,Washington Mystics,1021600156,2016-08-28,L,74,22,65,0.338,6,22,0.273,24,37,0.649,10,23,33,13,6,3,10,21,-11.0,2016,True,SAN,1611661319
1611661322,Washington Mystics,1021600164,2016-09-02,L,69,26,66,0.394,3,21,0.143,14,20,0.7,10,21,31,15,5,5,9,22,-6.0,2016,False,MIN,1611661324
1611661322,Washington Mystics,1021600168,2016-09-04,W,88,29,73,0.397,6,13,0.462,24,26,0.923,13,21,34,11,9,10,11,25,5.0,2016,False,DAL,1611661321
1611661322,Washington Mystics,1021600177,2016-09-07,W,118,45,74,0.608,16,28,0.571,12,16,0.75,7,30,37,33,2,2,9,14,37.0,2016,True,CHI,1611661329
1611661322,Washington Mystics,1021600179,2016-09-09,L,76,28,73,0.384,6,20,0.3,14,18,0.778,6,20,26,16,5,0,5,15,-5.0,2016,True,SEA,1611661328
1611661322,Washington Mystics,1021600184,2016-09-11,L,73,27,62,0.435,7,21,0.333,12,15,0.8,7,19,26,21,6,2,8,20,-7.0,2016,True,IND,1611661325
1611661322,Washington Mystics,1021600190,2016-09-13,W,75,24,62,0.387,10,27,0.37,17,21,0.81,7,29,36,19,6,4,11,18,13.0,2016,False,NYL,1611661313
1611661322,Washington Mystics,1021600194,2016-09-15,L,91,34,80,0.425,7,27,0.259,16,20,0.8,13,18,31,22,7,1,7,19,-3.0,2016,False,ATL,1611661330
1611661322,Washington Mystics,1021600201,2016-09-18,L,78,25,59,0.424,7,18,0.389,21,29,0.724,3,29,32,19,5,4,12,20,-9.0,2016,True,CON,1611661323
1611661322,Washington Mystics,1021700004,2017-05-14,W,89,28,63,0.444,6,19,0.316,27,31,0.871,14,24,38,19,11,2,14,19,15.0,2017,True,SAN,1611661319
1611661322,Washington Mystics,1021700012,2017-05-19,L,89,31,62,0.5,9,24,0.375,18,19,0.947,8,18,26,23,7,1,14,18,-10.0,2017,False,LAS,1611661320
1611661322,Washington Mystics,1021700016,2017-05-21,L,71,24,69,0.348,8,25,0.32,15,16,0.938,10,25,35,9,7,2,10,17,-10.0,2017,False,SEA,1611661328
1611661322,Washington Mystics,1021700019,2017-05-24,W,82,29,73,0.397,7,23,0.304,17,18,0.944,15,29,44,19,5,5,7,20,15.0,2017,False,CHI,1611661329
1611661322,Washington Mystics,1021700023,2017-05-26,W,88,32,76,0.421,8,28,0.286,16,21,0.762,11,28,39,22,7,4,9,15,9.0,2017,True,CHI,1611661329
1611661322,Washington Mystics,1021700032,2017-05-31,W,78,23,65,0.354,6,19,0.316,26,29,0.897,12,26,38,17,8,7,9,16,2.0,2017,True,CON,1611661323
1611661322,Washington Mystics,1021700040,2017-06-04,W,78,23,63,0.365,6,20,0.3,26,31,0.839,7,39,46,16,1,2,14,17,6.0,2017,True,ATL,1611661330
1611661322,Washington Mystics,1021700041,2017-06-06,W,101,36,75,0.48,8,18,0.444,21,22,0.955,11,24,35,22,7,5,7,20,12.0,2017,False,DAL,1611661321
1611661322,Washington Mystics,1021700046,2017-06-09,L,73,26,63,0.413,6,20,0.3,15,16,0.938,8,25,33,10,6,4,15,14,-25.0,2017,True,MIN,1611661324
1611661322,Washington Mystics,1021700053,2017-06-11,W,88,30,66,0.455,10,21,0.476,18,24,0.75,13,30,43,13,4,3,10,18,18.0,2017,True,IND,1611661325
1611661322,Washington Mystics,1021700063,2017-06-18,L,83,29,65,0.446,4,16,0.25,21,26,0.808,10,20,30,19,6,4,7,23,-4.0,2017,True,DAL,1611661321
1611661322,Washington Mystics,1021700070,2017-06-23,L,76,27,67,0.403,8,24,0.333,14,15,0.933,7,24,31,7,6,2,17,25,-17.0,2017,False,MIN,1611661324
1611661322,Washington Mystics,1021700075,2017-06-25,W,97,39,83,0.47,7,23,0.304,12,13,0.923,13,27,40,21,13,11,9,16,34.0,2017,False,CHI,1611661329
1611661322,Washington Mystics,1021700077,2017-06-27,W,100,32,64,0.5,10,24,0.417,26,29,0.897,7,26,33,21,10,4,10,15,30.0,2017,True,SEA,1611661328
1611661322,Washington Mystics,1021700080,2017-06-29,W,67,21,68,0.309,4,25,0.16,21,23,0.913,4,29,33,11,11,4,6,15,13.0,2017,True,NYL,1611661313
1611661322,Washington Mystics,1021700087,2017-07-02,L,69,24,66,0.364,4,19,0.211,17,19,0.895,10,22,32,10,5,5,11,18,-7.0,2017,False,LAS,1611661320
1611661322,Washington Mystics,1021700091,2017-07-05,L,80,29,73,0.397,5,21,0.238,17,19,0.895,11,23,34,15,4,5,6,18,-8.0,2017,False,PHO,1611661317
1611661322,Washington Mystics,1021700096,2017-07-08,L,92,36,70,0.514,9,16,0.563,11,13,0.846,8,27,35,22,4,6,13,18,-4.0,2017,False,CON,1611661323
1611661322,Washington Mystics,1021700106,2017-07-14,W,72,23,60,0.383,4,16,0.25,22,28,0.786,8,28,36,9,7,7,14,21,14.0,2017,False,IND,1611661325
1611661322,Washington Mystics,1021700111,2017-07-16,L,55,18,65,0.277,6,27,0.222,13,17,0.765,7,23,30,10,5,3,11,13,-30.0,2017,False,NYL,1611661313
1611661322,Washington Mystics,1021700118,2017-07-19,W,100,37,89,0.416,14,39,0.359,12,15,0.8,16,26,42,25,6,7,12,23,4.0,2017,True,ATL,1611661330
1611661322,Washington Mystics,1021700123,2017-07-25,W,85,26,65,0.4,7,26,0.269,26,29,0.897,14,25,39,22,8,7,12,20,9.0,2017,False,SAN,1611661319
1611661322,Washington Mystics,1021700136,2017-07-30,W,77,27,67,0.403,5,20,0.25,18,24,0.75,12,35,47,14,3,7,12,14,7.0,2017,False,ATL,1611661330
1611661322,Washington Mystics,1021700146,2017-08-04,L,74,29,69,0.42,6,19,0.316,10,15,0.667,13,25,38,20,6,3,11,15,-2.0,2017,False,SAN,1611661319
1611661322,Washington Mystics,1021700150,2017-08-06,W,85,31,71,0.437,8,23,0.348,15,24,0.625,13,29,42,16,5,5,12,19,5.0,2017,True,PHO,1611661317
1611661322,Washington Mystics,1021700161,2017-08-12,W,100,34,59,0.576,10,17,0.588,22,25,0.88,7,28,35,23,4,6,11,18,20.0,2017,True,IND,1611661325
1611661322,Washington Mystics,1021700166,2017-08-16,L,62,24,63,0.381,4,21,0.19,10,14,0.714,10,14,24,17,7,2,19,22,-33.0,2017,True,LAS,1611661320
1611661322,Washington Mystics,1021700169,2017-08-18,L,79,26,67,0.388,4,23,0.174,23,29,0.793,12,23,35,15,5,1,12,27,-10.0,2017,True,PHO,1611661317
1611661322,Washington Mystics,1021700176,2017-08-20,W,87,28,71,0.394,8,17,0.471,23,25,0.92,13,21,34,15,11,6,6,11,5.0,2017,False,IND,1611661325
1611661322,Washington Mystics,1021700185,2017-08-25,L,66,25,62,0.403,3,18,0.167,13,18,0.722,8,24,32,14,6,5,10,18,-8.0,2017,False,NYL,1611661313
1611661322,Washington Mystics,1021700188,2017-08-26,L,78,27,66,0.409,5,12,0.417,19,26,0.731,11,28,39,11,4,5,13,23,-5.0,2017,True,DAL,1611661321
1611661322,Washington Mystics,1021700129,2017-08-29,L,76,28,77,0.364,4,16,0.25,16,18,0.889,9,35,44,14,3,9,11,25,-10.0,2017,True,CON,1611661323
1611661322,Washington Mystics,1021700194,2017-09-01,W,110,40,78,0.513,12,27,0.444,18,21,0.857,10,28,38,24,5,3,9,15,4.0,2017,True,SEA,1611661328
1611661322,Washington Mystics,1021700204,2017-09-03,L,72,25,63,0.397,7,26,0.269,15,15,1.0,7,28,35,11,7,3,15,19,-14.0,2017,False,MIN,1611661324
1611661322,Washington Mystics,1021800004,2018-05-20,W,82,28,67,0.418,11,25,0.44,15,16,0.938,5,22,27,18,7,2,10,17,7.0,2018,True,IND,1611661325
1611661322,Washington Mystics,1021800010,2018-05-22,W,75,28,67,0.418,8,31,0.258,11,13,0.846,7,30,37,12,8,4,21,22,5.0,2018,True,LVA,1611661319
1611661322,Washington Mystics,1021800015,2018-05-24,W,93,33,65,0.508,8,20,0.4,19,24,0.792,9,26,35,13,4,1,12,22,9.0,2018,False,IND,1611661325
1611661322,Washington Mystics,1021800020,2018-05-27,W,90,35,72,0.486,15,35,0.429,5,9,0.556,14,22,36,19,7,3,11,21,12.0,2018,True,MIN,1611661324
1611661322,Washington Mystics,1021800025,2018-05-29,L,77,29,67,0.433,8,17,0.471,11,15,0.733,9,22,31,12,4,1,14,20,-4.0,2018,False,SEA,1611661328
1611661322,Washington Mystics,1021800026,2018-05-30,W,103,35,65,0.538,11,17,0.647,22,28,0.786,8,23,31,18,8,1,16,23,8.0,2018,False,PHO,1611661317
1611661322,Washington Mystics,1021800030,2018-06-01,L,73,24,60,0.4,3,16,0.188,22,28,0.786,10,19,29,13,5,6,13,30,-12.0,2018,False,LVA,1611661319
1611661322,Washington Mystics,1021800034,2018-06-03,L,64,26,72,0.361,3,21,0.143,9,10,0.9,9,22,31,11,8,2,12,17,-24.0,2018,True,CON,1611661323
1611661322,Washington Mystics,1021800040,2018-06-07,L,80,33,66,0.5,4,19,0.211,10,10,1.0,3,17,20,19,9,5,11,23,-8.0,2018,True,MIN,1611661324
1611661322,Washington Mystics,1021800054,2018-06-13,W,95,31,64,0.484,9,21,0.429,24,26,0.923,8,26,34,10,8,6,12,22,4.0,2018,False,CON,1611661323
1611661322,Washington Mystics,1021800057,2018-06-15,L,86,31,69,0.449,8,22,0.364,16,18,0.889,13,13,26,19,10,2,13,21,-11.0,2018,True,LAS,1611661320
1611661322,Washington Mystics,1021800066,2018-06-19,W,88,33,74,0.446,6,22,0.273,16,18,0.889,15,21,36,26,13,9,12,21,28.0,2018,True,CHI,1611661329
1611661322,Washington Mystics,1021800072,2018-06-22,W,93,34,66,0.515,10,23,0.435,15,19,0.789,7,26,33,23,11,7,19,14,16.0,2018,False,CHI,1611661329
1611661322,Washington Mystics,1021800082,2018-06-26,W,92,31,65,0.477,9,20,0.45,21,28,0.75,8,24,32,21,9,4,7,16,12.0,2018,True,CON,1611661323
1611661322,Washington Mystics,1021800088,2018-06-28,W,80,26,68,0.382,7,27,0.259,21,22,0.955,10,23,33,13,4,5,10,17,3.0,2018,True,NYL,1611661313
1611661322,Washington Mystics,1021800094,2018-06-30,L,74,28,70,0.4,6,22,0.273,12,13,0.923,8,31,39,13,2,4,12,18,-10.0,2018,True,PHO,1611661317
1611661322,Washington Mystics,1021800104,2018-07-05,W,86,29,65,0.446,11,27,0.407,17,19,0.895,7,26,33,22,10,6,10,17,19.0,2018,True,NYL,1611661313
1611661322,Washington Mystics,1021800110,2018-07-07,W,83,25,61,0.41,1,16,0.063,32,35,0.914,8,26,34,13,9,2,13,15,9.0,2018,False,LAS,1611661320
1611661322,Washington Mystics,1021800115,2018-07-08,L,91,32,71,0.451,14,29,0.483,13,16,0.813,8,22,30,19,6,3,7,19,-6.0,2018,False,SEA,1611661328
1611661322,Washington Mystics,1021800120,2018-07-11,L,89,30,73,0.411,11,25,0.44,18,20,0.9,16,18,34,18,5,0,11,18,-17.0,2018,True,ATL,1611661330
1611661322,Washington Mystics,1021800125,2018-07-13,W,88,30,73,0.411,11,23,0.478,17,20,0.85,16,23,39,19,10,5,14,17,16.0,2018,True,CHI,1611661329
1611661322,Washington Mystics,1021800128,2018-07-15,L,77,28,70,0.4,6,22,0.273,15,18,0.833,8,30,38,19,3,4,7,25,-3.0,2018,False,ATL,1611661330
1611661322,Washington Mystics,1021800138,2018-07-19,L,81,31,81,0.383,7,28,0.25,12,13,0.923,10,27,37,20,8,8,9,24,-9.0,2018,False,DAL,1611661321
1611661322,Washington Mystics,1021800143,2018-07-21,W,95,33,61,0.541,10,25,0.4,19,21,0.905,5,26,31,22,7,4,13,15,17.0,2018,False,NYL,1611661313
1611661322,Washington Mystics,1021800149,2018-07-24,L,68,28,73,0.384,4,26,0.154,8,9,0.889,7,19,26,17,6,3,9,12,-26.0,2018,False,CON,1611661323
1611661322,Washington Mystics,1021800154,2018-07-31,W,86,31,68,0.456,8,23,0.348,16,16,1.0,9,31,40,20,6,2,14,23,15.0,2018,False,ATL,1611661330
1611661322,Washington Mystics,1021800166,2018-08-05,W,76,28,65,0.431,11,32,0.344,9,13,0.692,5,24,29,20,7,7,8,11,2.0,2018,False,DAL,1611661321
1611661322,Washington Mystics,1021800173,2018-08-07,W,103,37,66,0.561,11,23,0.478,18,21,0.857,3,24,27,23,7,2,11,17,5.0,2018,False,PHO,1611661317
1611661322,Washington Mystics,1021800176,2018-08-09,W,100,38,66,0.576,12,26,0.462,12,14,0.857,9,24,33,23,5,1,9,17,23.0,2018,True,SEA,1611661328
1611661322,Washington Mystics,1021800185,2018-08-12,W,93,30,67,0.448,11,23,0.478,22,24,0.917,5,30,35,19,8,5,6,15,13.0,2018,True,DAL,1611661321
1611661322,Washington Mystics,1021800191,2018-08-15,W,76,29,67,0.433,9,22,0.409,9,12,0.75,6,30,36,17,5,6,7,13,14.0,2018,False,IND,1611661325
1611661322,Washington Mystics,1021800194,2018-08-17,W,69,28,73,0.384,7,25,0.28,6,6,1.0,12,27,39,18,8,6,8,10,2.0,2018,True,LAS,1611661320
1611661322,Washington Mystics,1021800204,2018-08-19,L,83,34,67,0.507,7,20,0.35,8,9,0.889,7,18,25,18,9,1,10,14,-5.0,2018,False,MIN,1611661324
1611661322,Washington Mystics,1021900004,2019-05-25,L,69,27,72,0.375,3,21,0.143,12,15,0.8,11,26,37,17,4,7,11,17,-15.0,2019,False,CON,1611661323
1611661322,Washington Mystics,1021900013,2019-06-01,W,96,38,67,0.567,9,25,0.36,11,13,0.846,9,26,35,27,6,6,14,22,21.0,2019,True,ATL,1611661330
1611661322,Washington Mystics,1021900019,2019-06-05,W,103,43,86,0.5,13,34,0.382,4,8,0.5,16,19,35,28,13,3,11,10,18.0,2019,True,CHI,1611661329
1611661322,Washington Mystics,1021900024,2019-06-07,W,94,30,67,0.448,7,17,0.412,27,28,0.964,9,20,29,22,6,6,7,13,9.0,2019,False,NYL,1611661313
1611661322,Washington Mystics,1021900028,2019-06-09,W,86,30,68,0.441,12,31,0.387,14,16,0.875,9,20,29,19,7,4,12,10,24.0,2019,True,DAL,1611661321
1611661322,Washington Mystics,1021900031,2019-06-11,L,75,29,71,0.408,6,28,0.214,11,12,0.917,5,25,30,23,13,6,8,14,-8.0,2019,False,CON,1611661323
1611661322,Washington Mystics,1021900036,2019-06-14,L,71,23,66,0.348,9,26,0.346,16,20,0.8,8,22,30,16,12,6,10,17,-3.0,2019,True,SEA,1611661328
1611661322,Washington Mystics,1021900045,2019-06-18,W,81,28,66,0.424,13,28,0.464,12,14,0.857,8,28,36,20,20,5,17,17,29.0,2019,False,LAS,1611661320
1611661322,Washington Mystics,1021900049,2019-06-20,W,95,36,68,0.529,10,20,0.5,13,13,1.0,6,30,36,22,6,8,13,16,23.0,2019,False,LVA,1611661319
1611661322,Washington Mystics,1021900055,2019-06-23,W,89,34,74,0.459,10,29,0.345,11,12,0.917,9,26,35,21,7,7,8,14,16.0,2019,False,ATL,1611661330
1611661322,Washington Mystics,1021900061,2019-06-26,W,81,35,78,0.449,2,15,0.133,9,12,0.75,7,25,32,17,11,3,10,13,7.0,2019,False,CHI,1611661329
1611661322,Washington Mystics,1021900067,2019-06-29,W,102,34,64,0.531,13,30,0.433,21,21,1.0,5,35,40,23,12,2,12,13,43.0,2019,True,CON,1611661323
1611661322,Washington Mystics,1021900082,2019-07-07,L,81,29,68,0.426,6,23,0.261,17,19,0.895,4,27,31,19,2,3,10,11,-17.0,2019,False,LAS,1611661320
1611661322,Washington Mystics,1021900087,2019-07-10,L,68,29,70,0.414,5,23,0.217,5,7,0.714,8,25,33,20,2,3,8,13,-23.0,2019,True,PHO,1611661317
1611661322,Washington Mystics,1021900095,2019-07-13,L,81,28,72,0.389,7,28,0.25,18,23,0.783,12,21,33,20,11,5,11,20,-4.0,2019,True,LVA,1611661319
1611661322,Washington Mystics,1021900105,2019-07-19,W,95,37,78,0.474,10,28,0.357,11,15,0.733,9,26,35,24,5,6,8,19,7.0,2019,False,IND,1611661325
1611661322,Washington Mystics,1021900110,2019-07-21,W,93,31,67,0.463,12,26,0.462,19,21,0.905,8,27,35,24,8,5,11,15,28.0,2019,True,ATL,1611661330
1611661322,Washington Mystics,1021900117,2019-07-24,W,79,30,67,0.448,8,23,0.348,11,15,0.733,5,20,25,18,12,4,14,13,8.0,2019,False,MIN,1611661324
1611661322,Washington Mystics,1021900119,2019-07-30,W,99,40,75,0.533,11,28,0.393,8,10,0.8,10,23,33,21,6,4,8,13,6.0,2019,True,PHO,1611661317
1611661322,Washington Mystics,1021900125,2019-08-02,W,99,34,62,0.548,13,22,0.591,18,19,0.947,7,31,38,23,3,5,14,17,20.0,2019,False,SEA,1611661328
1611661322,Washington Mystics,1021900131,2019-08-04,L,82,32,74,0.432,6,20,0.3,12,13,0.923,10,21,31,23,4,3,7,15,-21.0,2019,False,PHO,1611661317
1611661322,Washington Mystics,1021900079,2019-08-05,W,99,40,73,0.548,10,29,0.345,9,13,0.692,11,26,37,28,4,5,9,17,29.0,2019,False,LVA,1611661319
1611661322,Washington Mystics,1021900134,2019-08-08,W,91,37,69,0.536,6,20,0.3,11,12,0.917,7,16,23,24,8,5,8,17,13.0,2019,True,IND,1611661325
1611661322,Washington Mystics,1021900142,2019-08-11,W,101,34,62,0.548,6,16,0.375,27,29,0.931,9,23,32,16,10,3,16,18,23.0,2019,True,MIN,1611661324
1611661322,Washington Mystics,1021900147,2019-08-14,W,88,29,57,0.509,9,17,0.529,21,21,1.0,5,26,31,20,10,3,13,12,29.0,2019,True,SEA,1611661328
1611661322,Washington Mystics,1021900153,2019-08-16,W,86,29,64,0.453,12,26,0.462,16,20,0.8,3,20,23,20,11,3,12,17,7.0,2019,False,MIN,1611661324
1611661322,Washington Mystics,1021900156,2019-08-18,W,107,37,76,0.487,18,39,0.462,15,15,1.0,9,26,35,30,7,4,6,17,39.0,2019,True,IND,1611661325
1611661322,Washington Mystics,1021900168,2019-08-23,L,78,26,73,0.356,8,29,0.276,18,22,0.818,8,22,30,18,9,6,14,20,-7.0,2019,False,CHI,1611661329
1611661322,Washington Mystics,1021900169,2019-08-25,W,101,39,74,0.527,12,29,0.414,11,11,1.0,9,32,41,30,4,7,11,12,29.0,2019,True,NYL,1611661313
1611661322,Washington Mystics,1021900177,2019-08-27,W,95,31,65,0.477,11,35,0.314,22,24,0.917,6,27,33,22,12,4,9,16,29.0,2019,True,LAS,1611661320
1611661322,Washington Mystics,1021900184,2019-08-31,W,91,32,63,0.508,10,22,0.455,17,20,0.85,8,25,33,17,2,7,9,15,6.0,2019,False,DAL,1611661321
1611661322,Washington Mystics,1021900189,2019-09-03,W,93,33,67,0.493,12,25,0.48,15,17,0.882,12,30,42,24,5,2,18,18,16.0,2019,False,NYL,1611661313
1611661322,Washington Mystics,1021900195,2019-09-06,W,86,33,69,0.478,6,23,0.261,14,16,0.875,9,24,33,22,3,3,10,18,13.0,2019,True,DAL,1611661321
1611661322,Washington Mystics,1021900201,2019-09-08,W,100,38,83,0.458,11,29,0.379,13,13,1.0,14,28,42,28,5,5,11,19,14.0,2019,True,CHI,1611661329
1611661322,Washington Mystics,1022001003,2020-07-25,W,101,38,68,0.559,7,17,0.412,18,20,0.9,7,34,41,16,5,1,13,19,25.0,2020,True,IND,1611661325
1611661322,Washington Mystics,1022001007,2020-07-28,W,94,34,70,0.486,9,25,0.36,17,21,0.81,5,30,35,19,10,0,15,28,5.0,2020,False,CON,1611661323
1611661322,Washington Mystics,1022001013,2020-07-30,W,89,33,76,0.434,15,32,0.469,8,9,0.889,10,26,36,25,13,1,8,15,18.0,2020,True,SEA,1611661328
1611661322,Washington Mystics,1022001020,2020-08-01,L,86,31,74,0.419,8,22,0.364,16,20,0.8,7,28,35,20,10,1,14,12,-2.0,2020,False,CHI,1611661329
1611661322,Washington Mystics,1022001029,2020-08-05,L,77,31,74,0.419,8,26,0.308,7,11,0.636,8,22,30,17,7,1,11,23,-6.0,2020,True,LVA,1611661319
1611661322,Washington Mystics,1022001035,2020-08-07,L,66,23,61,0.377,4,16,0.25,16,20,0.8,1,25,26,12,9,2,14,21,-8.0,2020,True,NYL,1611661313
1611661322,Washington Mystics,1022001041,2020-08-09,L,84,26,69,0.377,7,21,0.333,25,33,0.758,10,21,31,16,10,1,9,22,-7.0,2020,False,IND,1611661325
1611661322,Washington Mystics,1022001046,2020-08-11,L,48,18,61,0.295,4,19,0.211,8,8,1.0,9,22,31,14,8,5,16,15,-20.0,2020,False,MIN,1611661324
1611661322,Washington Mystics,1022001053,2020-08-13,L,64,25,60,0.417,7,25,0.28,7,10,0.7,6,26,32,17,7,1,21,16,-17.0,2020,True,LAS,1611661320
1611661322,Washington Mystics,1022001060,2020-08-15,L,73,29,76,0.382,8,28,0.286,7,8,0.875,15,24,39,19,6,3,18,17,-15.0,2020,False,LVA,1611661319
1611661322,Washington Mystics,1022001067,2020-08-19,W,98,35,70,0.5,12,34,0.353,16,20,0.8,9,19,28,27,7,0,11,17,7.0,2020,True,ATL,1611661330
1611661322,Washington Mystics,1022001074,2020-08-21,L,92,31,73,0.425,9,19,0.474,21,24,0.875,14,30,44,20,5,5,17,22,-9.0,2020,False,DAL,1611661321
1611661322,Washington Mystics,1022001081,2020-08-23,L,87,32,77,0.416,14,27,0.519,9,15,0.6,10,20,30,20,9,4,11,21,-1.0,2020,True,PHO,1611661317
1611661322,Washington Mystics,1022001093,2020-08-28,L,72,28,70,0.4,9,25,0.36,7,10,0.7,7,14,21,17,7,3,13,16,-22.0,2020,False,PHO,1611661317
1611661322,Washington Mystics,1022001097,2020-08-30,L,63,19,59,0.322,8,26,0.308,17,19,0.895,8,25,33,16,7,2,16,10,-13.0,2020,True,CON,1611661323
1611661322,Washington Mystics,1022001105,2020-09-02,L,64,26,69,0.377,7,27,0.259,5,5,1.0,5,20,25,19,5,3,7,16,-7.0,2020,False,SEA,1611661328
1611661322,Washington Mystics,1022001109,2020-09-04,W,79,31,64,0.484,10,29,0.345,7,8,0.875,4,27,31,26,7,1,9,12,10.0,2020,True,CHI,1611661329
1611661322,Washington Mystics,1022001115,2020-09-06,L,94,38,72,0.528,6,21,0.286,12,14,0.857,4,26,30,27,4,3,14,21,-7.0,2020,True,DAL,1611661321
1611661322,Washington Mystics,1022001119,2020-09-08,W,89,33,61,0.541,9,26,0.346,14,15,0.933,6,17,23,22,6,1,10,13,3.0,2020,True,MIN,1611661324
1611661322,Washington Mystics,1022001126,2020-09-10,W,80,32,63,0.508,9,23,0.391,7,12,0.583,3,26,29,24,10,3,10,13,8.0,2020,False,LAS,1611661320
1611661322,Washington Mystics,1022001130,2020-09-12,W,75,29,73,0.397,6,23,0.261,11,11,1.0,9,27,36,20,15,3,8,11,17.0,2020,False,NYL,1611661313
1611661322,Washington Mystics,1022001085,2020-09-13,W,85,30,67,0.448,7,25,0.28,18,18,1.0,4,23,27,21,6,5,1,13,7.0,2020,False,ATL,1611661330
1611661322,Washington Mystics,1022100005,2021-05-15,L,56,18,72,0.25,4,30,0.133,16,19,0.842,14,30,44,10,10,4,14,20,-14.0,2021,True,CHI,1611661329
1611661322,Washington Mystics,1022100010,2021-05-18,L,70,23,75,0.307,5,28,0.179,19,21,0.905,15,19,34,17,10,4,11,22,-21.0,2021,True,PHO,1611661317
1611661322,Washington Mystics,1022100016,2021-05-21,W,101,35,74,0.473,16,31,0.516,15,17,0.882,11,31,42,21,4,3,12,15,29.0,2021,True,NYL,1611661313
1611661322,Washington Mystics,1022100021,2021-05-23,L,77,27,70,0.386,9,27,0.333,14,17,0.824,9,23,32,15,6,3,11,21,-12.0,2021,False,IND,1611661325
1611661322,Washington Mystics,1022100023,2021-05-25,W,85,34,68,0.5,12,28,0.429,5,6,0.833,5,21,26,25,0,2,10,14,16.0,2021,False,IND,1611661325
1611661322,Washington Mystics,1022100029,2021-05-28,L,81,28,71,0.394,9,30,0.3,16,18,0.889,9,24,33,14,7,4,10,23,-5.0,2021,False,CON,1611661323
1611661322,Washington Mystics,1022100047,2021-06-05,L,93,34,77,0.442,11,30,0.367,14,19,0.737,6,29,35,26,8,1,12,23,-3.0,2021,True,LVA,1611661319
1611661322,Washington Mystics,1022100052,2021-06-08,W,85,29,68,0.426,6,20,0.3,21,22,0.955,4,25,29,20,13,6,12,19,4.0,2021,True,MIN,1611661324
1611661322,Washington Mystics,1022100056,2021-06-10,W,89,30,71,0.423,11,26,0.423,18,22,0.818,12,31,43,18,4,5,12,25,18.0,2021,True,LAS,1611661320
1611661322,Washington Mystics,1022100062,2021-06-13,L,78,23,61,0.377,11,27,0.407,21,26,0.808,12,21,33,15,8,4,17,19,-23.0,2021,False,ATL,1611661330
1611661322,Washington Mystics,1022100070,2021-06-17,W,96,33,67,0.493,13,31,0.419,17,20,0.85,5,26,31,22,7,1,15,17,3.0,2021,True,ATL,1611661330
1611661322,Washington Mystics,1022100076,2021-06-19,W,82,30,81,0.37,7,34,0.206,15,17,0.882,15,25,40,16,7,0,10,18,5.0,2021,True,IND,1611661325
1611661322,Washington Mystics,1022100081,2021-06-22,W,87,34,77,0.442,16,38,0.421,3,5,0.6,12,27,39,25,2,2,7,13,4.0,2021,False,SEA,1611661328
1611661322,Washington Mystics,1022100085,2021-06-24,L,82,26,65,0.4,11,27,0.407,19,23,0.826,10,28,38,18,4,2,20,20,-7.0,2021,False,LAS,1611661320
1611661322,Washington Mystics,1022100087,2021-06-26,L,74,30,72,0.417,9,31,0.29,5,7,0.714,5,27,32,24,7,4,10,11,-11.0,2021,False,DAL,1611661321
1611661322,Washington Mystics,1022100093,2021-06-29,L,71,24,63,0.381,12,36,0.333,11,13,0.846,1,12,13,21,11,7,10,8,-19.0,2021,True,CON,1611661323
1611661322,Washington Mystics,1022100103,2021-07-03,L,79,32,75,0.427,5,24,0.208,10,16,0.625,8,26,34,21,5,6,8,15,-3.0,2021,False,NYL,1611661313
1611661322,Washington Mystics,1022100114,2021-07-10,W,89,35,79,0.443,8,24,0.333,11,15,0.733,10,34,44,24,7,2,15,11,4.0,2021,False,CHI,1611661329
1611661322,Washington Mystics,1022100122,2021-08-15,L,83,33,73,0.452,10,29,0.345,7,9,0.778,6,27,33,18,5,2,11,24,-1.0,2021,False,LVA,1611661319
1611661322,Washington Mystics,1022100128,2021-08-17,L,83,30,70,0.429,5,27,0.185,18,20,0.9,5,24,29,15,9,2,8,19,-10.0,2021,False,LVA,1611661319
1611661322,Washington Mystics,1022100133,2021-08-19,L,64,21,75,0.28,6,26,0.231,16,24,0.667,14,20,34,9,8,5,10,17,-13.0,2021,False,PHO,1611661317
1611661322,Washington Mystics,1022100140,2021-08-22,L,78,28,76,0.368,7,22,0.318,15,16,0.938,9,32,41,22,7,1,14,16,-7.0,2021,True,SEA,1611661328
1611661322,Washington Mystics,1022100144,2021-08-24,W,78,28,63,0.444,8,18,0.444,14,17,0.824,8,33,41,18,8,5,15,18,10.0,2021,True,LAS,1611661320
1611661322,Washington Mystics,1022100148,2021-08-26,L,77,28,58,0.483,9,22,0.409,12,18,0.667,5,20,25,21,6,5,13,17,-5.0,2021,True,DAL,1611661321
1611661322,Washington Mystics,1022100153,2021-08-28,W,76,23,62,0.371,9,31,0.29,21,29,0.724,5,17,22,14,10,4,13,18,1.0,2021,True,DAL,1611661321
1611661322,Washington Mystics,1022100156,2021-08-31,L,75,25,55,0.455,9,26,0.346,16,18,0.889,3,17,20,19,9,2,14,18,-10.0,2021,True,CON,1611661323
1611661322,Washington Mystics,1022100164,2021-09-04,L,75,29,75,0.387,4,16,0.25,13,17,0.765,11,25,36,14,7,2,10,11,-18.0,2021,False,MIN,1611661324
1611661322,Washington Mystics,1022100169,2021-09-07,L,71,24,61,0.393,9,33,0.273,14,17,0.824,3,21,24,14,7,0,18,18,-34.0,2021,False,SEA,1611661328
1611661322,Washington Mystics,1022100173,2021-09-10,W,82,29,70,0.414,9,24,0.375,15,19,0.789,11,35,46,20,6,2,10,6,8.0,2021,True,ATL,1611661330
1611661322,Washington Mystics,1022100177,2021-09-12,W,79,29,60,0.483,9,27,0.333,12,17,0.706,4,31,35,19,9,1,15,15,8.0,2021,False,CHI,1611661329
1611661322,Washington Mystics,1022100185,2021-09-17,L,80,27,67,0.403,12,33,0.364,14,18,0.778,6,22,28,25,6,4,11,20,-11.0,2021,False,NYL,1611661313
1611661322,Washington Mystics,1022100190,2021-09-19,L,77,29,64,0.453,7,22,0.318,12,14,0.857,7,22,29,16,5,4,15,20,-6.0,2021,True,MIN,1611661324
1611661322,Washington Mystics,1022200001,2022-05-06,W,84,31,69,0.449,4,18,0.222,18,20,0.9,6,25,31,20,4,5,7,12,14.0,2022,True,IND,1611661325
1611661322,Washington Mystics,1022200009,2022-05-08,W,78,29,69,0.42,7,21,0.333,13,13,1.0,8,30,38,21,5,1,15,21,12.0,2022,False,MIN,1611661324
1611661322,Washington Mystics,1022200010,2022-05-10,W,89,33,74,0.446,9,27,0.333,14,17,0.824,8,30,38,21,10,7,9,18,13.0,2022,True,LVA,1611661319
1611661322,Washington Mystics,1022200015,2022-05-13,L,86,31,59,0.525,13,25,0.52,11,17,0.647,7,25,32,23,6,3,18,19,-8.0,2022,True,DAL,1611661321
1611661322,Washington Mystics,1022200025,2022-05-17,W,84,34,66,0.515,8,16,0.5,8,11,0.727,7,30,37,23,10,2,13,17,16.0,2022,False,DAL,1611661321
1611661322,Washington Mystics,1022200032,2022-05-20,W,78,25,55,0.455,3,18,0.167,25,31,0.806,6,27,33,19,9,3,17,18,5.0,2022,False,ATL,1611661330
1611661322,Washington Mystics,1022200037,2022-05-22,L,73,27,72,0.375,9,21,0.429,10,11,0.909,8,21,29,21,10,4,12,12,-9.0,2022,True,CHI,1611661329
1611661322,Washington Mystics,1022200040,2022-05-24,W,70,26,60,0.433,7,22,0.318,11,15,0.733,6,24,30,19,11,7,13,17,20.0,2022,True,ATL,1611661330
1611661322,Washington Mystics,1022200048,2022-05-28,L,71,28,70,0.4,8,26,0.308,7,11,0.636,7,12,19,20,11,2,8,21,-8.0,2022,False,CON,1611661323
1611661322,Washington Mystics,1022200052,2022-05-31,W,87,33,72,0.458,8,24,0.333,13,16,0.813,13,31,44,24,6,9,15,7,12.0,2022,False,IND,1611661325
1611661322,Washington Mystics,1022200059,2022-06-03,L,70,28,70,0.4,5,21,0.238,9,14,0.643,11,28,39,16,6,2,14,15,-4.0,2022,True,NYL,1611661313
1611661322,Washington Mystics,1022200065,2022-06-05,L,82,34,75,0.453,8,23,0.348,6,6,1.0,11,24,35,22,9,1,15,14,-9.0,2022,False,CHI,1611661329
1611661322,Washington Mystics,1022200072,2022-06-08,W,84,32,68,0.471,3,16,0.188,17,20,0.85,13,21,34,19,7,3,13,16,2.0,2022,True,CHI,1611661329
1611661322,Washington Mystics,1022200076,2022-06-10,W,76,30,69,0.435,10,30,0.333,6,9,0.667,9,30,39,18,6,1,9,20,17.0,2022,False,MIN,1611661324
1611661322,Washington Mystics,1022200081,2022-06-12,L,90,30,75,0.4,8,29,0.276,22,34,0.647,14,28,42,23,8,1,18,19,-9.0,2022,True,PHO,1611661317
1611661322,Washington Mystics,1022200083,2022-06-14,W,83,30,71,0.423,11,28,0.393,12,13,0.923,4,32,36,23,7,4,9,14,18.0,2022,True,PHO,1611661317
1611661322,Washington Mystics,1022200088,2022-06-16,L,65,24,65,0.369,8,29,0.276,9,14,0.643,5,32,37,14,6,4,13,14,-12.0,2022,False,NYL,1611661313
1611661322,Washington Mystics,1022200094,2022-06-19,W,71,27,65,0.415,6,19,0.316,11,17,0.647,5,25,30,21,8,6,10,15,8.0,2022,True,CON,1611661323
1611661322,Washington Mystics,1022200100,2022-06-21,L,82,29,70,0.414,11,23,0.478,13,18,0.722,14,18,32,23,10,3,17,16,-2.0,2022,False,LAS,1611661320
1611661322,Washington Mystics,1022200104,2022-06-23,L,71,26,70,0.371,9,30,0.3,10,12,0.833,11,32,43,19,4,2,12,12,-14.0,2022,False,SEA,1611661328
1611661322,Washington Mystics,1022200109,2022-06-25,W,87,32,68,0.471,11,30,0.367,12,16,0.75,3,39,42,24,10,8,18,21,1.0,2022,False,LVA,1611661319
1611661322,Washington Mystics,1022200114,2022-06-28,W,92,32,58,0.552,15,25,0.6,13,18,0.722,6,24,30,24,7,3,14,18,18.0,2022,True,ATL,1611661330
1611661322,Washington Mystics,1022200124,2022-07-03,L,72,27,69,0.391,4,21,0.19,14,20,0.7,9,28,37,16,10,4,19,16,-2.0,2022,False,CON,1611661323
1611661322,Washington Mystics,1022200132,2022-07-06,W,85,31,63,0.492,7,20,0.35,16,23,0.696,4,27,31,13,8,3,9,16,19.0,2022,False,ATL,1611661330
1611661322,Washington Mystics,1022200141,2022-07-12,W,94,33,65,0.508,10,22,0.455,18,21,0.857,9,26,35,24,10,2,12,18,13.0,2022,False,LAS,1611661320
1611661322,Washington Mystics,1022200145,2022-07-14,L,75,22,65,0.338,8,27,0.296,23,26,0.885,11,31,42,15,4,2,19,19,-5.0,2022,False,PHO,1611661317
1611661322,Washington Mystics,1022200151,2022-07-17,W,70,26,69,0.377,7,25,0.28,11,12,0.917,4,33,37,21,13,5,8,12,13.0,2022,True,MIN,1611661324
1611661322,Washington Mystics,1022200158,2022-07-21,W,78,29,66,0.439,5,21,0.238,15,18,0.833,7,28,35,18,8,2,11,10,9.0,2022,True,NYL,1611661313
1611661322,Washington Mystics,1022200171,2022-07-28,W,87,31,55,0.564,9,15,0.6,16,24,0.667,4,22,26,20,7,3,16,19,10.0,2022,False,DAL,1611661321
1611661322,Washington Mystics,1022200175,2022-07-30,L,77,28,67,0.418,6,20,0.3,15,17,0.882,7,30,37,18,7,8,14,17,-5.0,2022,True,SEA,1611661328
1611661322,Washington Mystics,1022200180,2022-07-31,W,78,30,67,0.448,6,17,0.353,12,13,0.923,7,27,34,19,3,2,9,16,3.0,2022,True,SEA,1611661328
1611661322,Washington Mystics,1022200184,2022-08-02,W,83,31,68,0.456,9,23,0.391,12,16,0.75,6,32,38,25,4,4,9,14,10.0,2022,True,LVA,1611661319
1611661322,Washington Mystics,1022200192,2022-08-05,L,83,31,66,0.47,8,24,0.333,13,19,0.684,8,24,32,21,4,2,11,11,-10.0,2022,False,CHI,1611661329
1611661322,Washington Mystics,1022200196,2022-08-07,L,76,25,65,0.385,3,15,0.2,23,27,0.852,13,27,40,15,3,7,10,21,-3.0,2022,True,LAS,1611661320
1611661322,Washington Mystics,1022200207,2022-08-12,W,82,31,68,0.456,4,19,0.211,16,19,0.842,11,28,39,26,9,5,14,11,12.0,2022,False,IND,1611661325
1611661322,Washington Mystics,1022200213,2022-08-14,W,95,29,60,0.483,7,21,0.333,30,35,0.857,7,17,24,21,14,3,11,16,12.0,2022,True,IND,1611661325
1611661322,Washington Mystics,1022300002,2023-05-19,W,80,32,70,0.457,6,23,0.261,10,11,0.909,3,29,32,23,13,4,12,17,16.0,2023,True,NYL,1611661313
1611661322,Washington Mystics,1022300007,2023-05-21,L,74,27,69,0.391,3,21,0.143,17,22,0.773,4,34,38,18,4,5,11,25,-6.0,2023,False,CON,1611661323
1611661322,Washington Mystics,1022300010,2023-05-23,L,81,27,65,0.415,8,28,0.286,19,21,0.905,12,21,33,18,5,1,14,21,-7.0,2023,True,CON,1611661323
1611661322,Washington Mystics,1022300014,2023-05-26,W,71,24,66,0.364,7,17,0.412,16,20,0.8,7,26,33,19,10,4,15,14,2.0,2023,False,CHI,1611661329
1611661322,Washington Mystics,1022300026,2023-06-02,W,75,19,59,0.322,8,23,0.348,29,31,0.935,4,36,40,16,7,3,15,17,1.0,2023,True,DAL,1611661321
1611661322,Washington Mystics,1022300030,2023-06-03,L,78,28,71,0.394,9,30,0.3,13,14,0.929,7,24,31,16,8,3,8,17,-2.0,2023,True,MIN,1611661324
1611661322,Washington Mystics,1022300045,2023-06-09,W,73,26,68,0.382,6,22,0.273,15,18,0.833,13,28,41,19,8,3,14,16,7.0,2023,False,SEA,1611661328
1611661322,Washington Mystics,1022300050,2023-06-11,W,71,21,59,0.356,11,25,0.44,18,22,0.818,8,32,40,14,8,4,18,20,6.0,2023,False,SEA,1611661328
1611661322,Washington Mystics,1022300052,2023-06-13,L,66,22,66,0.333,7,25,0.28,15,19,0.789,6,21,27,16,3,4,12,19,-21.0,2023,False,IND,1611661325
1611661322,Washington Mystics,1022300059,2023-06-16,W,88,32,64,0.5,11,26,0.423,13,16,0.813,6,28,34,22,8,4,14,18,19.0,2023,True,PHO,1611661317
1611661322,Washington Mystics,1022300063,2023-06-18,W,77,25,64,0.391,5,15,0.333,22,26,0.846,6,19,25,16,9,1,5,15,8.0,2023,True,CHI,1611661329
1611661322,Washington Mystics,1022300071,2023-06-22,W,80,33,69,0.478,6,19,0.316,8,10,0.8,7,34,41,20,6,6,13,22,21.0,2023,False,CHI,1611661329
1611661322,Washington Mystics,1022300079,2023-06-25,L,88,33,69,0.478,9,21,0.429,13,18,0.722,2,27,29,19,7,3,13,26,-1.0,2023,False,NYL,1611661313
1611661322,Washington Mystics,1022300086,2023-06-28,W,109,39,73,0.534,11,22,0.5,20,21,0.952,6,35,41,26,6,8,14,22,23.0,2023,True,ATL,1611661330
1611661322,Washington Mystics,1022300090,2023-06-30,L,89,32,65,0.492,3,18,0.167,22,26,0.846,8,26,34,14,6,3,14,26,-5.0,2023,False,ATL,1611661330
1611661322,Washington Mystics,1022300096,2023-07-02,L,72,24,70,0.343,4,25,0.16,20,25,0.8,5,19,24,19,9,6,9,18,-17.0,2023,False,DAL,1611661321
1611661322,Washington Mystics,1022300103,2023-07-07,W,96,29,63,0.46,7,21,0.333,31,37,0.838,10,21,31,14,6,0,7,20,8.0,2023,True,IND,1611661325
1611661322,Washington Mystics,1022300108,2023-07-09,L,84,33,61,0.541,7,17,0.412,11,15,0.733,5,26,31,24,8,4,17,21,-8.0,2023,False,CON,1611661323
1611661322,Washington Mystics,1022300113,2023-07-11,W,93,36,67,0.537,9,24,0.375,12,16,0.75,6,25,31,19,8,2,12,13,7.0,2023,True,SEA,1611661328
1611661322,Washington Mystics,1022300122,2023-07-19,L,76,29,65,0.446,8,25,0.32,10,14,0.714,6,26,32,22,7,6,15,20,-6.0,2023,True,IND,1611661325
1611661322,Washington Mystics,1022300128,2023-07-21,L,87,30,77,0.39,10,23,0.435,17,18,0.944,8,20,28,19,6,5,10,18,-9.0,2023,True,NYL,1611661313
1611661322,Washington Mystics,1022300134,2023-07-23,W,84,30,65,0.462,7,22,0.318,17,21,0.81,6,29,35,18,12,3,15,14,15.0,2023,True,PHO,1611661317
1611661322,Washington Mystics,1022300140,2023-07-26,L,92,40,78,0.513,8,21,0.381,4,4,1.0,8,21,29,18,7,4,13,18,-5.0,2023,False,MIN,1611661324
1611661322,Washington Mystics,1022300144,2023-07-28,L,62,25,73,0.342,5,26,0.192,7,12,0.583,7,14,21,19,11,2,8,16,-28.0,2023,False,DAL,1611661321
1611661322,Washington Mystics,1022300146,2023-07-30,L,73,23,72,0.319,6,21,0.286,21,25,0.84,11,22,33,13,13,1,14,22,-7.0,2023,False,ATL,1611661330
1611661322,Washington Mystics,1022300158,2023-08-04,W,79,31,71,0.437,5,22,0.227,12,13,0.923,3,29,32,22,10,0,10,20,2.0,2023,True,LAS,1611661320
1611661322,Washington Mystics,1022300164,2023-08-06,L,83,29,62,0.468,7,14,0.5,18,27,0.667,4,20,24,19,7,1,16,23,-8.0,2023,True,LAS,1611661320
1611661322,Washington Mystics,1022300170,2023-08-08,L,72,26,71,0.366,8,28,0.286,12,15,0.8,9,17,26,19,8,2,11,18,-19.0,2023,False,PHO,1611661317
1611661322,Washington Mystics,1022300175,2023-08-11,L,89,34,79,0.43,12,31,0.387,9,11,0.818,7,28,35,27,4,4,12,16,-24.0,2023,False,LVA,1611661319
1611661322,Washington Mystics,1022300178,2023-08-13,W,83,30,61,0.492,3,18,0.167,20,24,0.833,8,24,32,21,14,2,17,14,7.0,2023,True,CHI,1611661329
1611661322,Washington Mystics,1022300184,2023-08-18,W,83,26,61,0.426,12,25,0.48,19,25,0.76,3,24,27,16,7,4,9,18,4.0,2023,False,IND,1611661325
1611661322,Washington Mystics,1022300189,2023-08-20,L,84,30,71,0.423,12,29,0.414,12,17,0.706,7,24,31,21,12,1,15,16,-13.0,2023,True,DAL,1611661321
1611661322,Washington Mystics,1022300194,2023-08-22,L,64,22,62,0.355,7,22,0.318,13,15,0.867,9,29,38,16,6,7,20,16,-4.0,2023,True,CON,1611661323
1611661322,Washington Mystics,1022300203,2023-08-26,W,78,28,70,0.4,7,26,0.269,15,18,0.833,6,33,39,22,8,2,8,19,16.0,2023,True,LVA,1611661319
1611661322,Washington Mystics,1022300211,2023-08-29,W,83,29,64,0.453,12,25,0.48,13,15,0.867,8,24,32,21,8,2,14,15,11.0,2023,True,MIN,1611661324
1611661322,Washington Mystics,1022300214,2023-08-31,L,75,28,71,0.394,6,21,0.286,13,17,0.765,10,27,37,16,6,0,10,21,-9.0,2023,False,LVA,1611661319
1611661322,Washington Mystics,1022300223,2023-09-03,L,64,26,65,0.4,6,26,0.231,6,7,0.857,6,25,31,16,6,7,13,21,-8.0,2023,False,LAS,1611661320
1611661322,Washington Mystics,1022300227,2023-09-05,W,100,38,67,0.567,13,23,0.565,11,11,1.0,1,28,29,26,6,4,7,15,23.0,2023,False,PHO,1611661317
1611661322,Washington Mystics,1022300231,2023-09-08,L,75,27,70,0.386,11,31,0.355,10,12,0.833,4,28,32,24,6,2,7,21,-5.0,2023,True,ATL,1611661330
1611661322,Washington Mystics,1022300238,2023-09-10,W,90,33,66,0.5,8,22,0.364,16,19,0.842,7,25,32,21,6,3,8,15,2.0,2023,False,NYL,1611661313
1611661322,Washington Mystics,1022400001,2024-05-14,L,80,31,78,0.397,10,32,0.313,8,11,0.727,10,24,34,22,9,7,12,20,-5.0,2024,True,NYL,1611661313
1611661322,Washington Mystics,1022400008,2024-05-17,L,77,28,58,0.483,9,22,0.409,12,14,0.857,4,24,28,22,6,4,20,21,-7.0,2024,False,CON,1611661323
1611661322,Washington Mystics,1022400014,2024-05-19,L,75,25,62,0.403,9,26,0.346,16,23,0.696,6,23,29,20,9,4,16,23,-9.0,2024,True,SEA,1611661328
1611661322,Washington Mystics,1022400019,2024-05-21,L,68,27,64,0.422,8,25,0.32,6,11,0.545,8,20,28,21,13,3,18,16,-2.0,2024,False,LAS,1611661320
1611661322,Washington Mystics,1022400023,2024-05-23,L,80,27,70,0.386,13,36,0.361,13,16,0.813,9,27,36,21,7,1,17,21,-3.0,2024,False,PHO,1611661317
1611661322,Washington Mystics,1022400028,2024-05-25,L,69,24,70,0.343,7,20,0.35,14,15,0.933,12,15,27,13,7,0,14,15,-32.0,2024,False,SEA,1611661328
1611661322,Washington Mystics,1022400036,2024-05-29,L,67,27,74,0.365,6,27,0.222,7,7,1.0,9,22,31,21,6,3,13,17,-6.0,2024,True,ATL,1611661330
1611661322,Washington Mystics,1022400042,2024-05-31,L,79,28,60,0.467,7,18,0.389,16,22,0.727,3,27,30,22,7,1,14,27,-11.0,2024,False,NYL,1611661313
1611661322,Washington Mystics,1022400049,2024-06-04,L,59,20,64,0.313,6,29,0.207,13,15,0.867,13,24,37,13,4,3,16,21,-17.0,2024,False,CON,1611661323
1611661322,Washington Mystics,1022400054,2024-06-06,L,71,27,64,0.422,4,17,0.235,13,20,0.65,7,29,36,20,7,7,24,24,-8.0,2024,True,CHI,1611661329
1611661322,Washington Mystics,1022400056,2024-06-07,L,83,31,72,0.431,13,34,0.382,8,13,0.615,9,29,38,22,9,1,15,16,-2.0,2024,True,IND,1611661325
1611661322,Washington Mystics,1022400062,2024-06-09,L,88,33,67,0.493,12,28,0.429,10,12,0.833,4,18,22,26,7,2,12,19,-5.0,2024,False,NYL,1611661313
1611661322,Washington Mystics,1022400067,2024-06-11,W,87,31,65,0.477,17,31,0.548,8,11,0.727,5,33,38,25,3,3,11,17,19.0,2024,False,ATL,1611661330
1611661322,Washington Mystics,1022400074,2024-06-14,W,83,28,64,0.438,8,30,0.267,19,23,0.826,7,29,36,20,7,5,18,25,2.0,2024,True,CHI,1611661329
1611661322,Washington Mystics,1022400084,2024-06-19,L,81,29,70,0.414,11,34,0.324,12,15,0.8,7,24,31,26,6,4,11,16,-7.0,2024,False,IND,1611661325
1611661322,Washington Mystics,1022400091,2024-06-22,W,97,34,70,0.486,11,26,0.423,18,20,0.9,7,32,39,26,9,0,13,19,28.0,2024,True,DAL,1611661321
1611661322,Washington Mystics,1022400095,2024-06-23,W,92,31,63,0.492,14,27,0.519,16,18,0.889,4,24,28,27,7,2,12,19,8.0,2024,True,DAL,1611661321
1611661322,Washington Mystics,1022400099,2024-06-27,L,91,35,68,0.515,11,28,0.393,10,15,0.667,4,27,31,26,3,5,23,21,-3.0,2024,True,CON,1611661323
1611661322,Washington Mystics,1022400104,2024-06-29,L,77,28,65,0.431,11,24,0.458,10,11,0.909,5,24,29,24,6,3,14,25,-11.0,2024,True,LVA,1611661319
1611661322,Washington Mystics,1022400114,2024-07-02,W,82,32,67,0.478,12,26,0.462,6,10,0.6,6,26,32,22,5,2,12,16,2.0,2024,False,LAS,1611661320
1611661322,Washington Mystics,1022400117,2024-07-04,L,77,27,70,0.386,9,22,0.409,14,20,0.7,8,20,28,23,8,4,15,9,-21.0,2024,False,LVA,1611661319
1611661322,Washington Mystics,1022400122,2024-07-06,L,67,25,60,0.417,7,28,0.25,10,13,0.769,6,26,32,19,7,1,18,14,-7.0,2024,False,MIN,1611661324
1611661322,Washington Mystics,1022400129,2024-07-10,W,89,33,75,0.44,7,20,0.35,16,19,0.842,10,21,31,23,8,3,16,18,5.0,2024,False,IND,1611661325
1611661322,Washington Mystics,1022400140,2024-07-14,L,77,29,69,0.42,12,21,0.571,7,13,0.538,5,26,31,21,7,3,12,19,-12.0,2024,True,LVA,1611661319
1611661322,Washington Mystics,1022400143,2024-07-16,L,87,33,72,0.458,10,33,0.303,11,13,0.846,8,25,33,28,5,1,12,19,-9.0,2024,True,PHO,1611661317
1611661322,Washington Mystics,1022400150,2024-08-15,L,68,24,64,0.375,7,25,0.28,13,19,0.684,3,29,32,19,8,5,16,18,-11.0,2024,False,MIN,1611661324
1611661322,Washington Mystics,1022400155,2024-08-17,L,83,29,60,0.483,9,23,0.391,16,23,0.696,5,20,25,26,9,3,17,19,-16.0,2024,True,MIN,1611661324
1611661322,Washington Mystics,1022400164,2024-08-20,L,77,28,72,0.389,8,24,0.333,13,19,0.684,12,29,41,19,9,3,22,25,-6.0,2024,True,SEA,1611661328
1611661322,Washington Mystics,1022400170,2024-08-23,W,80,33,73,0.452,5,23,0.217,9,14,0.643,8,28,36,23,13,5,14,13,6.0,2024,True,LAS,1611661320
1611661322,Washington Mystics,1022400178,2024-08-26,W,74,30,68,0.441,9,29,0.31,5,6,0.833,9,33,42,17,5,5,18,18,2.0,2024,False,SEA,1611661328
1611661322,Washington Mystics,1022400181,2024-08-28,W,74,29,66,0.439,8,21,0.381,8,13,0.615,7,18,25,19,10,6,12,13,4.0,2024,False,CHI,1611661329
1611661322,Washington Mystics,1022400189,2024-08-31,L,85,30,63,0.476,14,30,0.467,11,15,0.733,6,19,25,23,8,3,16,20,-11.0,2024,True,CON,1611661323
1611661322,Washington Mystics,1022400196,2024-09-03,W,90,31,77,0.403,12,30,0.4,16,17,0.941,12,21,33,22,5,6,9,18,4.0,2024,False,DAL,1611661321
1611661322,Washington Mystics,1022400201,2024-09-05,W,90,36,68,0.529,14,28,0.5,4,5,0.8,5,25,30,25,10,5,12,17,13.0,2024,False,PHO,1611661317
1611661322,Washington Mystics,1022400207,2024-09-08,L,71,29,70,0.414,11,32,0.344,2,3,0.667,8,27,35,19,6,3,14,15,-7.0,2024,True,MIN,1611661324
1611661322,Washington Mystics,1022400216,2024-09-11,W,89,34,68,0.5,9,23,0.391,12,17,0.706,9,28,37,28,9,7,11,13,31.0,2024,False,CHI,1611661329
1611661322,Washington Mystics,1022400219,2024-09-13,W,72,26,60,0.433,8,21,0.381,12,15,0.8,8,25,33,17,8,6,17,18,3.0,2024,False,ATL,1611661330
1611661322,Washington Mystics,1022400226,2024-09-15,L,73,23,59,0.39,10,31,0.323,17,21,0.81,4,22,26,14,6,3,18,21,-3.0,2024,True,ATL,1611661330
1611661322,Washington Mystics,1022400231,2024-09-17,L,71,23,61,0.377,9,26,0.346,16,19,0.842,3,26,29,16,4,4,16,14,-16.0,2024,True,NYL,1611661313
1611661322,Washington Mystics,1022400237,2024-09-19,W,92,33,71,0.465,12,34,0.353,14,15,0.933,8,22,30,23,9,1,14,18,1.0,2024,True,IND,1611661325
1611661322,Washington Mystics,1022500001,2025-05-16,W,94,31,61,0.508,9,18,0.5,23,31,0.742,5,21,26,18,7,4,7,25,4.0,2025,True,ATL,1611661330
1611661322,Washington Mystics,1022500007,2025-05-18,W,90,32,62,0.516,5,15,0.333,21,29,0.724,6,26,32,17,6,4,14,32,5.0,2025,False,CON,1611661323
1611661322,Washington Mystics,1022500013,2025-05-21,L,74,25,66,0.379,7,20,0.35,17,23,0.739,7,36,43,19,6,3,17,21,-2.0,2025,False,GSV,1611661331
1611661322,Washington Mystics,1022500018,2025-05-23,L,72,24,60,0.4,10,20,0.5,14,17,0.824,6,30,36,18,2,3,15,18,-3.0,2025,False,LVA,1611661319
1611661322,Washington Mystics,1022500025,2025-05-25,L,62,19,54,0.352,6,24,0.25,18,21,0.857,10,31,41,16,4,1,27,22,-6.0,2025,False,PHX,1611661317
1611661322,Washington Mystics,1022500032,2025-05-28,W,83,30,69,0.435,4,11,0.364,19,25,0.76,12,29,41,20,7,5,18,25,6.0,2025,True,IND,1611661325
1611661322,Washington Mystics,1022500036,2025-05-30,L,63,21,74,0.284,4,16,0.25,17,18,0.944,8,28,36,13,8,1,10,14,-22.0,2025,True,NYL,1611661313
1611661322,Washington Mystics,1022500045,2025-06-03,L,76,30,55,0.545,1,10,0.1,15,23,0.652,7,26,33,12,3,5,15,21,-9.0,2025,False,IND,1611661325
1611661322,Washington Mystics,1022500048,2025-06-05,L,78,29,67,0.433,5,19,0.263,15,24,0.625,12,27,39,20,3,2,14,24,-8.0,2025,True,NYL,1611661313
1611661322,Washington Mystics,1022500055,2025-06-08,W,104,36,63,0.571,6,18,0.333,26,37,0.703,12,30,42,24,8,0,15,16,37.0,2025,True,CON,1611661323
1611661322,Washington Mystics,1022500069,2025-06-15,L,56,18,61,0.295,3,17,0.176,17,23,0.739,8,27,35,12,5,2,13,14,-33.0,2025,True,ATL,1611661330
1611661322,Washington Mystics,1022500073,2025-06-17,W,79,29,64,0.453,7,15,0.467,14,22,0.636,12,20,32,21,14,5,16,17,7.0,2025,False,CHI,1611661329
1611661322,Washington Mystics,1022500080,2025-06-20,L,91,34,64,0.531,4,14,0.286,19,24,0.792,9,24,33,25,8,4,14,24,-1.0,2025,False,ATL,1611661330
1611661322,Washington Mystics,1022500086,2025-06-22,W,91,28,62,0.452,7,15,0.467,28,41,0.683,9,24,33,23,11,4,16,27,3.0,2025,True,DAL,1611661321
1611661322,Washington Mystics,1022500090,2025-06-24,W,68,27,73,0.37,5,13,0.385,9,12,0.75,14,26,40,17,10,1,14,18,4.0,2025,True,MIN,1611661324
1611661322,Washington Mystics,1022500097,2025-06-26,W,94,32,70,0.457,10,19,0.526,20,25,0.8,9,25,34,18,4,0,8,13,11.0,2025,False,LVA,1611661319
1611661322,Washington Mystics,1022500103,2025-06-28,L,71,22,64,0.344,5,18,0.278,22,25,0.88,8,18,26,14,8,2,13,18,-8.0,2025,False,DAL,1611661321
1611661322,Washington Mystics,1022500113,2025-07-03,L,75,27,60,0.45,3,20,0.15,18,23,0.783,5,30,35,15,2,2,20,12,-17.0,2025,False,MIN,1611661324
1611661322,Washington Mystics,1022500121,2025-07-08,W,81,30,71,0.423,4,15,0.267,17,31,0.548,13,25,38,18,8,4,13,21,2.0,2025,True,CHI,1611661329
1611661322,Washington Mystics,1022500128,2025-07-10,W,70,27,62,0.435,2,11,0.182,14,17,0.824,6,29,35,20,2,3,16,17,2.0,2025,True,LVA,1611661319
1611661322,Washington Mystics,1022500136,2025-07-13,W,74,28,63,0.444,3,14,0.214,15,22,0.682,9,27,36,19,6,2,15,20,5.0,2025,False,SEA,1611661328
1611661322,Washington Mystics,1022500140,2025-07-15,L,80,30,69,0.435,8,21,0.381,12,14,0.857,7,28,35,22,6,6,17,18,-19.0,2025,False,LAS,1611661320
1611661322,Washington Mystics,1022500146,2025-07-22,L,86,30,61,0.492,7,14,0.5,19,25,0.76,7,19,26,22,9,4,15,16,-7.0,2025,True,LAS,1611661320
1611661322,Washington Mystics,1022500160,2025-07-26,W,69,29,66,0.439,3,13,0.231,8,9,0.889,8,36,44,20,7,8,17,19,11.0,2025,True,SEA,1611661328
1611661322,Washington Mystics,1022500163,2025-07-27,L,72,24,63,0.381,5,16,0.313,19,22,0.864,9,23,32,19,8,2,17,15,-16.0,2025,True,PHX,1611661317
1611661322,Washington Mystics,1022500168,2025-07-29,W,103,36,71,0.507,10,24,0.417,21,27,0.778,9,23,32,25,7,2,10,17,17.0,2025,True,CHI,1611661329
1611661322,Washington Mystics,1022500173,2025-07-31,L,67,26,68,0.382,7,24,0.292,8,12,0.667,7,23,30,19,6,8,6,18,-1.0,2025,True,GSV,1611661331
1611661322,Washington Mystics,1022500180,2025-08-03,L,83,31,63,0.492,3,12,0.25,18,20,0.9,6,13,19,19,11,2,22,22,-16.0,2025,False,ATL,1611661330
1611661322,Washington Mystics,1022500186,2025-08-05,L,64,27,65,0.415,2,15,0.133,8,15,0.533,7,18,25,16,14,2,11,12,-14.0,2025,False,CHI,1611661329
1611661322,Washington Mystics,1022500195,2025-08-08,L,76,30,63,0.476,10,21,0.476,6,9,0.667,10,22,32,23,7,1,18,14,-4.0,2025,False,MIN,1611661324
1611661322,Washington Mystics,1022500200,2025-08-10,W,91,32,59,0.542,6,15,0.4,21,26,0.808,6,28,34,21,6,5,17,28,13.0,2025,False,DAL,1611661321
1611661322,Washington Mystics,1022500208,2025-08-13,L,83,30,64,0.469,7,24,0.292,16,18,0.889,7,19,26,21,4,1,8,18,-5.0,2025,True,GSV,1611661331
1611661322,Washington Mystics,1022500211,2025-08-15,W,88,29,55,0.527,8,17,0.471,22,26,0.846,4,25,29,20,6,6,13,18,4.0,2025,False,IND,1611661325
1611661322,Washington Mystics,1022500217,2025-08-17,W,95,35,59,0.593,11,20,0.55,14,18,0.778,8,27,35,30,6,4,14,19,9.0,2025,True,LAS,1611661320
1611661322,Washington Mystics,1022500223,2025-08-19,L,69,27,62,0.435,5,17,0.294,10,14,0.714,6,27,33,21,6,1,14,12,-11.0,2025,True,CON,1611661323
1611661322,Washington Mystics,1022500228,2025-08-21,L,56,19,51,0.373,3,16,0.188,15,18,0.833,3,24,27,13,5,5,16,15,-11.0,2025,False,CON,1611661323
1611661322,Washington Mystics,1022500236,2025-08-23,L,81,28,65,0.431,4,14,0.286,21,28,0.75,8,26,34,21,6,1,12,13,-10.0,2025,True,LVA,1611661319
1611661322,Washington Mystics,1022500238,2025-08-24,L,82,30,59,0.508,6,11,0.545,16,18,0.889,3,31,34,19,6,5,19,7,-2.0,2025,True,SEA,1611661328
1611661322,Washington Mystics,1022500247,2025-08-28,L,63,27,65,0.415,5,24,0.208,4,6,0.667,6,16,22,17,4,3,10,17,-26.0,2025,False,NYL,1611661313
1611661322,Washington Mystics,1022500253,2025-08-30,L,62,23,64,0.359,6,25,0.24,10,12,0.833,3,17,20,21,6,2,12,20,-37.0,2025,False,GSV,1611661331
1611661322,Washington Mystics,1022500256,2025-08-31,L,78,28,72,0.389,9,23,0.391,13,18,0.722,9,31,40,20,9,3,11,16,-3.0,2025,False,LAS,1611661320
1611661322,Washington Mystics,1022500265,2025-09-04,L,69,28,73,0.384,4,16,0.25,9,14,0.643,8,31,39,21,6,3,8,10,-6.0,2025,True,PHX,1611661317
1611661322,Washington Mystics,1022500273,2025-09-07,L,65,25,57,0.439,4,14,0.286,11,15,0.733,8,22,30,13,5,5,21,23,-29.0,2025,True,IND,1611661325
1611661322,Washington Mystics,1022500277,2025-09-09,L,66,27,62,0.435,5,16,0.313,7,13,0.538,2,27,29,24,4,4,8,14,-9.0,2025,False,NYL,1611661313
1611661322,Washington Mystics,1022600002,2026-05-08,W,68,25,64,0.391,5,24,0.208,13,22,0.591,9,35,44,14,10,5,18,28,3.0,2026,False,TOR,1611661332
1611661322,Washington Mystics,1022600008,2026-05-10,L,93,34,80,0.425,5,26,0.192,20,29,0.69,19,23,42,24,7,1,13,27,-5.0,2026,True,NYL,1611661313
1611661322,Washington Mystics,1022600022,2026-05-15,W,104,38,68,0.559,6,16,0.375,22,28,0.786,8,36,44,18,3,8,20,28,2.0,2026,False,IND,1611661325
1611661322,Washington Mystics,1022600029,2026-05-18,L,69,24,49,0.49,5,12,0.417,16,20,0.8,2,22,24,16,3,1,18,17,-23.0,2026,False,DAL,1611661321
1611661322,Washington Mystics,1022600046,2026-05-24,L,85,23,57,0.404,4,20,0.2,35,41,0.854,6,20,26,14,9,5,13,26,-12.0,2026,False,SEA,1611661328
1611661322,Washington Mystics,1022600053,2026-05-27,W,78,28,66,0.424,7,21,0.333,15,16,0.938,13,27,40,19,4,2,12,22,14.0,2026,False,SEA,1611661328
1611661322,Washington Mystics,1022600057,2026-05-29,L,87,31,61,0.508,5,22,0.227,20,29,0.69,7,24,31,26,4,4,15,27,-5.0,2026,True,LAS,1611661320
1611661322,Washington Mystics,1022600067,2026-06-02,W,90,32,73,0.438,6,17,0.353,20,32,0.625,17,29,46,18,11,2,16,16,18.0,2026,True,CHI,1611661329
1611661322,Washington Mystics,1022600079,2026-06-06,L,77,26,58,0.448,5,16,0.313,20,27,0.741,8,18,26,17,4,4,17,26,-32.0,2026,False,ATL,1611661330
1611661322,Washington Mystics,1022600084,2026-06-08,L,76,25,58,0.431,9,18,0.5,17,24,0.708,5,26,31,21,5,6,15,23,-2.0,2026,True,IND,1611661325
1611661322,Washington Mystics,1022600095,2026-06-12,W,86,31,65,0.477,2,18,0.111,22,26,0.846,15,24,39,22,8,2,22,14,1.0,2026,True,TOR,1611661332
1611661322,Washington Mystics,1022600101,2026-06-14,L,64,24,71,0.338,7,25,0.28,9,16,0.563,12,20,32,17,6,3,16,19,-22.0,2026,False,NYL,1611661313
1611661322,Washington Mystics,1022600107,2026-06-17,W,88,26,55,0.473,7,18,0.389,29,30,0.967,4,29,33,18,2,1,13,20,7.0,2026,False,CON,1611661323
1611661322,Washington Mystics,1022600115,2026-06-19,W,86,30,62,0.484,4,18,0.222,22,32,0.688,8,23,31,20,9,2,11,23,3.0,2026,False,NYL,1611661313
1611661322,Washington Mystics,1022600121,2026-06-21,W,84,28,61,0.459,7,19,0.368,21,29,0.724,8,25,33,20,7,3,16,16,5.0,2026,False,MIN,1611661324
1611661322,Washington Mystics,1022600129,2026-06-24,L,76,26,61,0.426,5,16,0.313,19,27,0.704,6,34,40,17,4,2,17,22,-2.0,2026,True,MIN,1611661324
1611661322,Washington Mystics,1022600135,2026-06-26,L,57,19,55,0.345,5,18,0.278,14,25,0.56,12,33,45,16,3,4,21,15,-11.0,2026,False,CON,1611661323
1611661322,Washington Mystics,1022600142,2026-06-28,W,124,42,98,0.429,10,29,0.345,30,41,0.732,12,33,45,32,10,9,17,23,1.0,2026,True,PDX,1611661327
1611661322,Washington Mystics,1022600145,2026-07-02,W,81,31,56,0.554,9,16,0.563,10,19,0.526,8,30,38,20,2,3,27,22,5.0,2026,True,ATL,1611661330
1611661322,Washington Mystics,1022600154,2026-07-06,L,49,18,60,0.3,3,24,0.125,10,15,0.667,10,31,41,14,1,3,14,13,-13.0,2026,True,GSV,1611661331
1611661322,Washington Mystics,1022600172,2026-07-12,W,84,31,72,0.431,5,19,0.263,17,23,0.739,9,23,32,23,10,3,15,17,5.0,2026,True,SEA,1611661328
1611661322,Washington Mystics,1022600178,2026-07-14,W,79,30,75,0.4,4,23,0.174,15,19,0.789,18,29,47,18,3,6,11,17,17.0,2026,False,TOR,1611661332
1611661322,Washington Mystics,1022600182,2026-07-16,L,56,19,64,0.297,2,21,0.095,16,23,0.696,19,26,45,11,4,4,19,15,-19.0,2026,True,PDX,1611661327
1611661322,Washington Mystics,1022600190,2026-07-18,L,69,27,60,0.45,6,23,0.261,9,11,0.818,11,26,37,18,5,5,12,17,-5.0,2026,False,GSV,1611661331
1611661322,Washington Mystics,1022600195,2026-07-20,W,90,32,61,0.525,9,21,0.429,17,21,0.81,6,29,35,25,4,5,16,14,8.0,2026,False,GSV,1611661331
1611661322,Washington Mystics,1022600200,2026-07-22,W,100,35,71,0.493,7,13,0.538,23,31,0.742,12,22,34,24,3,1,13,22,1.0,2026,True,LVA,1611661319
1611661322,Washington Mystics,1022600203,2026-07-28,W,92,29,67,0.433,6,12,0.5,28,33,0.848,14,27,41,20,5,7,14,17,8.0,2026,True,CON,1611661323
1611661322,Washington Mystics,1022600214,2026-07-31,W,81,26,71,0.366,2,17,0.118,27,31,0.871,13,29,42,17,1,4,7,15,6.0,2026,True,DAL,1611661321
1611661322,Washington Mystics,1022600228,2026-08-05,W,96,33,66,0.5,8,22,0.364,22,26,0.846,8,26,34,19,6,3,11,21,4.0,2026,True,DAL,1611661321
1611661322,Washington Mystics,1022600234,2026-08-07,W,79,29,62,0.468,6,14,0.429,15,34,0.441,11,35,46,14,6,12,17,27,5.0,2026,True,ATL,1611661330
1611661322,Washington Mystics,1022600240,2026-08-09,W,95,36,72,0.5,11,29,0.379,12,19,0.632,10,30,40,24,11,4,8,17,20.0,2026,True,PHX,1611661317
1611661322,Washington Mystics,1022600246,2026-08-11,L,76,29,68,0.426,5,18,0.278,13,18,0.722,14,27,41,20,5,2,16,17,-10.0,2026,False,LVA,1611661319
1611661322,Washington Mystics,1022600253,2026-08-13,L,76,31,61,0.508,6,15,0.4,8,16,0.5,7,28,35,16,5,1,15,21,-7.0,2026,False,LVA,1611661319
1611661322,Washington Mystics,1022600257,2026-08-15,W,80,34,72,0.472,4,21,0.19,8,12,0.667,11,32,43,23,10,4,12,17,10.0,2026,True,LAS,1611661320
1611661322,Washington Mystics,1022600267,2026-08-19,W,93,30,66,0.455,9,27,0.333,24,28,0.857,14,29,43,23,5,4,16,16,11.0,2026,True,TOR,1611661332
1611661322,Washington Mystics,1022600272,2026-08-21,L,84,30,66,0.455,7,21,0.333,17,23,0.739,13,23,36,21,2,3,12,9,-10.0,2026,True,MIN,1611661324
1611661322,Washington Mystics,1022600280,2026-08-23,W,105,33,61,0.541,7,14,0.5,32,44,0.727,9,29,38,22,6,6,13,13,5.0,2026,False,PDX,1611661327
1611661322,Washington Mystics,1022600286,2026-08-25,W,94,35,68,0.515,9,21,0.429,15,20,0.75,10,25,35,21,4,4,12,19,10.0,2026,False,PHX,1611661317
1611661322,Washington Mystics,1022600290,2026-08-27,W,80,29,61,0.475,7,17,0.412,15,19,0.789,6,29,35,20,6,4,16,20,7.0,2026,False,PHX,1611661317
1611661322,Washington Mystics,1022600294,2026-08-28,L,82,31,63,0.492,8,21,0.381,12,17,0.706,6,28,34,20,4,2,16,15,-6.0,2026,False,LAS,1611661320
1611661322,Washington Mystics,1022600302,2026-09-17,W,110,41,75,0.547,9,21,0.429,19,26,0.731,9,31,40,27,8,3,8,20,30.0,2026,False,CHI,1611661329
1611661322,Washington Mystics,1022600314,2026-09-20,W,93,37,65,0.569,9,18,0.5,10,15,0.667,10,27,37,27,8,4,16,25,16.0,2026,False,IND,1611661325
1611661322,Washington Mystics,1022600319,2026-09-22,W,79,27,71,0.38,6,19,0.316,19,25,0.76,10,24,34,13,7,4,6,18,10.0,2026,True,CON,1611661323
1611661322,Washington Mystics,1022600327,2026-09-24,W,101,34,68,0.5,10,22,0.455,23,32,0.719,14,30,44,19,4,3,14,15,8.0,2026,True,CHI,1611661329
1611661323,Connecticut Sun,1021500001,2015-06-05,L,68,24,71,0.338,5,18,0.278,15,17,0.882,12,24,36,15,6,4,8,17,-5.0,2015,True,WAS,1611661322
1611661323,Connecticut Sun,1021500010,2015-06-07,W,75,28,71,0.394,7,21,0.333,12,19,0.632,8,17,25,14,18,3,11,24,5.0,2015,False,ATL,1611661330
1611661323,Connecticut Sun,1021500013,2015-06-11,W,67,26,67,0.388,3,11,0.273,12,18,0.667,9,26,35,11,5,5,10,13,2.0,2015,True,CHI,1611661329
1611661323,Connecticut Sun,1021500020,2015-06-14,W,82,34,59,0.576,9,17,0.529,5,6,0.833,6,20,26,17,13,0,23,16,18.0,2015,True,ATL,1611661330
1611661323,Connecticut Sun,1021500027,2015-06-16,W,79,28,65,0.431,7,14,0.5,16,18,0.889,9,22,31,14,13,3,12,24,21.0,2015,False,SEA,1611661328
1611661323,Connecticut Sun,1021500033,2015-06-19,W,90,38,92,0.413,4,18,0.222,10,16,0.625,20,27,47,16,12,2,13,22,12.0,2015,False,PHO,1611661317
1611661323,Connecticut Sun,1021500037,2015-06-21,W,76,28,65,0.431,4,15,0.267,16,21,0.762,5,24,29,11,12,2,8,16,8.0,2015,False,LAS,1611661320
1611661323,Connecticut Sun,1021500044,2015-06-26,W,80,26,75,0.347,3,16,0.188,25,32,0.781,15,20,35,12,13,3,12,19,4.0,2015,True,LAS,1611661320
1611661323,Connecticut Sun,1021500053,2015-06-30,L,84,33,66,0.5,7,18,0.389,11,16,0.688,5,16,21,20,13,2,10,20,-8.0,2015,True,IND,1611661325
1611661323,Connecticut Sun,1021500057,2015-07-02,L,74,30,74,0.405,5,19,0.263,9,10,0.9,10,22,32,15,8,3,14,21,-3.0,2015,True,CHI,1611661329
1611661323,Connecticut Sun,1021500074,2015-07-12,L,76,28,62,0.452,6,20,0.3,14,20,0.7,4,15,19,21,9,2,9,15,-20.0,2015,False,CHI,1611661329
1611661323,Connecticut Sun,1021500077,2015-07-14,L,79,31,69,0.449,11,23,0.478,6,10,0.6,7,23,30,15,10,1,14,20,-6.0,2015,True,MIN,1611661324
1611661323,Connecticut Sun,1021500084,2015-07-16,L,57,21,70,0.3,7,19,0.368,8,11,0.727,7,25,32,13,5,5,15,20,-7.0,2015,False,NYL,1611661313
1611661323,Connecticut Sun,1021500093,2015-07-19,L,82,32,74,0.432,7,21,0.333,11,14,0.786,13,22,35,16,6,2,15,29,-7.0,2015,False,WAS,1611661322
1611661323,Connecticut Sun,1021500099,2015-07-22,W,78,30,72,0.417,9,22,0.409,9,10,0.9,13,26,39,16,9,3,15,20,1.0,2015,False,MIN,1611661324
1611661323,Connecticut Sun,1021500088,2015-07-28,L,73,28,65,0.431,5,20,0.25,12,14,0.857,7,24,31,19,7,7,18,17,-2.0,2015,True,IND,1611661325
1611661323,Connecticut Sun,1021500107,2015-07-31,W,67,24,63,0.381,5,14,0.357,14,22,0.636,6,28,34,12,7,3,16,18,1.0,2015,True,SEA,1611661328
1611661323,Connecticut Sun,1021500115,2015-08-02,L,70,25,55,0.455,3,12,0.25,17,27,0.63,3,17,20,12,9,4,12,28,-13.0,2015,False,IND,1611661325
1611661323,Connecticut Sun,1021500117,2015-08-04,W,82,36,75,0.48,6,20,0.3,4,8,0.5,12,29,41,24,9,3,17,12,31.0,2015,True,SAN,1611661319
1611661323,Connecticut Sun,1021500123,2015-08-07,W,86,35,65,0.538,9,16,0.563,7,10,0.7,7,26,33,23,6,2,9,19,14.0,2015,True,WAS,1611661322
1611661323,Connecticut Sun,1021500129,2015-08-09,L,73,22,64,0.344,5,18,0.278,24,29,0.828,10,19,29,10,8,1,8,26,-11.0,2015,False,WAS,1611661322
1611661323,Connecticut Sun,1021500136,2015-08-12,W,80,31,73,0.425,8,17,0.471,10,11,0.909,12,25,37,18,5,2,10,19,6.0,2015,True,TUL,1611661321
1611661323,Connecticut Sun,1021500138,2015-08-14,L,78,29,57,0.509,8,18,0.444,12,15,0.8,2,23,25,18,7,2,17,16,-12.0,2015,True,NYL,1611661313
1611661323,Connecticut Sun,1021500142,2015-08-16,L,77,27,68,0.397,11,28,0.393,12,14,0.857,16,14,30,17,5,5,14,27,-13.0,2015,False,ATL,1611661330
1611661323,Connecticut Sun,1021500152,2015-08-21,L,76,30,68,0.441,8,25,0.32,8,14,0.571,13,21,34,14,5,3,14,20,-8.0,2015,False,TUL,1611661321
1611661323,Connecticut Sun,1021500159,2015-08-23,L,92,34,70,0.486,7,23,0.304,17,23,0.739,11,16,27,15,5,1,12,16,-10.0,2015,True,ATL,1611661330
1611661323,Connecticut Sun,1021500162,2015-08-25,L,57,19,63,0.302,7,25,0.28,12,14,0.857,10,20,30,14,4,6,12,18,-14.0,2015,False,ATL,1611661330
1611661323,Connecticut Sun,1021500164,2015-08-27,L,80,31,69,0.449,7,16,0.438,11,16,0.688,8,17,25,16,7,1,8,23,-1.0,2015,True,PHO,1611661317
1611661323,Connecticut Sun,1021500170,2015-08-29,L,66,27,58,0.466,6,17,0.353,6,10,0.6,3,20,23,15,6,6,18,18,-14.0,2015,True,NYL,1611661313
1611661323,Connecticut Sun,1021500174,2015-08-30,W,72,26,61,0.426,4,16,0.25,16,24,0.667,9,29,38,17,6,7,15,21,4.0,2015,False,CHI,1611661329
1611661323,Connecticut Sun,1021500178,2015-09-01,L,51,21,63,0.333,3,17,0.176,6,9,0.667,7,19,26,13,8,3,16,17,-30.0,2015,False,IND,1611661325
1611661323,Connecticut Sun,1021500184,2015-09-04,W,73,33,67,0.493,3,13,0.231,4,6,0.667,7,27,34,20,6,6,8,13,1.0,2015,False,SAN,1611661319
1611661323,Connecticut Sun,1021500193,2015-09-09,L,64,23,66,0.348,4,19,0.211,14,17,0.824,10,22,32,14,5,3,8,11,-10.0,2015,False,NYL,1611661313
1611661323,Connecticut Sun,1021500200,2015-09-13,W,86,31,74,0.419,6,17,0.353,18,23,0.783,10,22,32,19,12,2,7,19,11.0,2015,True,CHI,1611661329
1611661323,Connecticut Sun,1021600004,2016-05-14,L,70,24,71,0.338,9,27,0.333,13,20,0.65,10,23,33,13,6,4,17,32,-23.0,2016,False,CHI,1611661329
1611661323,Connecticut Sun,1021600011,2016-05-19,W,72,28,67,0.418,3,9,0.333,13,19,0.684,10,23,33,18,12,7,11,23,4.0,2016,False,SAN,1611661319
1611661323,Connecticut Sun,1021600016,2016-05-21,L,76,27,78,0.346,3,21,0.143,19,29,0.655,13,24,37,20,13,2,16,29,-8.0,2016,True,WAS,1611661322
1611661323,Connecticut Sun,1021600023,2016-05-26,L,72,26,70,0.371,4,19,0.211,16,24,0.667,9,21,30,15,12,3,12,21,-5.0,2016,True,LAS,1611661320
1611661323,Connecticut Sun,1021600028,2016-05-28,L,81,30,69,0.435,5,17,0.294,16,21,0.762,11,11,22,15,10,1,13,25,-12.0,2016,False,SEA,1611661328
1611661323,Connecticut Sun,1021600033,2016-05-31,L,90,34,67,0.507,10,19,0.526,12,15,0.8,5,34,39,14,4,2,19,27,-9.0,2016,False,PHO,1611661317
1611661323,Connecticut Sun,1021600037,2016-06-03,L,77,29,73,0.397,4,18,0.222,15,21,0.714,6,29,35,16,12,3,18,24,-6.0,2016,True,ATL,1611661330
1611661323,Connecticut Sun,1021600043,2016-06-05,L,77,32,66,0.485,4,13,0.308,9,16,0.563,9,23,32,14,7,4,16,12,-11.0,2016,True,IND,1611661325
1611661323,Connecticut Sun,1021600050,2016-06-10,W,77,27,69,0.391,4,11,0.364,19,24,0.792,12,28,40,12,7,1,11,16,1.0,2016,True,SEA,1611661328
1611661323,Connecticut Sun,1021600056,2016-06-12,L,87,34,71,0.479,5,19,0.263,14,26,0.538,10,21,31,20,7,3,11,21,-6.0,2016,False,ATL,1611661330
1611661323,Connecticut Sun,1021600059,2016-06-14,L,106,39,86,0.453,7,25,0.28,21,26,0.808,12,27,39,17,8,6,19,27,-3.0,2016,True,WAS,1611661322
1611661323,Connecticut Sun,1021600064,2016-06-16,L,72,28,60,0.467,5,20,0.25,11,13,0.846,6,19,25,15,9,3,16,24,-8.0,2016,True,NYL,1611661313
1611661323,Connecticut Sun,1021600071,2016-06-19,W,93,36,73,0.493,8,18,0.444,13,17,0.765,11,26,37,16,6,3,10,18,3.0,2016,True,SAN,1611661319
1611661323,Connecticut Sun,1021600083,2016-06-24,L,81,32,85,0.376,5,26,0.192,12,17,0.706,15,19,34,15,11,1,12,20,-17.0,2016,False,SEA,1611661328
1611661323,Connecticut Sun,1021600088,2016-06-26,L,73,31,68,0.456,3,16,0.188,8,12,0.667,9,25,34,22,5,3,15,18,-7.0,2016,False,LAS,1611661320
1611661323,Connecticut Sun,1021600094,2016-06-29,L,75,29,76,0.382,9,22,0.409,8,12,0.667,11,23,34,14,7,3,13,26,-11.0,2016,False,PHO,1611661317
1611661323,Connecticut Sun,1021600101,2016-07-02,W,86,35,70,0.5,8,20,0.4,8,12,0.667,12,27,39,18,8,3,15,20,3.0,2016,False,DAL,1611661321
1611661323,Connecticut Sun,1021600110,2016-07-07,W,93,34,77,0.442,9,23,0.391,16,20,0.8,13,22,35,17,6,7,14,26,4.0,2016,True,MIN,1611661324
1611661323,Connecticut Sun,1021600116,2016-07-10,L,63,27,66,0.409,1,19,0.053,8,10,0.8,5,19,24,12,10,5,12,18,-4.0,2016,True,ATL,1611661330
1611661323,Connecticut Sun,1021600123,2016-07-13,W,86,31,65,0.477,5,14,0.357,19,26,0.731,8,34,42,16,4,3,8,13,22.0,2016,False,IND,1611661325
1611661323,Connecticut Sun,1021600126,2016-07-15,L,92,38,83,0.458,7,24,0.292,9,15,0.6,15,22,37,20,8,2,13,24,-6.0,2016,True,LAS,1611661320
1611661323,Connecticut Sun,1021600132,2016-07-17,L,76,24,71,0.338,5,19,0.263,23,26,0.885,11,18,29,10,12,3,11,20,-7.0,2016,False,NYL,1611661313
1611661323,Connecticut Sun,1021600139,2016-07-20,W,89,34,69,0.493,6,14,0.429,15,17,0.882,11,30,41,22,9,11,12,22,11.0,2016,False,DAL,1611661321
1611661323,Connecticut Sun,1021600146,2016-07-22,W,94,32,70,0.457,4,17,0.235,26,32,0.813,8,21,29,19,9,4,7,17,5.0,2016,False,CHI,1611661329
1611661323,Connecticut Sun,1021600147,2016-08-26,W,84,29,66,0.439,6,15,0.4,20,27,0.741,12,16,28,17,6,3,14,21,4.0,2016,True,MIN,1611661324
1611661323,Connecticut Sun,1021600153,2016-08-28,L,73,26,67,0.388,3,14,0.214,18,26,0.692,9,23,32,13,7,4,15,25,-14.0,2016,False,ATL,1611661330
1611661323,Connecticut Sun,1021600158,2016-08-30,W,89,34,69,0.493,8,18,0.444,13,16,0.813,15,25,40,23,10,7,16,18,27.0,2016,True,SAN,1611661319
1611661323,Connecticut Sun,1021600163,2016-09-02,W,87,35,76,0.461,4,17,0.235,13,21,0.619,14,19,33,13,13,1,9,19,13.0,2016,True,PHO,1611661317
1611661323,Connecticut Sun,1021600172,2016-09-04,L,79,31,71,0.437,7,18,0.389,10,12,0.833,13,17,30,15,6,3,18,18,-14.0,2016,False,MIN,1611661324
1611661323,Connecticut Sun,1021600181,2016-09-09,L,82,30,77,0.39,5,22,0.227,17,26,0.654,12,20,32,14,10,2,13,21,-7.0,2016,False,NYL,1611661313
1611661323,Connecticut Sun,1021600183,2016-09-11,L,86,32,79,0.405,5,19,0.263,17,23,0.739,16,22,38,21,9,3,12,23,-10.0,2016,True,CHI,1611661329
1611661323,Connecticut Sun,1021600189,2016-09-13,W,89,34,64,0.531,6,13,0.462,15,22,0.682,9,17,26,16,12,2,14,22,2.0,2016,True,IND,1611661325
1611661323,Connecticut Sun,1021600196,2016-09-16,W,107,43,68,0.632,7,14,0.5,14,23,0.609,11,32,43,20,6,3,14,18,33.0,2016,True,DAL,1611661321
1611661323,Connecticut Sun,1021600201,2016-09-18,W,87,35,80,0.438,8,23,0.348,9,18,0.5,14,32,46,26,4,2,10,21,9.0,2016,False,WAS,1611661322
1611661323,Connecticut Sun,1021700003,2017-05-13,L,74,27,74,0.365,7,21,0.333,13,20,0.65,10,34,44,11,3,6,17,23,-7.0,2017,True,ATL,1611661330
1611661323,Connecticut Sun,1021700013,2017-05-20,L,79,30,62,0.484,5,14,0.357,14,15,0.933,12,20,32,12,4,1,18,27,-2.0,2017,False,IND,1611661325
1611661323,Connecticut Sun,1021700017,2017-05-23,L,78,32,80,0.4,10,20,0.5,4,6,0.667,9,21,30,24,13,2,12,19,-2.0,2017,False,MIN,1611661324
1611661323,Connecticut Sun,1021700022,2017-05-26,L,68,25,64,0.391,5,12,0.417,13,17,0.765,7,20,27,12,5,1,12,21,-14.0,2017,True,MIN,1611661324
1611661323,Connecticut Sun,1021700027,2017-05-28,W,97,33,84,0.393,3,10,0.3,28,39,0.718,15,35,50,18,5,1,7,22,18.0,2017,False,CHI,1611661329
1611661323,Connecticut Sun,1021700032,2017-05-31,L,76,30,77,0.39,10,17,0.588,6,11,0.545,13,25,38,20,6,5,10,26,-2.0,2017,False,WAS,1611661322
1611661323,Connecticut Sun,1021700037,2017-06-03,W,85,33,74,0.446,5,13,0.385,14,19,0.737,11,28,39,18,8,7,10,12,8.0,2017,False,SAN,1611661319
1611661323,Connecticut Sun,1021700049,2017-06-10,W,104,36,73,0.493,5,17,0.294,27,32,0.844,12,31,43,20,11,6,10,20,33.0,2017,True,ATL,1611661330
1611661323,Connecticut Sun,1021700057,2017-06-14,W,96,34,67,0.507,8,17,0.471,20,25,0.8,7,23,30,20,6,3,8,17,20.0,2017,True,NYL,1611661313
1611661323,Connecticut Sun,1021700062,2017-06-17,W,98,41,74,0.554,10,22,0.455,6,10,0.6,9,27,36,26,9,9,17,16,5.0,2017,False,MIN,1611661324
1611661323,Connecticut Sun,1021700068,2017-06-23,W,94,35,73,0.479,12,24,0.5,12,19,0.632,9,21,30,19,6,1,8,19,5.0,2017,False,NYL,1611661313
1611661323,Connecticut Sun,1021700074,2017-06-25,L,82,33,65,0.508,5,10,0.5,11,15,0.733,7,23,30,17,9,2,18,22,-14.0,2017,False,DAL,1611661321
1611661323,Connecticut Sun,1021700078,2017-06-27,L,79,28,77,0.364,8,18,0.444,15,17,0.882,16,26,42,15,3,1,14,21,-8.0,2017,True,LAS,1611661320
1611661323,Connecticut Sun,1021700081,2017-06-29,W,96,39,69,0.565,10,22,0.455,8,17,0.471,7,27,34,23,6,4,9,13,7.0,2017,True,SEA,1611661328
1611661323,Connecticut Sun,1021700085,2017-07-01,W,91,35,65,0.538,9,16,0.563,12,17,0.706,8,27,35,20,5,0,16,24,6.0,2017,False,IND,1611661325
1611661323,Connecticut Sun,1021700090,2017-07-05,W,89,37,72,0.514,6,15,0.4,9,12,0.75,9,35,44,26,12,2,13,22,33.0,2017,False,SAN,1611661319
1611661323,Connecticut Sun,1021700096,2017-07-08,W,96,38,77,0.494,4,16,0.25,16,21,0.762,11,19,30,15,9,2,7,14,4.0,2017,True,WAS,1611661322
1611661323,Connecticut Sun,1021700103,2017-07-12,W,83,31,71,0.437,9,20,0.45,12,16,0.75,9,24,33,16,7,1,12,21,4.0,2017,False,SEA,1611661328
1611661323,Connecticut Sun,1021700105,2017-07-13,L,77,30,71,0.423,7,18,0.389,10,17,0.588,9,28,37,14,12,0,18,20,-10.0,2017,False,LAS,1611661320
1611661323,Connecticut Sun,1021700110,2017-07-16,W,89,36,72,0.5,6,21,0.286,11,17,0.647,9,25,34,14,13,2,9,15,14.0,2017,True,SAN,1611661319
1611661323,Connecticut Sun,1021700117,2017-07-19,L,80,30,74,0.405,6,20,0.3,14,18,0.778,7,17,24,13,7,0,4,18,-16.0,2017,False,NYL,1611661313
1611661323,Connecticut Sun,1021700124,2017-07-25,W,93,34,77,0.442,6,21,0.286,19,22,0.864,13,31,44,27,14,4,11,11,21.0,2017,True,CHI,1611661329
1611661323,Connecticut Sun,1021700135,2017-07-30,W,89,32,72,0.444,8,21,0.381,17,21,0.81,10,29,39,24,10,4,11,18,16.0,2017,True,IND,1611661325
1611661323,Connecticut Sun,1021700143,2017-08-04,W,93,34,68,0.5,3,15,0.2,22,26,0.846,6,24,30,16,12,2,11,18,1.0,2017,True,PHO,1611661317
1611661323,Connecticut Sun,1021700154,2017-08-08,W,84,31,71,0.437,3,15,0.2,19,24,0.792,7,33,40,15,9,4,10,13,13.0,2017,True,SEA,1611661328
1611661323,Connecticut Sun,1021700160,2017-08-12,W,96,35,76,0.461,4,19,0.211,22,28,0.786,12,29,41,16,8,6,15,23,8.0,2017,True,DAL,1611661321
1611661323,Connecticut Sun,1021700165,2017-08-15,W,96,35,74,0.473,8,25,0.32,18,21,0.857,9,25,34,28,7,5,11,21,21.0,2017,False,ATL,1611661330
1611661323,Connecticut Sun,1021700168,2017-08-18,L,70,24,70,0.343,4,21,0.19,18,28,0.643,6,29,35,13,5,1,8,20,-12.0,2017,True,NYL,1611661313
1611661323,Connecticut Sun,1021700174,2017-08-20,W,94,37,70,0.529,8,20,0.4,12,18,0.667,9,37,46,16,10,4,12,22,28.0,2017,True,PHO,1611661317
1611661323,Connecticut Sun,1021700180,2017-08-23,W,93,35,74,0.473,4,16,0.25,19,27,0.704,13,29,42,18,7,3,16,14,6.0,2017,True,DAL,1611661321
1611661323,Connecticut Sun,1021700184,2017-08-25,L,83,32,78,0.41,4,18,0.222,15,21,0.714,11,26,37,12,3,3,13,14,-13.0,2017,True,CHI,1611661329
1611661323,Connecticut Sun,1021700129,2017-08-29,W,86,27,76,0.355,10,20,0.5,22,30,0.733,13,35,48,21,5,2,7,23,10.0,2017,False,WAS,1611661322
1611661323,Connecticut Sun,1021700197,2017-09-01,L,66,25,68,0.368,4,22,0.182,12,18,0.667,10,29,39,13,6,3,13,22,-20.0,2017,False,PHO,1611661317
1611661323,Connecticut Sun,1021700201,2017-09-03,L,70,24,63,0.381,7,15,0.467,15,17,0.882,7,25,32,13,6,1,17,12,-11.0,2017,False,LAS,1611661320
1611661323,Connecticut Sun,1021800003,2018-05-20,W,101,37,79,0.468,11,21,0.524,16,22,0.727,11,31,42,27,14,6,8,23,36.0,2018,True,LVA,1611661319
1611661323,Connecticut Sun,1021800014,2018-05-24,W,102,40,64,0.625,8,14,0.571,14,16,0.875,9,20,29,26,6,3,20,22,8.0,2018,True,LAS,1611661320
1611661323,Connecticut Sun,1021800019,2018-05-26,W,86,32,66,0.485,3,14,0.214,19,26,0.731,4,25,29,20,6,3,13,20,9.0,2018,True,IND,1611661325
1611661323,Connecticut Sun,1021800029,2018-06-01,W,110,42,82,0.512,8,25,0.32,18,23,0.783,18,31,49,25,15,9,16,25,38.0,2018,False,CHI,1611661329
1611661323,Connecticut Sun,1021800034,2018-06-03,W,88,34,73,0.466,10,26,0.385,10,18,0.556,14,31,45,14,6,2,14,17,24.0,2018,False,WAS,1611661322
1611661323,Connecticut Sun,1021800038,2018-06-05,L,77,30,82,0.366,7,32,0.219,10,14,0.714,13,34,47,21,6,6,16,26,-5.0,2018,False,ATL,1611661330
1611661323,Connecticut Sun,1021800039,2018-06-07,W,88,33,82,0.402,8,25,0.32,14,24,0.583,16,24,40,22,6,3,9,21,2.0,2018,False,NYL,1611661313
1611661323,Connecticut Sun,1021800045,2018-06-09,W,89,33,70,0.471,6,15,0.4,17,23,0.739,12,26,38,14,4,1,10,21,14.0,2018,True,MIN,1611661324
1611661323,Connecticut Sun,1021800054,2018-06-13,L,91,34,77,0.442,8,24,0.333,15,17,0.882,12,21,33,15,4,4,11,23,-4.0,2018,True,WAS,1611661322
1611661323,Connecticut Sun,1021800059,2018-06-15,L,92,36,74,0.486,8,26,0.308,12,15,0.8,8,24,32,21,5,3,10,25,-11.0,2018,False,SEA,1611661328
1611661323,Connecticut Sun,1021800062,2018-06-16,L,72,29,79,0.367,5,23,0.217,9,10,0.9,14,16,30,12,4,5,16,19,-17.0,2018,False,PHO,1611661317
1611661323,Connecticut Sun,1021800070,2018-06-22,L,70,24,67,0.358,6,20,0.3,16,23,0.696,12,21,33,15,10,2,21,35,-5.0,2018,False,ATL,1611661330
1611661323,Connecticut Sun,1021800078,2018-06-24,W,87,34,70,0.486,8,17,0.471,11,14,0.786,12,25,37,18,8,3,12,23,9.0,2018,False,IND,1611661325
1611661323,Connecticut Sun,1021800082,2018-06-26,L,80,30,68,0.441,6,18,0.333,14,18,0.778,15,26,41,16,1,1,17,22,-12.0,2018,False,WAS,1611661322
1611661323,Connecticut Sun,1021800086,2018-06-27,W,101,35,63,0.556,13,24,0.542,18,21,0.857,8,24,32,23,4,4,16,20,12.0,2018,True,IND,1611661325
1611661323,Connecticut Sun,1021800099,2018-07-01,L,70,27,72,0.375,6,24,0.25,10,16,0.625,14,25,39,15,7,3,14,12,-14.0,2018,False,SEA,1611661328
1611661323,Connecticut Sun,1021800103,2018-07-03,W,73,29,59,0.492,3,15,0.2,12,15,0.8,6,28,34,16,8,3,17,18,1.0,2018,False,LAS,1611661320
1611661323,Connecticut Sun,1021800108,2018-07-05,L,77,28,81,0.346,9,22,0.409,12,13,0.923,17,23,40,16,8,1,12,26,-7.0,2018,False,PHO,1611661317
1611661323,Connecticut Sun,1021800112,2018-07-07,L,90,37,82,0.451,9,29,0.31,7,10,0.7,11,23,34,24,5,5,9,15,-4.0,2018,False,LVA,1611661319
1611661323,Connecticut Sun,1021800119,2018-07-11,L,76,29,68,0.426,4,15,0.267,14,24,0.583,8,30,38,18,7,4,11,22,-3.0,2018,True,NYL,1611661313
1611661323,Connecticut Sun,1021800124,2018-07-13,W,91,38,74,0.514,6,16,0.375,9,14,0.643,8,22,30,22,8,1,7,20,4.0,2018,True,PHO,1611661317
1611661323,Connecticut Sun,1021800132,2018-07-15,W,83,31,72,0.431,12,25,0.48,9,11,0.818,13,28,41,18,6,3,14,16,19.0,2018,False,MIN,1611661324
1611661323,Connecticut Sun,1021800134,2018-07-17,L,83,34,78,0.436,7,20,0.35,8,11,0.727,12,27,39,19,7,0,12,21,-3.0,2018,True,ATL,1611661330
1611661323,Connecticut Sun,1021800140,2018-07-20,L,65,25,61,0.41,5,17,0.294,10,11,0.909,10,28,38,18,7,1,22,16,-13.0,2018,True,SEA,1611661328
1611661323,Connecticut Sun,1021800146,2018-07-22,W,92,37,74,0.5,10,20,0.5,8,13,0.615,12,23,35,23,8,4,8,16,17.0,2018,False,DAL,1611661321
1611661323,Connecticut Sun,1021800149,2018-07-24,W,94,39,68,0.574,9,16,0.563,7,8,0.875,7,32,39,24,5,1,13,14,26.0,2018,True,WAS,1611661322
1611661323,Connecticut Sun,1021800157,2018-08-01,W,92,36,76,0.474,11,26,0.423,9,14,0.643,10,28,38,21,8,1,10,12,15.0,2018,True,NYL,1611661313
1611661323,Connecticut Sun,1021800165,2018-08-05,W,109,46,77,0.597,9,22,0.409,8,12,0.667,6,29,35,23,9,4,10,13,21.0,2018,True,LVA,1611661319
1611661323,Connecticut Sun,1021800175,2018-08-08,W,101,40,71,0.563,6,12,0.5,15,19,0.789,10,22,32,25,11,5,9,16,9.0,2018,False,DAL,1611661321
1611661323,Connecticut Sun,1021800179,2018-08-10,L,86,31,72,0.431,9,27,0.333,15,19,0.789,14,22,36,16,7,2,13,16,-11.0,2018,False,CHI,1611661329
1611661323,Connecticut Sun,1021800184,2018-08-12,W,82,31,79,0.392,3,18,0.167,17,22,0.773,21,30,51,11,10,3,16,18,7.0,2018,True,CHI,1611661329
1611661323,Connecticut Sun,1021800188,2018-08-14,W,96,36,69,0.522,6,17,0.353,18,24,0.75,9,25,34,21,11,0,9,20,20.0,2018,True,DAL,1611661321
1611661323,Connecticut Sun,1021800193,2018-08-17,W,96,35,63,0.556,8,18,0.444,18,23,0.783,6,25,31,25,7,4,10,9,17.0,2018,True,MIN,1611661324
1611661323,Connecticut Sun,1021800199,2018-08-19,W,89,32,63,0.508,11,20,0.55,14,16,0.875,3,30,33,22,6,1,16,19,3.0,2018,True,LAS,1611661320
1611661323,Connecticut Sun,1021900004,2019-05-25,W,84,33,76,0.434,6,20,0.3,12,14,0.857,11,29,40,18,7,5,9,19,15.0,2019,True,WAS,1611661322
1611661323,Connecticut Sun,1021900007,2019-05-28,W,88,32,70,0.457,10,22,0.455,14,22,0.636,12,25,37,18,4,4,12,11,11.0,2019,True,IND,1611661325
1611661323,Connecticut Sun,1021900011,2019-05-31,L,70,24,78,0.308,6,23,0.261,16,25,0.64,18,33,51,13,4,5,14,21,-7.0,2019,False,LAS,1611661320
1611661323,Connecticut Sun,1021900016,2019-06-02,W,80,26,77,0.338,8,26,0.308,20,23,0.87,11,28,39,17,14,8,9,19,6.0,2019,False,LVA,1611661319
1611661323,Connecticut Sun,1021900021,2019-06-06,W,89,34,73,0.466,4,15,0.267,17,20,0.85,14,24,38,20,13,11,17,12,12.0,2019,True,LAS,1611661320
1611661323,Connecticut Sun,1021900026,2019-06-09,W,65,21,74,0.284,6,25,0.24,17,26,0.654,16,29,45,15,13,8,11,16,6.0,2019,False,ATL,1611661330
1611661323,Connecticut Sun,1021900031,2019-06-11,W,83,31,66,0.47,10,21,0.476,11,12,0.917,6,32,38,18,5,3,15,13,8.0,2019,True,WAS,1611661322
1611661323,Connecticut Sun,1021900037,2019-06-14,W,85,33,66,0.5,7,18,0.389,12,19,0.632,5,31,36,21,6,2,14,18,4.0,2019,False,MIN,1611661324
1611661323,Connecticut Sun,1021900043,2019-06-16,W,81,32,66,0.485,9,20,0.45,8,9,0.889,10,23,33,23,12,3,15,15,14.0,2019,True,SEA,1611661328
1611661323,Connecticut Sun,1021900050,2019-06-21,W,86,29,64,0.453,12,23,0.522,16,24,0.667,7,25,32,21,5,2,12,15,10.0,2019,True,ATL,1611661330
1611661323,Connecticut Sun,1021900056,2019-06-23,L,75,29,72,0.403,5,17,0.294,12,21,0.571,7,26,33,20,9,3,15,16,-18.0,2019,False,CHI,1611661329
1611661323,Connecticut Sun,1021900062,2019-06-26,L,73,29,63,0.46,5,17,0.294,10,16,0.625,5,19,24,20,7,8,11,15,-1.0,2019,False,DAL,1611661321
1611661323,Connecticut Sun,1021900067,2019-06-29,L,59,22,73,0.301,5,20,0.25,10,13,0.769,13,20,33,11,10,1,14,18,-43.0,2019,False,WAS,1611661322
1611661323,Connecticut Sun,1021900080,2019-07-06,L,71,29,73,0.397,6,19,0.316,7,12,0.583,14,22,36,20,7,9,18,14,-3.0,2019,True,MIN,1611661324
1611661323,Connecticut Sun,1021900086,2019-07-10,L,75,26,68,0.382,8,20,0.4,15,21,0.714,12,22,34,13,13,5,14,18,-3.0,2019,False,ATL,1611661330
1611661323,Connecticut Sun,1021900092,2019-07-12,W,79,33,76,0.434,6,24,0.25,7,11,0.636,15,30,45,19,7,2,14,16,15.0,2019,True,PHO,1611661317
1611661323,Connecticut Sun,1021900097,2019-07-14,W,76,30,67,0.448,10,22,0.455,6,9,0.667,8,25,33,21,8,4,13,20,13.0,2019,False,IND,1611661325
1611661323,Connecticut Sun,1021900106,2019-07-19,W,98,38,78,0.487,11,26,0.423,11,16,0.688,12,28,40,24,9,2,8,20,29.0,2019,True,ATL,1611661330
1611661323,Connecticut Sun,1021900116,2019-07-24,W,70,27,76,0.355,6,17,0.353,10,17,0.588,13,31,44,19,8,2,11,18,7.0,2019,True,NYL,1611661313
1611661323,Connecticut Sun,1021900118,2019-07-30,W,100,37,74,0.5,10,25,0.4,16,21,0.762,10,27,37,29,6,4,16,22,6.0,2019,True,CHI,1611661329
1611661323,Connecticut Sun,1021900122,2019-08-01,W,68,26,71,0.366,5,17,0.294,11,14,0.786,12,28,40,18,13,0,16,15,6.0,2019,True,PHO,1611661317
1611661323,Connecticut Sun,1021900129,2019-08-04,W,94,32,69,0.464,11,26,0.423,19,25,0.76,9,26,35,25,11,3,9,15,15.0,2019,False,NYL,1611661313
1611661323,Connecticut Sun,1021900137,2019-08-09,L,57,21,68,0.309,5,23,0.217,10,19,0.526,15,19,34,10,12,3,20,19,-32.0,2019,False,MIN,1611661324
1611661323,Connecticut Sun,1021900144,2019-08-11,L,81,32,81,0.395,9,27,0.333,8,8,1.0,11,22,33,19,9,6,9,19,-8.0,2019,False,LVA,1611661319
1611661323,Connecticut Sun,1021900149,2019-08-14,W,78,30,67,0.448,7,24,0.292,11,23,0.478,13,22,35,17,6,5,15,25,7.0,2019,False,PHO,1611661317
1611661323,Connecticut Sun,1021900150,2019-08-16,W,79,29,74,0.392,7,24,0.292,14,19,0.737,10,20,30,20,19,4,15,17,1.0,2019,True,SEA,1611661328
1611661323,Connecticut Sun,1021900155,2019-08-18,W,78,30,64,0.469,6,17,0.353,12,14,0.857,9,28,37,20,5,2,15,17,10.0,2019,True,DAL,1611661321
1611661323,Connecticut Sun,1021900166,2019-08-23,W,89,34,71,0.479,5,15,0.333,16,21,0.762,7,30,37,25,6,10,10,17,4.0,2019,True,LVA,1611661319
1611661323,Connecticut Sun,1021900171,2019-08-25,L,72,28,68,0.412,8,22,0.364,8,13,0.615,10,23,33,15,10,0,15,21,-12.0,2019,False,LAS,1611661320
1611661323,Connecticut Sun,1021900179,2019-08-27,W,89,37,70,0.529,3,11,0.273,12,20,0.6,11,32,43,15,14,4,8,17,19.0,2019,False,SEA,1611661328
1611661323,Connecticut Sun,1021900183,2019-08-30,W,94,34,67,0.507,7,13,0.538,19,25,0.76,7,29,36,23,7,2,9,13,10.0,2019,False,NYL,1611661313
1611661323,Connecticut Sun,1021900192,2019-09-04,W,102,36,63,0.571,11,25,0.44,19,27,0.704,11,22,33,27,2,0,16,20,30.0,2019,True,DAL,1611661321
1611661323,Connecticut Sun,1021900196,2019-09-06,L,104,38,89,0.427,12,26,0.462,16,22,0.727,12,28,40,22,14,1,17,21,-5.0,2019,True,CHI,1611661329
1611661323,Connecticut Sun,1021900200,2019-09-08,L,76,24,71,0.338,8,23,0.348,20,27,0.741,14,22,36,19,8,2,14,21,-28.0,2019,False,IND,1611661325
1611661323,Connecticut Sun,1022001004,2020-07-26,L,69,23,66,0.348,2,19,0.105,21,30,0.7,8,28,36,15,10,5,14,21,-8.0,2020,False,MIN,1611661324
1611661323,Connecticut Sun,1022001007,2020-07-28,L,89,30,66,0.455,7,18,0.389,22,30,0.733,6,30,36,16,8,1,16,25,-5.0,2020,True,WAS,1611661322
1611661323,Connecticut Sun,1022001015,2020-07-30,L,76,26,73,0.356,5,15,0.333,19,28,0.679,13,32,45,19,9,0,14,19,-5.0,2020,False,LAS,1611661320
1611661323,Connecticut Sun,1022001019,2020-08-01,L,69,22,63,0.349,8,24,0.333,17,24,0.708,8,19,27,10,12,3,16,18,-9.0,2020,True,MIN,1611661324
1611661323,Connecticut Sun,1022001027,2020-08-04,L,74,30,69,0.435,7,25,0.28,7,12,0.583,10,25,35,22,7,2,14,18,-13.0,2020,False,SEA,1611661328
1611661323,Connecticut Sun,1022001032,2020-08-06,W,91,36,66,0.545,5,18,0.278,14,17,0.824,6,26,32,22,9,3,14,16,23.0,2020,False,DAL,1611661321
1611661323,Connecticut Sun,1022001039,2020-08-08,L,93,35,63,0.556,7,14,0.5,16,21,0.762,4,17,21,22,12,2,19,25,-7.0,2020,True,CHI,1611661329
1611661323,Connecticut Sun,1022001043,2020-08-10,W,93,36,77,0.468,9,24,0.375,12,20,0.6,15,21,36,19,15,6,8,15,11.0,2020,False,ATL,1611661330
1611661323,Connecticut Sun,1022001049,2020-08-12,W,70,24,64,0.375,5,16,0.313,17,21,0.81,9,19,28,19,8,3,9,17,4.0,2020,True,DAL,1611661321
1611661323,Connecticut Sun,1022001055,2020-08-14,W,77,29,76,0.382,5,15,0.333,14,24,0.583,12,24,36,17,9,3,8,18,3.0,2020,False,CHI,1611661329
1611661323,Connecticut Sun,1022001062,2020-08-16,L,72,28,77,0.364,3,20,0.15,13,17,0.765,16,23,39,15,6,2,11,11,-23.0,2020,True,SEA,1611661328
1611661323,Connecticut Sun,1022001064,2020-08-18,W,84,33,72,0.458,7,17,0.412,11,13,0.846,13,26,39,21,8,4,11,14,22.0,2020,True,IND,1611661325
1611661323,Connecticut Sun,1022001072,2020-08-20,L,78,30,69,0.435,7,23,0.304,11,13,0.846,6,20,26,19,8,2,16,22,-21.0,2020,False,LVA,1611661319
1611661323,Connecticut Sun,1022001077,2020-08-22,W,82,33,74,0.446,5,23,0.217,11,15,0.733,7,28,35,23,12,3,9,19,17.0,2020,True,NYL,1611661313
1611661323,Connecticut Sun,1022001092,2020-08-28,L,76,31,63,0.492,7,17,0.412,7,7,1.0,8,24,32,19,12,2,23,25,-4.0,2020,True,LAS,1611661320
1611661323,Connecticut Sun,1022001097,2020-08-30,W,76,31,68,0.456,9,19,0.474,5,9,0.556,9,26,35,26,8,2,13,15,13.0,2020,False,WAS,1611661322
1611661323,Connecticut Sun,1022001100,2020-09-01,W,70,23,70,0.329,4,15,0.267,20,23,0.87,9,33,42,12,12,2,12,22,5.0,2020,False,NYL,1611661313
1611661323,Connecticut Sun,1022001107,2020-09-03,L,78,25,61,0.41,4,19,0.211,24,29,0.828,17,24,41,11,5,7,21,17,-15.0,2020,True,LVA,1611661319
1611661323,Connecticut Sun,1022001112,2020-09-05,W,96,36,70,0.514,3,9,0.333,21,22,0.955,9,24,33,25,13,4,6,15,19.0,2020,False,IND,1611661325
1611661323,Connecticut Sun,1022001087,2020-09-07,W,85,33,75,0.44,7,18,0.389,12,15,0.8,9,27,36,22,7,3,9,19,15.0,2020,False,PHO,1611661317
1611661323,Connecticut Sun,1022001121,2020-09-09,L,95,31,84,0.369,8,28,0.286,25,30,0.833,21,34,55,13,8,5,16,23,-5.0,2020,True,PHO,1611661317
1611661323,Connecticut Sun,1022001127,2020-09-11,L,75,28,64,0.438,6,21,0.286,13,20,0.65,5,31,36,16,4,5,13,19,-7.0,2020,True,ATL,1611661330
1611661323,Connecticut Sun,1022100002,2021-05-14,W,78,27,61,0.443,10,23,0.435,14,22,0.636,12,30,42,20,7,4,20,21,11.0,2021,False,ATL,1611661330
1611661323,Connecticut Sun,1022100008,2021-05-16,W,86,28,66,0.424,8,17,0.471,22,27,0.815,10,24,34,15,8,3,12,21,8.0,2021,True,PHO,1611661317
1611661323,Connecticut Sun,1022100013,2021-05-19,W,88,37,67,0.552,10,21,0.476,4,7,0.571,12,26,38,29,8,3,13,19,21.0,2021,True,IND,1611661325
1611661323,Connecticut Sun,1022100017,2021-05-21,W,84,34,76,0.447,10,26,0.385,6,8,0.75,17,31,48,19,6,3,11,17,17.0,2021,False,PHO,1611661317
1611661323,Connecticut Sun,1022100022,2021-05-23,W,72,27,80,0.338,7,26,0.269,11,12,0.917,12,32,44,16,10,2,8,17,7.0,2021,False,LVA,1611661319
1611661323,Connecticut Sun,1022100026,2021-05-25,L,87,33,70,0.471,8,19,0.421,13,17,0.765,5,32,37,19,7,11,16,24,-3.0,2021,False,SEA,1611661328
1611661323,Connecticut Sun,1022100029,2021-05-28,W,86,29,58,0.5,11,25,0.44,17,26,0.654,6,26,32,17,7,4,14,24,5.0,2021,True,WAS,1611661322
1611661323,Connecticut Sun,1022100037,2021-05-30,L,74,27,71,0.38,7,24,0.292,13,15,0.867,5,23,28,16,8,5,11,22,-5.0,2021,False,MIN,1611661324
1611661323,Connecticut Sun,1022100038,2021-06-01,W,74,24,60,0.4,4,17,0.235,22,23,0.957,8,26,34,15,8,5,14,14,7.0,2021,True,LVA,1611661319
1611661323,Connecticut Sun,1022100049,2021-06-05,W,85,31,71,0.437,7,21,0.333,16,19,0.842,14,24,38,21,8,3,11,18,21.0,2021,True,NYL,1611661313
1611661323,Connecticut Sun,1022100061,2021-06-13,L,66,27,60,0.45,6,15,0.4,6,8,0.75,5,26,31,16,4,2,17,14,-23.0,2021,True,SEA,1611661328
1611661323,Connecticut Sun,1022100071,2021-06-17,L,75,25,62,0.403,4,13,0.308,21,27,0.778,8,26,34,9,4,5,14,23,-6.0,2021,False,CHI,1611661329
1611661323,Connecticut Sun,1022100075,2021-06-19,L,81,29,63,0.46,6,18,0.333,17,20,0.85,8,24,32,22,6,4,18,17,-10.0,2021,False,CHI,1611661329
1611661323,Connecticut Sun,1022100079,2021-06-22,W,80,31,71,0.437,4,20,0.2,14,15,0.933,12,25,37,19,6,6,12,15,10.0,2021,True,DAL,1611661321
1611661323,Connecticut Sun,1022100090,2021-06-27,W,74,27,64,0.422,6,14,0.429,14,19,0.737,13,25,38,13,9,3,18,18,16.0,2021,True,CHI,1611661329
1611661323,Connecticut Sun,1022100093,2021-06-29,W,90,35,70,0.5,12,24,0.5,8,9,0.889,17,35,52,21,7,1,20,20,19.0,2021,False,WAS,1611661322
1611661323,Connecticut Sun,1022100097,2021-07-01,W,86,29,63,0.46,5,20,0.25,23,26,0.885,11,18,29,19,9,4,15,21,6.0,2021,False,IND,1611661325
1611661323,Connecticut Sun,1022100102,2021-07-03,L,67,24,67,0.358,4,17,0.235,15,20,0.75,10,27,37,15,5,3,8,20,-6.0,2021,False,IND,1611661325
1611661323,Connecticut Sun,1022100110,2021-07-09,W,84,35,68,0.515,6,19,0.316,8,13,0.615,5,33,38,22,5,1,11,12,12.0,2021,True,ATL,1611661330
1611661323,Connecticut Sun,1022100116,2021-07-11,W,71,25,66,0.379,11,30,0.367,10,11,0.909,7,35,42,15,11,1,10,21,17.0,2021,False,NYL,1611661313
1611661323,Connecticut Sun,1022100121,2021-08-15,W,80,33,66,0.5,7,17,0.412,7,8,0.875,9,25,34,19,12,5,11,10,21.0,2021,False,DAL,1611661321
1611661323,Connecticut Sun,1022100126,2021-08-17,W,72,26,60,0.433,6,17,0.353,14,16,0.875,2,28,30,20,9,1,14,12,12.0,2021,True,MIN,1611661324
1611661323,Connecticut Sun,1022100132,2021-08-19,W,82,27,55,0.491,5,14,0.357,23,25,0.92,3,28,31,17,5,2,17,18,11.0,2021,True,MIN,1611661324
1611661323,Connecticut Sun,1022100143,2021-08-24,W,76,30,67,0.448,6,18,0.333,10,12,0.833,8,31,39,16,11,2,11,14,14.0,2021,True,LVA,1611661319
1611661323,Connecticut Sun,1022100147,2021-08-26,W,76,26,60,0.433,4,16,0.25,20,25,0.8,9,21,30,17,8,4,14,20,4.0,2021,True,LAS,1611661320
1611661323,Connecticut Sun,1022100152,2021-08-28,W,76,28,59,0.475,5,20,0.25,15,20,0.75,8,30,38,16,12,3,18,23,15.0,2021,True,LAS,1611661320
1611661323,Connecticut Sun,1022100156,2021-08-31,W,85,34,69,0.493,8,20,0.4,9,12,0.75,16,22,38,20,7,4,15,15,10.0,2021,False,WAS,1611661322
1611661323,Connecticut Sun,1022100168,2021-09-07,W,83,33,68,0.485,7,19,0.368,10,14,0.714,10,25,35,25,11,7,13,16,27.0,2021,False,DAL,1611661321
1611661323,Connecticut Sun,1022100172,2021-09-09,W,75,23,52,0.442,3,13,0.231,26,29,0.897,9,23,32,14,13,4,19,17,18.0,2021,False,LAS,1611661320
1611661323,Connecticut Sun,1022100176,2021-09-11,W,76,24,64,0.375,10,23,0.435,18,19,0.947,9,22,31,14,2,1,9,12,9.0,2021,False,PHO,1611661317
1611661323,Connecticut Sun,1022100182,2021-09-15,W,98,36,71,0.507,8,18,0.444,18,21,0.857,13,25,38,23,14,4,20,18,29.0,2021,True,NYL,1611661313
1611661323,Connecticut Sun,1022100188,2021-09-19,W,84,29,75,0.387,8,21,0.381,18,21,0.857,18,32,50,16,4,5,10,17,20.0,2021,True,ATL,1611661330
1611661323,Connecticut Sun,1022200005,2022-05-07,L,79,27,64,0.422,4,17,0.235,21,28,0.75,11,23,34,16,10,6,15,19,-2.0,2022,False,NYL,1611661313
1611661323,Connecticut Sun,1022200019,2022-05-14,W,77,28,70,0.4,5,20,0.25,16,21,0.762,19,26,45,17,14,2,19,23,17.0,2022,True,LAS,1611661320
1611661323,Connecticut Sun,1022200023,2022-05-17,W,92,30,62,0.484,7,15,0.467,25,28,0.893,5,21,26,16,16,2,17,21,27.0,2022,False,NYL,1611661313
1611661323,Connecticut Sun,1022200031,2022-05-20,W,94,31,71,0.437,11,19,0.579,21,29,0.724,11,20,31,19,11,2,15,18,9.0,2022,True,IND,1611661325
1611661323,Connecticut Sun,1022200036,2022-05-22,W,92,35,68,0.515,6,13,0.462,16,20,0.8,11,22,33,23,7,2,12,25,22.0,2022,False,IND,1611661325
1611661323,Connecticut Sun,1022200039,2022-05-24,L,77,27,68,0.397,3,13,0.231,20,24,0.833,11,22,33,24,3,3,10,19,-8.0,2022,True,DAL,1611661321
1611661323,Connecticut Sun,1022200044,2022-05-26,W,99,34,70,0.486,6,21,0.286,25,27,0.926,16,26,42,24,12,2,13,13,31.0,2022,True,DAL,1611661321
1611661323,Connecticut Sun,1022200048,2022-05-28,W,79,28,57,0.491,7,15,0.467,16,19,0.842,10,31,41,20,5,4,18,17,8.0,2022,True,WAS,1611661322
1611661323,Connecticut Sun,1022200054,2022-05-31,L,81,34,78,0.436,6,22,0.273,7,12,0.583,10,27,37,18,7,3,14,17,-8.0,2022,False,LVA,1611661319
1611661323,Connecticut Sun,1022200058,2022-06-02,W,97,36,72,0.5,9,21,0.429,16,19,0.842,6,31,37,23,7,1,9,19,7.0,2022,False,LVA,1611661319
1611661323,Connecticut Sun,1022200061,2022-06-03,W,92,28,59,0.475,9,21,0.429,27,30,0.9,9,26,35,21,10,3,21,21,4.0,2022,False,PHO,1611661317
1611661323,Connecticut Sun,1022200068,2022-06-05,W,93,32,58,0.552,6,16,0.375,23,30,0.767,6,30,36,27,11,2,14,19,7.0,2022,False,SEA,1611661328
1611661323,Connecticut Sun,1022200071,2022-06-08,W,88,31,66,0.47,5,17,0.294,21,27,0.778,11,30,41,19,9,5,16,16,19.0,2022,True,IND,1611661325
1611661323,Connecticut Sun,1022200073,2022-06-10,L,79,35,76,0.461,4,12,0.333,5,9,0.556,9,26,35,20,4,1,10,17,-4.0,2022,True,CHI,1611661329
1611661323,Connecticut Sun,1022200086,2022-06-15,W,105,40,77,0.519,14,26,0.538,11,15,0.733,7,26,33,30,8,4,11,17,13.0,2022,True,ATL,1611661330
1611661323,Connecticut Sun,1022200089,2022-06-17,W,82,36,69,0.522,5,20,0.25,5,8,0.625,6,34,40,25,8,5,14,14,11.0,2022,True,SEA,1611661328
1611661323,Connecticut Sun,1022200094,2022-06-19,L,63,22,60,0.367,6,19,0.316,13,18,0.722,11,32,43,15,6,3,16,14,-8.0,2022,False,WAS,1611661322
1611661323,Connecticut Sun,1022200101,2022-06-22,L,77,31,74,0.419,5,15,0.333,10,12,0.833,8,26,34,16,4,2,10,12,-4.0,2022,True,NYL,1611661313
1611661323,Connecticut Sun,1022200110,2022-06-26,W,72,27,65,0.415,2,20,0.1,16,19,0.842,10,30,40,18,8,2,20,19,11.0,2022,False,ATL,1611661330
1611661323,Connecticut Sun,1022200116,2022-06-29,L,83,32,80,0.4,6,19,0.316,13,16,0.813,15,16,31,22,15,3,4,14,-8.0,2022,False,CHI,1611661329
1611661323,Connecticut Sun,1022200124,2022-07-03,W,74,30,69,0.435,6,18,0.333,8,16,0.5,6,32,38,17,11,7,17,18,2.0,2022,True,WAS,1611661322
1611661323,Connecticut Sun,1022200130,2022-07-05,L,71,28,65,0.431,4,20,0.2,11,14,0.786,4,25,29,20,4,4,13,15,-11.0,2022,False,DAL,1611661321
1611661323,Connecticut Sun,1022200142,2022-07-13,W,89,31,67,0.463,6,19,0.316,21,24,0.875,10,28,38,18,12,5,17,20,8.0,2022,False,IND,1611661325
1611661323,Connecticut Sun,1022200148,2022-07-15,W,93,30,67,0.448,8,21,0.381,25,32,0.781,10,29,39,20,13,1,12,17,25.0,2022,False,ATL,1611661330
1611661323,Connecticut Sun,1022200150,2022-07-17,L,83,31,65,0.477,7,18,0.389,14,16,0.875,10,31,41,19,4,1,22,21,-8.0,2022,True,LVA,1611661319
1611661323,Connecticut Sun,1022200154,2022-07-19,W,82,30,61,0.492,5,11,0.455,17,24,0.708,8,31,39,20,11,2,12,9,19.0,2022,True,NYL,1611661313
1611661323,Connecticut Sun,1022200161,2022-07-22,W,94,37,67,0.552,10,21,0.476,10,13,0.769,4,18,22,27,9,2,9,16,10.0,2022,False,MIN,1611661324
1611661323,Connecticut Sun,1022200168,2022-07-24,W,86,31,67,0.463,8,20,0.4,16,20,0.8,13,27,40,22,10,2,18,15,7.0,2022,False,MIN,1611661324
1611661323,Connecticut Sun,1022200170,2022-07-28,W,88,32,66,0.485,8,19,0.421,16,18,0.889,7,24,31,22,9,0,16,14,5.0,2022,True,SEA,1611661328
1611661323,Connecticut Sun,1022200177,2022-07-31,L,92,39,91,0.429,4,15,0.267,10,13,0.769,16,25,41,25,11,1,15,19,-3.0,2022,True,CHI,1611661329
1611661323,Connecticut Sun,1022200182,2022-08-02,W,87,34,74,0.459,7,20,0.35,12,17,0.706,14,30,44,24,5,3,11,16,24.0,2022,True,PHO,1611661317
1611661323,Connecticut Sun,1022200189,2022-08-04,W,77,26,72,0.361,6,19,0.316,19,25,0.76,21,33,54,14,10,2,18,17,13.0,2022,True,PHO,1611661317
1611661323,Connecticut Sun,1022200195,2022-08-07,L,91,36,78,0.462,5,13,0.385,14,15,0.933,11,23,34,27,7,0,13,18,-3.0,2022,False,CHI,1611661329
1611661323,Connecticut Sun,1022200202,2022-08-09,W,97,38,75,0.507,8,19,0.421,13,13,1.0,11,30,41,21,12,2,18,17,26.0,2022,False,LAS,1611661320
1611661323,Connecticut Sun,1022200206,2022-08-11,W,93,34,68,0.5,7,21,0.333,18,24,0.75,12,30,42,25,8,4,19,16,24.0,2022,False,LAS,1611661320
1611661323,Connecticut Sun,1022200211,2022-08-14,W,90,36,68,0.529,5,14,0.357,13,20,0.65,8,28,36,24,7,4,9,13,7.0,2022,True,MIN,1611661324
1611661323,Connecticut Sun,1022300001,2023-05-19,W,70,21,66,0.318,4,17,0.235,24,32,0.75,12,31,43,15,10,6,16,21,9.0,2023,False,IND,1611661325
1611661323,Connecticut Sun,1022300007,2023-05-21,W,80,25,68,0.368,5,18,0.278,25,36,0.694,8,38,46,17,7,3,8,22,6.0,2023,True,WAS,1611661322
1611661323,Connecticut Sun,1022300010,2023-05-23,W,88,29,61,0.475,8,22,0.364,22,30,0.733,6,24,30,21,9,4,13,21,7.0,2023,False,WAS,1611661322
1611661323,Connecticut Sun,1022300016,2023-05-27,L,65,22,63,0.349,8,23,0.348,13,16,0.813,10,23,33,13,8,4,14,15,-16.0,2023,False,NYL,1611661313
1611661323,Connecticut Sun,1022300022,2023-05-30,W,81,29,72,0.403,7,21,0.333,16,22,0.727,14,31,45,22,3,4,11,16,3.0,2023,True,IND,1611661325
1611661323,Connecticut Sun,1022300025,2023-06-01,W,89,36,71,0.507,7,23,0.304,10,11,0.909,9,20,29,27,5,4,11,18,5.0,2023,False,MIN,1611661324
1611661323,Connecticut Sun,1022300032,2023-06-04,W,80,28,62,0.452,5,16,0.313,19,23,0.826,6,28,34,21,7,1,17,18,6.0,2023,True,DAL,1611661321
1611661323,Connecticut Sun,1022300035,2023-06-06,L,84,29,71,0.408,10,26,0.385,16,23,0.696,10,24,34,22,6,2,15,21,-6.0,2023,True,LVA,1611661319
1611661323,Connecticut Sun,1022300040,2023-06-08,W,94,37,70,0.529,8,14,0.571,12,16,0.75,10,24,34,28,12,2,12,20,17.0,2023,True,LVA,1611661319
1611661323,Connecticut Sun,1022300048,2023-06-11,W,89,32,73,0.438,4,15,0.267,21,30,0.7,10,24,34,21,12,4,16,22,12.0,2023,False,ATL,1611661330
1611661323,Connecticut Sun,1022300056,2023-06-15,L,88,33,77,0.429,4,16,0.25,18,23,0.783,9,21,30,22,11,1,10,20,-4.0,2023,True,ATL,1611661330
1611661323,Connecticut Sun,1022300065,2023-06-18,W,83,34,64,0.531,6,15,0.4,9,11,0.818,2,27,29,24,11,4,12,18,9.0,2023,False,LAS,1611661320
1611661323,Connecticut Sun,1022300069,2023-06-20,W,85,32,69,0.464,5,18,0.278,16,21,0.762,8,30,38,25,8,3,12,23,6.0,2023,False,SEA,1611661328
1611661323,Connecticut Sun,1022300072,2023-06-22,W,89,27,60,0.45,12,25,0.48,23,29,0.793,8,32,40,14,5,6,14,22,21.0,2023,False,MIN,1611661324
1611661323,Connecticut Sun,1022300078,2023-06-25,W,96,40,80,0.5,8,21,0.381,8,9,0.889,11,27,38,30,12,2,14,16,24.0,2023,True,CHI,1611661329
1611661323,Connecticut Sun,1022300082,2023-06-27,L,81,31,79,0.392,6,19,0.316,13,14,0.929,8,26,34,18,7,8,5,11,-8.0,2023,True,NYL,1611661313
1611661323,Connecticut Sun,1022300092,2023-07-01,L,84,33,70,0.471,6,20,0.3,12,19,0.632,4,20,24,22,7,3,10,19,-18.0,2023,False,LVA,1611661319
1611661323,Connecticut Sun,1022300102,2023-07-06,W,93,34,63,0.54,9,13,0.692,16,17,0.941,6,24,30,24,10,7,17,18,20.0,2023,True,SEA,1611661328
1611661323,Connecticut Sun,1022300108,2023-07-09,W,92,33,65,0.508,13,25,0.52,13,21,0.619,4,20,24,18,6,1,11,17,8.0,2023,True,WAS,1611661322
1611661323,Connecticut Sun,1022300116,2023-07-12,W,84,34,69,0.493,6,20,0.3,10,17,0.588,8,22,30,26,7,1,10,14,12.0,2023,False,CHI,1611661329
1611661323,Connecticut Sun,1022300121,2023-07-18,L,66,22,61,0.361,6,16,0.375,16,21,0.762,6,26,32,14,7,4,10,15,-6.0,2023,False,PHO,1611661317
1611661323,Connecticut Sun,1022300124,2023-07-20,W,82,29,68,0.426,11,23,0.478,13,18,0.722,7,26,33,20,13,9,15,21,11.0,2023,True,ATL,1611661330
1611661323,Connecticut Sun,1022300129,2023-07-22,W,86,29,66,0.439,7,24,0.292,21,28,0.75,6,33,39,22,8,5,13,21,8.0,2023,False,ATL,1611661330
1611661323,Connecticut Sun,1022300138,2023-07-25,W,88,29,66,0.439,7,24,0.292,23,26,0.885,8,23,31,19,6,4,7,15,5.0,2023,False,DAL,1611661321
1611661323,Connecticut Sun,1022300145,2023-07-30,L,83,28,72,0.389,3,17,0.176,24,27,0.889,11,23,34,22,10,5,10,14,-4.0,2023,True,MIN,1611661324
1611661323,Connecticut Sun,1022300151,2023-08-01,W,79,36,71,0.507,4,20,0.2,3,6,0.5,7,25,32,25,7,7,9,18,10.0,2023,True,MIN,1611661324
1611661323,Connecticut Sun,1022300157,2023-08-04,W,88,31,63,0.492,9,22,0.409,17,19,0.895,10,22,32,21,8,3,16,21,16.0,2023,False,IND,1611661325
1611661323,Connecticut Sun,1022300166,2023-08-08,W,81,32,70,0.457,7,15,0.467,10,11,0.909,11,23,34,21,11,5,11,17,12.0,2023,False,SEA,1611661328
1611661323,Connecticut Sun,1022300172,2023-08-10,L,84,30,71,0.423,7,13,0.538,17,25,0.68,10,21,31,17,7,3,13,23,-6.0,2023,False,PHO,1611661317
1611661323,Connecticut Sun,1022300177,2023-08-12,L,81,33,73,0.452,8,18,0.444,7,14,0.5,9,25,34,18,7,2,12,20,-10.0,2023,False,DAL,1611661321
1611661323,Connecticut Sun,1022300183,2023-08-18,L,75,27,71,0.38,3,14,0.214,18,23,0.783,16,21,37,14,5,3,12,20,-20.0,2023,True,DAL,1611661321
1611661323,Connecticut Sun,1022300190,2023-08-20,W,79,27,57,0.474,7,21,0.333,18,23,0.783,5,28,33,21,8,5,11,18,6.0,2023,False,CHI,1611661329
1611661323,Connecticut Sun,1022300194,2023-08-22,W,68,24,61,0.393,8,25,0.32,12,13,0.923,4,24,28,17,9,2,13,19,4.0,2023,False,WAS,1611661322
1611661323,Connecticut Sun,1022300198,2023-08-24,L,90,36,76,0.474,11,32,0.344,7,8,0.875,6,29,35,27,4,1,11,24,-5.0,2023,True,NYL,1611661313
1611661323,Connecticut Sun,1022300205,2023-08-27,W,83,32,65,0.492,8,26,0.308,11,16,0.688,7,31,38,24,11,4,19,17,15.0,2023,True,LAS,1611661320
1611661323,Connecticut Sun,1022300213,2023-08-31,W,84,24,55,0.436,12,18,0.667,24,30,0.8,6,24,30,18,8,4,11,16,10.0,2023,True,PHO,1611661317
1611661323,Connecticut Sun,1022300217,2023-09-01,L,58,21,63,0.333,6,20,0.3,10,14,0.714,6,21,27,14,6,3,13,19,-31.0,2023,False,NYL,1611661313
1611661323,Connecticut Sun,1022300224,2023-09-05,W,90,34,67,0.507,8,21,0.381,14,16,0.875,8,24,32,22,10,5,15,16,14.0,2023,True,LAS,1611661320
1611661323,Connecticut Sun,1022300230,2023-09-08,W,76,29,58,0.5,7,19,0.368,11,17,0.647,6,31,37,19,6,5,17,17,17.0,2023,True,IND,1611661325
1611661323,Connecticut Sun,1022300236,2023-09-10,L,91,34,83,0.41,7,23,0.304,16,19,0.842,10,26,36,21,9,3,10,13,-11.0,2023,True,CHI,1611661329
1611661323,Connecticut Sun,1022400002,2024-05-14,W,92,32,66,0.485,9,21,0.429,19,25,0.76,8,22,30,20,11,1,15,22,21.0,2024,True,IND,1611661325
1611661323,Connecticut Sun,1022400008,2024-05-17,W,84,29,68,0.426,2,20,0.1,24,26,0.923,8,21,29,16,14,3,10,22,7.0,2024,True,WAS,1611661322
1611661323,Connecticut Sun,1022400015,2024-05-20,W,88,30,74,0.405,4,19,0.211,24,30,0.8,15,18,33,15,5,4,8,13,4.0,2024,False,IND,1611661325
1611661323,Connecticut Sun,1022400021,2024-05-23,W,83,30,67,0.448,5,11,0.455,18,21,0.857,3,27,30,17,10,2,16,17,1.0,2024,True,MIN,1611661324
1611661323,Connecticut Sun,1022400026,2024-05-25,W,86,31,63,0.492,6,17,0.353,18,21,0.857,16,22,38,17,5,4,17,16,4.0,2024,False,CHI,1611661329
1611661323,Connecticut Sun,1022400032,2024-05-28,W,70,27,77,0.351,5,24,0.208,11,18,0.611,11,27,38,23,12,4,9,17,23.0,2024,True,PHO,1611661317
1611661323,Connecticut Sun,1022400041,2024-05-31,W,74,29,60,0.483,2,10,0.2,14,24,0.583,9,19,28,22,8,2,10,12,2.0,2024,True,DAL,1611661321
1611661323,Connecticut Sun,1022400045,2024-06-02,W,69,28,66,0.424,6,18,0.333,7,13,0.538,7,38,45,22,4,3,15,17,19.0,2024,False,ATL,1611661330
1611661323,Connecticut Sun,1022400049,2024-06-04,W,76,27,57,0.474,6,15,0.4,16,27,0.593,6,25,31,22,7,4,12,15,17.0,2024,True,WAS,1611661322
1611661323,Connecticut Sun,1022400060,2024-06-08,L,75,29,71,0.408,4,16,0.25,13,17,0.765,11,24,35,17,3,2,13,14,-7.0,2024,True,NYL,1611661313
1611661323,Connecticut Sun,1022400066,2024-06-10,W,89,30,65,0.462,8,17,0.471,21,24,0.875,12,29,41,22,9,3,10,19,17.0,2024,True,IND,1611661325
1611661323,Connecticut Sun,1022400070,2024-06-12,W,83,28,62,0.452,3,14,0.214,24,28,0.857,8,20,28,21,13,2,14,14,8.0,2024,False,CHI,1611661329
1611661323,Connecticut Sun,1022400076,2024-06-15,W,85,30,67,0.448,6,18,0.333,19,22,0.864,7,31,38,21,7,3,7,21,18.0,2024,False,DAL,1611661321
1611661323,Connecticut Sun,1022400082,2024-06-18,W,79,34,65,0.523,4,10,0.4,7,10,0.7,7,20,27,18,10,3,10,18,9.0,2024,True,LAS,1611661320
1611661323,Connecticut Sun,1022400090,2024-06-21,L,74,26,61,0.426,6,13,0.462,16,25,0.64,3,26,29,14,8,1,10,16,-11.0,2024,False,LVA,1611661319
1611661323,Connecticut Sun,1022400097,2024-06-23,L,61,25,67,0.373,2,14,0.143,9,17,0.529,12,26,38,13,8,3,14,16,-11.0,2024,False,SEA,1611661328
1611661323,Connecticut Sun,1022400099,2024-06-27,W,94,32,73,0.438,9,27,0.333,21,28,0.75,9,21,30,20,12,5,10,20,3.0,2024,False,WAS,1611661322
1611661323,Connecticut Sun,1022400102,2024-06-28,L,74,23,59,0.39,7,21,0.333,21,26,0.808,6,20,26,20,10,2,18,17,-4.0,2024,True,ATL,1611661330
1611661323,Connecticut Sun,1022400109,2024-07-01,W,83,28,59,0.475,5,20,0.25,22,23,0.957,12,25,37,17,2,3,11,15,11.0,2024,False,PHO,1611661317
1611661323,Connecticut Sun,1022400116,2024-07-04,W,78,30,66,0.455,6,15,0.4,12,13,0.923,8,27,35,23,10,4,14,10,5.0,2024,False,MIN,1611661324
1611661323,Connecticut Sun,1022400123,2024-07-07,W,80,28,64,0.438,10,23,0.435,14,19,0.737,11,25,36,20,4,3,7,14,13.0,2024,True,ATL,1611661330
1611661323,Connecticut Sun,1022400128,2024-07-10,L,68,24,67,0.358,6,17,0.353,14,16,0.875,7,28,35,19,1,2,9,16,-3.0,2024,True,NYL,1611661313
1611661323,Connecticut Sun,1022400139,2024-07-14,W,96,37,78,0.474,10,26,0.385,12,21,0.571,16,28,44,26,9,3,7,12,27.0,2024,True,PHO,1611661317
1611661323,Connecticut Sun,1022400145,2024-07-16,L,74,28,66,0.424,2,18,0.111,16,22,0.727,8,23,31,17,11,4,13,15,-8.0,2024,False,NYL,1611661313
1611661323,Connecticut Sun,1022400154,2024-08-16,W,109,38,66,0.576,11,20,0.55,22,28,0.786,3,23,26,30,9,3,15,22,18.0,2024,False,DAL,1611661321
1611661323,Connecticut Sun,1022400158,2024-08-18,L,70,23,65,0.354,4,16,0.25,20,22,0.909,11,29,40,16,8,4,17,28,-12.0,2024,False,ATL,1611661330
1611661323,Connecticut Sun,1022400162,2024-08-20,W,69,28,73,0.384,5,16,0.313,8,17,0.471,10,26,36,21,12,4,10,14,8.0,2024,True,LAS,1611661320
1611661323,Connecticut Sun,1022400169,2024-08-23,W,82,25,68,0.368,6,25,0.24,26,36,0.722,9,21,30,18,12,6,10,21,2.0,2024,True,CHI,1611661329
1611661323,Connecticut Sun,1022400172,2024-08-24,W,72,30,72,0.417,2,13,0.154,10,17,0.588,8,29,37,20,7,3,9,11,8.0,2024,False,NYL,1611661313
1611661323,Connecticut Sun,1022400180,2024-08-28,L,80,30,66,0.455,8,24,0.333,12,17,0.706,4,23,27,19,14,4,14,13,-4.0,2024,False,IND,1611661325
1611661323,Connecticut Sun,1022400189,2024-08-31,W,96,30,60,0.5,14,23,0.609,22,22,1.0,5,24,29,23,10,3,16,15,11.0,2024,False,WAS,1611661322
1611661323,Connecticut Sun,1022400190,2024-09-01,W,93,32,59,0.542,3,9,0.333,26,38,0.684,9,23,32,19,7,7,14,18,7.0,2024,True,SEA,1611661328
1611661323,Connecticut Sun,1022400195,2024-09-03,L,64,24,58,0.414,5,15,0.333,11,17,0.647,7,23,30,18,7,3,15,14,-7.0,2024,True,SEA,1611661328
1611661323,Connecticut Sun,1022400203,2024-09-06,L,67,25,56,0.446,3,16,0.188,14,17,0.824,5,28,33,16,10,4,18,19,-5.0,2024,True,LVA,1611661319
1611661323,Connecticut Sun,1022400211,2024-09-08,W,79,32,69,0.464,6,18,0.333,9,16,0.563,8,25,33,22,9,5,11,16,12.0,2024,False,LAS,1611661320
1611661323,Connecticut Sun,1022400214,2024-09-10,W,86,33,62,0.532,8,21,0.381,12,14,0.857,3,30,33,24,8,7,13,17,20.0,2024,False,LAS,1611661320
1611661323,Connecticut Sun,1022400223,2024-09-13,W,88,33,75,0.44,8,26,0.308,14,17,0.824,8,30,38,23,2,5,7,14,19.0,2024,False,PHO,1611661317
1611661323,Connecticut Sun,1022400228,2024-09-15,L,71,27,64,0.422,6,19,0.316,11,17,0.647,7,27,34,20,2,3,8,11,-13.0,2024,False,LVA,1611661319
1611661323,Connecticut Sun,1022400230,2024-09-17,L,76,30,66,0.455,7,20,0.35,9,11,0.818,8,23,31,21,9,6,16,13,-2.0,2024,True,MIN,1611661324
1611661323,Connecticut Sun,1022400235,2024-09-19,W,87,35,70,0.5,6,14,0.429,11,13,0.846,9,28,37,24,7,9,10,11,33.0,2024,True,CHI,1611661329
1611661323,Connecticut Sun,1022500007,2025-05-18,L,85,29,66,0.439,3,14,0.214,24,29,0.828,11,22,33,17,6,5,12,28,-5.0,2025,True,WAS,1611661322
1611661323,Connecticut Sun,1022500010,2025-05-20,L,62,22,64,0.344,3,17,0.176,15,17,0.882,7,27,34,16,4,3,16,21,-25.0,2025,True,LVA,1611661319
1611661323,Connecticut Sun,1022500017,2025-05-23,L,70,27,66,0.409,10,30,0.333,6,6,1.0,10,30,40,22,5,4,21,22,-6.0,2025,False,MIN,1611661324
1611661323,Connecticut Sun,1022500023,2025-05-25,L,55,21,67,0.313,4,15,0.267,9,14,0.643,6,28,34,14,4,3,9,21,-24.0,2025,False,ATL,1611661330
1611661323,Connecticut Sun,1022500027,2025-05-27,L,87,27,60,0.45,8,24,0.333,25,36,0.694,7,20,27,20,10,0,16,23,-22.0,2025,True,DAL,1611661321
1611661323,Connecticut Sun,1022500035,2025-05-30,W,85,31,60,0.517,10,20,0.5,13,15,0.867,6,19,25,19,9,2,16,21,2.0,2025,False,IND,1611661325
1611661323,Connecticut Sun,1022500041,2025-06-01,L,52,19,61,0.311,6,28,0.214,8,9,0.889,10,16,26,11,8,0,19,17,-48.0,2025,False,NYL,1611661313
1611661323,Connecticut Sun,1022500050,2025-06-06,W,84,33,66,0.5,3,15,0.2,15,19,0.789,5,22,27,17,9,3,11,15,8.0,2025,True,ATL,1611661330
1611661323,Connecticut Sun,1022500055,2025-06-08,L,67,26,66,0.394,7,24,0.292,8,9,0.889,6,16,22,17,8,4,17,29,-37.0,2025,False,WAS,1611661322
1611661323,Connecticut Sun,1022500068,2025-06-15,L,66,25,64,0.391,8,22,0.364,8,12,0.667,10,22,32,15,9,2,12,17,-12.0,2025,True,CHI,1611661329
1611661323,Connecticut Sun,1022500071,2025-06-17,L,71,25,64,0.391,3,21,0.143,18,20,0.9,10,17,27,15,8,4,12,22,-17.0,2025,False,IND,1611661325
1611661323,Connecticut Sun,1022500077,2025-06-18,L,75,25,68,0.368,8,24,0.333,17,23,0.739,11,26,37,20,5,5,13,18,-8.0,2025,True,PHX,1611661317
1611661323,Connecticut Sun,1022500081,2025-06-20,L,83,27,64,0.422,6,18,0.333,23,28,0.821,11,18,29,19,9,8,12,26,-3.0,2025,True,DAL,1611661321
1611661323,Connecticut Sun,1022500089,2025-06-22,L,63,20,66,0.303,7,24,0.292,16,21,0.762,10,25,35,14,4,10,13,23,-24.0,2025,False,GSV,1611661331
1611661323,Connecticut Sun,1022500095,2025-06-25,L,59,23,71,0.324,2,13,0.154,11,12,0.917,7,23,30,15,7,5,12,19,-26.0,2025,False,LVA,1611661319
1611661323,Connecticut Sun,1022500102,2025-06-27,L,81,30,63,0.476,7,13,0.538,14,21,0.667,6,22,28,21,9,5,15,20,-16.0,2025,False,SEA,1611661328
1611661323,Connecticut Sun,1022500107,2025-06-29,L,63,23,66,0.348,4,18,0.222,13,17,0.765,9,18,27,14,8,5,14,20,-39.0,2025,False,MIN,1611661324
1611661323,Connecticut Sun,1022500116,2025-07-06,L,68,24,63,0.381,5,18,0.278,15,19,0.789,6,21,27,14,9,2,14,13,-18.0,2025,True,LVA,1611661319
1611661323,Connecticut Sun,1022500123,2025-07-09,W,93,32,65,0.492,8,18,0.444,21,22,0.955,6,32,38,21,5,6,10,19,10.0,2025,True,SEA,1611661328
1611661323,Connecticut Sun,1022500130,2025-07-11,L,65,21,58,0.362,3,16,0.188,20,22,0.909,8,27,35,11,4,3,15,20,-14.0,2025,False,SEA,1611661328
1611661323,Connecticut Sun,1022500135,2025-07-13,L,88,34,68,0.5,9,25,0.36,11,14,0.786,6,22,28,15,7,3,16,16,-4.0,2025,False,LAS,1611661320
1611661323,Connecticut Sun,1022500139,2025-07-15,L,77,30,83,0.361,5,25,0.2,12,16,0.75,12,28,40,16,10,1,8,20,-8.0,2025,True,IND,1611661325
1611661323,Connecticut Sun,1022500152,2025-07-24,L,86,29,76,0.382,8,24,0.333,20,23,0.87,10,24,34,18,8,4,13,24,-15.0,2025,True,LAS,1611661320
1611661323,Connecticut Sun,1022500161,2025-07-27,W,95,35,66,0.53,12,29,0.414,13,14,0.929,8,24,32,21,14,6,16,23,31.0,2025,True,GSV,1611661331
1611661323,Connecticut Sun,1022500165,2025-07-28,L,85,27,67,0.403,8,17,0.471,23,26,0.885,3,23,26,20,8,2,13,15,-16.0,2025,True,SEA,1611661328
1611661323,Connecticut Sun,1022500175,2025-08-01,W,78,28,69,0.406,5,20,0.25,17,24,0.708,13,29,42,21,11,5,17,14,16.0,2025,True,NYL,1611661313
1611661323,Connecticut Sun,1022500181,2025-08-03,L,78,28,68,0.412,5,23,0.217,17,22,0.773,6,22,28,14,12,2,13,22,-9.0,2025,True,NYL,1611661313
1611661323,Connecticut Sun,1022500188,2025-08-05,L,66,25,72,0.347,5,25,0.2,11,12,0.917,12,23,35,16,11,4,17,18,-16.0,2025,False,PHX,1611661317
1611661323,Connecticut Sun,1022500192,2025-08-07,L,91,33,80,0.413,13,29,0.448,12,15,0.8,14,17,31,20,7,4,9,22,-11.0,2025,False,LAS,1611661320
1611661323,Connecticut Sun,1022500203,2025-08-10,L,86,36,70,0.514,12,31,0.387,2,2,1.0,3,20,23,22,10,3,12,20,-8.0,2025,False,LVA,1611661319
1611661323,Connecticut Sun,1022500204,2025-08-11,L,57,21,61,0.344,5,25,0.2,10,14,0.714,10,25,35,16,6,5,13,18,-17.0,2025,False,GSV,1611661331
1611661323,Connecticut Sun,1022500207,2025-08-13,W,71,29,71,0.408,4,17,0.235,9,15,0.6,9,22,31,20,11,8,5,18,9.0,2025,True,CHI,1611661329
1611661323,Connecticut Sun,1022500218,2025-08-17,L,93,36,73,0.493,7,17,0.412,14,20,0.7,7,25,32,25,7,5,14,30,-6.0,2025,True,IND,1611661325
1611661323,Connecticut Sun,1022500223,2025-08-19,W,80,31,68,0.456,3,16,0.188,15,19,0.789,9,29,38,16,10,3,10,19,11.0,2025,False,WAS,1611661322
1611661323,Connecticut Sun,1022500228,2025-08-21,W,67,27,67,0.403,2,14,0.143,11,17,0.647,8,26,34,20,15,2,10,18,11.0,2025,True,WAS,1611661322
1611661323,Connecticut Sun,1022500237,2025-08-23,W,94,34,66,0.515,8,20,0.4,18,22,0.818,7,21,28,24,10,4,8,18,10.0,2025,False,CHI,1611661329
1611661323,Connecticut Sun,1022500241,2025-08-25,L,79,30,71,0.423,10,21,0.476,9,14,0.643,12,22,34,16,7,0,12,18,-2.0,2025,False,NYL,1611661313
1611661323,Connecticut Sun,1022500246,2025-08-27,W,101,33,69,0.478,8,21,0.381,27,29,0.931,4,28,32,22,9,2,12,15,6.0,2025,False,DAL,1611661321
1611661323,Connecticut Sun,1022500252,2025-08-30,L,70,25,69,0.362,5,16,0.313,15,21,0.714,18,23,41,15,3,2,15,15,-24.0,2025,True,MIN,1611661324
1611661323,Connecticut Sun,1022500258,2025-09-01,L,76,31,62,0.5,2,17,0.118,12,14,0.857,5,21,26,17,6,4,11,18,-17.0,2025,True,ATL,1611661330
1611661323,Connecticut Sun,1022500264,2025-09-03,L,64,25,65,0.385,5,16,0.313,9,12,0.75,12,20,32,14,5,5,16,23,-24.0,2025,False,CHI,1611661329
1611661323,Connecticut Sun,1022500271,2025-09-06,W,87,28,63,0.444,5,16,0.313,26,34,0.765,6,33,39,16,5,4,14,21,3.0,2025,True,PHX,1611661317
1611661323,Connecticut Sun,1022500276,2025-09-08,L,62,24,66,0.364,7,20,0.35,7,11,0.636,6,27,33,15,3,3,14,10,-25.0,2025,False,ATL,1611661330
1611661323,Connecticut Sun,1022500282,2025-09-10,L,72,26,73,0.356,3,20,0.15,17,21,0.81,14,21,35,14,10,1,10,14,-16.0,2025,True,ATL,1611661330
1611661323,Connecticut Sun,1022600001,2026-05-08,L,75,32,83,0.386,4,22,0.182,7,15,0.467,12,20,32,21,5,2,16,25,-31.0,2026,False,NYL,1611661313
1611661323,Connecticut Sun,1022600007,2026-05-10,L,82,29,73,0.397,8,23,0.348,16,22,0.727,10,31,41,18,7,3,16,28,-7.0,2026,True,SEA,1611661328
1611661323,Connecticut Sun,1022600016,2026-05-13,L,69,23,70,0.329,3,13,0.231,20,24,0.833,8,21,29,16,6,3,13,20,-29.0,2026,True,LVA,1611661319
1611661323,Connecticut Sun,1022600021,2026-05-15,L,94,36,81,0.444,9,25,0.36,13,15,0.867,11,21,32,24,11,2,13,25,-7.0,2026,True,LVA,1611661319
1611661323,Connecticut Sun,1022600030,2026-05-18,L,82,32,63,0.508,7,20,0.35,11,20,0.55,10,22,32,23,9,6,17,25,-1.0,2026,False,PDX,1611661327
1611661323,Connecticut Sun,1022600034,2026-05-20,W,80,32,72,0.444,5,20,0.25,11,17,0.647,11,27,38,14,10,3,11,19,2.0,2026,False,SEA,1611661328
1611661323,Connecticut Sun,1022600040,2026-05-22,L,59,23,62,0.371,4,17,0.235,9,14,0.643,8,25,33,15,9,3,12,18,-18.0,2026,False,SEA,1611661328
1611661323,Connecticut Sun,1022600048,2026-05-25,L,70,22,57,0.386,6,18,0.333,20,28,0.714,8,24,32,13,10,4,18,26,-27.0,2026,False,GSV,1611661331
1611661323,Connecticut Sun,1022600052,2026-05-27,L,61,24,62,0.387,1,21,0.048,12,22,0.545,14,19,33,17,9,3,17,22,-10.0,2026,False,PDX,1611661327
1611661323,Connecticut Sun,1022600061,2026-05-30,W,84,28,67,0.418,6,22,0.273,22,31,0.71,12,25,37,18,11,9,16,29,3.0,2026,True,LAS,1611661320
1611661323,Connecticut Sun,1022600066,2026-06-02,L,75,26,55,0.473,4,17,0.235,19,29,0.655,3,25,28,17,8,5,14,18,-16.0,2026,False,ATL,1611661330
1611661323,Connecticut Sun,1022600074,2026-06-05,L,80,30,71,0.423,4,18,0.222,16,21,0.762,14,26,40,19,6,7,15,21,-5.0,2026,False,CHI,1611661329
1611661323,Connecticut Sun,1022600083,2026-06-08,L,80,32,70,0.457,3,13,0.231,13,23,0.565,7,21,28,21,8,3,10,28,-9.0,2026,True,NYL,1611661313
1611661323,Connecticut Sun,1022600089,2026-06-10,L,102,34,74,0.459,9,25,0.36,25,37,0.676,18,24,42,21,3,6,18,29,-4.0,2026,False,TOR,1611661332
1611661323,Connecticut Sun,1022600097,2026-06-13,L,75,32,75,0.427,5,17,0.294,6,9,0.667,9,17,26,24,7,4,9,22,-10.0,2026,True,IND,1611661325
1611661323,Connecticut Sun,1022600107,2026-06-17,L,81,31,68,0.456,4,20,0.2,15,23,0.652,7,19,26,16,8,3,5,25,-7.0,2026,True,WAS,1611661322
1611661323,Connecticut Sun,1022600114,2026-06-19,L,97,35,76,0.461,6,22,0.273,21,26,0.808,12,23,35,21,9,4,8,13,-4.0,2026,True,TOR,1611661332
1611661323,Connecticut Sun,1022600123,2026-06-22,W,92,34,67,0.507,4,13,0.308,20,26,0.769,10,39,49,21,10,9,16,29,29.0,2026,True,CHI,1611661329
1611661323,Connecticut Sun,1022600135,2026-06-26,W,68,28,68,0.412,5,12,0.417,7,10,0.7,5,22,27,18,12,6,9,20,11.0,2026,True,WAS,1611661322
1611661323,Connecticut Sun,1022600146,2026-07-02,L,83,29,64,0.453,3,9,0.333,22,35,0.629,11,23,34,16,7,4,14,23,-3.0,2026,True,DAL,1611661321
1611661323,Connecticut Sun,1022600155,2026-07-06,W,90,33,66,0.5,7,15,0.467,17,29,0.586,7,25,32,21,11,6,12,20,1.0,2026,False,MIN,1611661324
1611661323,Connecticut Sun,1022600160,2026-07-08,L,80,26,65,0.4,6,23,0.261,22,27,0.815,10,26,36,20,9,7,18,20,-6.0,2026,True,MIN,1611661324
1611661323,Connecticut Sun,1022600165,2026-07-10,L,64,24,58,0.414,4,16,0.25,12,17,0.706,6,17,23,19,10,3,20,20,-15.0,2026,True,GSV,1611661331
1611661323,Connecticut Sun,1022600177,2026-07-14,W,90,35,67,0.522,3,14,0.214,17,20,0.85,11,20,31,28,11,4,14,21,3.0,2026,True,PDX,1611661327
1611661323,Connecticut Sun,1022600187,2026-07-17,W,96,36,69,0.522,6,20,0.3,18,23,0.783,7,27,34,24,7,5,11,21,13.0,2026,False,PHX,1611661317
1611661323,Connecticut Sun,1022600193,2026-07-19,L,63,22,58,0.379,4,14,0.286,15,19,0.789,9,26,35,13,6,4,21,25,-9.0,2026,False,PHX,1611661317
1611661323,Connecticut Sun,1022600201,2026-07-22,L,88,35,79,0.443,8,20,0.4,10,15,0.667,11,17,28,21,8,4,14,25,-35.0,2026,False,IND,1611661325
1611661323,Connecticut Sun,1022600203,2026-07-28,L,84,31,75,0.413,11,25,0.44,11,18,0.611,8,21,29,24,6,8,10,26,-8.0,2026,False,WAS,1611661322
1611661323,Connecticut Sun,1022600211,2026-07-30,L,88,31,70,0.443,7,22,0.318,19,24,0.792,8,26,34,20,10,6,16,26,-6.0,2026,False,CHI,1611661329
1611661323,Connecticut Sun,1022600220,2026-08-02,L,63,23,67,0.343,9,23,0.391,8,13,0.615,9,22,31,14,6,3,15,18,-20.0,2026,False,DAL,1611661321
1611661323,Connecticut Sun,1022600233,2026-08-07,W,75,27,57,0.474,7,20,0.35,14,20,0.7,3,31,34,19,5,5,18,24,3.0,2026,True,PHX,1611661317
1611661323,Connecticut Sun,1022600251,2026-08-13,L,69,21,70,0.3,8,20,0.4,19,25,0.76,13,23,36,15,6,8,10,25,-35.0,2026,True,ATL,1611661330
1611661323,Connecticut Sun,1022600256,2026-08-15,L,75,24,67,0.358,8,29,0.276,19,22,0.864,9,26,35,17,4,7,10,17,-7.0,2026,True,NYL,1611661313
1611661323,Connecticut Sun,1022600263,2026-08-18,W,85,36,71,0.507,4,12,0.333,9,11,0.818,10,23,33,23,12,3,17,19,8.0,2026,True,LAS,1611661320
1611661323,Connecticut Sun,1022600270,2026-08-20,L,78,29,64,0.453,6,22,0.273,14,18,0.778,5,18,23,18,7,3,18,23,-23.0,2026,False,LVA,1611661319
1611661323,Connecticut Sun,1022600276,2026-08-22,L,68,26,74,0.351,4,24,0.167,12,18,0.667,8,22,30,16,15,3,13,23,-9.0,2026,False,LAS,1611661320
1611661323,Connecticut Sun,1022600284,2026-08-25,W,87,30,70,0.429,7,20,0.35,20,27,0.741,7,30,37,21,7,4,6,16,6.0,2026,True,CHI,1611661329
1611661323,Connecticut Sun,1022600287,2026-08-26,L,64,22,71,0.31,6,31,0.194,14,24,0.583,10,20,30,17,4,3,10,19,-25.0,2026,True,GSV,1611661331
1611661323,Connecticut Sun,1022600292,2026-08-28,L,91,35,76,0.461,9,28,0.321,12,13,0.923,6,20,26,22,9,1,16,23,-20.0,2026,False,IND,1611661325
1611661323,Connecticut Sun,1022600300,2026-08-30,L,71,24,73,0.329,7,27,0.259,16,22,0.727,12,17,29,16,6,3,7,23,-26.0,2026,False,DAL,1611661321
1611661323,Connecticut Sun,1022600301,2026-09-17,L,59,23,65,0.354,3,20,0.15,10,12,0.833,2,26,28,16,3,6,14,19,-44.0,2026,False,ATL,1611661330
1611661323,Connecticut Sun,1022600312,2026-09-20,L,89,31,59,0.525,15,28,0.536,12,19,0.632,5,22,27,22,9,2,17,23,-12.0,2026,True,MIN,1611661324
1611661323,Connecticut Sun,1022600319,2026-09-22,L,69,28,72,0.389,5,23,0.217,8,12,0.667,13,30,43,21,3,6,18,19,-10.0,2026,False,WAS,1611661322
1611661323,Connecticut Sun,1022600326,2026-09-24,W,95,37,74,0.5,7,22,0.318,14,17,0.824,10,26,36,19,7,2,12,22,14.0,2026,True,TOR,1611661332
1611661324,Minnesota Lynx,1021500003,2015-06-05,W,83,31,69,0.449,5,13,0.385,16,18,0.889,10,35,45,18,3,6,16,15,8.0,2015,True,TUL,1611661321
1611661324,Minnesota Lynx,1021500007,2015-06-06,W,78,24,62,0.387,4,14,0.286,26,31,0.839,13,27,40,9,9,4,14,18,9.0,2015,False,IND,1611661325
1611661324,Minnesota Lynx,1021500016,2015-06-11,W,94,35,66,0.53,7,15,0.467,17,20,0.85,10,29,39,22,4,6,10,18,24.0,2015,True,SEA,1611661328
1611661324,Minnesota Lynx,1021500021,2015-06-14,L,66,24,67,0.358,0,9,0.0,18,18,1.0,8,27,35,9,7,3,16,18,-15.0,2015,False,PHO,1611661317
1611661324,Minnesota Lynx,1021500028,2015-06-16,W,67,30,57,0.526,3,12,0.25,4,7,0.571,4,24,28,25,5,1,8,15,15.0,2015,False,LAS,1611661320
1611661324,Minnesota Lynx,1021500032,2015-06-19,W,74,31,56,0.554,2,6,0.333,10,11,0.909,3,26,29,15,9,8,16,18,15.0,2015,False,SAN,1611661319
1611661324,Minnesota Lynx,1021500038,2015-06-21,L,78,30,60,0.5,2,10,0.2,16,17,0.941,8,23,31,20,4,6,16,18,-8.0,2015,True,TUL,1611661321
1611661324,Minnesota Lynx,1021500043,2015-06-25,W,76,29,64,0.453,1,7,0.143,17,21,0.81,8,24,32,18,10,10,14,18,3.0,2015,False,SEA,1611661328
1611661324,Minnesota Lynx,1021500048,2015-06-27,W,71,27,64,0.422,6,9,0.667,11,16,0.688,9,25,34,16,10,10,12,18,15.0,2015,True,PHO,1611661317
1611661324,Minnesota Lynx,1021500061,2015-07-03,W,82,33,64,0.516,4,10,0.4,12,12,1.0,7,31,38,20,3,4,13,12,25.0,2015,True,SEA,1611661328
1611661324,Minnesota Lynx,1021500070,2015-07-10,L,83,34,78,0.436,6,17,0.353,9,13,0.692,11,24,35,22,4,3,9,19,-7.0,2015,False,CHI,1611661329
1611661324,Minnesota Lynx,1021500076,2015-07-12,W,66,29,70,0.414,5,15,0.333,3,6,0.5,7,34,41,19,8,7,10,12,17.0,2015,True,SAN,1611661319
1611661324,Minnesota Lynx,1021500077,2015-07-14,W,85,32,63,0.508,4,11,0.364,17,18,0.944,7,24,31,22,9,5,15,10,6.0,2015,False,CON,1611661323
1611661324,Minnesota Lynx,1021500086,2015-07-17,W,84,33,74,0.446,7,13,0.538,11,13,0.846,9,35,44,17,5,6,10,17,18.0,2015,True,CHI,1611661329
1611661324,Minnesota Lynx,1021500091,2015-07-19,W,79,28,61,0.459,5,11,0.455,18,22,0.818,8,27,35,18,8,0,11,20,7.0,2015,False,TUL,1611661321
1611661324,Minnesota Lynx,1021500099,2015-07-22,L,77,29,75,0.387,5,15,0.333,14,17,0.824,18,24,42,21,6,2,16,15,-1.0,2015,True,CON,1611661323
1611661324,Minnesota Lynx,1021500104,2015-07-29,W,82,29,61,0.475,6,11,0.545,18,24,0.75,6,20,26,19,14,1,12,13,6.0,2015,True,LAS,1611661320
1611661324,Minnesota Lynx,1021500108,2015-07-31,W,86,33,77,0.429,3,15,0.2,17,23,0.739,13,29,42,23,9,6,15,14,16.0,2015,True,ATL,1611661330
1611661324,Minnesota Lynx,1021500111,2015-08-01,W,86,29,65,0.446,9,20,0.45,19,22,0.864,12,21,33,16,2,2,11,24,6.0,2015,False,TUL,1611661321
1611661324,Minnesota Lynx,1021500120,2015-08-04,L,61,25,62,0.403,5,20,0.25,6,7,0.857,4,29,33,14,3,7,15,11,-22.0,2015,False,LAS,1611661320
1611661324,Minnesota Lynx,1021500126,2015-08-07,L,66,30,67,0.448,3,14,0.214,3,3,1.0,5,26,31,18,2,3,9,19,-7.0,2015,False,PHO,1611661317
1611661324,Minnesota Lynx,1021500131,2015-08-09,W,72,26,66,0.394,1,10,0.1,19,22,0.864,10,26,36,15,9,4,9,14,8.0,2015,True,LAS,1611661320
1611661324,Minnesota Lynx,1021500134,2015-08-11,W,83,34,66,0.515,2,8,0.25,13,17,0.765,8,26,34,21,6,3,14,14,7.0,2015,True,SAN,1611661319
1611661324,Minnesota Lynx,1021500139,2015-08-14,W,84,31,67,0.463,5,19,0.263,17,20,0.85,7,29,36,23,3,7,14,18,2.0,2015,False,ATL,1611661330
1611661324,Minnesota Lynx,1021500143,2015-08-16,L,69,28,73,0.384,4,9,0.444,9,12,0.75,12,27,39,15,3,2,8,15,-8.0,2015,False,WAS,1611661322
1611661324,Minnesota Lynx,1021500149,2015-08-19,L,61,21,61,0.344,1,6,0.167,18,22,0.818,11,23,34,13,3,3,14,20,-18.0,2015,True,WAS,1611661322
1611661324,Minnesota Lynx,1021500153,2015-08-21,W,78,32,65,0.492,5,10,0.5,9,10,0.9,9,33,42,25,6,4,13,13,17.0,2015,False,SAN,1611661319
1611661324,Minnesota Lynx,1021500161,2015-08-23,L,67,24,62,0.387,4,10,0.4,15,20,0.75,6,23,29,14,9,4,12,12,-12.0,2015,False,PHO,1611661317
1611661324,Minnesota Lynx,1021500167,2015-08-28,L,68,25,67,0.373,2,10,0.2,16,22,0.727,10,21,31,16,4,4,8,13,-13.0,2015,False,NYL,1611661313
1611661324,Minnesota Lynx,1021500175,2015-08-30,W,71,24,73,0.329,4,10,0.4,19,21,0.905,13,28,41,18,10,4,12,13,10.0,2015,True,PHO,1611661317
1611661324,Minnesota Lynx,1021500183,2015-09-04,W,81,34,64,0.531,8,18,0.444,5,6,0.833,10,26,36,18,5,3,17,15,16.0,2015,True,IND,1611661325
1611661324,Minnesota Lynx,1021500189,2015-09-06,L,71,27,58,0.466,5,13,0.385,12,14,0.857,6,22,28,18,6,5,13,14,-4.0,2015,True,NYL,1611661313
1611661324,Minnesota Lynx,1021500191,2015-09-08,W,73,30,69,0.435,2,10,0.2,11,15,0.733,13,20,33,25,7,2,12,12,6.0,2015,True,SEA,1611661328
1611661324,Minnesota Lynx,1021500199,2015-09-11,L,64,23,60,0.383,4,19,0.211,14,22,0.636,8,28,36,15,4,4,10,22,-14.0,2015,False,SEA,1611661328
1611661324,Minnesota Lynx,1021600003,2016-05-14,W,95,40,74,0.541,3,9,0.333,12,14,0.857,11,29,40,24,15,2,17,21,19.0,2016,True,PHO,1611661317
1611661324,Minnesota Lynx,1021600008,2016-05-18,W,97,36,70,0.514,5,15,0.333,20,23,0.87,5,24,29,28,10,3,9,16,17.0,2016,False,CHI,1611661329
1611661324,Minnesota Lynx,1021600019,2016-05-22,W,78,30,74,0.405,3,8,0.375,15,16,0.938,11,27,38,13,8,3,11,16,7.0,2016,False,SEA,1611661328
1611661324,Minnesota Lynx,1021600022,2016-05-25,W,85,29,62,0.468,5,13,0.385,22,24,0.917,10,24,34,16,8,2,21,23,7.0,2016,False,PHO,1611661317
1611661324,Minnesota Lynx,1021600025,2016-05-27,W,74,30,64,0.469,3,20,0.15,11,16,0.688,6,24,30,22,9,11,14,18,3.0,2016,True,IND,1611661325
1611661324,Minnesota Lynx,1021600032,2016-05-31,W,79,32,65,0.492,1,7,0.143,14,21,0.667,3,27,30,15,15,3,13,22,10.0,2016,False,NYL,1611661313
1611661324,Minnesota Lynx,1021600041,2016-06-04,W,80,34,70,0.486,3,12,0.25,9,12,0.75,8,28,36,25,15,9,13,11,17.0,2016,True,DAL,1611661321
1611661324,Minnesota Lynx,1021600046,2016-06-07,W,89,27,73,0.37,8,16,0.5,27,29,0.931,9,19,28,16,4,2,9,18,8.0,2016,True,PHO,1611661317
1611661324,Minnesota Lynx,1021600052,2016-06-10,W,110,38,69,0.551,8,18,0.444,26,28,0.929,6,23,29,23,7,7,10,26,32.0,2016,False,ATL,1611661330
1611661324,Minnesota Lynx,1021600053,2016-06-11,W,83,29,59,0.492,5,12,0.417,20,25,0.8,8,27,35,15,9,4,19,19,7.0,2016,False,WAS,1611661322
1611661324,Minnesota Lynx,1021600061,2016-06-14,W,87,32,65,0.492,7,17,0.412,16,19,0.842,9,27,36,21,8,2,11,18,24.0,2016,True,IND,1611661325
1611661324,Minnesota Lynx,1021600073,2016-06-19,W,96,41,73,0.562,5,14,0.357,9,10,0.9,7,28,35,30,6,2,10,25,12.0,2016,False,SEA,1611661328
1611661324,Minnesota Lynx,1021600074,2016-06-21,W,72,29,70,0.414,3,15,0.2,11,16,0.688,12,30,42,19,12,5,15,19,3.0,2016,False,LAS,1611661320
1611661324,Minnesota Lynx,1021600082,2016-06-24,L,76,28,61,0.459,6,20,0.3,14,21,0.667,8,20,28,14,7,2,18,19,-18.0,2016,True,LAS,1611661320
1611661324,Minnesota Lynx,1021600087,2016-06-26,L,63,23,61,0.377,6,14,0.429,11,14,0.786,10,20,30,18,5,1,14,16,-24.0,2016,False,WAS,1611661322
1611661324,Minnesota Lynx,1021600093,2016-06-29,L,92,34,80,0.425,6,14,0.429,18,20,0.9,10,29,39,24,7,8,17,17,-3.0,2016,True,NYL,1611661313
1611661324,Minnesota Lynx,1021600100,2016-07-02,W,91,34,65,0.523,2,10,0.2,21,24,0.875,7,34,41,21,3,7,10,22,23.0,2016,True,SAN,1611661319
1611661324,Minnesota Lynx,1021600105,2016-07-05,W,87,31,66,0.47,6,14,0.429,19,23,0.826,7,25,32,19,9,4,14,18,5.0,2016,True,CHI,1611661329
1611661324,Minnesota Lynx,1021600110,2016-07-07,L,89,32,79,0.405,4,20,0.2,21,26,0.808,15,26,41,21,9,7,12,19,-4.0,2016,False,CON,1611661323
1611661324,Minnesota Lynx,1021600115,2016-07-09,W,93,40,76,0.526,3,17,0.176,10,18,0.556,10,41,51,28,6,5,8,16,37.0,2016,True,DAL,1611661321
1611661324,Minnesota Lynx,1021600121,2016-07-12,W,81,33,74,0.446,1,9,0.111,14,18,0.778,18,25,43,19,7,4,7,20,24.0,2016,False,SAN,1611661319
1611661324,Minnesota Lynx,1021600128,2016-07-15,W,88,33,70,0.471,4,11,0.364,18,22,0.818,10,24,34,22,7,5,6,17,18.0,2016,True,NYL,1611661313
1611661324,Minnesota Lynx,1021600134,2016-07-17,W,98,39,84,0.464,5,15,0.333,15,19,0.789,17,34,51,17,8,8,17,22,1.0,2016,False,DAL,1611661321
1611661324,Minnesota Lynx,1021600140,2016-07-20,W,83,29,57,0.509,2,6,0.333,23,30,0.767,5,24,29,22,6,6,12,18,18.0,2016,True,ATL,1611661330
1611661324,Minnesota Lynx,1021600145,2016-07-22,W,79,29,67,0.433,3,11,0.273,18,20,0.9,12,23,35,21,9,4,11,20,7.0,2016,True,SEA,1611661328
1611661324,Minnesota Lynx,1021600147,2016-08-26,L,80,32,64,0.5,1,8,0.125,15,20,0.75,11,22,33,13,8,7,18,22,-4.0,2016,False,CON,1611661323
1611661324,Minnesota Lynx,1021600155,2016-08-28,W,92,37,71,0.521,3,7,0.429,15,20,0.75,11,28,39,18,4,5,12,17,12.0,2016,True,SEA,1611661328
1611661324,Minnesota Lynx,1021600164,2016-09-02,W,75,24,63,0.381,1,4,0.25,26,29,0.897,11,30,41,13,4,4,10,19,6.0,2016,True,WAS,1611661322
1611661324,Minnesota Lynx,1021600172,2016-09-04,W,93,36,67,0.537,4,5,0.8,17,20,0.85,11,22,33,23,12,1,11,11,14.0,2016,True,CON,1611661323
1611661324,Minnesota Lynx,1021600175,2016-09-06,W,77,30,61,0.492,4,10,0.4,13,18,0.722,6,29,35,19,4,5,11,23,3.0,2016,False,LAS,1611661320
1611661324,Minnesota Lynx,1021600186,2016-09-11,W,81,25,65,0.385,3,5,0.6,28,37,0.757,9,31,40,15,6,4,8,16,5.0,2016,False,SAN,1611661319
1611661324,Minnesota Lynx,1021600192,2016-09-13,L,97,33,76,0.434,5,12,0.417,26,31,0.839,15,18,33,22,12,5,15,27,-1.0,2016,False,CHI,1611661329
1611661324,Minnesota Lynx,1021600197,2016-09-16,W,82,31,61,0.508,6,9,0.667,14,16,0.875,8,25,33,21,12,3,14,19,7.0,2016,False,IND,1611661325
1611661324,Minnesota Lynx,1021600200,2016-09-17,W,95,35,69,0.507,3,9,0.333,22,33,0.667,12,23,35,24,9,6,12,17,8.0,2016,True,ATL,1611661330
1611661324,Minnesota Lynx,1021700007,2017-05-14,W,70,27,73,0.37,3,20,0.15,13,17,0.765,12,27,39,21,11,4,15,18,9.0,2017,True,CHI,1611661329
1611661324,Minnesota Lynx,1021700009,2017-05-18,W,90,32,70,0.457,9,21,0.429,17,24,0.708,6,31,37,20,4,2,11,18,19.0,2017,False,NYL,1611661313
1611661324,Minnesota Lynx,1021700014,2017-05-20,W,89,27,65,0.415,5,18,0.278,30,34,0.882,17,20,37,16,7,4,18,22,2.0,2017,False,DAL,1611661321
1611661324,Minnesota Lynx,1021700017,2017-05-23,W,80,29,57,0.509,7,12,0.583,15,22,0.682,8,27,35,19,10,7,20,13,2.0,2017,True,CON,1611661323
1611661324,Minnesota Lynx,1021700022,2017-05-26,W,82,27,66,0.409,6,16,0.375,22,25,0.88,12,31,43,16,7,1,15,17,14.0,2017,False,CON,1611661323
1611661324,Minnesota Lynx,1021700029,2017-05-28,W,80,33,74,0.446,3,18,0.167,11,16,0.688,13,17,30,28,13,4,8,13,14.0,2017,True,SAN,1611661319
1611661324,Minnesota Lynx,1021700038,2017-06-03,W,100,41,69,0.594,7,14,0.5,11,14,0.786,10,21,31,21,9,3,14,16,23.0,2017,False,SEA,1611661328
1611661324,Minnesota Lynx,1021700046,2017-06-09,W,98,40,76,0.526,11,23,0.478,7,9,0.778,10,23,33,30,8,2,8,14,25.0,2017,False,WAS,1611661322
1611661324,Minnesota Lynx,1021700054,2017-06-11,W,91,38,72,0.528,6,14,0.429,9,11,0.818,10,30,40,30,7,2,13,22,17.0,2017,False,DAL,1611661321
1611661324,Minnesota Lynx,1021700062,2017-06-17,L,93,37,72,0.514,7,16,0.438,12,16,0.75,3,18,21,26,14,3,13,15,-5.0,2017,True,CON,1611661323
1611661324,Minnesota Lynx,1021700070,2017-06-23,W,93,33,70,0.471,4,12,0.333,23,28,0.821,12,31,43,21,7,7,12,15,17.0,2017,True,WAS,1611661322
1611661324,Minnesota Lynx,1021700076,2017-06-25,W,87,27,62,0.435,9,18,0.5,24,27,0.889,13,23,36,18,4,7,15,19,9.0,2017,True,SAN,1611661319
1611661324,Minnesota Lynx,1021700084,2017-06-30,W,91,34,74,0.459,6,18,0.333,17,20,0.85,12,28,40,14,3,3,13,15,8.0,2017,False,PHO,1611661317
1611661324,Minnesota Lynx,1021700092,2017-07-06,W,88,34,71,0.479,6,14,0.429,14,19,0.737,15,24,39,19,8,5,15,11,11.0,2017,True,LAS,1611661320
1611661324,Minnesota Lynx,1021700097,2017-07-08,L,76,25,62,0.403,9,25,0.36,17,22,0.773,10,14,24,15,9,4,20,14,-24.0,2017,False,CHI,1611661329
1611661324,Minnesota Lynx,1021700108,2017-07-14,W,88,34,65,0.523,7,17,0.412,13,16,0.813,4,28,32,21,8,2,13,27,17.0,2017,False,PHO,1611661317
1611661324,Minnesota Lynx,1021700113,2017-07-16,W,81,26,62,0.419,5,20,0.25,24,26,0.923,6,25,31,12,8,2,11,18,15.0,2017,True,PHO,1611661317
1611661324,Minnesota Lynx,1021700119,2017-07-19,W,100,38,67,0.567,8,16,0.5,16,23,0.696,8,33,41,25,9,2,17,20,26.0,2017,True,DAL,1611661321
1611661324,Minnesota Lynx,1021700126,2017-07-25,W,76,31,69,0.449,4,13,0.308,10,11,0.909,9,25,34,18,9,7,10,9,1.0,2017,True,NYL,1611661313
1611661324,Minnesota Lynx,1021700131,2017-07-28,W,90,37,66,0.561,4,14,0.286,12,17,0.706,5,25,30,30,12,5,14,15,10.0,2017,False,ATL,1611661330
1611661324,Minnesota Lynx,1021700140,2017-07-30,W,93,36,69,0.522,6,17,0.353,15,18,0.833,9,28,37,25,4,3,10,15,11.0,2017,True,SEA,1611661328
1611661324,Minnesota Lynx,1021700142,2017-08-03,W,69,25,61,0.41,1,14,0.071,18,20,0.9,8,27,35,18,14,5,17,14,15.0,2017,True,ATL,1611661330
1611661324,Minnesota Lynx,1021700152,2017-08-06,L,82,30,70,0.429,2,13,0.154,20,24,0.833,16,22,38,13,10,3,19,17,-2.0,2017,False,IND,1611661325
1611661324,Minnesota Lynx,1021700155,2017-08-08,W,81,28,59,0.475,3,8,0.375,22,30,0.733,7,26,33,21,7,5,12,14,9.0,2017,False,ATL,1611661330
1611661324,Minnesota Lynx,1021700159,2017-08-11,L,64,26,61,0.426,4,12,0.333,8,11,0.727,7,28,35,16,5,4,16,15,-6.0,2017,True,LAS,1611661320
1611661324,Minnesota Lynx,1021700167,2017-08-16,L,61,24,72,0.333,4,11,0.364,9,13,0.692,18,22,40,11,6,4,11,12,-1.0,2017,False,SEA,1611661328
1611661324,Minnesota Lynx,1021700170,2017-08-18,W,111,42,71,0.592,7,11,0.636,20,23,0.87,11,34,45,29,11,3,12,19,59.0,2017,True,IND,1611661325
1611661324,Minnesota Lynx,1021700175,2017-08-20,L,61,25,74,0.338,7,27,0.259,4,5,0.8,13,22,35,14,5,3,9,15,-9.0,2017,False,NYL,1611661313
1611661324,Minnesota Lynx,1021700178,2017-08-22,W,105,39,72,0.542,12,20,0.6,15,16,0.938,12,20,32,21,9,8,13,16,36.0,2017,True,PHO,1611661317
1611661324,Minnesota Lynx,1021700186,2017-08-25,W,89,37,67,0.552,3,11,0.273,12,16,0.75,6,31,37,24,8,4,12,16,19.0,2017,False,SAN,1611661319
1611661324,Minnesota Lynx,1021700190,2017-08-27,L,67,29,59,0.492,6,18,0.333,3,6,0.5,3,29,32,17,5,1,18,14,-11.0,2017,False,LAS,1611661320
1611661324,Minnesota Lynx,1021700192,2017-08-30,W,80,30,61,0.492,6,13,0.462,14,17,0.824,7,24,31,16,5,4,9,11,11.0,2017,False,IND,1611661325
1611661324,Minnesota Lynx,1021700196,2017-09-01,W,110,45,67,0.672,9,17,0.529,11,16,0.688,4,30,34,35,8,5,16,17,23.0,2017,True,CHI,1611661329
1611661324,Minnesota Lynx,1021700204,2017-09-03,W,86,35,76,0.461,7,17,0.412,9,14,0.643,11,26,37,16,10,4,10,17,14.0,2017,True,WAS,1611661322
1611661324,Minnesota Lynx,1021800006,2018-05-20,L,76,27,55,0.491,3,7,0.429,19,22,0.864,6,35,41,19,4,5,24,15,-1.0,2018,True,LAS,1611661320
1611661324,Minnesota Lynx,1021800012,2018-05-23,W,76,27,73,0.37,3,11,0.273,19,28,0.679,14,36,50,15,7,4,13,11,8.0,2018,True,DAL,1611661321
1611661324,Minnesota Lynx,1021800016,2018-05-25,W,78,27,69,0.391,4,18,0.222,20,25,0.8,10,34,44,13,4,2,9,17,6.0,2018,False,NYL,1611661313
1611661324,Minnesota Lynx,1021800020,2018-05-27,L,78,31,62,0.5,6,21,0.286,10,13,0.769,5,21,26,22,9,2,13,15,-12.0,2018,False,WAS,1611661322
1611661324,Minnesota Lynx,1021800023,2018-05-29,L,74,29,68,0.426,7,15,0.467,9,11,0.818,8,30,38,22,6,1,16,15,-2.0,2018,False,ATL,1611661330
1611661324,Minnesota Lynx,1021800028,2018-06-01,L,85,31,67,0.463,8,16,0.5,15,20,0.75,8,23,31,18,4,1,13,23,-10.0,2018,True,PHO,1611661317
1611661324,Minnesota Lynx,1021800035,2018-06-03,L,69,26,55,0.473,5,14,0.357,12,20,0.6,5,26,31,12,5,1,18,17,-8.0,2018,False,LAS,1611661320
1611661324,Minnesota Lynx,1021800040,2018-06-07,W,88,32,68,0.471,6,15,0.4,18,19,0.947,11,23,34,18,8,2,17,14,8.0,2018,False,WAS,1611661322
1611661324,Minnesota Lynx,1021800045,2018-06-09,L,75,25,67,0.373,7,22,0.318,18,24,0.75,9,24,33,13,7,4,12,21,-14.0,2018,False,CON,1611661323
1611661324,Minnesota Lynx,1021800061,2018-06-16,W,85,34,70,0.486,6,18,0.333,11,14,0.786,7,28,35,23,9,0,17,19,14.0,2018,True,NYL,1611661313
1611661324,Minnesota Lynx,1021800067,2018-06-19,W,91,29,67,0.433,3,11,0.273,30,35,0.857,7,25,32,23,13,1,12,26,8.0,2018,True,DAL,1611661321
1611661324,Minnesota Lynx,1021800074,2018-06-22,W,83,32,71,0.451,6,14,0.429,13,18,0.722,10,27,37,20,13,2,11,25,11.0,2018,False,PHO,1611661317
1611661324,Minnesota Lynx,1021800079,2018-06-24,W,88,38,69,0.551,5,15,0.333,7,9,0.778,7,29,36,22,8,5,14,15,15.0,2018,False,LVA,1611661319
1611661324,Minnesota Lynx,1021800083,2018-06-26,W,91,35,73,0.479,5,11,0.455,16,18,0.889,11,31,42,25,7,4,11,12,12.0,2018,True,SEA,1611661328
1611661324,Minnesota Lynx,1021800092,2018-06-29,W,85,33,65,0.508,7,13,0.538,12,13,0.923,7,28,35,25,4,4,18,17,11.0,2018,True,ATL,1611661330
1611661324,Minnesota Lynx,1021800095,2018-07-01,W,76,29,71,0.408,5,17,0.294,13,15,0.867,9,22,31,20,9,6,13,15,4.0,2018,False,DAL,1611661321
1611661324,Minnesota Lynx,1021800102,2018-07-03,L,59,22,67,0.328,6,21,0.286,9,15,0.6,11,29,40,16,3,3,12,16,-12.0,2018,True,IND,1611661325
1611661324,Minnesota Lynx,1021800106,2018-07-05,W,83,29,56,0.518,8,13,0.615,17,18,0.944,5,28,33,23,3,2,14,16,11.0,2018,True,LAS,1611661320
1611661324,Minnesota Lynx,1021800111,2018-07-07,L,63,27,76,0.355,5,18,0.278,4,6,0.667,15,25,40,19,10,4,15,13,-14.0,2018,False,CHI,1611661329
1611661324,Minnesota Lynx,1021800121,2018-07-11,W,87,33,64,0.516,4,16,0.25,17,19,0.895,10,28,38,29,4,2,11,13,22.0,2018,False,IND,1611661325
1611661324,Minnesota Lynx,1021800126,2018-07-13,L,77,29,73,0.397,5,18,0.278,14,18,0.778,9,27,36,19,9,0,9,20,-8.0,2018,True,LVA,1611661319
1611661324,Minnesota Lynx,1021800132,2018-07-15,L,64,27,64,0.422,4,15,0.267,6,10,0.6,7,20,27,15,6,3,15,18,-19.0,2018,True,CON,1611661323
1611661324,Minnesota Lynx,1021800136,2018-07-18,W,89,33,63,0.524,9,19,0.474,14,21,0.667,9,27,36,24,7,5,9,19,24.0,2018,True,IND,1611661325
1611661324,Minnesota Lynx,1021800144,2018-07-21,W,80,30,70,0.429,4,14,0.286,16,17,0.941,12,25,37,12,7,5,14,26,5.0,2018,False,PHO,1611661317
1611661324,Minnesota Lynx,1021800151,2018-07-24,W,85,31,76,0.408,3,19,0.158,20,31,0.645,17,20,37,20,9,5,7,13,3.0,2018,True,NYL,1611661313
1611661324,Minnesota Lynx,1021800160,2018-08-02,L,57,25,61,0.41,1,10,0.1,6,10,0.6,7,28,35,16,5,1,14,15,-22.0,2018,False,LAS,1611661320
1611661324,Minnesota Lynx,1021800163,2018-08-03,L,75,31,67,0.463,5,13,0.385,8,9,0.889,9,32,41,18,1,5,18,11,-10.0,2018,False,SEA,1611661328
1611661324,Minnesota Lynx,1021800168,2018-08-05,L,66,26,69,0.377,3,13,0.231,11,15,0.733,12,18,30,16,7,4,11,13,-20.0,2018,True,ATL,1611661330
1611661324,Minnesota Lynx,1021800172,2018-08-07,W,85,34,64,0.531,7,12,0.583,10,13,0.769,6,31,37,22,13,3,20,15,21.0,2018,False,CHI,1611661329
1611661324,Minnesota Lynx,1021800178,2018-08-09,W,89,36,72,0.5,8,19,0.421,9,13,0.692,9,31,40,19,7,3,10,21,16.0,2018,False,LVA,1611661319
1611661324,Minnesota Lynx,1021800187,2018-08-12,L,72,31,75,0.413,6,17,0.353,4,4,1.0,7,22,29,19,11,4,9,8,-9.0,2018,True,SEA,1611661328
1611661324,Minnesota Lynx,1021800189,2018-08-14,L,88,33,71,0.465,10,24,0.417,12,19,0.632,12,20,32,20,7,5,16,18,-3.0,2018,True,CHI,1611661329
1611661324,Minnesota Lynx,1021800193,2018-08-17,L,79,35,71,0.493,3,17,0.176,6,6,1.0,6,20,26,27,3,1,13,20,-17.0,2018,False,CON,1611661323
1611661324,Minnesota Lynx,1021800204,2018-08-19,W,88,35,61,0.574,6,13,0.462,12,13,0.923,7,22,29,22,6,1,15,11,5.0,2018,True,WAS,1611661322
1611661324,Minnesota Lynx,1021900005,2019-05-25,W,89,30,68,0.441,6,20,0.3,23,32,0.719,17,29,46,17,11,5,20,21,18.0,2019,True,CHI,1611661329
1611661324,Minnesota Lynx,1021900008,2019-05-29,W,72,27,61,0.443,6,17,0.353,12,15,0.8,11,29,40,22,6,3,19,19,11.0,2019,True,SEA,1611661328
1611661324,Minnesota Lynx,1021900015,2019-06-01,W,70,26,65,0.4,5,19,0.263,13,17,0.765,10,28,38,18,8,4,16,17,3.0,2019,False,DAL,1611661321
1611661324,Minnesota Lynx,1021900018,2019-06-04,L,77,29,57,0.509,8,17,0.471,11,13,0.846,3,14,17,17,16,1,14,15,-7.0,2019,False,SEA,1611661328
1611661324,Minnesota Lynx,1021900022,2019-06-06,W,58,25,62,0.403,5,14,0.357,3,4,0.75,9,26,35,13,9,4,17,17,2.0,2019,True,PHO,1611661317
1611661324,Minnesota Lynx,1021900025,2019-06-08,L,85,29,67,0.433,7,19,0.368,20,26,0.769,13,28,41,22,7,5,21,15,-4.0,2019,True,LAS,1611661320
1611661324,Minnesota Lynx,1021900034,2019-06-12,L,69,28,69,0.406,9,30,0.3,4,6,0.667,8,24,32,19,8,4,21,14,-6.0,2019,False,NYL,1611661313
1611661324,Minnesota Lynx,1021900037,2019-06-14,L,81,29,67,0.433,8,26,0.308,15,20,0.75,8,18,26,21,7,6,9,20,-4.0,2019,True,CON,1611661323
1611661324,Minnesota Lynx,1021900044,2019-06-16,L,75,29,68,0.426,8,26,0.308,9,10,0.9,5,26,31,21,6,5,14,23,-5.0,2019,True,LVA,1611661319
1611661324,Minnesota Lynx,1021900053,2019-06-22,W,92,33,64,0.516,5,15,0.333,21,30,0.7,11,24,35,19,9,5,19,13,9.0,2019,True,NYL,1611661313
1611661324,Minnesota Lynx,1021900059,2019-06-25,W,78,28,60,0.467,5,15,0.333,17,19,0.895,5,28,33,18,9,3,17,15,4.0,2019,False,IND,1611661325
1611661324,Minnesota Lynx,1021900070,2019-06-30,L,86,30,70,0.429,6,20,0.3,20,27,0.741,5,22,27,23,9,3,7,18,-3.0,2019,False,DAL,1611661321
1611661324,Minnesota Lynx,1021900074,2019-07-02,W,85,34,72,0.472,7,16,0.438,10,14,0.714,11,27,38,24,4,3,13,12,17.0,2019,True,ATL,1611661330
1611661324,Minnesota Lynx,1021900080,2019-07-06,W,74,30,66,0.455,5,16,0.313,9,10,0.9,8,23,31,21,6,3,13,14,3.0,2019,False,CON,1611661323
1611661324,Minnesota Lynx,1021900089,2019-07-10,W,73,29,78,0.372,3,14,0.214,12,14,0.857,13,30,43,12,8,6,8,12,1.0,2019,False,CHI,1611661329
1611661324,Minnesota Lynx,1021900091,2019-07-12,L,53,23,65,0.354,3,12,0.25,4,5,0.8,12,27,39,18,6,5,12,18,-7.0,2019,False,ATL,1611661330
1611661324,Minnesota Lynx,1021900099,2019-07-14,W,75,32,75,0.427,3,10,0.3,8,9,0.889,15,33,48,18,8,4,18,16,13.0,2019,True,PHO,1611661317
1611661324,Minnesota Lynx,1021900103,2019-07-17,L,79,32,76,0.421,7,20,0.35,8,9,0.889,11,19,30,26,9,0,13,14,-11.0,2019,True,SEA,1611661328
1611661324,Minnesota Lynx,1021900112,2019-07-21,L,74,31,68,0.456,4,14,0.286,8,11,0.727,6,26,32,20,12,5,18,19,-5.0,2019,False,LVA,1611661319
1611661324,Minnesota Lynx,1021900117,2019-07-24,L,71,30,69,0.435,7,18,0.389,4,4,1.0,12,26,38,19,8,3,18,14,-8.0,2019,True,WAS,1611661322
1611661324,Minnesota Lynx,1021900127,2019-08-03,L,75,31,63,0.492,2,11,0.182,11,13,0.846,6,18,24,20,9,2,21,21,-11.0,2019,False,IND,1611661325
1611661324,Minnesota Lynx,1021900132,2019-08-06,W,85,29,73,0.397,6,20,0.3,21,27,0.778,13,32,45,22,10,3,10,16,16.0,2019,False,ATL,1611661330
1611661324,Minnesota Lynx,1021900137,2019-08-09,W,89,36,67,0.537,9,18,0.5,8,11,0.727,6,34,40,27,13,6,19,22,32.0,2019,True,CON,1611661323
1611661324,Minnesota Lynx,1021900142,2019-08-11,L,78,31,65,0.477,6,17,0.353,10,13,0.769,7,15,22,20,7,3,17,23,-23.0,2019,False,WAS,1611661322
1611661324,Minnesota Lynx,1021900145,2019-08-13,W,89,33,64,0.516,6,21,0.286,17,26,0.654,7,24,31,21,10,4,14,16,16.0,2019,False,NYL,1611661313
1611661324,Minnesota Lynx,1021900153,2019-08-16,L,79,27,60,0.45,5,18,0.278,20,21,0.952,6,29,35,19,5,4,19,20,-7.0,2019,True,WAS,1611661322
1611661324,Minnesota Lynx,1021900159,2019-08-18,L,74,31,61,0.508,4,6,0.667,8,9,0.889,7,15,22,24,7,2,17,12,-8.0,2019,False,SEA,1611661328
1611661324,Minnesota Lynx,1021900163,2019-08-20,L,71,29,67,0.433,8,31,0.258,5,10,0.5,4,23,27,15,10,3,17,16,-10.0,2019,False,LAS,1611661320
1611661324,Minnesota Lynx,1021900164,2019-08-22,W,86,32,67,0.478,5,12,0.417,17,21,0.81,9,26,35,23,9,4,12,16,16.0,2019,True,DAL,1611661321
1611661324,Minnesota Lynx,1021900173,2019-08-25,W,98,40,68,0.588,6,15,0.4,12,13,0.923,6,23,29,27,7,7,10,21,21.0,2019,True,LVA,1611661319
1611661324,Minnesota Lynx,1021900178,2019-08-27,W,93,36,75,0.48,7,13,0.538,14,17,0.824,10,29,39,22,8,6,13,17,8.0,2019,True,CHI,1611661329
1611661324,Minnesota Lynx,1021900187,2019-09-01,W,81,31,70,0.443,4,17,0.235,15,17,0.882,13,21,34,21,10,4,13,12,8.0,2019,True,IND,1611661325
1611661324,Minnesota Lynx,1021900198,2019-09-06,W,83,32,61,0.525,6,15,0.4,13,22,0.591,5,29,34,21,8,5,15,15,14.0,2019,False,PHO,1611661317
1611661324,Minnesota Lynx,1021900204,2019-09-08,L,68,27,72,0.375,6,22,0.273,8,10,0.8,14,24,38,19,8,2,16,9,-9.0,2019,False,LAS,1611661320
1611661324,Minnesota Lynx,1022001004,2020-07-26,W,77,28,67,0.418,4,17,0.235,17,21,0.81,7,33,40,16,9,5,14,21,8.0,2020,True,CON,1611661323
1611661324,Minnesota Lynx,1022001009,2020-07-28,L,66,21,62,0.339,5,18,0.278,19,21,0.905,15,23,38,13,7,1,19,11,-24.0,2020,False,SEA,1611661328
1611661324,Minnesota Lynx,1022001014,2020-07-30,W,83,30,64,0.469,6,17,0.353,17,22,0.773,10,25,35,17,10,4,15,22,2.0,2020,True,CHI,1611661329
1611661324,Minnesota Lynx,1022001019,2020-08-01,W,78,27,64,0.422,4,19,0.211,20,26,0.769,12,28,40,13,11,7,17,20,9.0,2020,False,CON,1611661323
1611661324,Minnesota Lynx,1022001028,2020-08-05,W,92,36,71,0.507,10,21,0.476,10,13,0.769,11,27,38,22,14,4,14,11,26.0,2020,False,NYL,1611661313
1611661324,Minnesota Lynx,1022001034,2020-08-07,W,87,32,62,0.516,8,16,0.5,15,18,0.833,10,19,29,20,12,3,12,20,7.0,2020,True,IND,1611661325
1611661324,Minnesota Lynx,1022001042,2020-08-09,L,81,26,64,0.406,10,30,0.333,19,22,0.864,5,15,20,15,11,1,12,13,-16.0,2020,False,LAS,1611661320
1611661324,Minnesota Lynx,1022001046,2020-08-11,W,68,26,67,0.388,6,20,0.3,10,15,0.667,14,28,42,16,6,2,14,15,20.0,2020,True,WAS,1611661322
1611661324,Minnesota Lynx,1022001054,2020-08-13,L,77,29,66,0.439,7,22,0.318,12,17,0.706,10,22,32,19,6,7,19,21,-10.0,2020,False,LVA,1611661319
1611661324,Minnesota Lynx,1022001059,2020-08-15,W,94,36,71,0.507,6,13,0.462,16,18,0.889,8,31,39,24,11,4,16,24,30.0,2020,True,NYL,1611661313
1611661324,Minnesota Lynx,1022001068,2020-08-19,W,91,31,61,0.508,14,23,0.609,15,20,0.75,8,27,35,19,4,3,15,19,7.0,2020,True,DAL,1611661321
1611661324,Minnesota Lynx,1022001075,2020-08-21,W,90,26,58,0.448,9,19,0.474,29,35,0.829,8,26,34,20,9,3,14,22,10.0,2020,False,PHO,1611661317
1611661324,Minnesota Lynx,1022001079,2020-08-23,L,75,29,70,0.414,6,25,0.24,11,12,0.917,10,21,31,16,8,3,13,12,-3.0,2020,True,ATL,1611661330
1611661324,Minnesota Lynx,1022001091,2020-08-28,W,88,29,72,0.403,7,28,0.25,23,25,0.92,11,29,40,22,9,3,13,19,9.0,2020,False,ATL,1611661330
1611661324,Minnesota Lynx,1022001098,2020-08-30,L,79,30,74,0.405,6,23,0.261,13,14,0.929,8,22,30,17,11,2,11,19,-4.0,2020,True,PHO,1611661317
1611661324,Minnesota Lynx,1022001086,2020-08-31,W,96,37,69,0.536,14,27,0.519,8,10,0.8,6,26,32,30,5,3,7,13,18.0,2020,True,LAS,1611661320
1611661324,Minnesota Lynx,1022001103,2020-09-02,W,86,33,74,0.446,10,19,0.526,10,14,0.714,11,21,32,23,16,4,16,14,3.0,2020,False,CHI,1611661329
1611661324,Minnesota Lynx,1022001110,2020-09-04,W,88,31,70,0.443,10,21,0.476,16,21,0.762,13,30,43,22,6,0,12,15,13.0,2020,False,DAL,1611661321
1611661324,Minnesota Lynx,1022001116,2020-09-06,L,88,29,62,0.468,12,26,0.462,18,21,0.857,14,20,34,21,7,0,24,19,-15.0,2020,True,SEA,1611661328
1611661324,Minnesota Lynx,1022001119,2020-09-08,L,86,36,66,0.545,5,18,0.278,9,11,0.818,10,18,28,17,4,2,12,14,-3.0,2020,False,WAS,1611661322
1611661324,Minnesota Lynx,1022001125,2020-09-10,L,89,33,72,0.458,10,29,0.345,13,14,0.929,7,26,33,24,4,3,12,16,-15.0,2020,True,LVA,1611661319
1611661324,Minnesota Lynx,1022001131,2020-09-12,W,98,38,69,0.551,13,22,0.591,9,12,0.75,10,21,31,29,5,2,9,12,12.0,2020,False,IND,1611661325
1611661324,Minnesota Lynx,1022100003,2021-05-14,L,75,29,72,0.403,5,16,0.313,12,14,0.857,6,30,36,16,5,6,14,21,-2.0,2021,True,PHO,1611661317
1611661324,Minnesota Lynx,1022100009,2021-05-18,L,75,28,74,0.378,3,23,0.13,16,20,0.8,8,28,36,18,8,4,10,18,-11.0,2021,False,NYL,1611661313
1611661324,Minnesota Lynx,1022100014,2021-05-20,L,78,30,68,0.441,5,17,0.294,13,21,0.619,6,25,31,22,6,1,17,16,-12.0,2021,True,SEA,1611661328
1611661324,Minnesota Lynx,1022100031,2021-05-28,L,72,25,67,0.373,6,25,0.24,16,18,0.889,7,25,32,20,5,2,12,12,-10.0,2021,False,SEA,1611661328
1611661324,Minnesota Lynx,1022100037,2021-05-30,W,79,28,70,0.4,10,25,0.4,13,15,0.867,10,28,38,23,5,8,14,17,5.0,2021,True,CON,1611661323
1611661324,Minnesota Lynx,1022100045,2021-06-04,W,86,30,57,0.526,8,21,0.381,18,24,0.75,5,26,31,20,9,3,20,21,2.0,2021,True,ATL,1611661330
1611661324,Minnesota Lynx,1022100050,2021-06-06,W,100,35,68,0.515,11,25,0.44,19,24,0.792,10,22,32,26,12,1,10,20,20.0,2021,True,ATL,1611661330
1611661324,Minnesota Lynx,1022100052,2021-06-08,L,81,26,64,0.406,6,22,0.273,23,25,0.92,5,31,36,19,8,4,21,25,-4.0,2021,False,WAS,1611661322
1611661324,Minnesota Lynx,1022100060,2021-06-12,W,80,25,58,0.431,11,22,0.5,19,21,0.905,9,34,43,20,8,5,22,15,16.0,2021,True,LAS,1611661320
1611661324,Minnesota Lynx,1022100066,2021-06-15,L,89,32,70,0.457,5,14,0.357,20,27,0.741,9,23,32,15,7,2,20,17,-16.0,2021,True,CHI,1611661329
1611661324,Minnesota Lynx,1022100072,2021-06-17,W,85,33,68,0.485,7,21,0.333,12,14,0.857,7,33,40,19,6,3,14,19,12.0,2021,False,DAL,1611661321
1611661324,Minnesota Lynx,1022100077,2021-06-19,L,77,27,67,0.403,11,27,0.407,12,14,0.857,5,21,26,16,7,4,14,15,-18.0,2021,False,DAL,1611661321
1611661324,Minnesota Lynx,1022100082,2021-06-23,W,87,34,65,0.523,7,24,0.292,12,15,0.8,11,24,35,24,7,6,17,19,2.0,2021,False,ATL,1611661330
1611661324,Minnesota Lynx,1022100086,2021-06-25,W,90,35,76,0.461,2,15,0.133,18,21,0.857,5,33,38,24,8,7,13,26,1.0,2021,True,LVA,1611661319
1611661324,Minnesota Lynx,1022100095,2021-06-30,W,82,34,67,0.507,6,13,0.462,8,9,0.889,12,27,39,21,4,4,16,18,6.0,2021,False,PHO,1611661317
1611661324,Minnesota Lynx,1022100100,2021-07-03,W,99,38,69,0.551,9,24,0.375,14,14,1.0,3,38,41,26,6,4,10,18,31.0,2021,False,PHO,1611661317
1611661324,Minnesota Lynx,1022100107,2021-07-07,W,85,33,65,0.508,7,20,0.35,12,17,0.706,5,27,32,22,6,6,13,10,6.0,2021,True,DAL,1611661321
1611661324,Minnesota Lynx,1022100113,2021-07-09,W,77,34,75,0.453,9,22,0.409,0,0,,6,29,35,23,10,2,10,20,10.0,2021,False,LVA,1611661319
1611661324,Minnesota Lynx,1022100119,2021-07-11,W,86,33,59,0.559,9,19,0.474,11,15,0.733,8,29,37,26,6,4,18,20,25.0,2021,False,LAS,1611661320
1611661324,Minnesota Lynx,1022100124,2021-08-15,W,88,32,66,0.485,6,19,0.316,18,21,0.857,8,28,36,24,6,6,11,14,10.0,2021,True,NYL,1611661313
1611661324,Minnesota Lynx,1022100126,2021-08-17,L,60,25,60,0.417,5,16,0.313,5,7,0.714,3,19,22,16,8,3,17,18,-12.0,2021,False,CON,1611661323
1611661324,Minnesota Lynx,1022100132,2021-08-19,L,71,28,66,0.424,5,14,0.357,10,10,1.0,5,17,22,18,7,5,10,24,-11.0,2021,False,CON,1611661323
1611661324,Minnesota Lynx,1022100138,2021-08-21,W,101,34,63,0.54,5,8,0.625,28,33,0.848,4,29,33,22,4,4,13,19,6.0,2021,False,CHI,1611661329
1611661324,Minnesota Lynx,1022100141,2021-08-24,W,76,28,66,0.424,5,14,0.357,15,16,0.938,4,33,37,18,8,5,12,13,6.0,2021,True,SEA,1611661328
1611661324,Minnesota Lynx,1022100157,2021-08-31,W,74,24,69,0.348,5,26,0.192,21,24,0.875,10,33,43,10,5,3,14,21,8.0,2021,True,NYL,1611661313
1611661324,Minnesota Lynx,1022100160,2021-09-02,W,66,20,58,0.345,7,22,0.318,19,21,0.905,9,34,43,17,6,3,15,16,9.0,2021,True,LAS,1611661320
1611661324,Minnesota Lynx,1022100164,2021-09-04,W,93,36,68,0.529,11,25,0.44,10,11,0.909,6,31,37,24,5,5,13,17,18.0,2021,True,WAS,1611661322
1611661324,Minnesota Lynx,1022100171,2021-09-08,L,81,35,77,0.455,7,22,0.318,4,5,0.8,7,30,37,22,0,4,10,15,-21.0,2021,False,LVA,1611661319
1611661324,Minnesota Lynx,1022100174,2021-09-10,W,89,36,74,0.486,7,19,0.368,10,13,0.769,8,26,34,26,10,6,9,17,17.0,2021,True,IND,1611661325
1611661324,Minnesota Lynx,1022100178,2021-09-12,W,90,32,57,0.561,5,13,0.385,21,22,0.955,8,21,29,18,6,6,16,8,10.0,2021,True,IND,1611661325
1611661324,Minnesota Lynx,1022100184,2021-09-17,W,92,34,77,0.442,6,26,0.231,18,24,0.75,14,23,37,22,9,3,12,16,19.0,2021,False,IND,1611661325
1611661324,Minnesota Lynx,1022100190,2021-09-19,W,83,29,66,0.439,5,16,0.313,20,23,0.87,10,28,38,16,10,2,12,16,6.0,2021,False,WAS,1611661322
1611661324,Minnesota Lynx,1022200004,2022-05-06,L,74,31,79,0.392,4,21,0.19,8,11,0.727,13,24,37,23,9,3,17,17,-23.0,2022,False,SEA,1611661328
1611661324,Minnesota Lynx,1022200009,2022-05-08,L,66,23,66,0.348,5,15,0.333,15,22,0.682,10,26,36,17,6,8,15,18,-12.0,2022,True,WAS,1611661322
1611661324,Minnesota Lynx,1022200011,2022-05-10,L,76,32,77,0.416,4,19,0.211,8,14,0.571,15,25,40,23,8,3,18,16,-6.0,2022,False,IND,1611661325
1611661324,Minnesota Lynx,1022200020,2022-05-14,L,78,29,59,0.492,6,16,0.375,14,23,0.609,9,28,37,23,2,3,15,21,-4.0,2022,True,CHI,1611661329
1611661324,Minnesota Lynx,1022200027,2022-05-17,W,87,31,64,0.484,9,17,0.529,16,19,0.842,13,27,40,19,9,2,18,21,3.0,2022,False,LAS,1611661320
1611661324,Minnesota Lynx,1022200029,2022-05-19,L,87,31,68,0.456,6,21,0.286,19,22,0.864,8,28,36,21,5,5,10,21,-6.0,2022,False,LVA,1611661319
1611661324,Minnesota Lynx,1022200035,2022-05-21,L,78,27,61,0.443,5,11,0.455,19,24,0.792,4,20,24,20,7,7,13,14,-16.0,2022,False,DAL,1611661321
1611661324,Minnesota Lynx,1022200042,2022-05-24,W,84,26,70,0.371,5,14,0.357,27,33,0.818,12,33,45,17,7,3,10,16,6.0,2022,True,NYL,1611661313
1611661324,Minnesota Lynx,1022200051,2022-05-29,L,83,22,52,0.423,4,17,0.235,35,43,0.814,6,19,25,12,8,5,13,21,-2.0,2022,True,LAS,1611661320
1611661324,Minnesota Lynx,1022200056,2022-06-01,L,76,27,60,0.45,7,21,0.333,15,20,0.75,7,32,39,16,6,2,24,17,-8.0,2022,False,ATL,1611661330
1611661324,Minnesota Lynx,1022200063,2022-06-05,W,84,31,63,0.492,7,13,0.538,15,20,0.75,7,29,36,15,4,3,15,18,7.0,2022,False,NYL,1611661313
1611661324,Minnesota Lynx,1022200069,2022-06-07,L,69,22,67,0.328,3,22,0.136,22,26,0.846,13,23,36,17,11,1,12,20,-19.0,2022,False,NYL,1611661313
1611661324,Minnesota Lynx,1022200076,2022-06-10,L,59,19,58,0.328,6,21,0.286,15,22,0.682,4,28,32,15,2,1,17,13,-17.0,2022,True,WAS,1611661322
1611661324,Minnesota Lynx,1022200082,2022-06-12,L,80,32,71,0.451,5,21,0.238,11,16,0.688,9,27,36,23,6,1,10,13,-4.0,2022,True,IND,1611661325
1611661324,Minnesota Lynx,1022200084,2022-06-14,L,79,35,68,0.515,6,19,0.316,3,3,1.0,6,27,33,27,5,1,15,15,-2.0,2022,True,SEA,1611661328
1611661324,Minnesota Lynx,1022200096,2022-06-19,L,95,39,81,0.481,11,32,0.344,6,7,0.857,11,34,45,26,2,4,10,16,-1.0,2022,False,LVA,1611661319
1611661324,Minnesota Lynx,1022200099,2022-06-21,W,84,28,64,0.438,10,25,0.4,18,20,0.9,8,28,36,24,8,0,11,19,13.0,2022,False,PHO,1611661317
1611661324,Minnesota Lynx,1022200103,2022-06-23,W,100,34,67,0.507,8,23,0.348,24,29,0.828,11,31,42,25,6,0,16,20,12.0,2022,True,PHO,1611661317
1611661324,Minnesota Lynx,1022200111,2022-06-26,L,85,33,56,0.589,6,16,0.375,13,17,0.765,3,25,28,23,4,4,17,16,-3.0,2022,False,CHI,1611661329
1611661324,Minnesota Lynx,1022200115,2022-06-28,W,92,34,80,0.425,12,29,0.414,12,17,0.706,17,36,53,22,7,6,13,22,28.0,2022,True,DAL,1611661321
1611661324,Minnesota Lynx,1022200121,2022-07-01,L,85,31,68,0.456,11,25,0.44,12,16,0.75,6,23,29,19,8,3,13,17,-6.0,2022,True,LVA,1611661319
1611661324,Minnesota Lynx,1022200126,2022-07-03,W,102,37,74,0.5,12,29,0.414,16,23,0.696,15,38,53,26,5,3,10,12,31.0,2022,True,LVA,1611661319
1611661324,Minnesota Lynx,1022200131,2022-07-06,W,81,30,62,0.484,4,14,0.286,17,20,0.85,6,26,32,21,13,1,15,12,3.0,2022,True,CHI,1611661329
1611661324,Minnesota Lynx,1022200140,2022-07-12,W,118,41,86,0.477,11,27,0.407,25,35,0.714,19,36,55,27,5,1,19,21,11.0,2022,True,PHO,1611661317
1611661324,Minnesota Lynx,1022200144,2022-07-14,L,87,30,70,0.429,6,15,0.4,21,26,0.808,14,26,40,13,6,1,14,22,-5.0,2022,True,DAL,1611661321
1611661324,Minnesota Lynx,1022200147,2022-07-15,W,87,32,72,0.444,5,20,0.25,18,19,0.947,6,35,41,26,5,3,15,19,10.0,2022,False,IND,1611661325
1611661324,Minnesota Lynx,1022200151,2022-07-17,L,57,22,66,0.333,4,20,0.2,9,12,0.75,8,38,46,14,4,2,17,12,-13.0,2022,False,WAS,1611661322
1611661324,Minnesota Lynx,1022200161,2022-07-22,L,84,34,62,0.548,5,16,0.313,11,13,0.846,7,21,28,24,4,3,16,15,-10.0,2022,True,CON,1611661323
1611661324,Minnesota Lynx,1022200168,2022-07-24,L,79,30,70,0.429,6,13,0.462,13,14,0.929,10,18,28,18,7,2,17,19,-7.0,2022,True,CON,1611661323
1611661324,Minnesota Lynx,1022200169,2022-07-28,W,92,35,63,0.556,8,15,0.533,14,21,0.667,2,36,38,21,4,4,16,25,7.0,2022,False,ATL,1611661330
1611661324,Minnesota Lynx,1022200181,2022-07-31,W,84,31,57,0.544,6,11,0.545,16,21,0.762,5,33,38,23,7,3,19,13,7.0,2022,False,LAS,1611661320
1611661324,Minnesota Lynx,1022200188,2022-08-03,L,77,32,69,0.464,6,22,0.273,7,9,0.778,5,28,33,25,6,3,15,10,-12.0,2022,False,SEA,1611661328
1611661324,Minnesota Lynx,1022200198,2022-08-07,W,81,31,66,0.47,12,26,0.462,7,7,1.0,6,27,33,26,4,5,13,17,10.0,2022,True,ATL,1611661330
1611661324,Minnesota Lynx,1022200204,2022-08-10,W,86,30,65,0.462,6,17,0.353,20,24,0.833,13,25,38,21,5,2,12,13,9.0,2022,False,PHO,1611661317
1611661324,Minnesota Lynx,1022200209,2022-08-12,L,69,23,63,0.365,4,13,0.308,19,21,0.905,7,23,30,16,8,2,14,12,-27.0,2022,True,SEA,1611661328
1611661324,Minnesota Lynx,1022200211,2022-08-14,L,83,32,70,0.457,11,31,0.355,8,10,0.8,8,24,32,15,7,2,12,17,-7.0,2022,False,CON,1611661323
1611661324,Minnesota Lynx,1022300003,2023-05-19,L,66,21,63,0.333,6,24,0.25,18,21,0.857,11,29,40,16,8,8,20,10,-11.0,2023,True,CHI,1611661329
1611661324,Minnesota Lynx,1022300011,2023-05-23,L,77,30,67,0.448,6,20,0.3,11,15,0.733,10,23,33,23,10,1,14,26,-6.0,2023,True,ATL,1611661330
1611661324,Minnesota Lynx,1022300013,2023-05-25,L,81,28,70,0.4,3,18,0.167,22,25,0.88,6,19,25,17,8,2,11,22,-9.0,2023,False,PHO,1611661317
1611661324,Minnesota Lynx,1022300020,2023-05-28,L,73,26,71,0.366,7,21,0.333,14,17,0.824,8,32,40,16,4,2,13,18,-21.0,2023,False,LVA,1611661319
1611661324,Minnesota Lynx,1022300023,2023-05-30,L,89,33,68,0.485,9,18,0.5,14,17,0.824,7,27,34,21,3,2,15,20,-5.0,2023,False,DAL,1611661321
1611661324,Minnesota Lynx,1022300025,2023-06-01,L,84,27,60,0.45,8,19,0.421,22,26,0.846,9,23,32,16,4,3,14,18,-5.0,2023,True,CON,1611661323
1611661324,Minnesota Lynx,1022300030,2023-06-03,W,80,28,63,0.444,9,24,0.375,15,17,0.882,7,32,39,19,4,0,16,14,2.0,2023,False,WAS,1611661322
1611661324,Minnesota Lynx,1022300043,2023-06-09,L,69,24,63,0.381,5,16,0.313,16,20,0.8,6,32,38,17,5,3,13,14,-2.0,2023,True,IND,1611661325
1611661324,Minnesota Lynx,1022300051,2023-06-11,W,91,30,67,0.448,7,26,0.269,24,25,0.96,8,30,38,20,7,1,12,15,5.0,2023,True,LAS,1611661320
1611661324,Minnesota Lynx,1022300060,2023-06-16,W,77,27,53,0.509,6,19,0.316,17,25,0.68,4,25,29,19,6,4,14,17,5.0,2023,False,LAS,1611661320
1611661324,Minnesota Lynx,1022300066,2023-06-18,L,62,25,75,0.333,4,24,0.167,8,9,0.889,10,32,42,12,3,4,10,15,-31.0,2023,False,LVA,1611661319
1611661324,Minnesota Lynx,1022300068,2023-06-20,W,67,26,67,0.388,6,25,0.24,9,14,0.643,6,29,35,20,12,1,10,14,6.0,2023,False,LAS,1611661320
1611661324,Minnesota Lynx,1022300072,2023-06-22,L,68,24,76,0.316,4,22,0.182,16,19,0.842,12,25,37,20,4,3,9,24,-21.0,2023,True,CON,1611661323
1611661324,Minnesota Lynx,1022300083,2023-06-27,W,104,41,77,0.532,8,20,0.4,14,15,0.933,6,32,38,25,3,2,8,15,11.0,2023,True,SEA,1611661328
1611661324,Minnesota Lynx,1022300089,2023-06-29,W,99,35,76,0.461,9,26,0.346,20,25,0.8,7,29,36,25,11,10,10,19,2.0,2023,False,SEA,1611661328
1611661324,Minnesota Lynx,1022300093,2023-07-01,W,86,31,68,0.456,6,18,0.333,18,22,0.818,7,23,30,16,13,1,12,18,10.0,2023,False,PHO,1611661317
1611661324,Minnesota Lynx,1022300099,2023-07-05,W,90,27,58,0.466,7,20,0.35,29,34,0.853,8,18,26,20,5,2,18,16,7.0,2023,True,IND,1611661325
1611661324,Minnesota Lynx,1022300106,2023-07-07,W,75,28,65,0.431,7,19,0.368,12,15,0.8,10,28,38,20,12,4,15,15,11.0,2023,True,PHO,1611661317
1611661324,Minnesota Lynx,1022300111,2023-07-09,L,89,36,72,0.5,9,16,0.563,8,15,0.533,5,21,26,24,6,2,13,14,-24.0,2023,True,LVA,1611661319
1611661324,Minnesota Lynx,1022300117,2023-07-12,L,67,28,70,0.4,6,23,0.261,5,8,0.625,10,18,28,16,4,3,15,16,-40.0,2023,True,DAL,1611661321
1611661324,Minnesota Lynx,1022300120,2023-07-18,L,73,25,66,0.379,6,22,0.273,17,21,0.81,7,30,37,12,5,4,13,17,-9.0,2023,False,ATL,1611661330
1611661324,Minnesota Lynx,1022300125,2023-07-20,W,73,30,68,0.441,6,23,0.261,7,12,0.583,6,30,36,19,8,2,13,14,3.0,2023,True,LAS,1611661320
1611661324,Minnesota Lynx,1022300132,2023-07-22,L,81,32,75,0.427,8,27,0.296,9,10,0.9,8,28,36,17,5,5,15,20,-17.0,2023,True,LVA,1611661319
1611661324,Minnesota Lynx,1022300140,2023-07-26,W,97,37,73,0.507,4,13,0.308,19,23,0.826,9,24,33,21,10,0,11,8,5.0,2023,True,WAS,1611661322
1611661324,Minnesota Lynx,1022300038,2023-07-28,W,88,33,71,0.465,9,22,0.409,13,22,0.591,12,28,40,20,5,0,14,18,5.0,2023,False,NYL,1611661313
1611661324,Minnesota Lynx,1022300145,2023-07-30,W,87,35,61,0.574,6,19,0.316,11,16,0.688,3,28,31,23,6,4,19,20,4.0,2023,False,CON,1611661323
1611661324,Minnesota Lynx,1022300151,2023-08-01,L,69,23,59,0.39,5,18,0.278,18,24,0.75,5,25,30,14,5,1,16,13,-10.0,2023,False,CON,1611661323
1611661324,Minnesota Lynx,1022300160,2023-08-04,L,66,26,63,0.413,3,16,0.188,11,14,0.786,9,23,32,21,8,2,10,16,-10.0,2023,True,NYL,1611661313
1611661324,Minnesota Lynx,1022300168,2023-08-08,W,88,30,58,0.517,7,15,0.467,21,26,0.808,6,31,37,26,5,3,16,12,9.0,2023,False,CHI,1611661329
1611661324,Minnesota Lynx,1022300171,2023-08-10,L,73,25,63,0.397,10,19,0.526,13,15,0.867,7,19,26,17,6,1,13,17,-18.0,2023,False,IND,1611661325
1611661324,Minnesota Lynx,1022300187,2023-08-18,W,78,28,64,0.438,6,21,0.286,16,18,0.889,9,27,36,17,6,0,13,18,8.0,2023,False,SEA,1611661328
1611661324,Minnesota Lynx,1022300192,2023-08-20,L,74,24,68,0.353,4,18,0.222,22,24,0.917,9,28,37,15,6,2,11,18,-14.0,2023,True,SEA,1611661328
1611661324,Minnesota Lynx,1022300196,2023-08-22,W,91,34,70,0.486,11,25,0.44,12,15,0.8,8,20,28,26,9,2,14,19,5.0,2023,True,DAL,1611661321
1611661324,Minnesota Lynx,1022300201,2023-08-24,W,90,31,68,0.456,7,24,0.292,21,25,0.84,10,23,33,21,8,4,14,20,9.0,2023,False,DAL,1611661321
1611661324,Minnesota Lynx,1022300204,2023-08-26,L,76,31,71,0.437,8,21,0.381,6,7,0.857,5,24,29,19,1,2,13,14,-35.0,2023,True,NYL,1611661313
1611661324,Minnesota Lynx,1022300211,2023-08-29,L,72,28,67,0.418,9,26,0.346,7,7,1.0,9,25,34,19,7,2,14,20,-11.0,2023,False,WAS,1611661322
1611661324,Minnesota Lynx,1022300218,2023-09-01,W,91,36,83,0.434,8,25,0.32,11,15,0.733,14,36,50,23,3,5,13,19,6.0,2023,True,ATL,1611661330
1611661324,Minnesota Lynx,1022300222,2023-09-03,W,86,31,72,0.431,9,21,0.429,15,22,0.682,10,31,41,28,6,5,12,23,13.0,2023,True,PHO,1611661317
1611661324,Minnesota Lynx,1022300232,2023-09-08,L,87,33,65,0.508,7,19,0.368,14,18,0.778,7,24,31,24,11,1,16,14,-5.0,2023,False,CHI,1611661329
1611661324,Minnesota Lynx,1022300237,2023-09-10,L,72,27,67,0.403,5,20,0.25,13,17,0.765,8,21,29,13,5,2,14,15,-15.0,2023,False,IND,1611661325
1611661324,Minnesota Lynx,1022400004,2024-05-14,W,83,34,75,0.453,7,24,0.292,8,9,0.889,7,32,39,23,15,8,17,15,13.0,2024,False,SEA,1611661328
1611661324,Minnesota Lynx,1022400009,2024-05-17,W,102,35,79,0.443,13,30,0.433,19,25,0.76,10,32,42,27,18,10,27,23,9.0,2024,True,SEA,1611661328
1611661324,Minnesota Lynx,1022400021,2024-05-23,L,82,33,68,0.485,4,21,0.19,12,20,0.6,6,27,33,23,11,5,17,19,-1.0,2024,False,CON,1611661323
1611661324,Minnesota Lynx,1022400025,2024-05-25,W,84,32,67,0.478,14,28,0.5,6,6,1.0,8,27,35,26,8,7,16,16,17.0,2024,True,NYL,1611661313
1611661324,Minnesota Lynx,1022400030,2024-05-26,W,92,31,62,0.5,13,29,0.448,17,23,0.739,5,26,31,23,7,4,10,17,13.0,2024,False,ATL,1611661330
1611661324,Minnesota Lynx,1022400037,2024-05-29,L,66,24,65,0.369,8,24,0.333,10,10,1.0,8,28,36,18,8,5,16,16,-14.0,2024,True,LVA,1611661319
1611661324,Minnesota Lynx,1022400043,2024-05-31,W,95,36,73,0.493,14,35,0.4,9,12,0.75,10,26,36,29,6,3,6,15,24.0,2024,True,PHO,1611661317
1611661324,Minnesota Lynx,1022400047,2024-06-02,W,87,32,71,0.451,8,19,0.421,15,17,0.882,10,17,27,23,15,6,15,17,11.0,2024,True,DAL,1611661321
1611661324,Minnesota Lynx,1022400053,2024-06-05,W,86,32,65,0.492,9,23,0.391,13,16,0.813,5,32,37,25,8,5,14,18,24.0,2024,False,LAS,1611661320
1611661324,Minnesota Lynx,1022400059,2024-06-07,L,80,28,72,0.389,15,34,0.441,9,11,0.818,7,29,36,24,5,5,13,20,-1.0,2024,False,PHO,1611661317
1611661324,Minnesota Lynx,1022400064,2024-06-09,W,83,27,60,0.45,12,22,0.545,17,21,0.81,6,30,36,25,6,7,16,18,19.0,2024,True,SEA,1611661328
1611661324,Minnesota Lynx,1022400068,2024-06-11,W,100,37,67,0.552,15,27,0.556,11,17,0.647,4,24,28,34,9,4,9,20,14.0,2024,False,LVA,1611661319
1611661324,Minnesota Lynx,1022400075,2024-06-14,W,81,30,61,0.492,6,23,0.261,15,18,0.833,5,23,28,23,17,6,17,17,5.0,2024,True,LAS,1611661320
1611661324,Minnesota Lynx,1022400081,2024-06-17,W,90,30,67,0.448,7,19,0.368,23,24,0.958,8,20,28,24,11,5,7,8,12.0,2024,True,DAL,1611661321
1611661324,Minnesota Lynx,1022400085,2024-06-19,W,68,27,76,0.355,7,22,0.318,7,8,0.875,10,35,45,19,5,4,9,17,13.0,2024,True,ATL,1611661330
1611661324,Minnesota Lynx,1022400093,2024-06-22,W,73,26,62,0.419,8,22,0.364,13,18,0.722,5,39,44,18,5,4,15,13,13.0,2024,True,PHO,1611661317
1611661324,Minnesota Lynx,1022400098,2024-06-27,L,88,33,70,0.471,11,26,0.423,11,14,0.786,10,25,35,27,6,4,13,17,-6.0,2024,False,DAL,1611661321
1611661324,Minnesota Lynx,1022400107,2024-06-30,W,70,25,65,0.385,6,24,0.25,14,18,0.778,6,34,40,23,11,9,18,15,8.0,2024,False,CHI,1611661329
1611661324,Minnesota Lynx,1022400111,2024-07-02,L,67,26,67,0.388,8,27,0.296,7,10,0.7,6,31,37,23,4,2,9,13,-9.0,2024,False,NYL,1611661313
1611661324,Minnesota Lynx,1022400116,2024-07-04,L,73,28,62,0.452,13,25,0.52,4,9,0.444,7,21,28,23,8,4,18,17,-5.0,2024,True,CON,1611661323
1611661324,Minnesota Lynx,1022400122,2024-07-06,W,74,27,70,0.386,10,28,0.357,10,14,0.714,13,25,38,20,9,3,13,17,7.0,2024,True,WAS,1611661322
1611661324,Minnesota Lynx,1022400127,2024-07-09,W,82,32,65,0.492,9,18,0.5,9,10,0.9,4,23,27,23,11,3,9,22,15.0,2024,False,LAS,1611661320
1611661324,Minnesota Lynx,1022400136,2024-07-12,L,63,19,62,0.306,7,30,0.233,18,23,0.783,8,23,31,14,8,3,15,17,-28.0,2024,False,SEA,1611661328
1611661324,Minnesota Lynx,1022400142,2024-07-14,L,74,27,70,0.386,11,31,0.355,9,10,0.9,11,23,34,20,5,3,14,16,-7.0,2024,True,IND,1611661325
1611661324,Minnesota Lynx,1022400147,2024-07-17,W,86,29,75,0.387,11,30,0.367,17,23,0.739,11,21,32,25,10,2,7,16,7.0,2024,True,ATL,1611661330
1611661324,Minnesota Lynx,1022400150,2024-08-15,W,79,28,70,0.4,8,26,0.308,15,19,0.789,4,36,40,16,9,1,13,18,11.0,2024,True,WAS,1611661322
1611661324,Minnesota Lynx,1022400155,2024-08-17,W,99,37,64,0.578,11,21,0.524,14,20,0.7,7,24,31,26,11,1,15,21,16.0,2024,False,WAS,1611661322
1611661324,Minnesota Lynx,1022400166,2024-08-21,W,98,38,64,0.594,11,19,0.579,11,14,0.786,6,25,31,28,4,3,10,17,11.0,2024,False,LVA,1611661319
1611661324,Minnesota Lynx,1022400171,2024-08-23,W,87,31,61,0.508,10,26,0.385,15,18,0.833,7,30,37,22,12,2,19,21,13.0,2024,True,LVA,1611661319
1611661324,Minnesota Lynx,1022400173,2024-08-24,W,90,33,65,0.508,11,27,0.407,13,20,0.65,8,19,27,27,8,4,10,14,10.0,2024,True,IND,1611661325
1611661324,Minnesota Lynx,1022400183,2024-08-28,W,89,33,72,0.458,11,26,0.423,12,16,0.75,12,27,39,25,9,4,14,16,13.0,2024,False,PHO,1611661317
1611661324,Minnesota Lynx,1022400186,2024-08-30,L,76,27,68,0.397,10,35,0.286,12,13,0.923,5,27,32,20,4,5,14,14,-18.0,2024,False,DAL,1611661321
1611661324,Minnesota Lynx,1022400191,2024-09-01,W,79,32,70,0.457,5,22,0.227,10,12,0.833,9,15,24,23,10,2,10,15,5.0,2024,True,CHI,1611661329
1611661324,Minnesota Lynx,1022400204,2024-09-06,W,99,33,73,0.452,13,32,0.406,20,25,0.8,10,27,37,25,7,4,9,16,11.0,2024,False,IND,1611661325
1611661324,Minnesota Lynx,1022400207,2024-09-08,W,78,27,66,0.409,7,24,0.292,17,17,1.0,7,31,38,19,7,1,16,11,7.0,2024,False,WAS,1611661322
1611661324,Minnesota Lynx,1022400212,2024-09-10,W,76,32,64,0.5,7,20,0.35,5,9,0.556,4,33,37,24,7,4,10,17,12.0,2024,False,ATL,1611661330
1611661324,Minnesota Lynx,1022400222,2024-09-13,W,83,33,73,0.452,8,26,0.308,9,10,0.9,7,32,39,25,8,4,10,14,17.0,2024,True,CHI,1611661329
1611661324,Minnesota Lynx,1022400225,2024-09-15,W,88,35,66,0.53,9,18,0.5,9,11,0.818,9,27,36,26,6,3,15,18,9.0,2024,False,NYL,1611661313
1611661324,Minnesota Lynx,1022400230,2024-09-17,W,78,30,64,0.469,6,14,0.429,12,13,0.923,6,25,31,22,7,7,13,12,2.0,2024,False,CON,1611661323
1611661324,Minnesota Lynx,1022400238,2024-09-19,L,51,16,56,0.286,7,23,0.304,12,16,0.75,6,22,28,11,8,2,17,11,-17.0,2024,True,LAS,1611661320
1611661324,Minnesota Lynx,1022500002,2025-05-16,W,99,35,66,0.53,7,20,0.35,22,28,0.786,6,25,31,27,5,0,13,21,15.0,2025,False,DAL,1611661321
1611661324,Minnesota Lynx,1022500008,2025-05-18,W,89,34,71,0.479,10,25,0.4,11,13,0.846,7,27,34,27,7,3,8,21,14.0,2025,False,LAS,1611661320
1611661324,Minnesota Lynx,1022500012,2025-05-21,W,85,28,59,0.475,9,25,0.36,20,27,0.741,12,31,43,27,4,3,17,15,4.0,2025,True,DAL,1611661321
1611661324,Minnesota Lynx,1022500017,2025-05-23,W,76,25,64,0.391,7,24,0.292,19,26,0.731,9,22,31,21,13,6,15,18,6.0,2025,True,CON,1611661323
1611661324,Minnesota Lynx,1022500029,2025-05-27,W,82,32,68,0.471,7,19,0.368,11,12,0.917,8,22,30,18,11,5,11,16,5.0,2025,True,SEA,1611661328
1611661324,Minnesota Lynx,1022500038,2025-05-30,W,74,25,69,0.362,8,29,0.276,16,18,0.889,9,26,35,18,5,6,15,14,3.0,2025,False,PHX,1611661317
1611661324,Minnesota Lynx,1022500044,2025-06-01,W,86,30,66,0.455,11,26,0.423,15,20,0.75,10,26,36,22,10,3,12,18,11.0,2025,False,GSV,1611661331
1611661324,Minnesota Lynx,1022500046,2025-06-03,W,88,34,58,0.586,12,25,0.48,8,9,0.889,3,34,37,29,6,4,23,13,23.0,2025,True,PHX,1611661317
1611661324,Minnesota Lynx,1022500056,2025-06-08,W,81,29,67,0.433,13,31,0.419,10,14,0.714,8,29,37,25,12,11,6,18,16.0,2025,False,DAL,1611661321
1611661324,Minnesota Lynx,1022500062,2025-06-11,L,84,31,64,0.484,12,26,0.462,10,11,0.909,5,21,26,25,5,4,12,17,-10.0,2025,False,SEA,1611661328
1611661324,Minnesota Lynx,1022500065,2025-06-14,W,101,41,72,0.569,12,29,0.414,7,10,0.7,6,21,27,30,9,10,9,23,23.0,2025,True,LAS,1611661320
1611661324,Minnesota Lynx,1022500075,2025-06-17,W,76,29,76,0.382,5,23,0.217,13,17,0.765,14,26,40,20,8,4,8,12,14.0,2025,True,LVA,1611661319
1611661324,Minnesota Lynx,1022500084,2025-06-21,W,82,30,56,0.536,11,25,0.44,11,16,0.688,6,26,32,21,9,5,20,21,16.0,2025,True,LAS,1611661320
1611661324,Minnesota Lynx,1022500090,2025-06-24,L,64,22,58,0.379,3,18,0.167,17,25,0.68,9,30,39,15,9,8,19,16,-4.0,2025,False,WAS,1611661322
1611661324,Minnesota Lynx,1022500098,2025-06-27,W,96,33,72,0.458,13,34,0.382,17,18,0.944,8,20,28,30,6,5,16,23,4.0,2025,False,ATL,1611661330
1611661324,Minnesota Lynx,1022500107,2025-06-29,W,102,36,71,0.507,10,34,0.294,20,24,0.833,11,30,41,27,8,5,13,19,39.0,2025,True,CON,1611661323
1611661324,Minnesota Lynx,1022500113,2025-07-03,W,92,37,80,0.463,9,26,0.346,9,9,1.0,7,23,30,24,8,5,6,18,17.0,2025,True,WAS,1611661322
1611661324,Minnesota Lynx,1022500115,2025-07-05,W,82,29,64,0.453,11,30,0.367,13,15,0.867,9,22,31,25,4,4,9,14,11.0,2025,True,GSV,1611661331
1611661324,Minnesota Lynx,1022500118,2025-07-06,W,80,30,72,0.417,6,25,0.24,14,17,0.824,8,29,37,21,6,10,8,17,5.0,2025,True,CHI,1611661329
1611661324,Minnesota Lynx,1022500125,2025-07-09,L,71,30,70,0.429,6,23,0.261,5,5,1.0,10,26,36,17,5,2,16,13,-8.0,2025,False,PHX,1611661317
1611661324,Minnesota Lynx,1022500127,2025-07-10,W,91,38,80,0.475,10,37,0.27,5,6,0.833,11,21,32,28,13,6,10,11,9.0,2025,False,LAS,1611661320
1611661324,Minnesota Lynx,1022500131,2025-07-12,L,81,30,76,0.395,10,30,0.333,11,13,0.846,7,21,28,22,12,6,9,16,-6.0,2025,False,CHI,1611661329
1611661324,Minnesota Lynx,1022500137,2025-07-14,W,91,33,71,0.465,12,32,0.375,13,16,0.813,9,25,34,26,14,6,10,14,13.0,2025,False,CHI,1611661329
1611661324,Minnesota Lynx,1022500142,2025-07-16,W,79,29,68,0.426,10,23,0.435,11,14,0.786,7,37,44,22,9,4,13,14,13.0,2025,True,PHX,1611661317
1611661324,Minnesota Lynx,1022500148,2025-07-22,W,91,31,70,0.443,9,29,0.31,20,24,0.833,10,21,31,20,9,8,8,15,23.0,2025,True,CHI,1611661329
1611661324,Minnesota Lynx,1022500156,2025-07-25,W,109,37,68,0.544,10,25,0.4,25,38,0.658,12,36,48,22,5,1,10,18,31.0,2025,True,LVA,1611661319
1611661324,Minnesota Lynx,1022500164,2025-07-27,L,86,37,66,0.561,7,18,0.389,5,8,0.625,4,18,22,28,9,5,16,19,-4.0,2025,True,ATL,1611661330
1611661324,Minnesota Lynx,1022500172,2025-07-30,W,100,36,73,0.493,15,31,0.484,13,19,0.684,11,30,41,28,3,7,10,15,7.0,2025,True,NYL,1611661313
1611661324,Minnesota Lynx,1022500179,2025-08-02,W,111,42,71,0.592,17,27,0.63,10,14,0.714,10,35,45,32,12,4,10,16,53.0,2025,False,LVA,1611661319
1611661324,Minnesota Lynx,1022500189,2025-08-05,W,91,32,70,0.457,9,22,0.409,18,26,0.692,9,25,34,21,13,3,15,15,4.0,2025,False,SEA,1611661328
1611661324,Minnesota Lynx,1022500195,2025-08-08,W,80,31,59,0.525,8,22,0.364,10,15,0.667,3,19,22,22,7,5,14,12,4.0,2025,True,WAS,1611661322
1611661324,Minnesota Lynx,1022500199,2025-08-10,W,83,34,70,0.486,10,21,0.476,5,8,0.625,9,23,32,24,11,6,10,11,12.0,2025,False,NYL,1611661313
1611661324,Minnesota Lynx,1022500216,2025-08-16,W,86,28,65,0.431,7,22,0.318,23,33,0.697,6,27,33,20,7,4,7,12,6.0,2025,True,NYL,1611661313
1611661324,Minnesota Lynx,1022500222,2025-08-19,L,75,29,71,0.408,6,22,0.273,11,14,0.786,12,21,33,10,7,4,10,16,-10.0,2025,False,NYL,1611661313
1611661324,Minnesota Lynx,1022500230,2025-08-21,L,73,29,70,0.414,9,20,0.45,6,8,0.75,10,32,42,20,7,2,18,13,-2.0,2025,False,ATL,1611661330
1611661324,Minnesota Lynx,1022500232,2025-08-22,W,95,38,68,0.559,9,21,0.429,10,17,0.588,9,21,30,25,8,1,8,13,5.0,2025,False,IND,1611661325
1611661324,Minnesota Lynx,1022500240,2025-08-24,W,97,36,63,0.571,12,21,0.571,13,14,0.929,7,23,30,28,6,3,14,19,13.0,2025,True,IND,1611661325
1611661324,Minnesota Lynx,1022500248,2025-08-28,L,79,30,68,0.441,9,24,0.375,10,14,0.714,8,29,37,20,5,4,14,18,-14.0,2025,True,SEA,1611661328
1611661324,Minnesota Lynx,1022500252,2025-08-30,W,94,34,66,0.515,15,28,0.536,11,16,0.688,11,24,35,27,10,6,7,15,24.0,2025,False,CON,1611661323
1611661324,Minnesota Lynx,1022500259,2025-09-01,W,96,36,65,0.554,14,24,0.583,10,11,0.909,6,26,32,28,7,6,13,19,25.0,2025,True,DAL,1611661321
1611661324,Minnesota Lynx,1022500267,2025-09-04,L,87,36,67,0.537,9,22,0.409,6,11,0.545,5,23,28,25,8,1,12,14,-10.0,2025,False,LVA,1611661319
1611661324,Minnesota Lynx,1022500272,2025-09-06,W,78,26,68,0.382,12,30,0.4,14,16,0.875,8,28,36,17,9,5,10,15,6.0,2025,False,GSV,1611661331
1611661324,Minnesota Lynx,1022500278,2025-09-09,L,72,33,74,0.446,2,20,0.1,4,9,0.444,13,22,35,21,8,6,11,15,-11.0,2025,False,IND,1611661325
1611661324,Minnesota Lynx,1022500285,2025-09-11,W,72,29,67,0.433,9,28,0.321,5,9,0.556,14,25,39,21,12,5,17,12,19.0,2025,True,GSV,1611661331
1611661324,Minnesota Lynx,1022600010,2026-05-09,L,90,35,70,0.5,5,18,0.278,15,22,0.682,7,18,25,20,10,7,15,24,-1.0,2026,True,ATL,1611661330
1611661324,Minnesota Lynx,1022600013,2026-05-12,W,88,32,64,0.5,7,19,0.368,17,24,0.708,9,34,43,20,5,4,15,28,4.0,2026,False,PHX,1611661317
1611661324,Minnesota Lynx,1022600019,2026-05-14,W,90,35,58,0.603,6,13,0.462,14,18,0.778,6,25,31,20,6,7,16,19,4.0,2026,False,DAL,1611661321
1611661324,Minnesota Lynx,1022600025,2026-05-17,L,79,32,73,0.438,7,22,0.318,8,12,0.667,8,27,35,20,10,3,15,21,-7.0,2026,True,CHI,1611661329
1611661324,Minnesota Lynx,1022600036,2026-05-21,W,100,38,69,0.551,10,24,0.417,14,21,0.667,15,31,46,24,7,3,14,14,28.0,2026,True,TOR,1611661332
1611661324,Minnesota Lynx,1022600041,2026-05-23,W,85,32,74,0.432,4,16,0.25,17,21,0.81,13,41,54,19,7,7,19,24,10.0,2026,False,CHI,1611661329
1611661324,Minnesota Lynx,1022600051,2026-05-27,W,96,40,67,0.597,7,19,0.368,9,10,0.9,5,19,24,26,10,2,14,16,15.0,2026,True,ATL,1611661330
1611661324,Minnesota Lynx,1022600058,2026-05-29,W,79,28,71,0.394,8,28,0.286,15,18,0.833,6,37,43,20,13,7,14,17,21.0,2026,False,CHI,1611661329
1611661324,Minnesota Lynx,1022600065,2026-06-01,W,111,44,69,0.638,10,17,0.588,13,13,1.0,8,27,35,28,10,5,11,22,34.0,2026,False,PHX,1611661317
1611661324,Minnesota Lynx,1022600073,2026-06-04,W,87,29,73,0.397,13,26,0.5,16,19,0.842,14,29,43,18,4,7,12,15,3.0,2026,True,GSV,1611661331
1611661324,Minnesota Lynx,1022600077,2026-06-06,W,88,37,77,0.481,8,27,0.296,6,8,0.75,13,23,36,27,13,4,12,16,20.0,2026,True,SEA,1611661328
1611661324,Minnesota Lynx,1022600087,2026-06-09,W,100,38,71,0.535,7,14,0.5,17,18,0.944,6,35,41,21,9,3,12,11,24.0,2026,True,DAL,1611661321
1611661324,Minnesota Lynx,1022600098,2026-06-13,L,97,36,74,0.486,9,21,0.429,16,18,0.889,11,20,31,16,8,3,10,19,-3.0,2026,False,LVA,1611661319
1611661324,Minnesota Lynx,1022600104,2026-06-15,W,107,42,77,0.545,10,23,0.435,13,22,0.591,16,24,40,31,14,5,13,14,33.0,2026,True,PDX,1611661327
1611661324,Minnesota Lynx,1022600110,2026-06-17,W,99,40,72,0.556,9,21,0.429,10,14,0.714,8,26,34,21,11,3,20,27,16.0,2026,False,LAS,1611661320
1611661324,Minnesota Lynx,1022600116,2026-06-19,W,81,27,68,0.397,6,13,0.462,21,23,0.913,12,30,42,18,8,9,13,17,6.0,2026,False,GSV,1611661331
1611661324,Minnesota Lynx,1022600121,2026-06-21,L,79,31,71,0.437,4,21,0.19,13,14,0.929,7,20,27,18,11,7,12,25,-5.0,2026,True,WAS,1611661322
1611661324,Minnesota Lynx,1022600129,2026-06-24,W,78,27,71,0.38,8,30,0.267,16,22,0.727,7,30,37,19,7,6,13,25,2.0,2026,False,WAS,1611661322
1611661324,Minnesota Lynx,1022600141,2026-06-28,W,85,31,72,0.431,9,23,0.391,14,17,0.824,9,27,36,19,9,5,10,15,8.0,2026,False,DAL,1611661321
1611661324,Minnesota Lynx,1022600148,2026-07-03,L,86,34,85,0.4,10,31,0.323,8,9,0.889,16,15,31,22,8,1,8,15,-13.0,2026,False,NYL,1611661313
1611661324,Minnesota Lynx,1022600155,2026-07-06,L,89,31,71,0.437,10,30,0.333,17,19,0.895,8,24,32,24,5,7,12,23,-1.0,2026,True,CON,1611661323
1611661324,Minnesota Lynx,1022600160,2026-07-08,W,86,28,60,0.467,10,22,0.455,20,27,0.741,9,24,33,21,8,7,14,20,6.0,2026,False,CON,1611661323
1611661324,Minnesota Lynx,1022600168,2026-07-11,W,90,29,69,0.42,14,28,0.5,18,23,0.783,15,25,40,18,9,3,12,18,5.0,2026,True,NYL,1611661313
1611661324,Minnesota Lynx,1022600176,2026-07-13,W,104,34,61,0.557,12,29,0.414,24,26,0.923,4,20,24,20,9,4,12,21,4.0,2026,True,PHX,1611661317
1611661324,Minnesota Lynx,1022600180,2026-07-15,W,96,34,68,0.5,8,25,0.32,20,24,0.833,7,18,25,21,13,4,11,17,9.0,2026,True,LAS,1611661320
1611661324,Minnesota Lynx,1022600189,2026-07-18,W,101,41,75,0.547,9,23,0.391,10,13,0.769,8,26,34,29,6,9,10,9,8.0,2026,True,PDX,1611661327
1611661324,Minnesota Lynx,1022600196,2026-07-20,W,105,37,76,0.487,10,24,0.417,21,22,0.955,11,24,35,20,10,2,9,18,3.0,2026,False,SEA,1611661328
1611661324,Minnesota Lynx,1022600198,2026-07-22,W,86,31,79,0.392,9,23,0.391,15,17,0.882,15,21,36,23,13,3,11,13,10.0,2026,False,SEA,1611661328
1611661324,Minnesota Lynx,1022600204,2026-07-28,W,100,37,72,0.514,14,25,0.56,12,16,0.75,7,24,31,26,8,4,11,20,7.0,2026,True,TOR,1611661332
1611661324,Minnesota Lynx,1022600210,2026-07-30,W,104,40,82,0.488,13,28,0.464,11,13,0.846,14,22,36,26,14,5,10,13,32.0,2026,False,TOR,1611661332
1611661324,Minnesota Lynx,1022600218,2026-08-02,W,108,43,76,0.566,11,25,0.44,11,15,0.733,11,22,33,28,6,3,6,16,8.0,2026,True,IND,1611661325
1611661324,Minnesota Lynx,1022600231,2026-08-06,L,82,31,73,0.425,9,29,0.31,11,13,0.846,14,21,35,17,7,2,13,22,-7.0,2026,True,LAS,1611661320
1611661324,Minnesota Lynx,1022600236,2026-08-08,W,98,37,76,0.487,15,29,0.517,9,10,0.9,9,25,34,24,10,4,14,20,11.0,2026,True,LVA,1611661319
1611661324,Minnesota Lynx,1022600241,2026-08-09,W,103,40,72,0.556,18,39,0.462,5,9,0.556,6,18,24,29,12,3,11,12,13.0,2026,True,DAL,1611661321
1611661324,Minnesota Lynx,1022600250,2026-08-12,W,85,30,65,0.462,6,20,0.3,19,26,0.731,6,29,35,22,9,5,10,16,4.0,2026,False,PDX,1611661327
1611661324,Minnesota Lynx,1022600258,2026-08-15,W,92,32,64,0.5,11,26,0.423,17,18,0.944,7,25,32,14,9,1,15,22,5.0,2026,False,LVA,1611661319
1611661324,Minnesota Lynx,1022600268,2026-08-19,W,77,28,56,0.5,7,19,0.368,14,16,0.875,5,25,30,20,3,4,14,17,11.0,2026,False,GSV,1611661331
1611661324,Minnesota Lynx,1022600272,2026-08-21,W,94,37,70,0.529,11,27,0.407,9,10,0.9,6,20,26,25,9,6,6,18,10.0,2026,False,WAS,1611661322
1611661324,Minnesota Lynx,1022600282,2026-08-24,L,66,21,59,0.356,10,30,0.333,14,18,0.778,6,26,32,18,2,4,17,11,-14.0,2026,True,GSV,1611661331
1611661324,Minnesota Lynx,1022600297,2026-08-30,L,81,30,70,0.429,6,19,0.316,15,19,0.789,6,26,32,17,14,4,11,14,-8.0,2026,False,ATL,1611661330
1611661324,Minnesota Lynx,1022600307,2026-09-18,L,81,29,74,0.392,6,22,0.273,17,20,0.85,11,27,38,22,7,8,18,23,-12.0,2026,True,NYL,1611661313
1611661324,Minnesota Lynx,1022600312,2026-09-20,W,101,36,72,0.5,4,21,0.19,25,27,0.926,10,22,32,20,12,2,11,19,12.0,2026,False,CON,1611661323
1611661324,Minnesota Lynx,1022600320,2026-09-22,L,77,27,72,0.375,11,33,0.333,12,14,0.857,9,23,32,23,5,2,17,23,-19.0,2026,False,IND,1611661325
1611661324,Minnesota Lynx,1022600328,2026-09-24,W,86,33,75,0.44,15,40,0.375,5,6,0.833,10,34,44,28,4,3,13,18,20.0,2026,True,IND,1611661325
1611661325,Indiana Fever,1021500004,2015-06-05,L,72,26,66,0.394,7,20,0.35,13,23,0.565,11,20,31,14,6,3,20,23,-23.0,2015,False,CHI,1611661329
1611661325,Indiana Fever,1021500007,2015-06-06,L,69,28,66,0.424,4,15,0.267,9,17,0.529,7,24,31,11,8,4,12,24,-9.0,2015,True,MIN,1611661324
1611661325,Indiana Fever,1021500011,2015-06-09,L,79,24,64,0.375,8,18,0.444,23,25,0.92,10,23,33,15,7,2,15,23,-7.0,2015,False,NYL,1611661313
1611661325,Indiana Fever,1021500018,2015-06-12,W,77,29,68,0.426,3,7,0.429,16,20,0.8,13,26,39,6,8,3,15,23,3.0,2015,True,PHO,1611661317
1611661325,Indiana Fever,1021500019,2015-06-14,L,72,23,73,0.315,5,25,0.2,21,32,0.656,10,17,27,14,7,3,10,21,-26.0,2015,True,CHI,1611661329
1611661325,Indiana Fever,1021500025,2015-06-16,W,90,30,60,0.5,9,19,0.474,21,31,0.677,10,24,34,23,8,4,18,23,11.0,2015,False,ATL,1611661330
1611661325,Indiana Fever,1021500030,2015-06-19,W,80,27,66,0.409,10,17,0.588,16,19,0.842,4,25,29,17,7,2,9,20,17.0,2015,False,NYL,1611661313
1611661325,Indiana Fever,1021500034,2015-06-20,L,75,26,72,0.361,5,20,0.25,18,20,0.9,12,17,29,18,10,0,13,23,-12.0,2015,True,WAS,1611661322
1611661325,Indiana Fever,1021500045,2015-06-26,L,77,25,57,0.439,7,14,0.5,20,26,0.769,6,31,37,13,7,3,18,24,-6.0,2015,True,CHI,1611661329
1611661325,Indiana Fever,1021500053,2015-06-30,W,92,31,56,0.554,8,13,0.615,22,26,0.846,8,19,27,17,7,1,19,17,8.0,2015,False,CON,1611661323
1611661325,Indiana Fever,1021500058,2015-07-02,W,73,29,58,0.5,1,4,0.25,14,18,0.778,8,24,32,10,11,4,7,18,23.0,2015,True,WAS,1611661322
1611661325,Indiana Fever,1021500066,2015-07-08,W,88,36,72,0.5,7,21,0.333,9,11,0.818,13,17,30,18,9,4,11,27,23.0,2015,True,SEA,1611661328
1611661325,Indiana Fever,1021500069,2015-07-10,W,83,31,61,0.508,2,8,0.25,19,25,0.76,3,25,28,12,8,5,10,23,7.0,2015,True,SAN,1611661319
1611661325,Indiana Fever,1021500082,2015-07-15,W,83,28,61,0.459,5,15,0.333,22,34,0.647,11,31,42,15,8,5,13,23,3.0,2015,True,TUL,1611661321
1611661325,Indiana Fever,1021500085,2015-07-17,L,50,18,57,0.316,7,18,0.389,7,9,0.778,7,27,34,15,6,2,17,24,-18.0,2015,False,WAS,1611661322
1611661325,Indiana Fever,1021500095,2015-07-21,L,62,21,62,0.339,3,8,0.375,17,22,0.773,5,13,18,13,10,2,10,22,-18.0,2015,False,SAN,1611661319
1611661325,Indiana Fever,1021500088,2015-07-28,W,75,33,81,0.407,2,16,0.125,7,9,0.778,13,22,35,14,13,3,13,17,2.0,2015,False,CON,1611661323
1611661325,Indiana Fever,1021500103,2015-07-29,W,84,30,63,0.476,6,19,0.316,18,22,0.818,10,22,32,16,10,5,15,18,12.0,2015,True,NYL,1611661313
1611661325,Indiana Fever,1021500115,2015-08-02,W,83,25,59,0.424,5,12,0.417,28,30,0.933,14,23,37,17,7,1,13,21,13.0,2015,True,CON,1611661323
1611661325,Indiana Fever,1021500118,2015-08-04,L,82,26,75,0.347,10,20,0.5,20,25,0.8,12,17,29,19,9,1,13,17,-24.0,2015,False,CHI,1611661329
1611661325,Indiana Fever,1021500124,2015-08-07,W,106,31,68,0.456,4,14,0.286,40,44,0.909,10,23,33,16,14,5,10,23,29.0,2015,True,ATL,1611661330
1611661325,Indiana Fever,1021500133,2015-08-11,W,73,30,70,0.429,2,7,0.286,11,12,0.917,12,25,37,18,10,2,10,19,11.0,2015,False,WAS,1611661322
1611661325,Indiana Fever,1021500145,2015-08-16,W,75,31,70,0.443,3,15,0.2,10,10,1.0,11,26,37,19,6,4,10,20,12.0,2015,False,PHO,1611661317
1611661325,Indiana Fever,1021500148,2015-08-18,W,79,25,68,0.368,10,19,0.526,19,22,0.864,19,22,41,13,9,0,16,17,11.0,2015,False,LAS,1611661320
1611661325,Indiana Fever,1021500156,2015-08-21,W,75,27,65,0.415,5,17,0.294,16,19,0.842,9,18,27,17,13,2,8,17,12.0,2015,False,SEA,1611661328
1611661325,Indiana Fever,1021500160,2015-08-23,W,80,27,56,0.482,7,15,0.467,19,24,0.792,7,25,32,17,2,1,14,17,1.0,2015,True,NYL,1611661313
1611661325,Indiana Fever,1021500163,2015-08-26,L,79,30,63,0.476,5,16,0.313,14,19,0.737,9,23,32,16,7,1,15,21,-2.0,2015,True,LAS,1611661320
1611661325,Indiana Fever,1021500166,2015-08-28,L,84,27,59,0.458,7,17,0.412,23,25,0.92,5,19,24,10,9,1,18,31,-6.0,2015,True,ATL,1611661330
1611661325,Indiana Fever,1021500172,2015-08-30,L,70,27,70,0.386,5,9,0.556,11,14,0.786,10,24,34,12,8,6,15,22,-6.0,2015,False,TUL,1611661321
1611661325,Indiana Fever,1021500178,2015-09-01,W,81,31,65,0.477,4,10,0.4,15,15,1.0,9,30,39,12,10,2,15,12,30.0,2015,True,CON,1611661323
1611661325,Indiana Fever,1021500183,2015-09-04,L,65,28,69,0.406,3,12,0.25,6,8,0.75,12,17,29,11,7,3,10,14,-16.0,2015,False,MIN,1611661324
1611661325,Indiana Fever,1021500190,2015-09-08,L,72,26,71,0.366,2,9,0.222,18,21,0.857,11,23,34,14,11,4,18,28,-4.0,2015,False,WAS,1611661322
1611661325,Indiana Fever,1021500196,2015-09-11,W,75,29,62,0.468,4,16,0.25,13,20,0.65,10,24,34,20,12,4,19,20,8.0,2015,False,ATL,1611661330
1611661325,Indiana Fever,1021500203,2015-09-13,W,81,24,61,0.393,7,21,0.333,26,30,0.867,8,25,33,14,11,5,14,16,5.0,2015,True,NYL,1611661313
1611661325,Indiana Fever,1021600001,2016-05-14,L,79,26,57,0.456,6,15,0.4,21,28,0.75,8,26,34,10,8,3,19,29,-11.0,2016,True,DAL,1611661321
1611661325,Indiana Fever,1021600010,2016-05-18,W,97,33,72,0.458,3,15,0.2,28,30,0.933,7,28,35,18,7,3,10,26,4.0,2016,True,PHO,1611661317
1611661325,Indiana Fever,1021600013,2016-05-20,W,94,32,66,0.485,4,11,0.364,26,37,0.703,11,16,27,19,17,2,17,24,9.0,2016,True,ATL,1611661330
1611661325,Indiana Fever,1021600025,2016-05-27,L,71,26,69,0.377,4,16,0.25,15,18,0.833,10,24,34,14,9,1,14,21,-3.0,2016,False,MIN,1611661324
1611661325,Indiana Fever,1021600029,2016-05-29,L,76,30,73,0.411,5,19,0.263,11,13,0.846,8,30,38,21,4,4,15,24,-9.0,2016,False,ATL,1611661330
1611661325,Indiana Fever,1021600035,2016-06-01,W,85,32,66,0.485,6,13,0.462,15,17,0.882,6,21,27,17,8,3,14,18,10.0,2016,True,SEA,1611661328
1611661325,Indiana Fever,1021600038,2016-06-03,L,59,20,61,0.328,3,20,0.15,16,19,0.842,9,19,28,11,7,2,12,19,-32.0,2016,False,NYL,1611661313
1611661325,Indiana Fever,1021600043,2016-06-05,W,88,37,73,0.507,8,16,0.5,6,7,0.857,9,23,32,22,9,6,13,14,11.0,2016,False,CON,1611661323
1611661325,Indiana Fever,1021600051,2016-06-10,L,64,23,70,0.329,4,24,0.167,14,20,0.7,12,25,37,13,8,1,9,15,-9.0,2016,True,CHI,1611661329
1611661325,Indiana Fever,1021600058,2016-06-12,L,88,27,67,0.403,7,21,0.333,27,30,0.9,15,16,31,11,9,2,14,24,-2.0,2016,True,SEA,1611661328
1611661325,Indiana Fever,1021600061,2016-06-14,L,63,23,67,0.343,3,20,0.15,14,18,0.778,10,24,34,11,6,2,12,18,-24.0,2016,False,MIN,1611661324
1611661325,Indiana Fever,1021600067,2016-06-17,W,84,32,64,0.5,6,13,0.462,14,15,0.933,8,20,28,25,11,2,16,18,9.0,2016,False,SAN,1611661319
1611661325,Indiana Fever,1021600072,2016-06-19,L,75,23,66,0.348,3,19,0.158,26,29,0.897,7,21,28,14,12,4,14,25,-3.0,2016,True,NYL,1611661313
1611661325,Indiana Fever,1021600078,2016-06-22,L,62,24,63,0.381,1,9,0.111,13,17,0.765,11,27,38,14,5,3,18,26,-14.0,2016,False,WAS,1611661322
1611661325,Indiana Fever,1021600085,2016-06-25,W,92,32,65,0.492,2,7,0.286,26,28,0.929,8,19,27,18,8,4,7,26,5.0,2016,False,DAL,1611661321
1611661325,Indiana Fever,1021600092,2016-06-29,W,95,32,67,0.478,6,13,0.462,25,27,0.926,11,23,34,24,11,2,13,22,12.0,2016,False,CHI,1611661329
1611661325,Indiana Fever,1021600097,2016-07-01,L,85,30,67,0.448,4,12,0.333,21,24,0.875,9,28,37,21,11,3,22,22,-2.0,2016,True,SAN,1611661319
1611661325,Indiana Fever,1021600109,2016-07-06,L,88,34,64,0.531,7,13,0.538,13,15,0.867,6,17,23,21,10,0,12,27,-6.0,2016,False,LAS,1611661320
1611661325,Indiana Fever,1021600114,2016-07-08,W,78,32,68,0.471,2,9,0.222,12,13,0.923,7,21,28,18,18,0,13,15,18.0,2016,False,PHO,1611661317
1611661325,Indiana Fever,1021600120,2016-07-10,W,93,36,62,0.581,11,23,0.478,10,11,0.909,7,24,31,24,7,1,11,26,11.0,2016,False,SEA,1611661328
1611661325,Indiana Fever,1021600123,2016-07-13,L,64,25,69,0.362,7,16,0.438,7,7,1.0,4,26,30,18,4,4,10,19,-22.0,2016,True,CON,1611661323
1611661325,Indiana Fever,1021600127,2016-07-15,W,78,31,60,0.517,3,12,0.25,13,17,0.765,9,19,28,20,11,2,17,13,6.0,2016,True,ATL,1611661330
1611661325,Indiana Fever,1021600136,2016-07-19,W,92,33,59,0.559,7,15,0.467,19,20,0.95,5,14,19,22,12,6,9,16,10.0,2016,True,LAS,1611661320
1611661325,Indiana Fever,1021600142,2016-07-21,W,82,35,71,0.493,7,18,0.389,5,6,0.833,6,23,29,24,10,2,8,15,12.0,2016,False,NYL,1611661313
1611661325,Indiana Fever,1021600152,2016-08-27,L,69,28,72,0.389,2,14,0.143,11,14,0.786,13,21,34,17,5,1,14,20,-23.0,2016,True,WAS,1611661322
1611661325,Indiana Fever,1021600159,2016-08-30,L,65,20,60,0.333,3,17,0.176,22,23,0.957,6,22,28,12,8,1,16,22,-14.0,2016,True,PHO,1611661317
1611661325,Indiana Fever,1021600161,2016-09-01,W,98,31,69,0.449,14,26,0.538,22,24,0.917,4,36,40,25,7,3,12,23,21.0,2016,True,NYL,1611661313
1611661325,Indiana Fever,1021600171,2016-09-04,L,81,31,66,0.47,8,26,0.308,11,15,0.733,8,15,23,20,7,0,8,20,-7.0,2016,False,LAS,1611661320
1611661325,Indiana Fever,1021600174,2016-09-06,W,71,21,55,0.382,2,9,0.222,27,30,0.9,9,25,34,11,10,3,15,17,2.0,2016,False,SAN,1611661319
1611661325,Indiana Fever,1021600180,2016-09-09,W,95,30,59,0.508,8,24,0.333,27,36,0.75,11,23,34,18,6,2,17,21,7.0,2016,True,CHI,1611661329
1611661325,Indiana Fever,1021600184,2016-09-11,W,80,31,62,0.5,5,13,0.385,13,18,0.722,8,19,27,15,6,2,11,23,7.0,2016,False,WAS,1611661322
1611661325,Indiana Fever,1021600189,2016-09-13,L,87,32,61,0.525,6,18,0.333,17,21,0.81,7,21,28,15,10,0,21,24,-2.0,2016,False,CON,1611661323
1611661325,Indiana Fever,1021600197,2016-09-16,L,75,29,63,0.46,6,15,0.4,11,15,0.733,9,18,27,13,8,2,18,21,-7.0,2016,True,MIN,1611661324
1611661325,Indiana Fever,1021600202,2016-09-18,W,83,33,70,0.471,1,11,0.091,16,17,0.941,12,28,40,25,9,4,11,15,23.0,2016,True,DAL,1611661321
1611661325,Indiana Fever,1021700006,2017-05-14,L,82,30,68,0.441,9,17,0.529,13,15,0.867,11,14,25,17,10,3,13,27,-5.0,2017,False,SEA,1611661328
1611661325,Indiana Fever,1021700008,2017-05-17,L,62,24,68,0.353,1,15,0.067,13,17,0.765,7,22,29,11,7,2,12,23,-23.0,2017,False,PHO,1611661317
1611661325,Indiana Fever,1021700013,2017-05-20,W,81,25,59,0.424,3,13,0.231,28,29,0.966,9,16,25,11,12,3,9,18,2.0,2017,True,CON,1611661323
1611661325,Indiana Fever,1021700020,2017-05-24,W,93,36,67,0.537,11,16,0.688,10,14,0.714,7,23,30,16,3,1,8,16,3.0,2017,True,LAS,1611661320
1611661325,Indiana Fever,1021700028,2017-05-28,L,70,28,62,0.452,2,10,0.2,12,12,1.0,6,14,20,8,8,0,17,19,-24.0,2017,False,SEA,1611661328
1611661325,Indiana Fever,1021700031,2017-05-30,L,62,22,62,0.355,3,18,0.167,15,18,0.833,8,22,30,12,7,4,17,25,-27.0,2017,False,DAL,1611661321
1611661325,Indiana Fever,1021700036,2017-06-03,W,91,31,65,0.477,2,12,0.167,27,31,0.871,8,25,33,17,5,3,6,19,6.0,2017,True,DAL,1611661321
1611661325,Indiana Fever,1021700045,2017-06-07,L,90,26,60,0.433,2,8,0.25,36,38,0.947,7,25,32,8,10,0,21,29,-8.0,2017,True,PHO,1611661317
1611661325,Indiana Fever,1021700047,2017-06-09,W,83,32,65,0.492,2,9,0.222,17,21,0.81,9,24,33,13,6,2,8,15,3.0,2017,True,SEA,1611661328
1611661325,Indiana Fever,1021700053,2017-06-11,L,70,29,68,0.426,2,12,0.167,10,12,0.833,5,18,23,16,5,4,8,18,-18.0,2017,False,WAS,1611661322
1611661325,Indiana Fever,1021700058,2017-06-15,W,85,31,57,0.544,6,13,0.462,17,22,0.773,5,28,33,11,6,3,13,14,11.0,2017,True,ATL,1611661330
1611661325,Indiana Fever,1021700065,2017-06-18,W,91,37,80,0.463,3,12,0.25,14,14,1.0,8,15,23,21,8,1,4,16,12.0,2017,False,CHI,1611661329
1611661325,Indiana Fever,1021700073,2017-06-24,L,73,27,64,0.422,6,21,0.286,13,15,0.867,6,20,26,11,7,3,12,15,-11.0,2017,True,LAS,1611661320
1611661325,Indiana Fever,1021700079,2017-06-28,W,82,28,65,0.431,7,15,0.467,19,22,0.864,2,23,25,20,9,2,8,10,7.0,2017,False,CHI,1611661329
1611661325,Indiana Fever,1021700085,2017-07-01,L,85,29,74,0.392,8,18,0.444,19,21,0.905,13,19,32,13,8,1,9,17,-6.0,2017,True,CON,1611661323
1611661325,Indiana Fever,1021700094,2017-07-07,L,68,27,67,0.403,2,13,0.154,12,17,0.706,8,18,26,20,6,1,15,17,-21.0,2017,False,ATL,1611661330
1611661325,Indiana Fever,1021700101,2017-07-12,L,72,30,68,0.441,4,16,0.25,8,10,0.8,5,22,27,18,6,6,10,19,-7.0,2017,True,SAN,1611661319
1611661325,Indiana Fever,1021700106,2017-07-14,L,58,18,66,0.273,1,16,0.063,21,26,0.808,10,26,36,8,4,1,16,21,-14.0,2017,True,WAS,1611661322
1611661325,Indiana Fever,1021700114,2017-07-17,L,62,23,58,0.397,7,19,0.368,9,10,0.9,7,19,26,15,3,3,16,15,-18.0,2017,False,LAS,1611661320
1611661325,Indiana Fever,1021700120,2017-07-19,W,84,31,60,0.517,3,10,0.3,19,22,0.864,5,22,27,19,4,5,13,23,7.0,2017,False,PHO,1611661317
1611661325,Indiana Fever,1021700122,2017-07-20,L,61,23,66,0.348,5,21,0.238,10,12,0.833,10,14,24,12,8,2,16,13,-24.0,2017,False,SAN,1611661319
1611661325,Indiana Fever,1021700127,2017-07-25,L,82,29,57,0.509,4,15,0.267,20,26,0.769,5,26,31,15,8,5,17,28,-2.0,2017,False,DAL,1611661321
1611661325,Indiana Fever,1021700130,2017-07-28,L,84,32,66,0.485,6,13,0.462,14,14,1.0,3,18,21,21,7,6,10,19,-1.0,2017,True,NYL,1611661313
1611661325,Indiana Fever,1021700135,2017-07-30,L,73,29,72,0.403,6,16,0.375,9,9,1.0,8,22,30,17,4,7,17,19,-16.0,2017,False,CON,1611661323
1611661325,Indiana Fever,1021700144,2017-08-04,L,70,29,71,0.408,4,13,0.308,8,11,0.727,4,24,28,21,7,3,14,14,-11.0,2017,True,CHI,1611661329
1611661325,Indiana Fever,1021700152,2017-08-06,W,84,34,70,0.486,4,18,0.222,12,15,0.8,10,21,31,21,14,5,19,24,2.0,2017,True,MIN,1611661324
1611661325,Indiana Fever,1021700153,2017-08-08,L,76,27,65,0.415,7,19,0.368,15,17,0.882,8,22,30,11,4,4,13,26,-5.0,2017,False,NYL,1611661313
1611661325,Indiana Fever,1021700161,2017-08-12,L,80,31,70,0.443,7,19,0.368,11,16,0.688,8,17,25,21,6,2,10,20,-20.0,2017,False,WAS,1611661322
1611661325,Indiana Fever,1021700170,2017-08-18,L,52,19,62,0.306,4,16,0.25,10,12,0.833,7,13,20,10,5,3,19,19,-59.0,2017,False,MIN,1611661324
1611661325,Indiana Fever,1021700176,2017-08-20,L,82,34,69,0.493,9,14,0.643,5,6,0.833,11,27,38,20,4,5,15,18,-5.0,2017,True,WAS,1611661322
1611661325,Indiana Fever,1021700182,2017-08-23,L,50,19,55,0.345,1,10,0.1,11,13,0.846,4,23,27,10,5,6,16,16,-21.0,2017,True,NYL,1611661313
1611661325,Indiana Fever,1021700187,2017-08-26,L,74,31,76,0.408,4,12,0.333,8,10,0.8,5,23,28,16,6,2,8,24,-5.0,2017,False,ATL,1611661330
1611661325,Indiana Fever,1021700192,2017-08-30,L,69,30,68,0.441,6,17,0.353,3,6,0.5,5,25,30,16,4,1,9,12,-11.0,2017,True,MIN,1611661324
1611661325,Indiana Fever,1021700199,2017-09-02,L,71,29,68,0.426,3,13,0.231,10,15,0.667,10,25,35,15,7,5,10,18,-4.0,2017,True,SAN,1611661319
1611661325,Indiana Fever,1021800002,2018-05-19,L,64,28,76,0.368,3,15,0.2,5,8,0.625,9,23,32,16,7,3,5,15,-18.0,2018,True,CHI,1611661329
1611661325,Indiana Fever,1021800004,2018-05-20,L,75,27,62,0.435,5,15,0.333,16,25,0.64,10,29,39,13,6,2,15,17,-7.0,2018,False,WAS,1611661322
1611661325,Indiana Fever,1021800009,2018-05-22,L,70,24,62,0.387,6,19,0.316,16,16,1.0,5,27,32,11,2,3,14,17,-17.0,2018,True,LAS,1611661320
1611661325,Indiana Fever,1021800015,2018-05-24,L,84,29,60,0.483,9,24,0.375,17,21,0.81,1,22,23,20,9,3,12,22,-9.0,2018,True,WAS,1611661322
1611661325,Indiana Fever,1021800019,2018-05-26,L,77,28,70,0.4,7,20,0.35,14,19,0.737,12,25,37,18,7,5,18,23,-9.0,2018,False,CON,1611661323
1611661325,Indiana Fever,1021800031,2018-06-02,L,81,31,79,0.392,7,23,0.304,12,18,0.667,10,23,33,17,6,1,9,28,-6.0,2018,True,NYL,1611661313
1611661325,Indiana Fever,1021800042,2018-06-08,L,83,31,79,0.392,6,23,0.261,15,17,0.882,12,23,35,15,4,3,9,31,-6.0,2018,True,DAL,1611661321
1611661325,Indiana Fever,1021800046,2018-06-10,L,75,27,66,0.409,6,19,0.316,15,19,0.789,9,22,31,19,7,3,15,19,-3.0,2018,False,NYL,1611661313
1611661325,Indiana Fever,1021800050,2018-06-12,L,92,36,81,0.444,6,24,0.25,14,16,0.875,9,27,36,18,6,5,13,18,-9.0,2018,True,LVA,1611661319
1611661325,Indiana Fever,1021800056,2018-06-14,L,67,25,68,0.368,4,17,0.235,13,17,0.765,11,32,43,16,6,5,13,24,-5.0,2018,False,ATL,1611661330
1611661325,Indiana Fever,1021800060,2018-06-16,W,96,34,76,0.447,9,22,0.409,19,20,0.95,11,26,37,19,7,5,11,14,32.0,2018,True,ATL,1611661330
1611661325,Indiana Fever,1021800069,2018-06-19,L,55,21,69,0.304,3,14,0.214,10,14,0.714,14,31,45,8,3,2,17,13,-19.0,2018,False,LAS,1611661320
1611661325,Indiana Fever,1021800075,2018-06-22,L,63,25,72,0.347,5,19,0.263,8,8,1.0,9,26,35,12,6,1,15,12,-9.0,2018,False,SEA,1611661328
1611661325,Indiana Fever,1021800078,2018-06-24,L,78,31,67,0.463,7,16,0.438,9,11,0.818,9,18,27,16,4,1,12,18,-9.0,2018,True,CON,1611661323
1611661325,Indiana Fever,1021800086,2018-06-27,L,89,32,66,0.485,9,19,0.474,16,19,0.842,11,18,29,14,10,2,15,20,-12.0,2018,False,CON,1611661323
1611661325,Indiana Fever,1021800090,2018-06-29,L,77,29,64,0.453,8,20,0.4,11,12,0.917,2,17,19,15,4,0,12,21,-18.0,2018,True,PHO,1611661317
1611661325,Indiana Fever,1021800097,2018-07-01,L,83,30,66,0.455,5,14,0.357,18,21,0.857,6,24,30,20,7,5,14,14,-4.0,2018,True,ATL,1611661330
1611661325,Indiana Fever,1021800102,2018-07-03,W,71,27,69,0.391,4,15,0.267,13,18,0.722,9,33,42,12,7,6,6,18,12.0,2018,False,MIN,1611661324
1611661325,Indiana Fever,1021800105,2018-07-05,L,63,24,68,0.353,2,12,0.167,13,16,0.813,4,18,22,10,8,3,12,26,-27.0,2018,False,DAL,1611661321
1611661325,Indiana Fever,1021800121,2018-07-11,L,65,27,66,0.409,3,9,0.333,8,9,0.889,5,21,26,14,6,1,10,19,-22.0,2018,True,MIN,1611661324
1611661325,Indiana Fever,1021800123,2018-07-13,L,74,27,68,0.397,7,17,0.412,13,17,0.765,10,17,27,16,8,1,12,21,-24.0,2018,False,ATL,1611661330
1611661325,Indiana Fever,1021800130,2018-07-15,L,82,31,71,0.437,2,13,0.154,18,19,0.947,10,25,35,17,5,1,9,21,-19.0,2018,True,PHO,1611661317
1611661325,Indiana Fever,1021800136,2018-07-18,L,65,26,64,0.406,2,7,0.286,11,11,1.0,6,18,24,14,4,0,11,22,-24.0,2018,False,MIN,1611661324
1611661325,Indiana Fever,1021800142,2018-07-20,W,78,31,72,0.431,9,23,0.391,7,10,0.7,10,27,37,21,10,1,8,14,2.0,2018,False,LAS,1611661320
1611661325,Indiana Fever,1021800147,2018-07-22,L,74,28,68,0.412,5,13,0.385,13,19,0.684,7,22,29,19,5,3,12,17,-14.0,2018,False,LVA,1611661319
1611661325,Indiana Fever,1021800150,2018-07-24,L,72,27,78,0.346,5,17,0.294,13,15,0.867,12,29,41,17,6,2,9,13,-20.0,2018,True,SEA,1611661328
1611661325,Indiana Fever,1021800159,2018-08-02,W,84,31,67,0.463,7,20,0.35,15,20,0.75,8,17,25,13,13,1,9,21,6.0,2018,True,DAL,1611661321
1611661325,Indiana Fever,1021800164,2018-08-04,W,68,25,69,0.362,4,13,0.308,14,16,0.875,7,30,37,15,7,1,12,17,13.0,2018,False,NYL,1611661313
1611661325,Indiana Fever,1021800171,2018-08-07,L,79,31,67,0.463,6,15,0.4,11,11,1.0,5,28,33,20,5,4,13,14,-15.0,2018,True,SEA,1611661328
1611661325,Indiana Fever,1021800180,2018-08-10,L,74,28,82,0.341,6,18,0.333,12,17,0.706,14,20,34,11,7,5,5,17,-20.0,2018,False,PHO,1611661317
1611661325,Indiana Fever,1021800182,2018-08-11,L,74,29,80,0.363,10,22,0.455,6,9,0.667,13,20,33,19,7,4,11,21,-18.0,2018,False,LVA,1611661319
1611661325,Indiana Fever,1021800191,2018-08-15,L,62,25,73,0.342,3,18,0.167,9,10,0.9,11,28,39,16,4,0,8,12,-14.0,2018,True,WAS,1611661322
1611661325,Indiana Fever,1021800198,2018-08-18,L,106,38,94,0.404,4,20,0.2,26,32,0.813,11,30,41,22,8,9,7,21,-9.0,2018,True,CHI,1611661329
1611661325,Indiana Fever,1021800202,2018-08-19,W,97,38,75,0.507,8,16,0.5,13,17,0.765,12,23,35,21,7,1,8,14,5.0,2018,False,CHI,1611661329
1611661325,Indiana Fever,1021900002,2019-05-24,W,81,29,69,0.42,3,12,0.25,20,28,0.714,11,27,38,15,8,4,9,22,1.0,2019,False,NYL,1611661313
1611661325,Indiana Fever,1021900007,2019-05-28,L,77,35,72,0.486,5,16,0.313,2,3,0.667,5,21,26,21,5,2,11,24,-11.0,2019,False,CON,1611661323
1611661325,Indiana Fever,1021900012,2019-06-01,W,92,34,65,0.523,7,16,0.438,17,22,0.773,7,24,31,19,9,6,15,19,15.0,2019,True,NYL,1611661313
1611661325,Indiana Fever,1021900023,2019-06-07,W,79,28,68,0.412,3,16,0.188,20,21,0.952,10,29,39,20,4,7,10,16,15.0,2019,True,DAL,1611661321
1611661325,Indiana Fever,1021900029,2019-06-09,L,87,32,72,0.444,10,16,0.625,13,14,0.929,6,28,34,20,3,4,11,18,-7.0,2019,True,PHO,1611661317
1611661325,Indiana Fever,1021900032,2019-06-11,L,82,34,66,0.515,6,15,0.4,8,9,0.889,9,23,32,23,8,5,13,19,-2.0,2019,True,SEA,1611661328
1611661325,Indiana Fever,1021900035,2019-06-13,W,76,27,64,0.422,8,24,0.333,14,15,0.933,16,21,37,16,6,4,17,14,4.0,2019,False,DAL,1611661321
1611661325,Indiana Fever,1021900040,2019-06-15,L,64,26,78,0.333,3,15,0.2,9,12,0.75,13,29,42,14,4,5,10,17,-6.0,2019,True,CHI,1611661329
1611661325,Indiana Fever,1021900046,2019-06-19,L,78,32,80,0.4,5,18,0.278,9,12,0.75,17,21,38,11,4,6,8,21,-10.0,2019,False,ATL,1611661330
1611661325,Indiana Fever,1021900051,2019-06-21,W,76,27,61,0.443,8,17,0.471,14,15,0.933,7,29,36,16,4,2,15,14,7.0,2019,False,CHI,1611661329
1611661325,Indiana Fever,1021900058,2019-06-23,L,61,22,64,0.344,4,15,0.267,13,15,0.867,9,26,35,8,8,3,19,17,-4.0,2019,False,SEA,1611661328
1611661325,Indiana Fever,1021900059,2019-06-25,L,74,29,75,0.387,5,18,0.278,11,13,0.846,11,23,34,13,11,5,17,18,-4.0,2019,True,MIN,1611661324
1611661325,Indiana Fever,1021900065,2019-06-28,L,69,28,69,0.406,2,18,0.111,11,15,0.733,10,22,32,9,4,2,11,19,-22.0,2019,False,PHO,1611661317
1611661325,Indiana Fever,1021900068,2019-06-29,L,97,39,89,0.438,13,24,0.542,6,9,0.667,7,25,32,30,4,5,6,22,-5.0,2019,False,LVA,1611661319
1611661325,Indiana Fever,1021900076,2019-07-05,W,76,28,59,0.475,5,15,0.333,15,19,0.789,7,31,38,19,6,3,10,10,20.0,2019,False,DAL,1611661321
1611661325,Indiana Fever,1021900088,2019-07-10,L,71,25,67,0.373,6,14,0.429,15,20,0.75,6,32,38,13,5,1,10,16,-3.0,2019,True,LVA,1611661319
1611661325,Indiana Fever,1021900090,2019-07-12,L,84,32,69,0.464,8,16,0.5,12,16,0.75,14,22,36,16,8,8,20,15,-6.0,2019,True,LAS,1611661320
1611661325,Indiana Fever,1021900097,2019-07-14,L,63,23,62,0.371,0,16,0.0,17,21,0.81,8,27,35,15,7,3,14,12,-13.0,2019,True,CON,1611661323
1611661325,Indiana Fever,1021900105,2019-07-19,L,88,32,78,0.41,6,17,0.353,18,21,0.857,12,31,43,16,4,2,11,14,-7.0,2019,True,WAS,1611661322
1611661325,Indiana Fever,1021900111,2019-07-21,L,70,29,84,0.345,6,17,0.353,6,10,0.6,15,25,40,16,10,4,11,19,-8.0,2019,False,CHI,1611661329
1611661325,Indiana Fever,1021900115,2019-07-23,L,77,30,61,0.492,8,16,0.5,9,12,0.75,3,20,23,15,4,1,12,17,-18.0,2019,False,PHO,1611661317
1611661325,Indiana Fever,1021900121,2019-07-31,W,61,20,65,0.308,2,16,0.125,19,26,0.731,7,36,43,14,11,4,15,17,2.0,2019,True,ATL,1611661330
1611661325,Indiana Fever,1021900127,2019-08-03,W,86,34,71,0.479,7,23,0.304,11,11,1.0,10,18,28,22,10,2,14,17,11.0,2019,True,MIN,1611661324
1611661325,Indiana Fever,1021900134,2019-08-08,L,78,28,58,0.483,8,15,0.533,14,16,0.875,5,18,23,20,2,1,14,17,-13.0,2019,False,WAS,1611661322
1611661325,Indiana Fever,1021900139,2019-08-10,W,87,29,73,0.397,8,20,0.4,21,25,0.84,11,29,40,17,8,2,10,19,5.0,2019,True,ATL,1611661330
1611661325,Indiana Fever,1021900156,2019-08-18,L,68,25,63,0.397,3,15,0.2,15,18,0.833,5,23,28,15,2,2,13,17,-39.0,2019,False,WAS,1611661322
1611661325,Indiana Fever,1021900161,2019-08-20,L,76,27,74,0.365,5,15,0.333,17,21,0.81,12,26,38,20,3,4,8,18,-6.0,2019,True,NYL,1611661313
1611661325,Indiana Fever,1021900165,2019-08-22,L,65,23,60,0.383,6,17,0.353,13,19,0.684,1,26,27,18,9,6,18,22,-33.0,2019,False,LAS,1611661320
1611661325,Indiana Fever,1021900174,2019-08-25,W,63,23,59,0.39,2,10,0.2,15,20,0.75,10,32,42,14,10,2,15,14,9.0,2019,False,SEA,1611661328
1611661325,Indiana Fever,1021900175,2019-08-27,W,86,31,77,0.403,6,20,0.3,18,19,0.947,10,34,44,23,3,9,7,18,15.0,2019,True,LVA,1611661319
1611661325,Indiana Fever,1021900180,2019-08-29,L,83,25,64,0.391,4,12,0.333,29,36,0.806,10,27,37,14,5,0,13,20,-4.0,2019,True,LAS,1611661320
1611661325,Indiana Fever,1021900187,2019-09-01,L,73,31,61,0.508,3,11,0.273,8,11,0.727,5,23,28,19,7,2,19,15,-8.0,2019,False,MIN,1611661324
1611661325,Indiana Fever,1021900197,2019-09-06,W,86,30,71,0.423,7,18,0.389,19,28,0.679,12,25,37,22,9,3,16,16,5.0,2019,False,NYL,1611661313
1611661325,Indiana Fever,1021900200,2019-09-08,W,104,38,65,0.585,15,26,0.577,13,21,0.619,4,36,40,26,8,7,15,20,28.0,2019,True,CON,1611661323
1611661325,Indiana Fever,1022001003,2020-07-25,L,76,28,71,0.394,8,26,0.308,12,15,0.8,6,22,28,12,7,1,13,21,-25.0,2020,False,WAS,1611661322
1611661325,Indiana Fever,1022001010,2020-07-29,W,106,36,70,0.514,9,20,0.45,25,27,0.926,9,29,38,17,2,3,12,23,6.0,2020,True,PHO,1611661317
1611661325,Indiana Fever,1022001017,2020-07-31,L,73,26,72,0.361,5,19,0.263,16,19,0.842,15,26,41,18,4,1,14,19,-3.0,2020,False,DAL,1611661321
1611661325,Indiana Fever,1022001023,2020-08-02,W,93,34,66,0.515,8,20,0.4,17,21,0.81,9,23,32,26,5,5,15,13,16.0,2020,True,ATL,1611661330
1611661325,Indiana Fever,1022001030,2020-08-05,L,75,26,63,0.413,5,18,0.278,18,20,0.9,6,23,29,17,5,0,15,20,-11.0,2020,False,LAS,1611661320
1611661325,Indiana Fever,1022001034,2020-08-07,L,80,30,67,0.448,10,24,0.417,10,13,0.769,11,18,29,18,2,6,17,17,-7.0,2020,False,MIN,1611661324
1611661325,Indiana Fever,1022001041,2020-08-09,W,91,29,58,0.5,8,17,0.471,25,31,0.806,9,30,39,17,4,2,16,22,7.0,2020,True,WAS,1611661322
1611661325,Indiana Fever,1022001047,2020-08-11,L,79,34,71,0.479,3,18,0.167,8,12,0.667,5,26,31,16,6,2,11,17,-19.0,2020,True,LVA,1611661319
1611661325,Indiana Fever,1022001052,2020-08-13,W,86,33,72,0.458,6,16,0.375,14,18,0.778,10,31,41,13,4,3,9,19,7.0,2020,False,NYL,1611661313
1611661325,Indiana Fever,1022001058,2020-08-15,L,76,24,58,0.414,9,17,0.529,19,21,0.905,11,21,32,17,5,1,22,14,-14.0,2020,True,LAS,1611661320
1611661325,Indiana Fever,1022001064,2020-08-18,L,62,26,66,0.394,4,22,0.182,6,9,0.667,8,18,26,19,5,6,15,16,-22.0,2020,False,CON,1611661323
1611661325,Indiana Fever,1022001071,2020-08-20,W,90,34,77,0.442,12,24,0.5,10,14,0.714,14,32,46,23,7,0,17,19,6.0,2020,True,SEA,1611661328
1611661325,Indiana Fever,1022001076,2020-08-22,L,76,29,54,0.537,4,16,0.25,14,16,0.875,4,23,27,18,7,3,21,13,-11.0,2020,False,CHI,1611661329
1611661325,Indiana Fever,1022001084,2020-08-25,L,74,25,64,0.391,8,26,0.308,16,20,0.8,12,23,35,17,7,3,18,20,-13.0,2020,False,SEA,1611661328
1611661325,Indiana Fever,1022001094,2020-08-29,L,78,23,57,0.404,4,16,0.25,28,36,0.778,5,26,31,16,7,4,15,21,-4.0,2020,True,DAL,1611661321
1611661325,Indiana Fever,1022001088,2020-08-31,L,77,28,72,0.389,4,18,0.222,17,21,0.81,11,27,38,24,7,3,13,21,-23.0,2020,True,CHI,1611661329
1611661325,Indiana Fever,1022001101,2020-09-01,L,90,31,70,0.443,6,19,0.316,22,29,0.759,13,23,36,19,6,5,12,15,-12.0,2020,False,ATL,1611661330
1611661325,Indiana Fever,1022001108,2020-09-03,L,81,28,67,0.418,7,17,0.412,18,25,0.72,8,27,35,17,3,4,18,16,-24.0,2020,False,PHO,1611661317
1611661325,Indiana Fever,1022001112,2020-09-05,L,77,28,62,0.452,9,22,0.409,12,14,0.857,8,23,31,24,3,4,19,15,-19.0,2020,True,CON,1611661323
1611661325,Indiana Fever,1022001120,2020-09-08,L,86,34,70,0.486,10,23,0.435,8,8,1.0,4,24,28,24,6,3,13,21,-6.0,2020,False,LVA,1611661319
1611661325,Indiana Fever,1022001124,2020-09-10,W,85,31,72,0.431,4,16,0.25,19,20,0.95,6,30,36,23,5,9,13,15,10.0,2020,True,NYL,1611661313
1611661325,Indiana Fever,1022001131,2020-09-12,L,86,31,68,0.456,9,26,0.346,15,17,0.882,13,19,32,27,5,2,12,13,-12.0,2020,True,MIN,1611661324
1611661325,Indiana Fever,1022100001,2021-05-14,L,87,37,88,0.42,3,18,0.167,10,13,0.769,19,26,45,14,6,3,11,21,-3.0,2021,False,NYL,1611661313
1611661325,Indiana Fever,1022100007,2021-05-16,L,65,25,77,0.325,3,21,0.143,12,19,0.632,9,31,40,15,8,4,21,24,-8.0,2021,True,NYL,1611661313
1611661325,Indiana Fever,1022100013,2021-05-19,L,67,24,66,0.364,4,15,0.267,15,16,0.938,12,19,31,14,7,4,12,13,-21.0,2021,False,CON,1611661323
1611661325,Indiana Fever,1022100015,2021-05-21,L,79,31,67,0.463,6,18,0.333,11,13,0.846,6,28,34,20,0,4,16,16,-4.0,2021,True,ATL,1611661330
1611661325,Indiana Fever,1022100021,2021-05-23,W,89,33,64,0.516,7,15,0.467,16,23,0.696,7,30,37,26,6,4,14,13,12.0,2021,True,WAS,1611661322
1611661325,Indiana Fever,1022100023,2021-05-25,L,69,28,64,0.438,5,14,0.357,8,10,0.8,7,26,33,21,5,2,13,10,-16.0,2021,True,WAS,1611661322
1611661325,Indiana Fever,1022100032,2021-05-28,L,77,26,66,0.394,4,16,0.25,21,24,0.875,9,25,34,15,4,3,20,28,-36.0,2021,False,LVA,1611661319
1611661325,Indiana Fever,1022100036,2021-05-30,L,78,31,80,0.388,5,23,0.217,11,11,1.0,12,20,32,18,8,2,11,19,-23.0,2021,False,LVA,1611661319
1611661325,Indiana Fever,1022100041,2021-06-01,L,73,29,74,0.392,4,17,0.235,11,14,0.786,8,27,35,21,7,4,9,19,-15.0,2021,False,SEA,1611661328
1611661325,Indiana Fever,1022100044,2021-06-03,L,63,23,67,0.343,6,20,0.3,11,16,0.688,11,23,34,17,3,4,18,13,-35.0,2021,False,LAS,1611661320
1611661325,Indiana Fever,1022100054,2021-06-09,L,76,30,73,0.411,6,17,0.353,10,10,1.0,11,26,37,18,8,6,15,20,-16.0,2021,False,CHI,1611661329
1611661325,Indiana Fever,1022100059,2021-06-12,L,79,30,62,0.484,4,11,0.364,15,22,0.682,10,21,31,13,10,5,17,21,-4.0,2021,True,CHI,1611661329
1611661325,Indiana Fever,1022100065,2021-06-15,L,70,27,64,0.422,3,17,0.176,13,24,0.542,5,27,32,18,5,7,9,16,-17.0,2021,True,SEA,1611661328
1611661325,Indiana Fever,1022100069,2021-06-17,L,69,26,62,0.419,2,14,0.143,15,17,0.882,3,29,32,16,6,5,15,16,-10.0,2021,True,SEA,1611661328
1611661325,Indiana Fever,1022100076,2021-06-19,L,77,30,67,0.448,4,13,0.308,13,14,0.929,6,30,36,15,5,4,12,20,-5.0,2021,False,WAS,1611661322
1611661325,Indiana Fever,1022100083,2021-06-24,L,64,23,65,0.354,5,17,0.294,13,15,0.867,9,20,29,13,3,0,19,16,-25.0,2021,True,DAL,1611661321
1611661325,Indiana Fever,1022100097,2021-07-01,L,80,29,60,0.483,2,9,0.222,20,22,0.909,5,19,24,18,9,1,15,22,-6.0,2021,True,CON,1611661323
1611661325,Indiana Fever,1022100102,2021-07-03,W,73,25,63,0.397,4,17,0.235,19,27,0.704,9,30,39,9,4,6,7,20,6.0,2021,True,CON,1611661323
1611661325,Indiana Fever,1022100111,2021-07-09,W,82,33,71,0.465,3,13,0.231,13,13,1.0,6,26,32,17,8,6,8,15,13.0,2021,True,NYL,1611661313
1611661325,Indiana Fever,1022100117,2021-07-11,W,79,27,65,0.415,5,17,0.294,20,26,0.769,12,37,49,18,2,4,19,18,11.0,2021,False,ATL,1611661330
1611661325,Indiana Fever,1022100125,2021-08-15,L,70,24,72,0.333,4,18,0.222,18,21,0.857,15,24,39,10,8,3,14,19,-5.0,2021,False,LAS,1611661320
1611661325,Indiana Fever,1022100129,2021-08-17,L,80,30,66,0.455,10,22,0.455,10,17,0.588,11,27,38,16,8,3,13,20,-4.0,2021,False,PHO,1611661317
1611661325,Indiana Fever,1022100136,2021-08-20,W,83,29,64,0.453,7,20,0.35,18,21,0.857,10,18,28,20,8,2,8,18,2.0,2021,False,DAL,1611661321
1611661325,Indiana Fever,1022100151,2021-08-28,L,71,27,67,0.403,4,15,0.267,13,20,0.65,8,23,31,18,9,2,15,18,-16.0,2021,True,LVA,1611661319
1611661325,Indiana Fever,1022100155,2021-08-31,W,74,24,60,0.4,6,17,0.353,20,24,0.833,14,25,39,11,6,3,15,14,2.0,2021,True,LAS,1611661320
1611661325,Indiana Fever,1022100163,2021-09-04,L,65,24,66,0.364,3,17,0.176,14,18,0.778,11,28,39,9,8,6,15,20,-22.0,2021,True,PHO,1611661317
1611661325,Indiana Fever,1022100167,2021-09-06,L,81,31,72,0.431,7,22,0.318,12,13,0.923,10,21,31,20,4,3,6,15,-5.0,2021,True,PHO,1611661317
1611661325,Indiana Fever,1022100174,2021-09-10,L,72,29,69,0.42,6,24,0.25,8,11,0.727,14,22,36,19,4,5,17,12,-17.0,2021,False,MIN,1611661324
1611661325,Indiana Fever,1022100178,2021-09-12,L,80,34,68,0.5,8,17,0.471,4,4,1.0,5,15,20,17,9,4,12,19,-10.0,2021,False,MIN,1611661324
1611661325,Indiana Fever,1022100181,2021-09-14,L,78,32,76,0.421,6,20,0.3,8,10,0.8,15,20,35,22,9,6,13,17,-7.0,2021,False,ATL,1611661330
1611661325,Indiana Fever,1022100184,2021-09-17,L,73,25,69,0.362,5,22,0.227,18,18,1.0,9,27,36,15,7,3,16,17,-19.0,2021,True,MIN,1611661324
1611661325,Indiana Fever,1022100192,2021-09-19,L,87,33,69,0.478,6,16,0.375,15,18,0.833,9,22,31,21,6,3,15,19,-11.0,2021,False,CHI,1611661329
1611661325,Indiana Fever,1022200001,2022-05-06,L,70,30,72,0.417,5,22,0.227,5,8,0.625,12,30,42,17,3,4,14,20,-14.0,2022,False,WAS,1611661322
1611661325,Indiana Fever,1022200007,2022-05-08,L,77,29,78,0.372,10,26,0.385,9,14,0.643,12,21,33,20,11,6,18,22,-10.0,2022,True,LAS,1611661320
1611661325,Indiana Fever,1022200011,2022-05-10,W,82,31,70,0.443,9,20,0.45,11,15,0.733,9,25,34,23,12,7,16,14,6.0,2022,True,MIN,1611661324
1611661325,Indiana Fever,1022200017,2022-05-13,W,92,31,81,0.383,7,22,0.318,23,29,0.793,16,41,57,12,9,5,20,23,6.0,2022,False,NYL,1611661313
1611661325,Indiana Fever,1022200022,2022-05-15,L,79,28,68,0.412,11,23,0.478,12,19,0.632,8,21,29,19,4,2,17,23,-6.0,2022,True,ATL,1611661330
1611661325,Indiana Fever,1022200024,2022-05-17,L,79,30,80,0.375,6,30,0.2,13,19,0.684,15,21,36,22,6,6,12,22,-22.0,2022,True,ATL,1611661330
1611661325,Indiana Fever,1022200031,2022-05-20,L,85,34,63,0.54,6,15,0.4,11,13,0.846,3,22,25,14,7,2,19,27,-9.0,2022,False,CON,1611661323
1611661325,Indiana Fever,1022200036,2022-05-22,L,70,22,63,0.349,3,17,0.176,23,27,0.852,12,17,29,16,6,1,13,24,-22.0,2022,True,CON,1611661323
1611661325,Indiana Fever,1022200041,2022-05-24,L,90,34,82,0.415,9,20,0.45,13,18,0.722,15,25,40,21,10,7,16,25,-5.0,2022,False,CHI,1611661329
1611661325,Indiana Fever,1022200045,2022-05-27,W,101,32,70,0.457,11,21,0.524,26,29,0.897,10,24,34,23,8,7,13,24,5.0,2022,True,LAS,1611661320
1611661325,Indiana Fever,1022200052,2022-05-31,L,75,30,74,0.405,9,22,0.409,6,9,0.667,10,22,32,20,6,5,13,16,-12.0,2022,True,WAS,1611661322
1611661325,Indiana Fever,1022200057,2022-06-01,L,74,25,76,0.329,9,26,0.346,15,15,1.0,11,22,33,18,6,4,8,18,-13.0,2022,False,NYL,1611661313
1611661325,Indiana Fever,1022200064,2022-06-05,L,66,23,66,0.348,6,23,0.261,14,23,0.609,7,25,32,17,10,3,21,19,-9.0,2022,False,ATL,1611661330
1611661325,Indiana Fever,1022200071,2022-06-08,L,69,27,72,0.375,3,21,0.143,12,14,0.857,9,20,29,20,8,2,15,22,-19.0,2022,False,CON,1611661323
1611661325,Indiana Fever,1022200074,2022-06-10,L,83,31,75,0.413,4,14,0.286,17,21,0.81,10,19,29,19,5,0,5,13,-14.0,2022,True,NYL,1611661313
1611661325,Indiana Fever,1022200082,2022-06-12,W,84,33,70,0.471,10,23,0.435,8,12,0.667,8,22,30,25,5,9,11,18,4.0,2022,False,MIN,1611661324
1611661325,Indiana Fever,1022200087,2022-06-15,L,80,29,78,0.372,6,21,0.286,16,18,0.889,16,23,39,19,7,4,13,19,-13.0,2022,True,PHO,1611661317
1611661325,Indiana Fever,1022200093,2022-06-19,W,89,35,69,0.507,2,8,0.25,17,25,0.68,9,30,39,19,7,6,15,18,2.0,2022,True,CHI,1611661329
1611661325,Indiana Fever,1022200102,2022-06-23,L,68,25,63,0.397,6,17,0.353,12,16,0.75,10,23,33,13,4,2,18,17,-26.0,2022,False,DAL,1611661321
1611661325,Indiana Fever,1022200112,2022-06-27,L,71,24,60,0.4,7,12,0.583,16,20,0.8,10,26,36,13,4,4,16,24,-12.0,2022,False,PHO,1611661317
1611661325,Indiana Fever,1022200117,2022-06-29,L,78,27,63,0.429,9,21,0.429,15,21,0.714,10,20,30,18,4,3,10,18,-21.0,2022,False,PHO,1611661317
1611661325,Indiana Fever,1022200122,2022-07-01,L,57,21,61,0.344,4,17,0.235,11,23,0.478,7,28,35,13,11,2,17,17,-16.0,2022,False,SEA,1611661328
1611661325,Indiana Fever,1022200129,2022-07-05,L,73,28,73,0.384,7,20,0.35,10,17,0.588,9,27,36,14,6,1,14,16,-22.0,2022,True,SEA,1611661328
1611661325,Indiana Fever,1022200134,2022-07-07,L,84,33,82,0.402,9,20,0.45,9,14,0.643,10,17,27,22,7,0,9,16,-9.0,2022,True,CHI,1611661329
1611661325,Indiana Fever,1022200142,2022-07-13,L,81,30,68,0.441,6,21,0.286,15,19,0.789,7,19,26,21,9,1,16,21,-8.0,2022,True,CON,1611661323
1611661325,Indiana Fever,1022200147,2022-07-15,L,77,26,71,0.366,5,22,0.227,20,28,0.714,8,29,37,20,8,4,12,23,-10.0,2022,True,MIN,1611661324
1611661325,Indiana Fever,1022200153,2022-07-17,L,65,24,66,0.364,4,24,0.167,13,20,0.65,11,26,37,14,8,2,19,20,-16.0,2022,False,SEA,1611661328
1611661325,Indiana Fever,1022200156,2022-07-19,L,79,29,57,0.509,6,13,0.462,15,18,0.833,8,24,32,19,5,1,24,21,-7.0,2022,False,LAS,1611661320
1611661325,Indiana Fever,1022200160,2022-07-21,L,77,28,67,0.418,9,26,0.346,12,20,0.6,7,26,33,22,10,5,17,11,-13.0,2022,False,LVA,1611661319
1611661325,Indiana Fever,1022200166,2022-07-24,L,86,31,65,0.477,6,17,0.353,18,27,0.667,10,19,29,20,6,4,17,24,-10.0,2022,True,DAL,1611661321
1611661325,Indiana Fever,1022200173,2022-07-29,L,72,25,68,0.368,7,28,0.25,15,17,0.882,9,19,28,20,12,1,13,14,-21.0,2022,True,LVA,1611661319
1611661325,Indiana Fever,1022200179,2022-07-31,L,69,22,71,0.31,7,25,0.28,18,21,0.857,15,24,39,10,2,4,14,18,-25.0,2022,True,LVA,1611661319
1611661325,Indiana Fever,1022200186,2022-08-03,L,81,28,72,0.389,5,17,0.294,20,27,0.741,13,23,36,15,11,3,18,20,-10.0,2022,False,ATL,1611661330
1611661325,Indiana Fever,1022200193,2022-08-06,L,91,31,70,0.443,6,18,0.333,23,29,0.793,10,20,30,18,9,4,19,31,-4.0,2022,False,DAL,1611661321
1611661325,Indiana Fever,1022200207,2022-08-12,L,70,26,63,0.413,8,19,0.421,10,12,0.833,4,22,26,17,7,5,14,17,-12.0,2022,True,WAS,1611661322
1611661325,Indiana Fever,1022200213,2022-08-14,L,83,29,51,0.569,8,13,0.615,17,20,0.85,2,23,25,16,5,3,19,24,-12.0,2022,False,WAS,1611661322
1611661325,Indiana Fever,1022300001,2023-05-19,L,61,22,66,0.333,6,24,0.25,11,19,0.579,8,27,35,15,9,5,19,24,-9.0,2023,True,CON,1611661323
1611661325,Indiana Fever,1022300008,2023-05-21,L,73,26,73,0.356,5,20,0.25,16,21,0.762,12,23,35,11,8,4,15,16,-17.0,2023,False,NYL,1611661313
1611661325,Indiana Fever,1022300018,2023-05-28,W,90,35,76,0.461,11,29,0.379,9,12,0.75,12,31,43,20,7,2,12,23,3.0,2023,False,ATL,1611661330
1611661325,Indiana Fever,1022300022,2023-05-30,L,78,31,73,0.425,4,21,0.19,12,14,0.857,10,27,37,16,5,6,10,21,-3.0,2023,False,CON,1611661323
1611661325,Indiana Fever,1022300034,2023-06-04,L,80,31,71,0.437,11,19,0.579,7,10,0.7,4,35,39,17,3,2,11,23,-4.0,2023,True,LVA,1611661319
1611661325,Indiana Fever,1022300036,2023-06-06,L,103,40,73,0.548,9,20,0.45,14,16,0.875,10,25,35,24,3,2,15,20,-5.0,2023,False,CHI,1611661329
1611661325,Indiana Fever,1022300043,2023-06-09,W,71,28,69,0.406,6,20,0.3,9,13,0.692,6,28,34,18,4,2,11,20,2.0,2023,False,MIN,1611661324
1611661325,Indiana Fever,1022300049,2023-06-11,L,82,33,68,0.485,4,20,0.2,12,16,0.75,11,20,31,22,1,4,11,20,-3.0,2023,True,PHO,1611661317
1611661325,Indiana Fever,1022300052,2023-06-13,W,87,32,68,0.471,4,17,0.235,19,24,0.792,14,32,46,17,5,2,12,21,21.0,2023,True,WAS,1611661322
1611661325,Indiana Fever,1022300057,2023-06-15,W,92,33,64,0.516,5,14,0.357,21,24,0.875,7,19,26,17,4,1,9,19,2.0,2023,False,CHI,1611661329
1611661325,Indiana Fever,1022300064,2023-06-18,L,94,33,73,0.452,4,19,0.211,24,29,0.828,11,23,34,19,9,4,15,20,-6.0,2023,True,ATL,1611661330
1611661325,Indiana Fever,1022300073,2023-06-22,W,80,30,69,0.435,10,22,0.455,10,13,0.769,9,38,47,19,4,5,17,22,12.0,2023,False,SEA,1611661328
1611661325,Indiana Fever,1022300076,2023-06-24,L,88,34,68,0.5,6,16,0.375,14,15,0.933,5,26,31,22,8,1,15,22,-13.0,2023,False,LVA,1611661319
1611661325,Indiana Fever,1022300081,2023-06-26,L,80,28,78,0.359,6,22,0.273,18,21,0.857,16,23,39,12,8,4,8,21,-8.0,2023,False,LVA,1611661319
1611661325,Indiana Fever,1022300088,2023-06-29,L,63,24,72,0.333,6,17,0.353,9,10,0.9,13,20,33,17,4,1,16,18,-22.0,2023,False,PHO,1611661317
1611661325,Indiana Fever,1022300095,2023-07-02,L,87,35,68,0.515,5,17,0.294,12,18,0.667,9,26,35,21,6,1,15,18,-2.0,2023,True,CHI,1611661329
1611661325,Indiana Fever,1022300099,2023-07-05,L,83,33,70,0.471,4,16,0.25,13,14,0.929,10,20,30,15,10,4,16,25,-7.0,2023,False,MIN,1611661324
1611661325,Indiana Fever,1022300103,2023-07-07,L,88,33,60,0.55,9,18,0.5,13,19,0.684,5,23,28,24,3,2,13,29,-8.0,2023,False,WAS,1611661322
1611661325,Indiana Fever,1022300109,2023-07-09,L,76,30,67,0.448,3,14,0.214,13,17,0.765,11,24,35,18,5,2,17,21,-1.0,2023,True,DAL,1611661321
1611661325,Indiana Fever,1022300115,2023-07-12,L,87,32,82,0.39,6,21,0.286,17,21,0.81,8,32,40,20,7,0,13,22,-8.0,2023,True,NYL,1611661313
1611661325,Indiana Fever,1022300122,2023-07-19,W,82,28,64,0.438,8,24,0.333,18,21,0.857,6,26,32,22,7,0,14,20,6.0,2023,False,WAS,1611661322
1611661325,Indiana Fever,1022300133,2023-07-23,L,83,30,65,0.462,8,17,0.471,15,17,0.882,8,17,25,19,10,4,15,17,-18.0,2023,False,NYL,1611661313
1611661325,Indiana Fever,1022300139,2023-07-25,L,78,28,64,0.438,6,22,0.273,16,18,0.889,8,27,35,20,4,4,15,15,-1.0,2023,False,LAS,1611661320
1611661325,Indiana Fever,1022300141,2023-07-27,L,68,29,64,0.453,8,25,0.32,2,3,0.667,3,27,30,19,8,3,13,19,-13.0,2023,False,LAS,1611661320
1611661325,Indiana Fever,1022300147,2023-07-30,L,62,25,66,0.379,4,16,0.25,8,12,0.667,10,17,27,17,8,2,17,11,-23.0,2023,True,SEA,1611661328
1611661325,Indiana Fever,1022300152,2023-08-01,W,72,25,63,0.397,4,15,0.267,18,22,0.818,11,25,36,12,8,3,20,20,1.0,2023,True,PHO,1611661317
1611661325,Indiana Fever,1022300157,2023-08-04,L,72,22,57,0.386,7,23,0.304,21,24,0.875,10,15,25,15,10,4,19,21,-16.0,2023,True,CON,1611661323
1611661325,Indiana Fever,1022300162,2023-08-06,L,73,29,64,0.453,4,13,0.308,11,20,0.55,8,25,33,12,8,4,14,23,-9.0,2023,False,ATL,1611661330
1611661325,Indiana Fever,1022300167,2023-08-08,L,80,30,64,0.469,6,20,0.3,14,17,0.824,6,33,39,20,7,5,20,21,-7.0,2023,True,LAS,1611661320
1611661325,Indiana Fever,1022300171,2023-08-10,W,91,34,68,0.5,10,27,0.37,13,14,0.929,13,26,39,23,8,5,12,16,18.0,2023,True,MIN,1611661324
1611661325,Indiana Fever,1022300180,2023-08-13,L,89,33,71,0.465,7,18,0.389,16,19,0.842,8,24,32,18,2,4,11,17,-11.0,2023,True,NYL,1611661313
1611661325,Indiana Fever,1022300184,2023-08-18,L,79,31,66,0.47,8,20,0.4,9,10,0.9,7,29,36,16,4,2,17,21,-4.0,2023,True,WAS,1611661322
1611661325,Indiana Fever,1022300191,2023-08-20,W,83,29,65,0.446,7,18,0.389,18,26,0.692,8,21,29,16,10,3,8,18,10.0,2023,False,PHO,1611661317
1611661325,Indiana Fever,1022300199,2023-08-24,W,90,28,65,0.431,9,22,0.409,25,32,0.781,9,26,35,18,6,6,13,17,4.0,2023,True,SEA,1611661328
1611661325,Indiana Fever,1022300206,2023-08-27,W,83,32,70,0.457,9,19,0.474,10,13,0.769,7,24,31,18,8,2,13,18,3.0,2023,True,ATL,1611661330
1611661325,Indiana Fever,1022300216,2023-09-01,L,100,35,71,0.493,10,23,0.435,20,23,0.87,12,17,29,27,4,5,12,15,-10.0,2023,True,DAL,1611661321
1611661325,Indiana Fever,1022300221,2023-09-03,W,97,36,81,0.444,13,29,0.448,12,17,0.706,10,31,41,23,6,4,15,25,13.0,2023,False,DAL,1611661321
1611661325,Indiana Fever,1022300225,2023-09-05,L,69,24,60,0.4,5,16,0.313,16,22,0.727,5,26,31,17,6,2,17,11,-27.0,2023,True,CHI,1611661329
1611661325,Indiana Fever,1022300230,2023-09-08,L,59,22,63,0.349,4,18,0.222,11,16,0.688,6,21,27,11,10,3,13,21,-17.0,2023,False,CON,1611661323
1611661325,Indiana Fever,1022300237,2023-09-10,W,87,34,71,0.479,8,20,0.4,11,19,0.579,11,25,36,13,13,0,15,16,15.0,2023,True,MIN,1611661324
1611661325,Indiana Fever,1022400002,2024-05-14,L,71,24,50,0.48,8,20,0.4,15,19,0.789,4,24,28,16,6,5,25,21,-21.0,2024,False,CON,1611661323
1611661325,Indiana Fever,1022400007,2024-05-16,L,66,22,60,0.367,5,19,0.263,17,22,0.773,7,19,26,13,5,4,13,20,-36.0,2024,True,NYL,1611661313
1611661325,Indiana Fever,1022400010,2024-05-18,L,80,33,80,0.413,9,26,0.346,5,6,0.833,10,24,34,22,9,3,15,16,-11.0,2024,False,NYL,1611661313
1611661325,Indiana Fever,1022400015,2024-05-20,L,84,33,69,0.478,6,20,0.3,12,13,0.923,13,23,36,20,4,7,17,24,-4.0,2024,True,CON,1611661323
1611661325,Indiana Fever,1022400020,2024-05-22,L,83,31,72,0.431,6,22,0.273,15,18,0.833,13,27,40,18,5,8,11,17,-2.0,2024,False,SEA,1611661328
1611661325,Indiana Fever,1022400024,2024-05-24,W,78,29,69,0.42,7,25,0.28,13,17,0.765,5,27,32,22,9,2,10,17,5.0,2024,False,LAS,1611661320
1611661325,Indiana Fever,1022400027,2024-05-25,L,80,30,70,0.429,10,27,0.37,10,13,0.769,6,30,36,20,4,3,12,16,-19.0,2024,False,LVA,1611661319
1611661325,Indiana Fever,1022400033,2024-05-28,L,82,26,68,0.382,10,30,0.333,20,25,0.8,9,19,28,17,12,6,14,26,-6.0,2024,True,LAS,1611661320
1611661325,Indiana Fever,1022400038,2024-05-30,L,88,29,70,0.414,10,25,0.4,20,22,0.909,10,26,36,21,2,4,13,16,-15.0,2024,True,SEA,1611661328
1611661325,Indiana Fever,1022400044,2024-06-01,W,71,27,69,0.391,6,25,0.24,11,16,0.688,9,24,33,19,6,5,11,18,1.0,2024,True,CHI,1611661329
1611661325,Indiana Fever,1022400046,2024-06-02,L,68,27,73,0.37,7,28,0.25,7,11,0.636,9,19,28,18,6,1,12,17,-36.0,2024,False,NYL,1611661313
1611661325,Indiana Fever,1022400056,2024-06-07,W,85,28,62,0.452,16,35,0.457,13,17,0.765,5,25,30,21,9,2,15,21,2.0,2024,False,WAS,1611661322
1611661325,Indiana Fever,1022400066,2024-06-10,L,72,25,62,0.403,9,24,0.375,13,19,0.684,7,19,26,19,5,3,11,18,-17.0,2024,False,CON,1611661323
1611661325,Indiana Fever,1022400071,2024-06-13,W,91,32,72,0.444,9,26,0.346,18,19,0.947,11,23,34,18,6,6,14,16,7.0,2024,True,ATL,1611661330
1611661325,Indiana Fever,1022400079,2024-06-16,W,91,35,62,0.565,8,18,0.444,13,19,0.684,8,30,38,23,1,11,15,17,8.0,2024,True,CHI,1611661329
1611661325,Indiana Fever,1022400084,2024-06-19,W,88,31,61,0.508,8,23,0.348,18,23,0.783,5,32,37,21,7,3,10,16,7.0,2024,True,WAS,1611661322
1611661325,Indiana Fever,1022400089,2024-06-21,W,91,37,65,0.569,11,21,0.524,6,11,0.545,5,30,35,24,5,7,14,22,12.0,2024,False,ATL,1611661330
1611661325,Indiana Fever,1022400096,2024-06-23,L,87,32,69,0.464,13,30,0.433,10,14,0.714,1,24,25,28,9,4,9,25,-1.0,2024,False,CHI,1611661329
1611661325,Indiana Fever,1022400101,2024-06-27,L,77,29,65,0.446,8,19,0.421,11,18,0.611,14,30,44,21,4,4,20,16,-12.0,2024,False,SEA,1611661328
1611661325,Indiana Fever,1022400108,2024-06-30,W,88,28,63,0.444,8,28,0.286,24,31,0.774,9,33,42,20,5,2,14,24,6.0,2024,False,PHO,1611661317
1611661325,Indiana Fever,1022400113,2024-07-02,L,69,28,77,0.364,6,26,0.231,7,13,0.538,13,31,44,19,5,4,15,18,-19.0,2024,False,LVA,1611661319
1611661325,Indiana Fever,1022400121,2024-07-06,W,83,32,67,0.478,7,24,0.292,12,14,0.857,7,34,41,20,6,2,10,15,5.0,2024,True,NYL,1611661313
1611661325,Indiana Fever,1022400129,2024-07-10,L,84,31,58,0.534,8,25,0.32,14,17,0.824,2,27,29,18,9,7,21,21,-5.0,2024,True,WAS,1611661322
1611661325,Indiana Fever,1022400135,2024-07-12,W,95,39,81,0.481,6,31,0.194,11,14,0.786,15,27,42,23,8,6,16,16,9.0,2024,True,PHO,1611661317
1611661325,Indiana Fever,1022400142,2024-07-14,W,81,31,70,0.443,8,29,0.276,11,12,0.917,10,24,34,19,6,5,12,11,7.0,2024,False,MIN,1611661324
1611661325,Indiana Fever,1022400148,2024-07-17,L,93,38,71,0.535,6,25,0.24,11,17,0.647,9,26,35,26,2,7,17,15,-8.0,2024,False,DAL,1611661321
1611661325,Indiana Fever,1022400153,2024-08-16,W,98,34,74,0.459,14,36,0.389,16,17,0.941,8,31,39,23,4,4,10,17,9.0,2024,True,PHO,1611661317
1611661325,Indiana Fever,1022400160,2024-08-18,W,92,34,73,0.466,15,31,0.484,9,14,0.643,9,34,43,22,6,5,11,15,17.0,2024,True,SEA,1611661328
1611661325,Indiana Fever,1022400173,2024-08-24,L,80,33,76,0.434,7,29,0.241,7,8,0.875,15,25,40,16,5,1,15,16,-10.0,2024,False,MIN,1611661324
1611661325,Indiana Fever,1022400176,2024-08-26,W,84,31,76,0.408,10,27,0.37,12,15,0.8,11,32,43,18,8,3,13,18,5.0,2024,False,ATL,1611661330
1611661325,Indiana Fever,1022400180,2024-08-28,W,84,31,66,0.47,13,30,0.433,9,11,0.818,8,27,35,20,5,5,19,17,4.0,2024,True,CON,1611661323
1611661325,Indiana Fever,1022400185,2024-08-30,W,100,32,66,0.485,13,29,0.448,23,29,0.793,5,26,31,26,9,5,11,22,19.0,2024,False,CHI,1611661329
1611661325,Indiana Fever,1022400192,2024-09-01,W,100,37,70,0.529,11,22,0.5,15,17,0.882,9,29,38,24,7,9,20,21,7.0,2024,False,DAL,1611661321
1611661325,Indiana Fever,1022400199,2024-09-04,W,93,33,67,0.493,7,22,0.318,20,24,0.833,8,32,40,18,5,4,18,15,7.0,2024,True,LAS,1611661320
1611661325,Indiana Fever,1022400204,2024-09-06,L,88,32,75,0.427,13,29,0.448,11,13,0.846,12,24,36,19,3,3,14,22,-11.0,2024,True,MIN,1611661324
1611661325,Indiana Fever,1022400208,2024-09-08,W,104,37,68,0.544,10,25,0.4,20,25,0.8,7,30,37,23,5,4,17,19,4.0,2024,True,ATL,1611661330
1611661325,Indiana Fever,1022400215,2024-09-11,L,75,29,73,0.397,7,26,0.269,10,16,0.625,7,27,34,15,4,3,14,19,-11.0,2024,True,LVA,1611661319
1611661325,Indiana Fever,1022400220,2024-09-13,L,74,28,62,0.452,7,23,0.304,11,20,0.55,3,32,35,17,5,2,15,16,-4.0,2024,True,LVA,1611661319
1611661325,Indiana Fever,1022400224,2024-09-15,W,110,38,76,0.5,16,34,0.471,18,21,0.857,10,16,26,21,5,4,9,16,1.0,2024,True,DAL,1611661321
1611661325,Indiana Fever,1022400237,2024-09-19,L,91,34,64,0.531,10,20,0.5,13,15,0.867,3,29,32,28,9,0,16,14,-1.0,2024,False,WAS,1611661322
1611661325,Indiana Fever,1022500004,2025-05-17,W,93,35,75,0.467,7,21,0.333,16,25,0.64,9,37,46,19,13,10,10,15,35.0,2025,True,CHI,1611661329
1611661325,Indiana Fever,1022500011,2025-05-20,L,90,33,68,0.485,8,17,0.471,16,26,0.615,8,24,32,18,3,3,14,19,-1.0,2025,True,ATL,1611661330
1611661325,Indiana Fever,1022500015,2025-05-22,W,81,33,74,0.446,7,23,0.304,8,15,0.533,7,34,41,21,4,3,13,25,5.0,2025,False,ATL,1611661330
1611661325,Indiana Fever,1022500021,2025-05-24,L,88,35,78,0.449,7,23,0.304,11,15,0.733,12,27,39,20,6,1,16,25,-2.0,2025,True,NYL,1611661313
1611661325,Indiana Fever,1022500032,2025-05-28,L,77,25,63,0.397,5,21,0.238,22,27,0.815,6,27,33,15,9,6,17,26,-6.0,2025,False,WAS,1611661322
1611661325,Indiana Fever,1022500035,2025-05-30,L,83,29,59,0.492,7,17,0.412,18,21,0.857,5,20,25,20,8,2,14,19,-2.0,2025,True,CON,1611661323
1611661325,Indiana Fever,1022500045,2025-06-03,W,85,30,59,0.508,11,28,0.393,14,23,0.609,1,18,19,21,8,2,8,23,9.0,2025,True,WAS,1611661322
1611661325,Indiana Fever,1022500053,2025-06-07,W,79,27,59,0.458,11,27,0.407,14,18,0.778,9,23,32,20,9,4,14,18,27.0,2025,False,CHI,1611661329
1611661325,Indiana Fever,1022500058,2025-06-10,L,58,21,58,0.362,5,24,0.208,11,18,0.611,5,22,27,13,5,3,11,16,-19.0,2025,False,ATL,1611661330
1611661325,Indiana Fever,1022500066,2025-06-14,W,102,37,77,0.481,17,35,0.486,11,16,0.688,10,28,38,25,5,6,12,22,14.0,2025,True,NYL,1611661313
1611661325,Indiana Fever,1022500071,2025-06-17,W,88,31,68,0.456,11,26,0.423,15,16,0.938,11,27,38,19,6,1,15,21,17.0,2025,True,CON,1611661323
1611661325,Indiana Fever,1022500079,2025-06-19,L,77,29,66,0.439,8,29,0.276,11,12,0.917,5,30,35,20,3,3,16,22,-11.0,2025,False,GSV,1611661331
1611661325,Indiana Fever,1022500087,2025-06-22,L,81,34,70,0.486,6,23,0.261,7,9,0.778,9,24,33,23,9,1,16,17,-8.0,2025,False,LVA,1611661319
1611661325,Indiana Fever,1022500093,2025-06-24,W,94,36,71,0.507,8,24,0.333,14,16,0.875,15,23,38,18,10,1,15,21,8.0,2025,False,SEA,1611661328
1611661325,Indiana Fever,1022500096,2025-06-26,L,75,23,63,0.365,7,28,0.25,22,28,0.786,10,21,31,13,14,2,13,22,-10.0,2025,True,LAS,1611661320
1611661325,Indiana Fever,1022500099,2025-06-27,W,94,35,59,0.593,6,14,0.429,18,22,0.818,5,27,32,23,6,1,11,23,8.0,2025,False,DAL,1611661321
1611661325,Indiana Fever,1022500109,2025-07-03,W,81,31,63,0.492,5,16,0.313,14,17,0.824,10,27,37,24,5,3,12,18,27.0,2025,True,LVA,1611661319
1611661325,Indiana Fever,1022500114,2025-07-05,L,87,34,70,0.486,7,20,0.35,12,19,0.632,10,23,33,22,3,6,9,24,-2.0,2025,True,LAS,1611661320
1611661325,Indiana Fever,1022500124,2025-07-09,L,61,21,68,0.309,6,27,0.222,13,14,0.929,7,29,36,15,9,3,14,16,-19.0,2025,True,GSV,1611661331
1611661325,Indiana Fever,1022500129,2025-07-11,W,99,35,76,0.461,11,30,0.367,18,20,0.9,10,25,35,27,6,3,11,14,17.0,2025,True,ATL,1611661330
1611661325,Indiana Fever,1022500133,2025-07-13,W,102,40,77,0.519,8,24,0.333,14,19,0.737,11,22,33,30,11,2,8,17,19.0,2025,True,DAL,1611661321
1611661325,Indiana Fever,1022500139,2025-07-15,W,85,29,59,0.492,5,19,0.263,22,29,0.759,5,32,37,22,6,3,12,13,8.0,2025,False,CON,1611661323
1611661325,Indiana Fever,1022500144,2025-07-16,L,77,28,76,0.368,8,32,0.25,13,15,0.867,13,19,32,16,8,2,12,13,-21.0,2025,False,NYL,1611661313
1611661325,Indiana Fever,1022500147,2025-07-22,L,84,31,74,0.419,10,33,0.303,12,14,0.857,6,24,30,18,13,1,19,22,-14.0,2025,False,NYL,1611661313
1611661325,Indiana Fever,1022500153,2025-07-24,W,80,29,71,0.408,11,23,0.478,11,14,0.786,10,26,36,17,9,1,13,16,10.0,2025,True,LVA,1611661319
1611661325,Indiana Fever,1022500158,2025-07-27,W,93,33,70,0.471,11,29,0.379,16,16,1.0,7,22,29,26,15,3,11,14,15.0,2025,False,CHI,1611661329
1611661325,Indiana Fever,1022500170,2025-07-30,W,107,32,62,0.516,11,24,0.458,32,38,0.842,6,27,33,19,8,2,16,26,6.0,2025,True,PHX,1611661317
1611661325,Indiana Fever,1022500177,2025-08-01,W,88,33,73,0.452,12,28,0.429,10,13,0.769,14,30,44,25,10,3,19,20,10.0,2025,False,DAL,1611661321
1611661325,Indiana Fever,1022500184,2025-08-03,W,78,32,67,0.478,4,22,0.182,10,13,0.769,5,27,32,27,9,3,16,19,4.0,2025,False,SEA,1611661328
1611661325,Indiana Fever,1022500187,2025-08-05,L,91,34,77,0.442,12,33,0.364,11,13,0.846,10,17,27,23,4,2,4,16,-9.0,2025,False,LAS,1611661320
1611661325,Indiana Fever,1022500193,2025-08-07,L,60,23,67,0.343,7,30,0.233,7,13,0.538,11,21,32,12,8,6,20,18,-35.0,2025,False,PHX,1611661317
1611661325,Indiana Fever,1022500198,2025-08-09,W,92,33,70,0.471,11,28,0.393,15,19,0.789,11,27,38,21,8,6,7,8,22.0,2025,True,CHI,1611661329
1611661325,Indiana Fever,1022500205,2025-08-12,L,80,28,63,0.444,9,22,0.409,15,19,0.789,8,31,39,15,7,5,17,17,-1.0,2025,True,DAL,1611661321
1611661325,Indiana Fever,1022500211,2025-08-15,L,84,33,73,0.452,7,21,0.333,11,16,0.688,7,17,24,21,7,1,9,21,-4.0,2025,True,WAS,1611661322
1611661325,Indiana Fever,1022500218,2025-08-17,W,99,36,78,0.462,7,22,0.318,20,25,0.8,14,24,38,23,7,3,16,19,6.0,2025,False,CON,1611661323
1611661325,Indiana Fever,1022500232,2025-08-22,L,90,34,62,0.548,13,20,0.65,9,13,0.692,4,19,23,24,5,0,13,18,-5.0,2025,True,MIN,1611661324
1611661325,Indiana Fever,1022500240,2025-08-24,L,84,31,65,0.477,8,18,0.444,14,17,0.824,9,16,25,21,5,3,12,19,-13.0,2025,False,MIN,1611661324
1611661325,Indiana Fever,1022500243,2025-08-26,W,95,36,71,0.507,7,17,0.412,16,20,0.8,12,30,42,22,7,2,11,13,20.0,2025,True,SEA,1611661328
1611661325,Indiana Fever,1022500251,2025-08-29,W,76,33,81,0.407,5,22,0.227,5,10,0.5,15,25,40,21,13,3,15,18,1.0,2025,False,LAS,1611661320
1611661325,Indiana Fever,1022500257,2025-08-31,L,63,21,63,0.333,6,30,0.2,15,18,0.833,11,19,30,15,8,1,14,14,-12.0,2025,False,GSV,1611661331
1611661325,Indiana Fever,1022500262,2025-09-02,L,79,32,75,0.427,9,25,0.36,6,8,0.75,12,28,40,25,5,3,12,15,-6.0,2025,False,PHX,1611661317
1611661325,Indiana Fever,1022500269,2025-09-05,W,97,38,73,0.521,6,23,0.261,15,19,0.789,8,15,23,27,9,0,9,25,20.0,2025,True,CHI,1611661329
1611661325,Indiana Fever,1022500273,2025-09-07,W,94,36,70,0.514,9,19,0.474,13,19,0.684,8,21,29,21,10,1,6,21,29.0,2025,False,WAS,1611661322
1611661325,Indiana Fever,1022500278,2025-09-09,W,83,31,64,0.484,9,19,0.474,12,14,0.857,8,26,34,19,6,1,13,12,11.0,2025,True,MIN,1611661324
1611661325,Indiana Fever,1022600004,2026-05-09,L,104,40,77,0.519,7,24,0.292,17,21,0.81,7,21,28,23,4,2,14,25,-3.0,2026,True,DAL,1611661321
1611661325,Indiana Fever,1022600018,2026-05-13,W,87,31,63,0.492,9,30,0.3,16,19,0.842,8,25,33,23,7,3,16,24,9.0,2026,False,LAS,1611661320
1611661325,Indiana Fever,1022600022,2026-05-15,L,102,36,92,0.391,17,42,0.405,13,19,0.684,11,18,29,23,13,4,11,25,-2.0,2026,True,WAS,1611661322
1611661325,Indiana Fever,1022600027,2026-05-17,W,89,31,67,0.463,5,21,0.238,22,22,1.0,7,31,38,22,5,6,17,23,11.0,2026,True,SEA,1611661328
1611661325,Indiana Fever,1022600032,2026-05-20,W,90,28,62,0.452,9,28,0.321,25,29,0.862,5,31,36,21,6,5,14,21,17.0,2026,True,PDX,1611661327
1611661325,Indiana Fever,1022600039,2026-05-22,W,90,29,63,0.46,10,26,0.385,22,29,0.759,8,26,34,22,7,2,18,26,8.0,2026,True,GSV,1611661331
1611661325,Indiana Fever,1022600055,2026-05-28,L,88,30,73,0.411,9,28,0.321,19,21,0.905,7,27,34,22,7,5,11,25,-2.0,2026,False,GSV,1611661331
1611661325,Indiana Fever,1022600062,2026-05-30,L,84,24,58,0.414,5,22,0.227,31,35,0.886,9,17,26,21,6,3,17,24,-16.0,2026,False,PDX,1611661327
1611661325,Indiana Fever,1022600072,2026-06-04,W,83,30,63,0.476,11,25,0.44,12,15,0.8,6,29,35,16,6,7,14,22,12.0,2026,True,ATL,1611661330
1611661325,Indiana Fever,1022600080,2026-06-06,L,75,29,72,0.403,8,25,0.32,9,15,0.6,9,32,41,20,4,5,14,27,-8.0,2026,False,NYL,1611661313
1611661325,Indiana Fever,1022600084,2026-06-08,W,78,29,66,0.439,10,29,0.345,10,14,0.714,3,25,28,19,8,4,17,26,2.0,2026,False,WAS,1611661322
1611661325,Indiana Fever,1022600091,2026-06-11,W,114,39,87,0.448,7,28,0.25,29,31,0.935,19,27,46,22,8,6,15,27,8.0,2026,True,CHI,1611661329
1611661325,Indiana Fever,1022600097,2026-06-13,W,85,30,61,0.492,12,29,0.414,13,19,0.684,9,29,38,19,4,5,17,16,10.0,2026,False,CON,1611661323
1611661325,Indiana Fever,1022600106,2026-06-16,W,113,36,69,0.522,13,30,0.433,28,33,0.848,10,33,43,25,4,5,16,18,22.0,2026,True,TOR,1611661332
1611661325,Indiana Fever,1022600113,2026-06-18,L,101,35,63,0.556,8,17,0.471,23,29,0.793,5,21,26,16,7,3,18,26,-7.0,2026,True,ATL,1611661330
1611661325,Indiana Fever,1022600117,2026-06-20,L,96,33,67,0.493,13,30,0.433,17,21,0.81,4,26,30,20,1,3,19,29,-17.0,2026,False,ATL,1611661330
1611661325,Indiana Fever,1022600125,2026-06-22,W,86,27,64,0.422,10,34,0.294,22,29,0.759,12,27,39,15,6,2,14,23,9.0,2026,True,PHX,1611661317
1611661325,Indiana Fever,1022600128,2026-06-24,L,109,39,66,0.591,13,27,0.481,18,19,0.947,5,21,26,30,6,1,16,29,-2.0,2026,True,PHX,1611661317
1611661325,Indiana Fever,1022600139,2026-06-27,W,111,37,67,0.552,10,19,0.526,27,33,0.818,9,32,41,23,6,6,12,24,24.0,2026,True,LAS,1611661320
1611661325,Indiana Fever,1022600153,2026-07-05,W,84,30,70,0.429,9,23,0.391,15,20,0.75,13,26,39,18,5,3,7,20,16.0,2026,False,LVA,1611661319
1611661325,Indiana Fever,1022600161,2026-07-08,L,92,33,77,0.429,11,34,0.324,15,21,0.714,12,29,41,18,8,5,16,22,-14.0,2026,False,LAS,1611661320
1611661325,Indiana Fever,1022600163,2026-07-09,W,92,35,70,0.5,12,27,0.444,10,10,1.0,6,24,30,18,8,4,10,16,3.0,2026,False,PHX,1611661317
1611661325,Indiana Fever,1022600174,2026-07-12,W,109,38,68,0.559,15,31,0.484,18,19,0.947,5,30,35,18,6,1,9,17,34.0,2026,False,LVA,1611661319
1611661325,Indiana Fever,1022600181,2026-07-15,L,75,27,67,0.403,9,25,0.36,12,16,0.75,10,16,26,14,8,2,15,19,-13.0,2026,True,GSV,1611661331
1611661325,Indiana Fever,1022600184,2026-07-17,W,110,36,72,0.5,10,23,0.435,28,31,0.903,13,13,26,21,12,3,12,17,3.0,2026,True,SEA,1611661328
1611661325,Indiana Fever,1022600188,2026-07-18,W,108,37,69,0.536,14,28,0.5,20,27,0.741,8,24,32,22,7,5,16,24,20.0,2026,True,NYL,1611661313
1611661325,Indiana Fever,1022600201,2026-07-22,W,123,45,73,0.616,11,22,0.5,22,27,0.815,8,27,35,29,7,7,13,18,35.0,2026,True,CON,1611661323
1611661325,Indiana Fever,1022600205,2026-07-28,W,105,33,64,0.516,13,24,0.542,26,26,1.0,6,30,36,16,3,3,11,21,10.0,2026,False,SEA,1611661328
1611661325,Indiana Fever,1022600215,2026-07-31,W,112,36,68,0.529,10,29,0.345,30,34,0.882,8,22,30,24,14,4,13,21,14.0,2026,False,PDX,1611661327
1611661325,Indiana Fever,1022600218,2026-08-02,L,100,39,68,0.574,11,24,0.458,11,15,0.733,5,18,23,27,4,2,12,15,-8.0,2026,False,MIN,1611661324
1611661325,Indiana Fever,1022600230,2026-08-06,L,84,31,67,0.463,7,20,0.35,15,20,0.75,6,32,38,16,10,4,21,16,-2.0,2026,True,LVA,1611661319
1611661325,Indiana Fever,1022600237,2026-08-08,W,90,35,68,0.515,9,22,0.409,11,16,0.688,7,27,34,23,8,7,13,18,4.0,2026,False,CHI,1611661329
1611661325,Indiana Fever,1022600245,2026-08-11,W,106,37,69,0.536,16,25,0.64,16,19,0.842,4,23,27,22,7,4,11,17,14.0,2026,True,NYL,1611661313
1611661325,Indiana Fever,1022600254,2026-08-14,W,98,39,74,0.527,9,24,0.375,11,13,0.846,9,25,34,14,4,2,9,21,11.0,2026,True,DAL,1611661321
1611661325,Indiana Fever,1022600261,2026-08-16,W,95,36,81,0.444,6,24,0.25,17,23,0.739,10,30,40,18,8,6,9,19,4.0,2026,False,ATL,1611661330
1611661325,Indiana Fever,1022600264,2026-08-18,W,101,37,70,0.529,11,25,0.44,16,19,0.842,7,25,32,20,7,3,15,22,6.0,2026,False,TOR,1611661332
1611661325,Indiana Fever,1022600269,2026-08-20,L,85,27,66,0.409,7,23,0.304,24,26,0.923,5,23,28,17,6,3,7,23,-6.0,2026,False,DAL,1611661321
1611661325,Indiana Fever,1022600275,2026-08-22,L,102,40,70,0.571,11,26,0.423,11,22,0.5,3,24,27,25,7,0,8,24,-7.0,2026,False,NYL,1611661313
1611661325,Indiana Fever,1022600279,2026-08-23,W,113,42,79,0.532,18,33,0.545,11,16,0.688,7,24,31,26,6,3,7,14,23.0,2026,False,CHI,1611661329
1611661325,Indiana Fever,1022600292,2026-08-28,W,111,39,67,0.582,12,29,0.414,21,32,0.656,6,28,34,23,13,6,12,17,20.0,2026,True,CON,1611661323
1611661325,Indiana Fever,1022600306,2026-09-18,W,103,36,61,0.59,15,29,0.517,16,20,0.8,3,27,30,26,8,5,11,21,18.0,2026,False,TOR,1611661332
1611661325,Indiana Fever,1022600314,2026-09-20,L,77,26,71,0.366,6,28,0.214,19,21,0.905,11,19,30,13,9,4,12,19,-16.0,2026,True,WAS,1611661322
1611661325,Indiana Fever,1022600320,2026-09-22,W,96,32,63,0.508,9,26,0.346,23,28,0.821,6,33,39,27,11,3,13,21,19.0,2026,True,MIN,1611661324
1611661325,Indiana Fever,1022600328,2026-09-24,L,66,25,73,0.342,5,32,0.156,11,20,0.55,16,27,43,13,9,3,15,13,-20.0,2026,False,MIN,1611661324
1611661327,Portland Fire,1022600006,2026-05-09,L,83,29,71,0.408,9,29,0.31,16,20,0.8,3,21,24,20,6,7,8,24,-15.0,2026,True,CHI,1611661329
1611661327,Portland Fire,1022600014,2026-05-12,W,98,34,68,0.5,15,33,0.455,15,15,1.0,8,18,26,15,8,4,13,21,2.0,2026,True,NYL,1611661313
1611661327,Portland Fire,1022600020,2026-05-14,L,82,30,68,0.441,9,31,0.29,13,20,0.65,7,23,30,22,7,2,15,22,-18.0,2026,True,NYL,1611661313
1611661327,Portland Fire,1022600030,2026-05-18,W,83,28,62,0.452,7,22,0.318,20,26,0.769,7,20,27,23,11,3,15,23,1.0,2026,True,CON,1611661323
1611661327,Portland Fire,1022600032,2026-05-20,L,73,27,62,0.435,3,16,0.188,16,17,0.941,3,25,28,9,8,3,12,26,-17.0,2026,False,IND,1611661325
1611661327,Portland Fire,1022600042,2026-05-23,W,99,35,70,0.5,11,23,0.478,18,21,0.857,10,23,33,24,7,7,14,22,19.0,2026,False,TOR,1611661332
1611661327,Portland Fire,1022600047,2026-05-25,W,81,31,75,0.413,9,26,0.346,10,14,0.714,8,21,29,18,12,6,12,22,7.0,2026,False,NYL,1611661313
1611661327,Portland Fire,1022600052,2026-05-27,W,71,24,52,0.462,7,22,0.318,16,24,0.667,6,20,26,16,10,3,19,21,10.0,2026,True,CON,1611661323
1611661327,Portland Fire,1022600059,2026-05-29,L,66,25,56,0.446,9,27,0.333,7,8,0.875,6,17,23,18,4,4,28,22,-20.0,2026,True,ATL,1611661330
1611661327,Portland Fire,1022600062,2026-05-30,W,100,36,70,0.514,9,23,0.391,19,20,0.95,8,17,25,26,8,5,11,26,16.0,2026,True,IND,1611661325
1611661327,Portland Fire,1022600068,2026-06-02,L,77,28,61,0.459,9,24,0.375,12,16,0.75,8,20,28,19,3,2,15,18,-18.0,2026,False,GSV,1611661331
1611661327,Portland Fire,1022600076,2026-06-05,L,72,24,57,0.421,10,26,0.385,14,17,0.824,8,24,32,18,3,2,20,19,-6.0,2026,True,PHX,1611661317
1611661327,Portland Fire,1022600082,2026-06-07,L,72,26,72,0.361,3,28,0.107,17,22,0.773,14,28,42,19,5,5,15,21,-17.0,2026,False,LAS,1611661320
1611661327,Portland Fire,1022600094,2026-06-11,L,89,36,68,0.529,8,26,0.308,9,12,0.75,1,18,19,22,7,3,9,25,-16.0,2026,True,LVA,1611661319
1611661327,Portland Fire,1022600099,2026-06-13,W,84,30,68,0.441,14,31,0.452,10,13,0.769,5,27,32,26,5,5,12,24,1.0,2026,True,DAL,1611661321
1611661327,Portland Fire,1022600104,2026-06-15,L,74,28,69,0.406,10,30,0.333,8,11,0.727,10,17,27,21,7,2,21,24,-33.0,2026,False,MIN,1611661324
1611661327,Portland Fire,1022600112,2026-06-17,W,94,27,70,0.386,17,42,0.405,23,27,0.852,14,18,32,20,7,7,12,18,5.0,2026,True,SEA,1611661328
1611661327,Portland Fire,1022600130,2026-06-24,L,78,26,69,0.377,10,25,0.4,16,20,0.8,8,21,29,20,7,5,11,23,-23.0,2026,False,CHI,1611661329
1611661327,Portland Fire,1022600136,2026-06-26,L,94,32,79,0.405,9,30,0.3,21,27,0.778,11,13,24,19,10,4,9,23,-30.0,2026,False,CHI,1611661329
1611661327,Portland Fire,1022600142,2026-06-28,L,123,45,101,0.446,14,39,0.359,19,21,0.905,12,32,44,29,12,8,22,39,-1.0,2026,False,WAS,1611661322
1611661327,Portland Fire,1022600151,2026-07-04,W,77,25,68,0.368,4,25,0.16,23,25,0.92,10,37,47,17,9,3,19,19,5.0,2026,False,SEA,1611661328
1611661327,Portland Fire,1022600164,2026-07-09,L,80,27,61,0.443,11,32,0.344,15,20,0.75,6,24,30,17,8,3,17,19,-8.0,2026,True,LVA,1611661319
1611661327,Portland Fire,1022600170,2026-07-11,W,102,36,60,0.6,14,29,0.483,16,19,0.842,2,24,26,28,7,4,16,26,10.0,2026,False,ATL,1611661330
1611661327,Portland Fire,1022600177,2026-07-14,L,87,29,60,0.483,9,26,0.346,20,21,0.952,4,20,24,19,10,3,15,14,-3.0,2026,False,CON,1611661323
1611661327,Portland Fire,1022600182,2026-07-16,W,75,29,67,0.433,10,36,0.278,7,9,0.778,8,22,30,20,10,2,11,26,19.0,2026,False,WAS,1611661322
1611661327,Portland Fire,1022600189,2026-07-18,L,93,37,77,0.481,13,30,0.433,6,7,0.857,9,24,33,25,7,2,10,16,-8.0,2026,False,MIN,1611661324
1611661327,Portland Fire,1022600202,2026-07-22,L,97,37,65,0.569,10,26,0.385,13,17,0.765,3,19,22,24,6,2,11,21,-4.0,2026,True,DAL,1611661321
1611661327,Portland Fire,1022600206,2026-07-28,L,83,27,68,0.397,9,31,0.29,20,25,0.8,12,21,33,18,5,1,13,23,-15.0,2026,False,LVA,1611661319
1611661327,Portland Fire,1022600215,2026-07-31,L,98,35,67,0.522,14,31,0.452,14,18,0.778,7,18,25,26,8,3,20,24,-14.0,2026,True,IND,1611661325
1611661327,Portland Fire,1022600219,2026-08-02,L,101,35,77,0.455,15,37,0.405,16,18,0.889,11,23,34,21,8,2,14,21,-5.0,2026,True,LAS,1611661320
1611661327,Portland Fire,1022600232,2026-08-06,W,97,33,66,0.5,11,27,0.407,20,24,0.833,8,25,33,23,7,4,15,22,14.0,2026,True,TOR,1611661332
1611661327,Portland Fire,1022600238,2026-08-08,W,100,34,66,0.515,15,36,0.417,17,20,0.85,4,27,31,25,6,1,10,18,7.0,2026,True,SEA,1611661328
1611661327,Portland Fire,1022600250,2026-08-12,L,81,32,71,0.451,8,31,0.258,9,16,0.563,11,28,39,21,7,4,14,19,-4.0,2026,True,MIN,1611661324
1611661327,Portland Fire,1022600255,2026-08-14,W,84,31,72,0.431,12,37,0.324,10,17,0.588,11,32,43,22,8,4,14,18,2.0,2026,False,SEA,1611661328
1611661327,Portland Fire,1022600260,2026-08-16,W,88,32,71,0.451,10,37,0.27,14,21,0.667,10,26,36,15,6,4,11,23,3.0,2026,False,PHX,1611661317
1611661327,Portland Fire,1022600274,2026-08-21,L,79,27,70,0.386,11,31,0.355,14,17,0.824,8,19,27,22,4,3,11,26,-3.0,2026,False,TOR,1611661332
1611661327,Portland Fire,1022600280,2026-08-23,L,100,36,74,0.486,13,28,0.464,15,15,1.0,7,18,25,21,9,2,12,28,-5.0,2026,True,WAS,1611661322
1611661327,Portland Fire,1022600285,2026-08-25,L,78,27,72,0.375,10,36,0.278,14,17,0.824,14,19,33,20,8,3,11,16,-18.0,2026,False,DAL,1611661321
1611661327,Portland Fire,1022600291,2026-08-28,W,101,38,65,0.585,13,30,0.433,12,14,0.857,6,24,30,16,11,7,11,24,18.0,2026,False,ATL,1611661330
1611661327,Portland Fire,1022600299,2026-08-30,L,69,24,62,0.387,10,39,0.256,11,13,0.846,9,20,29,19,8,1,15,17,-17.0,2026,True,GSV,1611661331
1611661327,Portland Fire,1022600304,2026-09-17,L,91,29,62,0.468,12,30,0.4,21,28,0.75,8,17,25,20,12,3,17,24,-3.0,2026,True,PHX,1611661317
1611661327,Portland Fire,1022600308,2026-09-18,L,66,22,61,0.361,8,29,0.276,14,17,0.824,8,30,38,17,9,2,19,15,-16.0,2026,False,GSV,1611661331
1611661327,Portland Fire,1022600315,2026-09-20,L,84,28,64,0.438,6,27,0.222,22,31,0.71,8,15,23,17,10,2,15,27,-21.0,2026,False,LAS,1611661320
1611661327,Portland Fire,1022600323,2026-09-22,W,90,29,74,0.392,10,36,0.278,22,23,0.957,9,25,34,21,5,6,10,26,8.0,2026,True,GSV,1611661331
1611661328,Seattle Storm,1021500009,2015-06-06,W,86,33,64,0.516,9,20,0.45,11,19,0.579,6,30,36,21,4,4,6,14,25.0,2015,True,LAS,1611661320
1611661328,Seattle Storm,1021500012,2015-06-09,L,45,15,63,0.238,4,24,0.167,11,12,0.917,6,29,35,7,7,5,18,25,-23.0,2015,False,TUL,1611661321
1611661328,Seattle Storm,1021500016,2015-06-11,L,70,24,63,0.381,7,19,0.368,15,16,0.938,3,18,21,19,2,4,9,18,-24.0,2015,False,MIN,1611661324
1611661328,Seattle Storm,1021500023,2015-06-14,W,60,21,54,0.389,6,18,0.333,12,17,0.706,4,29,33,15,4,1,12,13,6.0,2015,False,LAS,1611661320
1611661328,Seattle Storm,1021500027,2015-06-16,L,58,21,53,0.396,2,11,0.182,14,18,0.778,4,22,26,12,6,6,22,18,-21.0,2015,True,CON,1611661323
1611661328,Seattle Storm,1021500039,2015-06-21,L,72,28,60,0.467,1,13,0.077,15,19,0.789,7,30,37,15,4,7,15,20,-12.0,2015,True,PHO,1611661317
1611661328,Seattle Storm,1021500043,2015-06-25,L,73,28,62,0.452,9,24,0.375,8,11,0.727,6,26,32,15,5,1,17,23,-3.0,2015,True,MIN,1611661324
1611661328,Seattle Storm,1021500049,2015-06-27,L,71,29,65,0.446,5,13,0.385,8,8,1.0,5,22,27,16,11,2,14,17,-2.0,2015,False,SAN,1611661319
1611661328,Seattle Storm,1021500052,2015-06-28,L,89,35,69,0.507,7,16,0.438,12,13,0.923,6,20,26,21,8,5,9,24,-4.0,2015,False,TUL,1611661321
1611661328,Seattle Storm,1021500056,2015-06-30,W,74,29,62,0.468,5,12,0.417,11,16,0.688,3,32,35,18,2,5,9,17,5.0,2015,True,TUL,1611661321
1611661328,Seattle Storm,1021500061,2015-07-03,L,57,24,62,0.387,5,18,0.278,4,5,0.8,2,22,24,22,7,3,12,13,-25.0,2015,False,MIN,1611661324
1611661328,Seattle Storm,1021500063,2015-07-05,L,64,23,59,0.39,4,17,0.235,14,16,0.875,4,27,31,19,10,6,14,26,-8.0,2015,False,ATL,1611661330
1611661328,Seattle Storm,1021500066,2015-07-08,L,65,19,45,0.422,5,17,0.294,22,26,0.846,4,24,28,12,4,4,19,17,-23.0,2015,False,IND,1611661325
1611661328,Seattle Storm,1021500071,2015-07-10,L,79,26,57,0.456,8,17,0.471,19,22,0.864,5,21,26,17,6,1,15,16,-15.0,2015,True,PHO,1611661317
1611661328,Seattle Storm,1021500075,2015-07-12,L,60,24,63,0.381,8,18,0.444,4,7,0.571,2,26,28,21,3,3,12,18,-10.0,2015,False,PHO,1611661317
1611661328,Seattle Storm,1021500081,2015-07-15,W,68,25,64,0.391,5,18,0.278,13,16,0.813,7,15,22,17,15,2,11,17,7.0,2015,True,LAS,1611661320
1611661328,Seattle Storm,1021500089,2015-07-18,W,86,33,58,0.569,3,7,0.429,17,23,0.739,4,27,31,25,8,4,16,21,13.0,2015,True,ATL,1611661330
1611661328,Seattle Storm,1021500098,2015-07-21,L,77,30,62,0.484,4,13,0.308,13,14,0.929,6,26,32,15,6,3,14,17,-4.0,2015,True,NYL,1611661313
1611661328,Seattle Storm,1021500102,2015-07-29,L,74,30,73,0.411,5,15,0.333,9,11,0.818,8,25,33,20,3,4,7,14,-13.0,2015,False,WAS,1611661322
1611661328,Seattle Storm,1021500107,2015-07-31,L,66,24,61,0.393,2,9,0.222,16,19,0.842,6,29,35,12,8,2,15,16,-1.0,2015,False,CON,1611661323
1611661328,Seattle Storm,1021500112,2015-08-02,L,62,24,62,0.387,8,17,0.471,6,9,0.667,6,27,33,18,6,1,17,15,-16.0,2015,False,NYL,1611661313
1611661328,Seattle Storm,1021500127,2015-08-08,L,81,35,66,0.53,2,11,0.182,9,10,0.9,1,22,23,25,6,4,15,22,-7.0,2015,False,SAN,1611661319
1611661328,Seattle Storm,1021500135,2015-08-11,W,85,34,67,0.507,7,17,0.412,10,11,0.909,3,27,30,24,7,4,9,17,8.0,2015,False,LAS,1611661320
1611661328,Seattle Storm,1021500137,2015-08-12,L,66,28,66,0.424,4,11,0.364,6,7,0.857,7,22,29,15,6,0,10,17,-17.0,2015,False,PHO,1611661317
1611661328,Seattle Storm,1021500140,2015-08-14,L,84,29,60,0.483,5,13,0.385,21,28,0.75,7,24,31,19,5,1,11,23,-10.0,2015,True,CHI,1611661329
1611661328,Seattle Storm,1021500146,2015-08-16,W,72,27,61,0.443,1,8,0.125,17,22,0.773,11,26,37,15,7,3,16,17,9.0,2015,True,SAN,1611661319
1611661328,Seattle Storm,1021500156,2015-08-21,L,63,25,54,0.463,4,12,0.333,9,15,0.6,3,25,28,12,3,4,19,19,-12.0,2015,True,IND,1611661325
1611661328,Seattle Storm,1021500169,2015-08-28,W,83,29,62,0.468,3,14,0.214,22,23,0.957,9,28,37,14,6,3,18,20,14.0,2015,True,SAN,1611661319
1611661328,Seattle Storm,1021500176,2015-08-30,W,69,18,43,0.419,2,9,0.222,31,34,0.912,5,25,30,11,7,6,17,19,10.0,2015,True,WAS,1611661322
1611661328,Seattle Storm,1021500181,2015-09-03,L,67,26,58,0.448,4,12,0.333,11,15,0.733,5,22,27,16,5,2,15,20,-18.0,2015,True,TUL,1611661321
1611661328,Seattle Storm,1021500188,2015-09-06,L,65,22,56,0.393,6,14,0.429,15,18,0.833,5,21,26,16,7,2,21,12,-28.0,2015,False,CHI,1611661329
1611661328,Seattle Storm,1021500191,2015-09-08,L,67,27,58,0.466,4,9,0.444,9,10,0.9,4,20,24,17,5,3,18,15,-6.0,2015,False,MIN,1611661324
1611661328,Seattle Storm,1021500199,2015-09-11,W,78,29,65,0.446,3,14,0.214,17,21,0.81,6,27,33,16,5,3,9,17,14.0,2015,True,MIN,1611661324
1611661328,Seattle Storm,1021500204,2015-09-13,L,58,24,71,0.338,2,13,0.154,8,8,1.0,9,38,47,12,7,6,17,12,-1.0,2015,True,SAN,1611661319
1611661328,Seattle Storm,1021600006,2016-05-15,L,66,24,49,0.49,1,10,0.1,17,22,0.773,5,20,25,13,5,2,24,23,-30.0,2016,False,LAS,1611661320
1611661328,Seattle Storm,1021600014,2016-05-20,W,81,26,65,0.4,9,23,0.391,20,24,0.833,10,29,39,15,5,2,16,21,1.0,2016,False,PHO,1611661317
1611661328,Seattle Storm,1021600019,2016-05-22,L,71,28,66,0.424,6,20,0.3,9,11,0.818,6,28,34,16,4,4,15,18,-7.0,2016,True,MIN,1611661324
1611661328,Seattle Storm,1021600024,2016-05-26,L,82,29,70,0.414,7,19,0.368,17,20,0.85,6,21,27,15,5,6,11,23,-2.0,2016,True,WAS,1611661322
1611661328,Seattle Storm,1021600028,2016-05-28,W,93,32,57,0.561,6,18,0.333,23,29,0.793,12,17,29,16,6,3,18,18,12.0,2016,True,CON,1611661323
1611661328,Seattle Storm,1021600035,2016-06-01,L,75,28,52,0.538,5,18,0.278,14,18,0.778,1,21,22,16,9,5,20,24,-10.0,2016,False,IND,1611661325
1611661328,Seattle Storm,1021600040,2016-06-03,W,95,32,63,0.508,12,24,0.5,19,24,0.792,14,23,37,25,10,3,10,15,14.0,2016,True,PHO,1611661317
1611661328,Seattle Storm,1021600045,2016-06-05,L,78,28,69,0.406,5,22,0.227,17,21,0.81,6,25,31,23,4,4,7,19,-8.0,2016,True,NYL,1611661313
1611661328,Seattle Storm,1021600050,2016-06-10,L,76,30,68,0.441,8,25,0.32,8,9,0.889,4,29,33,19,7,1,12,17,-1.0,2016,False,CON,1611661323
1611661328,Seattle Storm,1021600058,2016-06-12,W,90,28,53,0.528,9,19,0.474,25,28,0.893,4,22,26,14,4,5,16,19,2.0,2016,False,IND,1611661325
1611661328,Seattle Storm,1021600062,2016-06-14,L,70,23,70,0.329,5,24,0.208,19,23,0.826,11,21,32,11,4,2,11,18,-7.0,2016,False,SAN,1611661319
1611661328,Seattle Storm,1021600065,2016-06-16,L,79,27,59,0.458,2,15,0.133,23,27,0.852,9,15,24,19,10,4,19,22,-9.0,2016,False,DAL,1611661321
1611661328,Seattle Storm,1021600073,2016-06-19,L,84,28,61,0.459,7,19,0.368,21,25,0.84,2,21,23,16,7,1,14,15,-12.0,2016,True,MIN,1611661324
1611661328,Seattle Storm,1021600083,2016-06-24,W,98,35,57,0.614,8,18,0.444,20,24,0.833,2,27,29,20,9,5,15,16,17.0,2016,True,CON,1611661323
1611661328,Seattle Storm,1021600089,2016-06-28,W,84,30,60,0.5,6,18,0.333,18,20,0.9,6,21,27,20,8,5,12,15,3.0,2016,True,ATL,1611661330
1611661328,Seattle Storm,1021600096,2016-06-30,L,78,28,66,0.424,7,20,0.35,15,16,0.938,7,21,28,20,9,7,13,22,-5.0,2016,True,DAL,1611661321
1611661328,Seattle Storm,1021600104,2016-07-05,L,64,25,61,0.41,4,14,0.286,10,10,1.0,4,23,27,15,5,5,16,18,-13.0,2016,False,ATL,1611661330
1611661328,Seattle Storm,1021600107,2016-07-06,L,74,28,68,0.412,10,24,0.417,8,13,0.615,5,27,32,24,6,1,13,17,-4.0,2016,False,NYL,1611661313
1611661328,Seattle Storm,1021600112,2016-07-08,W,78,30,60,0.5,6,19,0.316,12,13,0.923,5,26,31,25,6,3,12,11,10.0,2016,False,SAN,1611661319
1611661328,Seattle Storm,1021600120,2016-07-10,L,82,28,60,0.467,9,22,0.409,17,22,0.773,6,17,23,20,4,1,12,16,-11.0,2016,True,IND,1611661325
1611661328,Seattle Storm,1021600130,2016-07-15,W,80,32,68,0.471,9,24,0.375,7,9,0.778,8,30,38,20,8,5,8,12,29.0,2016,True,WAS,1611661322
1611661328,Seattle Storm,1021600135,2016-07-17,L,88,34,70,0.486,11,28,0.393,9,13,0.692,6,22,28,28,5,8,12,15,-3.0,2016,True,CHI,1611661329
1611661328,Seattle Storm,1021600141,2016-07-20,W,83,30,60,0.5,10,23,0.435,13,17,0.765,1,36,37,21,6,9,11,14,14.0,2016,True,SAN,1611661319
1611661328,Seattle Storm,1021600145,2016-07-22,L,72,22,57,0.386,8,19,0.421,20,23,0.87,7,18,25,18,7,0,14,19,-7.0,2016,False,MIN,1611661324
1611661328,Seattle Storm,1021600151,2016-08-26,W,79,29,66,0.439,10,22,0.455,11,15,0.733,6,28,34,20,10,0,12,14,7.0,2016,True,LAS,1611661320
1611661328,Seattle Storm,1021600155,2016-08-28,L,80,30,70,0.429,8,18,0.444,12,14,0.857,9,20,29,20,6,1,11,19,-12.0,2016,False,MIN,1611661324
1611661328,Seattle Storm,1021600160,2016-08-31,W,78,27,63,0.429,3,15,0.2,21,28,0.75,10,30,40,17,8,5,13,16,12.0,2016,True,DAL,1611661321
1611661328,Seattle Storm,1021600165,2016-09-02,L,88,31,75,0.413,8,26,0.308,18,20,0.9,11,28,39,24,4,5,8,17,-4.0,2016,False,CHI,1611661329
1611661328,Seattle Storm,1021600170,2016-09-04,W,91,34,69,0.493,7,21,0.333,16,16,1.0,9,23,32,23,5,6,14,23,9.0,2016,False,ATL,1611661330
1611661328,Seattle Storm,1021600176,2016-09-07,W,102,40,73,0.548,9,24,0.375,13,18,0.722,11,30,41,22,3,6,9,15,24.0,2016,False,NYL,1611661313
1611661328,Seattle Storm,1021600179,2016-09-09,W,81,30,55,0.545,7,14,0.5,14,17,0.824,2,34,36,20,3,3,15,14,5.0,2016,False,WAS,1611661322
1611661328,Seattle Storm,1021600188,2016-09-11,W,78,27,61,0.443,6,23,0.261,18,18,1.0,8,32,40,17,7,1,16,14,18.0,2016,True,LAS,1611661320
1611661328,Seattle Storm,1021600195,2016-09-15,L,62,21,60,0.35,5,16,0.313,15,16,0.938,8,24,32,10,4,1,16,17,-24.0,2016,False,PHO,1611661317
1611661328,Seattle Storm,1021600204,2016-09-18,W,88,29,68,0.426,11,23,0.478,19,23,0.826,10,25,35,22,12,2,12,12,13.0,2016,True,CHI,1611661329
1611661328,Seattle Storm,1021700002,2017-05-13,L,68,26,50,0.52,4,16,0.25,12,12,1.0,3,24,27,20,4,7,23,16,-10.0,2017,False,LAS,1611661320
1611661328,Seattle Storm,1021700006,2017-05-14,W,87,29,60,0.483,5,13,0.385,24,27,0.889,14,20,34,13,4,2,20,17,5.0,2017,True,IND,1611661325
1611661328,Seattle Storm,1021700016,2017-05-21,W,81,31,63,0.492,6,18,0.333,13,15,0.867,4,24,28,20,3,3,11,19,10.0,2017,True,WAS,1611661322
1611661328,Seattle Storm,1021700024,2017-05-26,W,87,24,61,0.393,14,28,0.5,25,32,0.781,8,31,39,15,4,6,10,14,6.0,2017,True,NYL,1611661313
1611661328,Seattle Storm,1021700028,2017-05-28,W,94,35,57,0.614,8,18,0.444,16,17,0.941,4,23,27,24,14,1,16,18,24.0,2017,True,IND,1611661325
1611661328,Seattle Storm,1021700038,2017-06-03,L,77,29,63,0.46,4,12,0.333,15,16,0.938,6,15,21,18,6,3,14,16,-23.0,2017,True,MIN,1611661324
1611661328,Seattle Storm,1021700042,2017-06-06,W,85,28,58,0.483,6,18,0.333,23,28,0.821,4,24,28,22,4,1,10,14,9.0,2017,False,SAN,1611661319
1611661328,Seattle Storm,1021700047,2017-06-09,L,80,28,59,0.475,9,23,0.391,15,19,0.789,6,21,27,18,3,3,10,17,-3.0,2017,False,IND,1611661325
1611661328,Seattle Storm,1021700052,2017-06-11,L,86,31,70,0.443,10,23,0.435,14,17,0.824,9,26,35,23,2,3,14,21,-8.0,2017,False,NYL,1611661313
1611661328,Seattle Storm,1021700055,2017-06-13,L,86,28,66,0.424,5,26,0.192,25,30,0.833,8,23,31,16,11,4,15,22,-5.0,2017,True,ATL,1611661330
1611661328,Seattle Storm,1021700066,2017-06-18,W,75,26,63,0.413,5,21,0.238,18,20,0.9,6,32,38,17,9,7,14,14,18.0,2017,True,SAN,1611661319
1611661328,Seattle Storm,1021700072,2017-06-23,L,82,28,59,0.475,9,22,0.409,17,22,0.773,4,21,25,19,5,1,12,21,-3.0,2017,True,PHO,1611661317
1611661328,Seattle Storm,1021700077,2017-06-27,L,70,28,66,0.424,4,21,0.19,10,11,0.909,8,24,32,18,5,4,23,23,-30.0,2017,False,WAS,1611661322
1611661328,Seattle Storm,1021700081,2017-06-29,L,89,35,70,0.5,10,20,0.5,9,11,0.818,6,24,30,17,5,0,9,14,-7.0,2017,False,CON,1611661323
1611661328,Seattle Storm,1021700086,2017-07-01,W,89,37,65,0.569,9,20,0.45,6,14,0.429,7,30,37,29,7,4,17,20,20.0,2017,False,DAL,1611661321
1611661328,Seattle Storm,1021700093,2017-07-06,L,70,24,64,0.375,4,15,0.267,18,23,0.783,10,26,36,12,7,2,14,22,-9.0,2017,True,NYL,1611661313
1611661328,Seattle Storm,1021700098,2017-07-08,W,81,28,54,0.519,8,15,0.533,17,18,0.944,4,24,28,20,5,3,18,12,12.0,2017,True,LAS,1611661320
1611661328,Seattle Storm,1021700103,2017-07-12,L,79,32,63,0.508,6,20,0.3,9,11,0.818,3,24,27,19,4,3,15,19,-4.0,2017,True,CON,1611661323
1611661328,Seattle Storm,1021700109,2017-07-15,W,90,35,68,0.515,8,21,0.381,12,13,0.923,3,26,29,20,7,2,13,19,6.0,2017,True,ATL,1611661330
1611661328,Seattle Storm,1021700116,2017-07-18,L,83,28,56,0.5,6,18,0.333,21,24,0.875,7,23,30,17,5,2,18,17,-11.0,2017,True,CHI,1611661329
1611661328,Seattle Storm,1021700128,2017-07-25,L,60,21,53,0.396,5,21,0.238,13,17,0.765,4,24,28,19,8,6,18,18,-8.0,2017,False,LAS,1611661320
1611661328,Seattle Storm,1021700134,2017-07-28,W,109,40,65,0.615,11,15,0.733,18,21,0.857,6,24,30,29,10,7,12,21,16.0,2017,True,DAL,1611661321
1611661328,Seattle Storm,1021700140,2017-07-30,L,82,30,66,0.455,10,25,0.4,12,18,0.667,7,22,29,23,1,1,11,23,-11.0,2017,False,MIN,1611661324
1611661328,Seattle Storm,1021700145,2017-08-04,L,80,28,63,0.444,7,16,0.438,17,23,0.739,5,20,25,14,5,3,9,13,-13.0,2017,False,DAL,1611661321
1611661328,Seattle Storm,1021700149,2017-08-05,L,80,32,71,0.451,6,23,0.261,10,20,0.5,10,25,35,26,15,4,17,21,-7.0,2017,False,SAN,1611661319
1611661328,Seattle Storm,1021700154,2017-08-08,L,71,27,75,0.36,8,28,0.286,9,11,0.818,8,31,39,15,4,0,12,21,-13.0,2017,False,CON,1611661323
1611661328,Seattle Storm,1021700163,2017-08-12,W,98,36,64,0.563,10,20,0.5,16,24,0.667,5,25,30,27,9,5,10,27,9.0,2017,False,PHO,1611661317
1611661328,Seattle Storm,1021700167,2017-08-16,W,62,25,59,0.424,7,21,0.333,5,6,0.833,6,26,32,17,6,4,12,15,1.0,2017,True,MIN,1611661324
1611661328,Seattle Storm,1021700172,2017-08-18,W,79,31,68,0.456,6,22,0.273,11,14,0.786,3,20,23,17,12,5,7,15,1.0,2017,True,SAN,1611661319
1611661328,Seattle Storm,1021700177,2017-08-20,W,103,41,78,0.526,12,27,0.444,9,12,0.75,9,33,42,34,9,2,10,15,37.0,2017,False,CHI,1611661329
1611661328,Seattle Storm,1021700181,2017-08-23,L,83,33,65,0.508,5,18,0.278,12,16,0.75,4,22,26,22,7,1,10,14,-6.0,2017,False,ATL,1611661330
1611661328,Seattle Storm,1021700191,2017-08-27,L,71,25,60,0.417,4,11,0.364,17,23,0.739,7,27,34,14,6,2,13,19,-4.0,2017,True,PHO,1611661317
1611661328,Seattle Storm,1021700194,2017-09-01,L,106,38,75,0.507,11,25,0.44,19,21,0.905,9,23,32,30,6,3,11,24,-4.0,2017,False,WAS,1611661322
1611661328,Seattle Storm,1021700203,2017-09-03,W,85,28,71,0.394,5,21,0.238,24,27,0.889,9,31,40,22,9,5,9,14,5.0,2017,False,CHI,1611661329
1611661328,Seattle Storm,1021800008,2018-05-20,L,82,25,66,0.379,10,27,0.37,22,25,0.88,13,24,37,15,7,7,16,25,-5.0,2018,True,PHO,1611661317
1611661328,Seattle Storm,1021800013,2018-05-23,W,87,29,56,0.518,7,18,0.389,22,23,0.957,5,28,33,14,7,3,14,20,16.0,2018,False,PHO,1611661317
1611661328,Seattle Storm,1021800017,2018-05-25,W,95,34,81,0.42,5,24,0.208,22,27,0.815,14,20,34,21,8,5,7,17,4.0,2018,True,CHI,1611661329
1611661328,Seattle Storm,1021800022,2018-05-27,W,105,36,69,0.522,12,26,0.462,21,24,0.875,6,26,32,25,9,4,12,23,7.0,2018,False,LVA,1611661319
1611661328,Seattle Storm,1021800025,2018-05-29,W,81,33,71,0.465,7,21,0.333,8,10,0.8,9,26,35,20,6,2,16,16,4.0,2018,True,WAS,1611661322
1611661328,Seattle Storm,1021800027,2018-05-31,W,101,37,69,0.536,17,26,0.654,10,11,0.909,9,27,36,27,6,5,14,23,27.0,2018,True,LVA,1611661319
1611661328,Seattle Storm,1021800032,2018-06-02,L,90,32,68,0.471,6,23,0.261,20,23,0.87,9,17,26,22,9,4,12,23,-4.0,2018,False,DAL,1611661321
1611661328,Seattle Storm,1021800041,2018-06-07,W,88,31,60,0.517,7,21,0.333,19,22,0.864,8,28,36,22,12,3,16,15,25.0,2018,False,LAS,1611661320
1611661328,Seattle Storm,1021800049,2018-06-10,L,64,25,74,0.338,4,26,0.154,10,17,0.588,15,29,44,15,6,4,17,20,-3.0,2018,True,ATL,1611661330
1611661328,Seattle Storm,1021800052,2018-06-12,W,96,35,62,0.565,9,19,0.474,17,21,0.81,9,25,34,23,5,6,13,15,11.0,2018,True,CHI,1611661329
1611661328,Seattle Storm,1021800059,2018-06-15,W,103,32,66,0.485,12,27,0.444,27,34,0.794,9,26,35,23,8,0,8,17,11.0,2018,True,CON,1611661323
1611661328,Seattle Storm,1021800068,2018-06-19,L,77,29,71,0.408,4,26,0.154,15,19,0.789,4,26,30,15,6,8,8,18,-12.0,2018,True,LVA,1611661319
1611661328,Seattle Storm,1021800075,2018-06-22,W,72,28,57,0.491,8,21,0.381,8,15,0.533,5,32,37,21,10,7,19,9,9.0,2018,True,IND,1611661325
1611661328,Seattle Storm,1021800076,2018-06-24,W,97,36,68,0.529,13,29,0.448,12,13,0.923,8,31,39,27,10,5,15,26,21.0,2018,False,DAL,1611661321
1611661328,Seattle Storm,1021800083,2018-06-26,L,79,30,70,0.429,9,28,0.321,10,11,0.909,6,22,28,21,8,1,11,17,-12.0,2018,False,MIN,1611661324
1611661328,Seattle Storm,1021800089,2018-06-28,W,81,32,68,0.471,4,19,0.211,13,16,0.813,12,27,39,24,8,2,12,16,9.0,2018,True,LAS,1611661320
1611661328,Seattle Storm,1021800099,2018-07-01,W,84,34,73,0.466,8,25,0.32,8,8,1.0,8,26,34,23,9,7,10,15,14.0,2018,True,CON,1611661323
1611661328,Seattle Storm,1021800100,2018-07-03,W,77,30,65,0.462,5,22,0.227,12,13,0.923,9,29,38,25,4,3,12,12,15.0,2018,False,NYL,1611661313
1611661328,Seattle Storm,1021800109,2018-07-06,W,95,36,70,0.514,9,20,0.45,14,21,0.667,7,30,37,23,5,6,13,19,9.0,2018,False,ATL,1611661330
1611661328,Seattle Storm,1021800115,2018-07-08,W,97,31,62,0.5,12,20,0.6,23,26,0.885,8,28,36,18,5,0,10,16,6.0,2018,True,WAS,1611661322
1611661328,Seattle Storm,1021800116,2018-07-10,L,75,30,69,0.435,5,24,0.208,10,11,0.909,9,32,41,20,9,7,21,16,-2.0,2018,True,LAS,1611661320
1611661328,Seattle Storm,1021800127,2018-07-14,W,91,32,77,0.416,7,24,0.292,20,27,0.741,17,23,40,17,10,5,14,16,7.0,2018,True,DAL,1611661321
1611661328,Seattle Storm,1021800135,2018-07-18,W,101,38,71,0.535,11,27,0.407,14,16,0.875,6,27,33,28,12,5,13,16,18.0,2018,False,CHI,1611661329
1611661328,Seattle Storm,1021800140,2018-07-20,W,78,29,68,0.426,11,25,0.44,9,9,1.0,6,22,28,13,12,4,12,14,13.0,2018,False,CON,1611661323
1611661328,Seattle Storm,1021800145,2018-07-22,L,74,29,71,0.408,9,28,0.321,7,9,0.778,9,26,35,16,5,3,13,18,-13.0,2018,False,ATL,1611661330
1611661328,Seattle Storm,1021800150,2018-07-24,W,92,36,71,0.507,12,28,0.429,8,11,0.727,5,34,39,25,5,5,12,17,20.0,2018,False,IND,1611661325
1611661328,Seattle Storm,1021800156,2018-07-31,W,102,40,74,0.541,11,22,0.5,11,13,0.846,5,31,36,24,4,6,10,17,11.0,2018,False,PHO,1611661317
1611661328,Seattle Storm,1021800163,2018-08-03,W,85,34,71,0.479,12,24,0.5,5,12,0.417,5,25,30,23,12,4,10,9,10.0,2018,True,MIN,1611661324
1611661328,Seattle Storm,1021800169,2018-08-06,W,96,35,80,0.438,8,21,0.381,18,22,0.818,12,27,39,25,16,6,8,9,16.0,2018,False,NYL,1611661313
1611661328,Seattle Storm,1021800171,2018-08-07,W,94,37,72,0.514,9,23,0.391,11,17,0.647,7,29,36,27,7,6,9,12,15.0,2018,False,IND,1611661325
1611661328,Seattle Storm,1021800176,2018-08-09,L,77,23,58,0.397,9,26,0.346,22,24,0.917,6,17,23,17,5,1,9,12,-23.0,2018,False,WAS,1611661322
1611661328,Seattle Storm,1021800187,2018-08-12,W,81,33,70,0.471,11,25,0.44,4,6,0.667,5,34,39,23,6,7,14,8,9.0,2018,False,MIN,1611661324
1611661328,Seattle Storm,1021800197,2018-08-17,W,85,28,65,0.431,13,29,0.448,16,23,0.696,9,33,42,18,10,4,19,17,8.0,2018,True,NYL,1611661313
1611661328,Seattle Storm,1021800203,2018-08-19,W,84,34,72,0.472,11,22,0.5,5,7,0.714,10,33,43,21,5,4,14,16,16.0,2018,True,DAL,1611661321
1611661328,Seattle Storm,1021900003,2019-05-25,W,77,28,67,0.418,6,19,0.316,15,23,0.652,13,23,36,15,10,4,16,18,9.0,2019,True,PHO,1611661317
1611661328,Seattle Storm,1021900008,2019-05-29,L,61,24,66,0.364,2,15,0.133,11,14,0.786,8,14,22,13,12,3,13,24,-11.0,2019,False,MIN,1611661324
1611661328,Seattle Storm,1021900009,2019-05-31,W,82,30,69,0.435,4,14,0.286,18,21,0.857,7,34,41,23,6,5,10,17,16.0,2019,False,ATL,1611661330
1611661328,Seattle Storm,1021900014,2019-06-01,L,79,31,79,0.392,6,28,0.214,11,13,0.846,12,23,35,18,14,3,13,8,-4.0,2019,False,CHI,1611661329
1611661328,Seattle Storm,1021900018,2019-06-04,W,84,32,54,0.593,7,13,0.538,13,16,0.813,8,20,28,16,7,5,20,16,7.0,2019,True,MIN,1611661324
1611661328,Seattle Storm,1021900030,2019-06-09,L,71,26,68,0.382,3,18,0.167,16,19,0.842,6,16,22,15,12,8,11,13,-7.0,2019,False,CHI,1611661329
1611661328,Seattle Storm,1021900032,2019-06-11,W,84,32,70,0.457,5,9,0.556,15,16,0.938,10,21,31,23,10,2,11,11,2.0,2019,False,IND,1611661325
1611661328,Seattle Storm,1021900036,2019-06-14,W,74,29,63,0.46,6,17,0.353,10,12,0.833,9,31,40,15,3,2,18,20,3.0,2019,False,WAS,1611661322
1611661328,Seattle Storm,1021900043,2019-06-16,L,67,25,57,0.439,3,13,0.231,14,18,0.778,7,21,28,16,8,4,15,11,-14.0,2019,False,CON,1611661323
1611661328,Seattle Storm,1021900052,2019-06-21,W,84,30,70,0.429,14,26,0.538,10,13,0.769,12,27,39,18,9,4,13,13,22.0,2019,True,LAS,1611661320
1611661328,Seattle Storm,1021900058,2019-06-23,W,65,24,62,0.387,5,23,0.217,12,13,0.923,6,21,27,14,9,1,12,19,4.0,2019,True,IND,1611661325
1611661328,Seattle Storm,1021900060,2019-06-25,L,56,22,73,0.301,7,30,0.233,5,10,0.5,8,32,40,15,13,7,16,16,-4.0,2019,False,LVA,1611661319
1611661328,Seattle Storm,1021900066,2019-06-28,W,79,27,74,0.365,5,17,0.294,20,24,0.833,15,19,34,10,9,1,8,16,3.0,2019,True,CHI,1611661329
1611661328,Seattle Storm,1021900072,2019-06-30,L,67,27,65,0.415,7,23,0.304,6,9,0.667,8,29,37,20,3,4,12,13,-2.0,2019,True,PHO,1611661317
1611661328,Seattle Storm,1021900075,2019-07-03,L,83,30,70,0.429,8,24,0.333,15,20,0.75,12,22,34,20,9,4,15,14,-1.0,2019,True,NYL,1611661313
1611661328,Seattle Storm,1021900078,2019-07-05,L,66,24,66,0.364,7,27,0.259,11,16,0.688,12,23,35,14,9,4,19,11,-11.0,2019,True,ATL,1611661330
1611661328,Seattle Storm,1021900094,2019-07-12,W,95,34,62,0.548,14,23,0.609,13,16,0.813,6,22,28,28,14,0,14,11,14.0,2019,True,DAL,1611661321
1611661328,Seattle Storm,1021900100,2019-07-14,W,78,30,71,0.423,13,34,0.382,5,6,0.833,11,23,34,19,12,4,16,24,9.0,2019,True,NYL,1611661313
1611661328,Seattle Storm,1021900103,2019-07-17,W,90,33,62,0.532,12,25,0.48,12,13,0.923,6,27,33,21,11,8,19,14,11.0,2019,False,MIN,1611661324
1611661328,Seattle Storm,1021900107,2019-07-19,W,69,20,72,0.278,9,26,0.346,20,20,1.0,8,26,34,15,18,8,14,17,3.0,2019,True,LVA,1611661319
1611661328,Seattle Storm,1021900114,2019-07-23,L,62,21,60,0.35,9,21,0.429,11,17,0.647,11,25,36,14,5,3,18,17,-17.0,2019,False,LVA,1611661319
1611661328,Seattle Storm,1021900125,2019-08-02,L,79,30,76,0.395,3,22,0.136,16,20,0.8,11,18,29,20,8,4,7,14,-20.0,2019,True,WAS,1611661322
1611661328,Seattle Storm,1021900130,2019-08-04,L,75,30,70,0.429,9,19,0.474,6,6,1.0,8,20,28,21,11,0,19,19,-8.0,2019,False,LAS,1611661320
1611661328,Seattle Storm,1021900136,2019-08-08,W,69,24,61,0.393,3,19,0.158,18,20,0.9,10,20,30,15,13,5,12,16,12.0,2019,True,DAL,1611661321
1611661328,Seattle Storm,1021900141,2019-08-11,W,84,32,67,0.478,7,14,0.5,13,21,0.619,12,20,32,24,10,3,11,13,15.0,2019,False,NYL,1611661313
1611661328,Seattle Storm,1021900147,2019-08-14,L,59,21,60,0.35,7,26,0.269,10,11,0.909,9,18,27,12,6,4,17,15,-29.0,2019,False,WAS,1611661322
1611661328,Seattle Storm,1021900150,2019-08-16,L,78,31,61,0.508,4,20,0.2,12,17,0.706,8,27,35,19,9,6,27,16,-1.0,2019,False,CON,1611661323
1611661328,Seattle Storm,1021900159,2019-08-18,W,82,31,60,0.517,8,20,0.4,12,13,0.923,10,18,28,21,11,3,16,18,8.0,2019,True,MIN,1611661324
1611661328,Seattle Storm,1021900174,2019-08-25,L,54,18,63,0.286,5,22,0.227,13,14,0.929,12,21,33,11,12,4,15,14,-9.0,2019,True,IND,1611661325
1611661328,Seattle Storm,1021900179,2019-08-27,L,70,25,62,0.403,11,22,0.5,9,19,0.474,6,24,30,19,4,3,17,14,-19.0,2019,True,CON,1611661323
1611661328,Seattle Storm,1021900188,2019-09-01,W,92,38,65,0.585,5,12,0.417,11,17,0.647,6,22,28,17,9,4,11,17,17.0,2019,True,ATL,1611661330
1611661328,Seattle Storm,1021900190,2019-09-03,W,82,34,74,0.459,9,23,0.391,5,5,1.0,8,24,32,23,11,2,11,16,12.0,2019,False,PHO,1611661317
1611661328,Seattle Storm,1021900194,2019-09-05,L,68,24,69,0.348,10,31,0.323,10,11,0.909,7,20,27,18,7,4,13,17,-34.0,2019,False,LAS,1611661320
1611661328,Seattle Storm,1021900202,2019-09-08,W,78,29,63,0.46,8,22,0.364,12,15,0.8,7,28,35,19,9,6,18,18,14.0,2019,False,DAL,1611661321
1611661328,Seattle Storm,1022001001,2020-07-25,W,87,34,77,0.442,7,23,0.304,12,15,0.8,8,32,40,16,15,3,13,21,16.0,2020,False,NYL,1611661313
1611661328,Seattle Storm,1022001009,2020-07-28,W,90,35,66,0.53,11,25,0.44,9,13,0.692,7,17,24,25,9,5,11,16,24.0,2020,True,MIN,1611661324
1611661328,Seattle Storm,1022001013,2020-07-30,L,71,26,66,0.394,5,25,0.2,14,15,0.933,11,27,38,16,4,4,18,14,-18.0,2020,False,WAS,1611661322
1611661328,Seattle Storm,1022001021,2020-08-01,W,81,31,62,0.5,8,23,0.348,11,19,0.579,5,31,36,19,10,2,16,21,6.0,2020,True,LAS,1611661320
1611661328,Seattle Storm,1022001027,2020-08-04,W,87,31,65,0.477,11,21,0.524,14,18,0.778,8,23,31,17,10,8,9,14,13.0,2020,True,CON,1611661323
1611661328,Seattle Storm,1022001031,2020-08-06,W,93,31,73,0.425,6,21,0.286,25,27,0.926,8,25,33,21,11,3,11,18,1.0,2020,False,ATL,1611661330
1611661328,Seattle Storm,1022001038,2020-08-08,W,74,25,65,0.385,12,24,0.5,12,16,0.75,8,33,41,19,12,3,19,20,6.0,2020,True,PHO,1611661317
1611661328,Seattle Storm,1022001045,2020-08-10,W,89,36,70,0.514,9,17,0.529,8,13,0.615,6,22,28,25,17,5,13,13,18.0,2020,True,CHI,1611661329
1611661328,Seattle Storm,1022001051,2020-08-12,W,100,35,62,0.565,18,30,0.6,12,13,0.923,2,32,34,31,6,3,12,11,37.0,2020,True,ATL,1611661330
1611661328,Seattle Storm,1022001056,2020-08-14,W,83,31,68,0.456,5,18,0.278,16,19,0.842,10,36,46,20,10,5,14,14,18.0,2020,False,DAL,1611661321
1611661328,Seattle Storm,1022001062,2020-08-16,W,95,37,65,0.569,13,23,0.565,8,12,0.667,5,27,32,25,5,5,11,12,23.0,2020,False,CON,1611661323
1611661328,Seattle Storm,1022001066,2020-08-18,W,105,41,77,0.532,13,25,0.52,10,12,0.833,8,31,39,27,18,6,16,16,41.0,2020,True,NYL,1611661313
1611661328,Seattle Storm,1022001071,2020-08-20,L,84,28,64,0.438,5,21,0.238,23,25,0.92,5,25,30,17,13,8,12,17,-6.0,2020,False,IND,1611661325
1611661328,Seattle Storm,1022001078,2020-08-22,L,74,28,75,0.373,7,26,0.269,11,14,0.786,6,28,34,23,10,3,13,21,-8.0,2020,False,LVA,1611661319
1611661328,Seattle Storm,1022001084,2020-08-25,W,87,31,62,0.5,3,10,0.3,22,27,0.815,8,22,30,19,13,5,12,16,13.0,2020,True,IND,1611661325
1611661328,Seattle Storm,1022001095,2020-08-29,W,88,30,63,0.476,4,13,0.308,24,28,0.857,9,28,37,20,10,3,15,13,14.0,2020,False,CHI,1611661329
1611661328,Seattle Storm,1022001105,2020-09-02,W,71,24,62,0.387,5,21,0.238,18,22,0.818,11,32,43,18,5,2,13,10,7.0,2020,True,WAS,1611661322
1611661328,Seattle Storm,1022001111,2020-09-04,W,90,32,66,0.485,7,20,0.35,19,24,0.792,8,22,30,25,10,4,14,17,1.0,2020,False,LAS,1611661320
1611661328,Seattle Storm,1022001116,2020-09-06,W,103,35,67,0.522,11,26,0.423,22,24,0.917,7,17,24,28,15,2,12,16,15.0,2020,False,MIN,1611661324
1611661328,Seattle Storm,1022001123,2020-09-09,W,107,39,77,0.506,9,20,0.45,20,22,0.909,9,27,36,30,8,4,10,22,12.0,2020,True,DAL,1611661321
1611661328,Seattle Storm,1022001129,2020-09-11,W,83,31,66,0.47,7,17,0.412,14,17,0.824,9,27,36,22,5,2,16,23,23.0,2020,False,PHO,1611661317
1611661328,Seattle Storm,1022001090,2020-09-13,L,84,30,73,0.411,9,21,0.429,15,20,0.75,9,26,35,19,5,4,11,19,-2.0,2020,True,LVA,1611661319
1611661328,Seattle Storm,1022100006,2021-05-15,W,97,37,73,0.507,12,27,0.444,11,15,0.733,6,38,44,23,4,5,11,11,14.0,2021,True,LVA,1611661319
1611661328,Seattle Storm,1022100011,2021-05-18,L,80,32,76,0.421,7,25,0.28,9,12,0.75,8,26,34,17,8,5,9,13,-16.0,2021,True,LVA,1611661319
1611661328,Seattle Storm,1022100014,2021-05-20,W,90,31,63,0.492,12,25,0.48,16,20,0.8,5,30,35,23,12,6,17,17,12.0,2021,False,MIN,1611661324
1611661328,Seattle Storm,1022100019,2021-05-22,W,100,35,80,0.438,7,25,0.28,23,27,0.852,11,28,39,26,9,8,9,15,3.0,2021,False,DAL,1611661321
1611661328,Seattle Storm,1022100026,2021-05-25,W,90,29,72,0.403,13,28,0.464,19,25,0.76,9,29,38,22,11,2,12,17,3.0,2021,True,CON,1611661323
1611661328,Seattle Storm,1022100031,2021-05-28,W,82,35,72,0.486,4,17,0.235,8,8,1.0,8,27,35,20,8,7,12,17,10.0,2021,True,MIN,1611661324
1611661328,Seattle Storm,1022100041,2021-06-01,W,88,28,65,0.431,11,22,0.5,21,24,0.875,7,29,36,22,5,4,11,17,15.0,2021,True,IND,1611661325
1611661328,Seattle Storm,1022100046,2021-06-04,W,105,36,72,0.5,10,26,0.385,23,29,0.793,5,35,40,31,8,7,16,16,3.0,2021,True,DAL,1611661321
1611661328,Seattle Storm,1022100051,2021-06-06,L,67,21,61,0.344,8,24,0.333,17,23,0.739,4,30,34,16,8,4,11,12,-1.0,2021,True,DAL,1611661321
1611661328,Seattle Storm,1022100053,2021-06-09,W,95,35,64,0.547,12,22,0.545,13,16,0.813,3,28,31,27,8,9,12,16,24.0,2021,False,ATL,1611661330
1611661328,Seattle Storm,1022100057,2021-06-11,W,86,31,61,0.508,10,21,0.476,14,16,0.875,5,36,41,22,2,0,13,20,11.0,2021,False,ATL,1611661330
1611661328,Seattle Storm,1022100061,2021-06-13,W,89,35,72,0.486,10,22,0.455,9,10,0.9,6,22,28,26,9,3,8,14,23.0,2021,False,CON,1611661323
1611661328,Seattle Storm,1022100065,2021-06-15,W,87,34,69,0.493,8,22,0.364,11,13,0.846,5,33,38,27,5,1,10,16,17.0,2021,False,IND,1611661325
1611661328,Seattle Storm,1022100069,2021-06-17,W,79,31,72,0.431,6,20,0.3,11,15,0.733,9,31,40,22,9,2,14,19,10.0,2021,False,IND,1611661325
1611661328,Seattle Storm,1022100081,2021-06-22,L,83,32,71,0.451,8,19,0.421,11,12,0.917,9,27,36,21,4,6,7,12,-4.0,2021,True,WAS,1611661322
1611661328,Seattle Storm,1022100091,2021-06-27,L,92,38,82,0.463,8,26,0.308,8,9,0.889,8,35,43,21,7,4,16,21,-3.0,2021,False,LVA,1611661319
1611661328,Seattle Storm,1022100101,2021-07-02,W,91,30,62,0.484,14,22,0.636,17,22,0.773,6,27,33,23,6,4,15,11,3.0,2021,True,ATL,1611661330
1611661328,Seattle Storm,1022100105,2021-07-04,W,84,30,64,0.469,8,20,0.4,16,17,0.941,7,26,33,19,7,4,11,16,10.0,2021,False,LAS,1611661320
1611661328,Seattle Storm,1022100109,2021-07-07,W,71,23,61,0.377,5,20,0.25,20,21,0.952,14,23,37,11,11,4,19,19,9.0,2021,True,LAS,1611661320
1611661328,Seattle Storm,1022100112,2021-07-09,L,77,29,76,0.382,8,27,0.296,11,12,0.917,9,27,36,18,7,1,8,17,-8.0,2021,False,PHO,1611661317
1611661328,Seattle Storm,1022100118,2021-07-11,W,82,30,62,0.484,10,27,0.37,12,16,0.75,6,28,34,17,5,1,11,16,7.0,2021,True,PHO,1611661317
1611661328,Seattle Storm,1022100120,2021-08-15,L,85,29,84,0.345,6,18,0.333,21,28,0.75,13,34,47,22,9,5,8,17,-2.0,2021,False,CHI,1611661329
1611661328,Seattle Storm,1022100131,2021-08-18,L,79,31,71,0.437,9,26,0.346,8,10,0.8,4,22,26,18,14,3,14,14,-4.0,2021,False,NYL,1611661313
1611661328,Seattle Storm,1022100135,2021-08-20,W,99,33,68,0.485,14,26,0.538,19,19,1.0,9,32,41,24,2,6,12,14,16.0,2021,False,NYL,1611661313
1611661328,Seattle Storm,1022100140,2021-08-22,W,85,33,74,0.446,6,24,0.25,13,16,0.813,7,35,42,20,13,11,12,13,7.0,2021,False,WAS,1611661322
1611661328,Seattle Storm,1022100141,2021-08-24,L,70,28,74,0.378,8,24,0.333,6,7,0.857,10,31,41,20,7,6,14,18,-6.0,2021,False,MIN,1611661324
1611661328,Seattle Storm,1022100150,2021-08-27,L,69,25,68,0.368,3,17,0.176,16,17,0.941,8,26,34,17,9,4,17,15,-4.0,2021,True,CHI,1611661329
1611661328,Seattle Storm,1022100154,2021-08-29,L,75,29,64,0.453,5,17,0.294,12,14,0.857,3,19,22,22,3,2,12,9,-32.0,2021,True,CHI,1611661329
1611661328,Seattle Storm,1022100162,2021-09-02,W,85,30,63,0.476,2,14,0.143,23,26,0.885,8,23,31,19,8,4,12,15,10.0,2021,True,NYL,1611661313
1611661328,Seattle Storm,1022100169,2021-09-07,W,105,39,66,0.591,14,23,0.609,13,16,0.813,6,29,35,28,12,2,15,19,34.0,2021,True,WAS,1611661322
1611661328,Seattle Storm,1022100179,2021-09-12,L,53,18,56,0.321,6,27,0.222,11,13,0.846,5,23,28,11,7,4,17,16,-28.0,2021,False,LAS,1611661320
1611661328,Seattle Storm,1022100187,2021-09-17,W,94,35,65,0.538,11,22,0.5,13,14,0.929,6,20,26,27,7,1,11,15,9.0,2021,True,PHO,1611661317
1611661328,Seattle Storm,1022200004,2022-05-06,W,97,35,66,0.53,12,25,0.48,15,15,1.0,4,25,29,26,14,8,14,17,23.0,2022,True,MIN,1611661324
1611661328,Seattle Storm,1022200008,2022-05-08,L,74,27,76,0.355,11,34,0.324,9,11,0.818,7,23,30,17,6,8,10,19,-11.0,2022,False,LVA,1611661319
1611661328,Seattle Storm,1022200014,2022-05-11,L,77,27,71,0.38,11,28,0.393,12,16,0.75,9,20,29,20,10,3,15,21,-20.0,2022,False,PHO,1611661317
1611661328,Seattle Storm,1022200018,2022-05-14,L,64,24,77,0.312,8,31,0.258,8,10,0.8,14,25,39,12,8,8,10,11,-5.0,2022,True,PHO,1611661317
1611661328,Seattle Storm,1022200028,2022-05-18,W,74,29,70,0.414,8,28,0.286,8,14,0.571,12,23,35,26,10,3,16,14,3.0,2022,True,CHI,1611661329
1611661328,Seattle Storm,1022200033,2022-05-20,W,83,29,69,0.42,8,28,0.286,17,21,0.81,8,24,32,27,9,3,10,18,3.0,2022,True,LAS,1611661320
1611661328,Seattle Storm,1022200046,2022-05-27,W,79,25,72,0.347,7,24,0.292,22,27,0.815,9,29,38,16,13,4,11,15,8.0,2022,True,NYL,1611661313
1611661328,Seattle Storm,1022200050,2022-05-29,W,92,36,73,0.493,13,24,0.542,7,7,1.0,9,31,40,24,13,3,11,15,31.0,2022,True,NYL,1611661313
1611661328,Seattle Storm,1022200062,2022-06-03,L,51,20,63,0.317,5,29,0.172,6,8,0.75,8,23,31,17,6,7,16,16,-17.0,2022,True,DAL,1611661321
1611661328,Seattle Storm,1022200068,2022-06-05,L,86,34,70,0.486,9,26,0.346,9,13,0.692,7,19,26,29,7,4,14,21,-7.0,2022,True,CON,1611661323
1611661328,Seattle Storm,1022200070,2022-06-07,W,72,25,61,0.41,8,27,0.296,14,15,0.933,6,25,31,18,7,9,19,13,12.0,2022,True,ATL,1611661330
1611661328,Seattle Storm,1022200075,2022-06-10,W,89,37,67,0.552,7,17,0.412,8,13,0.615,8,26,34,28,7,2,17,18,1.0,2022,False,DAL,1611661321
1611661328,Seattle Storm,1022200080,2022-06-12,W,84,29,62,0.468,10,23,0.435,16,18,0.889,5,18,23,23,12,6,10,13,5.0,2022,False,DAL,1611661321
1611661328,Seattle Storm,1022200084,2022-06-14,W,81,28,73,0.384,12,27,0.444,13,15,0.867,15,20,35,24,5,2,12,14,2.0,2022,False,MIN,1611661324
1611661328,Seattle Storm,1022200089,2022-06-17,L,71,28,66,0.424,11,22,0.5,4,8,0.5,4,22,26,22,6,2,12,13,-11.0,2022,False,CON,1611661323
1611661328,Seattle Storm,1022200092,2022-06-19,W,81,32,75,0.427,10,27,0.37,7,8,0.875,5,33,38,21,6,4,10,11,9.0,2022,False,NYL,1611661313
1611661328,Seattle Storm,1022200104,2022-06-23,W,85,31,68,0.456,12,26,0.462,11,12,0.917,5,31,36,25,5,4,7,10,14.0,2022,True,WAS,1611661322
1611661328,Seattle Storm,1022200108,2022-06-25,L,77,26,63,0.413,8,27,0.296,17,22,0.773,5,21,26,21,9,6,14,16,-8.0,2022,True,LAS,1611661320
1611661328,Seattle Storm,1022200118,2022-06-29,W,88,31,70,0.443,14,29,0.483,12,14,0.857,5,28,33,24,10,6,12,12,10.0,2022,True,LVA,1611661319
1611661328,Seattle Storm,1022200122,2022-07-01,W,73,25,59,0.424,6,22,0.273,17,23,0.739,5,34,39,22,11,5,17,15,16.0,2022,True,IND,1611661325
1611661328,Seattle Storm,1022200125,2022-07-03,L,76,22,63,0.349,9,32,0.281,23,26,0.885,2,28,30,17,11,4,14,16,-14.0,2022,False,ATL,1611661330
1611661328,Seattle Storm,1022200129,2022-07-05,W,95,37,76,0.487,6,24,0.25,15,16,0.938,10,33,43,20,8,5,12,14,22.0,2022,False,IND,1611661325
1611661328,Seattle Storm,1022200136,2022-07-07,W,106,42,65,0.646,8,17,0.471,14,17,0.824,7,29,36,30,9,3,12,12,37.0,2022,False,LAS,1611661320
1611661328,Seattle Storm,1022200137,2022-07-12,W,83,30,63,0.476,7,17,0.412,16,18,0.889,6,28,34,22,6,6,14,18,9.0,2022,True,DAL,1611661321
1611661328,Seattle Storm,1022200153,2022-07-17,W,81,30,70,0.429,6,25,0.24,15,18,0.833,12,29,41,26,12,3,15,21,16.0,2022,True,IND,1611661325
1611661328,Seattle Storm,1022200157,2022-07-20,L,74,29,69,0.42,7,19,0.368,9,11,0.818,9,19,28,16,5,2,14,15,-4.0,2022,False,CHI,1611661329
1611661328,Seattle Storm,1022200163,2022-07-22,L,78,30,82,0.366,8,28,0.286,10,11,0.909,17,22,39,22,7,0,10,17,-16.0,2022,False,PHO,1611661317
1611661328,Seattle Storm,1022200167,2022-07-24,W,82,27,63,0.429,9,30,0.3,19,21,0.905,5,34,39,20,7,8,12,14,10.0,2022,True,ATL,1611661330
1611661328,Seattle Storm,1022200170,2022-07-28,L,83,31,64,0.484,9,19,0.474,12,14,0.857,8,20,28,18,9,4,15,18,-5.0,2022,False,CON,1611661323
1611661328,Seattle Storm,1022200175,2022-07-30,W,82,29,68,0.426,6,21,0.286,18,21,0.857,8,27,35,21,11,2,13,13,5.0,2022,False,WAS,1611661322
1611661328,Seattle Storm,1022200180,2022-07-31,L,75,26,59,0.441,8,27,0.296,15,18,0.833,2,24,26,22,6,2,10,18,-3.0,2022,False,WAS,1611661322
1611661328,Seattle Storm,1022200188,2022-08-03,W,89,35,70,0.5,11,25,0.44,8,11,0.727,3,30,33,28,9,3,11,13,12.0,2022,True,MIN,1611661324
1611661328,Seattle Storm,1022200197,2022-08-07,L,81,29,66,0.439,8,23,0.348,15,20,0.75,12,27,39,21,4,5,14,13,-8.0,2022,True,LVA,1611661319
1611661328,Seattle Storm,1022200200,2022-08-09,W,111,44,75,0.587,11,24,0.458,12,12,1.0,7,21,28,37,7,2,8,17,11.0,2022,False,CHI,1611661329
1611661328,Seattle Storm,1022200209,2022-08-12,W,96,38,72,0.528,12,27,0.444,8,11,0.727,9,30,39,29,10,3,11,19,27.0,2022,False,MIN,1611661324
1611661328,Seattle Storm,1022200215,2022-08-14,L,100,38,82,0.463,18,40,0.45,6,7,0.857,13,27,40,22,4,1,18,20,-9.0,2022,False,LVA,1611661319
1611661328,Seattle Storm,1022300005,2023-05-20,L,64,25,78,0.321,5,21,0.238,9,15,0.6,6,26,32,12,12,6,13,16,-41.0,2023,True,LVA,1611661319
1611661328,Seattle Storm,1022300015,2023-05-26,L,91,31,72,0.431,10,26,0.385,19,20,0.95,9,25,34,14,7,7,13,18,-4.0,2023,True,DAL,1611661321
1611661328,Seattle Storm,1022300024,2023-05-30,L,78,28,73,0.384,6,18,0.333,16,21,0.762,12,23,35,16,3,3,7,22,-8.0,2023,True,NYL,1611661313
1611661328,Seattle Storm,1022300031,2023-06-03,L,85,30,65,0.462,13,25,0.52,12,16,0.75,6,31,37,18,3,9,16,23,-7.0,2023,False,LAS,1611661320
1611661328,Seattle Storm,1022300037,2023-06-06,W,66,22,68,0.324,4,20,0.2,18,22,0.818,9,28,37,10,11,5,13,22,3.0,2023,True,LAS,1611661320
1611661328,Seattle Storm,1022300045,2023-06-09,L,66,25,61,0.41,6,21,0.286,10,14,0.714,2,28,30,17,5,6,16,15,-7.0,2023,True,WAS,1611661322
1611661328,Seattle Storm,1022300050,2023-06-11,L,65,24,64,0.375,5,22,0.227,12,16,0.75,5,25,30,18,10,7,13,20,-6.0,2023,True,WAS,1611661322
1611661328,Seattle Storm,1022300054,2023-06-13,W,83,29,71,0.408,12,30,0.4,13,19,0.684,10,28,38,21,12,5,9,15,14.0,2023,False,PHO,1611661317
1611661328,Seattle Storm,1022300058,2023-06-15,L,63,24,64,0.375,5,23,0.217,10,16,0.625,4,24,28,12,3,4,16,16,-33.0,2023,False,LVA,1611661319
1611661328,Seattle Storm,1022300061,2023-06-17,W,109,33,66,0.5,17,35,0.486,26,32,0.813,8,21,29,22,4,6,14,20,6.0,2023,False,DAL,1611661321
1611661328,Seattle Storm,1022300069,2023-06-20,L,79,24,64,0.375,8,25,0.32,23,29,0.793,7,27,34,18,6,5,15,19,-6.0,2023,True,CON,1611661323
1611661328,Seattle Storm,1022300073,2023-06-22,L,68,22,74,0.297,11,29,0.379,13,16,0.813,5,24,29,15,8,2,10,15,-12.0,2023,True,IND,1611661325
1611661328,Seattle Storm,1022300077,2023-06-24,W,97,32,68,0.471,13,32,0.406,20,22,0.909,10,23,33,23,9,3,11,21,23.0,2023,True,PHO,1611661317
1611661328,Seattle Storm,1022300083,2023-06-27,L,93,34,74,0.459,13,31,0.419,12,14,0.857,8,25,33,21,5,5,7,17,-11.0,2023,False,MIN,1611661324
1611661328,Seattle Storm,1022300089,2023-06-29,L,97,34,84,0.405,13,26,0.5,16,19,0.842,13,35,48,21,8,3,18,20,-2.0,2023,True,MIN,1611661324
1611661328,Seattle Storm,1022300097,2023-07-02,L,66,23,65,0.354,9,25,0.36,11,14,0.786,8,25,33,16,5,4,19,15,-15.0,2023,True,NYL,1611661313
1611661328,Seattle Storm,1022300102,2023-07-06,L,73,26,67,0.388,8,24,0.333,13,17,0.765,9,22,31,17,8,3,20,16,-20.0,2023,False,CON,1611661323
1611661328,Seattle Storm,1022300107,2023-07-08,L,76,29,75,0.387,6,32,0.188,12,14,0.857,15,33,48,19,7,6,15,17,-4.0,2023,False,NYL,1611661313
1611661328,Seattle Storm,1022300113,2023-07-11,L,86,30,67,0.448,12,30,0.4,14,17,0.824,8,23,31,18,9,2,15,16,-7.0,2023,False,WAS,1611661322
1611661328,Seattle Storm,1022300118,2023-07-12,L,75,25,67,0.373,7,21,0.333,18,26,0.692,5,27,32,21,8,3,13,20,-10.0,2023,False,ATL,1611661330
1611661328,Seattle Storm,1022300127,2023-07-20,L,63,24,62,0.387,7,26,0.269,8,18,0.444,6,27,33,16,10,4,18,16,-16.0,2023,True,LVA,1611661319
1611661328,Seattle Storm,1022300130,2023-07-22,L,75,28,60,0.467,3,12,0.25,16,20,0.8,4,20,24,13,12,2,19,23,-15.0,2023,True,CHI,1611661329
1611661328,Seattle Storm,1022300136,2023-07-25,L,82,30,70,0.429,11,30,0.367,11,14,0.786,7,28,35,22,10,5,14,15,-4.0,2023,False,NYL,1611661313
1611661328,Seattle Storm,1022300143,2023-07-28,W,83,33,79,0.418,7,26,0.269,10,12,0.833,16,30,46,22,5,4,13,18,9.0,2023,False,CHI,1611661329
1611661328,Seattle Storm,1022300147,2023-07-30,W,85,31,58,0.534,12,24,0.5,11,13,0.846,5,23,28,23,11,5,17,19,23.0,2023,False,IND,1611661325
1611661328,Seattle Storm,1022300155,2023-08-02,L,65,26,64,0.406,6,20,0.3,7,10,0.7,5,25,30,15,2,2,18,16,-11.0,2023,True,DAL,1611661321
1611661328,Seattle Storm,1022300161,2023-08-05,W,97,34,72,0.472,8,22,0.364,21,23,0.913,12,24,36,18,6,4,12,18,6.0,2023,False,PHO,1611661317
1611661328,Seattle Storm,1022300166,2023-08-08,L,69,29,70,0.414,5,24,0.208,6,10,0.6,13,27,40,19,6,6,16,13,-12.0,2023,True,CON,1611661323
1611661328,Seattle Storm,1022300173,2023-08-10,W,68,21,63,0.333,4,14,0.286,22,31,0.71,8,37,45,14,10,5,17,20,1.0,2023,True,ATL,1611661330
1611661328,Seattle Storm,1022300179,2023-08-13,W,81,32,62,0.516,7,15,0.467,10,11,0.909,7,31,38,16,4,5,16,10,10.0,2023,True,PHO,1611661317
1611661328,Seattle Storm,1022300187,2023-08-18,L,70,25,68,0.368,8,27,0.296,12,17,0.706,11,22,33,16,8,6,15,17,-8.0,2023,True,MIN,1611661324
1611661328,Seattle Storm,1022300192,2023-08-20,W,88,32,76,0.421,10,26,0.385,14,18,0.778,10,31,41,16,4,5,9,19,14.0,2023,False,MIN,1611661324
1611661328,Seattle Storm,1022300195,2023-08-22,L,79,27,71,0.38,7,20,0.35,18,25,0.72,15,25,40,22,2,2,12,16,-23.0,2023,False,CHI,1611661329
1611661328,Seattle Storm,1022300199,2023-08-24,L,86,28,67,0.418,11,28,0.393,19,25,0.76,8,23,31,15,9,6,11,25,-4.0,2023,False,IND,1611661325
1611661328,Seattle Storm,1022300208,2023-08-27,L,85,31,72,0.431,8,26,0.308,15,17,0.882,9,35,44,17,9,4,14,20,-5.0,2023,True,CHI,1611661329
1611661328,Seattle Storm,1022300215,2023-08-31,W,72,21,54,0.389,5,23,0.217,25,28,0.893,6,39,45,14,9,6,20,19,11.0,2023,False,LAS,1611661320
1611661328,Seattle Storm,1022300219,2023-09-02,L,77,27,68,0.397,9,22,0.409,14,17,0.824,9,29,38,20,5,2,16,18,-26.0,2023,False,LVA,1611661319
1611661328,Seattle Storm,1022300228,2023-09-06,L,68,22,61,0.361,6,20,0.3,18,20,0.9,6,24,30,12,4,6,12,14,-11.0,2023,False,ATL,1611661330
1611661328,Seattle Storm,1022300233,2023-09-08,L,91,31,69,0.449,11,25,0.44,18,21,0.857,8,16,24,22,5,2,16,19,-15.0,2023,False,DAL,1611661321
1611661328,Seattle Storm,1022300240,2023-09-10,L,89,32,65,0.492,12,22,0.545,13,15,0.867,5,28,33,25,5,3,20,19,-2.0,2023,True,LAS,1611661320
1611661328,Seattle Storm,1022400004,2024-05-14,L,70,29,78,0.372,1,9,0.111,11,14,0.786,14,29,43,14,10,5,17,12,-13.0,2024,True,MIN,1611661324
1611661328,Seattle Storm,1022400009,2024-05-17,L,93,31,78,0.397,5,20,0.25,26,29,0.897,9,33,42,19,20,8,24,25,-9.0,2024,False,MIN,1611661324
1611661328,Seattle Storm,1022400014,2024-05-19,W,84,28,68,0.412,5,20,0.25,23,29,0.793,14,29,43,10,10,2,20,23,9.0,2024,False,WAS,1611661322
1611661328,Seattle Storm,1022400016,2024-05-20,L,63,24,70,0.343,6,24,0.25,9,14,0.643,12,22,34,16,8,3,14,23,-11.0,2024,False,NYL,1611661313
1611661328,Seattle Storm,1022400020,2024-05-22,W,85,34,82,0.415,6,20,0.3,11,13,0.846,17,24,41,20,6,9,8,16,2.0,2024,True,IND,1611661325
1611661328,Seattle Storm,1022400028,2024-05-25,W,101,37,60,0.617,12,22,0.545,15,18,0.833,5,28,33,27,6,6,16,19,32.0,2024,True,WAS,1611661322
1611661328,Seattle Storm,1022400034,2024-05-28,W,77,28,64,0.438,5,15,0.333,16,18,0.889,6,26,32,17,13,8,18,15,9.0,2024,False,CHI,1611661329
1611661328,Seattle Storm,1022400038,2024-05-30,W,103,42,75,0.56,8,19,0.421,11,14,0.786,4,28,32,29,9,7,7,22,15.0,2024,False,IND,1611661325
1611661328,Seattle Storm,1022400051,2024-06-04,W,80,28,69,0.406,8,23,0.348,16,21,0.762,8,34,42,20,10,4,14,15,18.0,2024,True,PHO,1611661317
1611661328,Seattle Storm,1022400057,2024-06-07,W,78,26,72,0.361,6,20,0.3,20,22,0.909,6,37,43,19,7,6,12,16,13.0,2024,False,LVA,1611661319
1611661328,Seattle Storm,1022400064,2024-06-09,L,64,26,75,0.347,4,22,0.182,8,13,0.615,14,20,34,12,9,9,13,17,-19.0,2024,False,MIN,1611661324
1611661328,Seattle Storm,1022400069,2024-06-11,W,95,37,79,0.468,8,22,0.364,13,18,0.722,13,32,45,20,4,10,9,22,16.0,2024,True,LAS,1611661320
1611661328,Seattle Storm,1022400072,2024-06-13,W,92,36,69,0.522,7,20,0.35,13,14,0.929,7,19,26,26,12,6,11,16,8.0,2024,False,DAL,1611661321
1611661328,Seattle Storm,1022400078,2024-06-16,L,78,29,75,0.387,5,26,0.192,15,21,0.714,10,26,36,18,11,4,9,19,-9.0,2024,False,PHO,1611661317
1611661328,Seattle Storm,1022400086,2024-06-19,L,83,31,70,0.443,4,16,0.25,17,19,0.895,7,25,32,21,11,1,15,16,-11.0,2024,False,LVA,1611661319
1611661328,Seattle Storm,1022400097,2024-06-23,W,72,27,64,0.422,4,16,0.25,14,16,0.875,8,27,35,23,13,4,14,14,11.0,2024,True,CON,1611661323
1611661328,Seattle Storm,1022400101,2024-06-27,W,89,32,70,0.457,10,25,0.4,15,17,0.882,5,22,27,27,14,5,8,16,12.0,2024,True,IND,1611661325
1611661328,Seattle Storm,1022400105,2024-06-29,W,97,32,65,0.492,5,17,0.294,28,30,0.933,10,25,35,22,11,6,14,14,21.0,2024,True,DAL,1611661321
1611661328,Seattle Storm,1022400110,2024-07-01,W,95,32,71,0.451,8,25,0.32,23,27,0.852,11,22,33,22,11,3,14,17,24.0,2024,True,DAL,1611661321
1611661328,Seattle Storm,1022400120,2024-07-05,L,84,30,66,0.455,3,19,0.158,21,26,0.808,8,19,27,24,7,9,13,17,-4.0,2024,True,CHI,1611661329
1611661328,Seattle Storm,1022400125,2024-07-07,W,84,29,69,0.42,6,19,0.316,20,24,0.833,7,29,36,24,4,7,10,15,13.0,2024,True,CHI,1611661329
1611661328,Seattle Storm,1022400131,2024-07-10,L,79,31,77,0.403,3,17,0.176,14,16,0.875,10,30,40,19,4,1,13,14,-5.0,2024,True,LVA,1611661319
1611661328,Seattle Storm,1022400136,2024-07-12,W,91,33,71,0.465,9,26,0.346,16,17,0.941,10,29,39,29,8,3,11,17,28.0,2024,True,MIN,1611661324
1611661328,Seattle Storm,1022400141,2024-07-14,W,81,30,75,0.4,5,28,0.179,16,18,0.889,10,25,35,27,13,7,11,11,11.0,2024,True,ATL,1611661330
1611661328,Seattle Storm,1022400144,2024-07-16,W,89,31,68,0.456,7,23,0.304,20,26,0.769,12,23,35,21,11,6,13,17,6.0,2024,False,LAS,1611661320
1611661328,Seattle Storm,1022400152,2024-08-16,L,81,32,70,0.457,6,22,0.273,11,12,0.917,6,21,27,14,10,2,14,18,-2.0,2024,False,ATL,1611661330
1611661328,Seattle Storm,1022400160,2024-08-18,L,75,28,72,0.389,7,21,0.333,12,16,0.75,5,27,32,15,6,6,12,12,-17.0,2024,False,IND,1611661325
1611661328,Seattle Storm,1022400164,2024-08-20,W,83,27,70,0.386,3,23,0.13,26,30,0.867,9,29,38,15,10,6,16,16,6.0,2024,False,WAS,1611661322
1611661328,Seattle Storm,1022400178,2024-08-26,L,72,28,74,0.378,7,24,0.292,9,11,0.818,9,24,33,20,12,5,12,12,-2.0,2024,True,WAS,1611661322
1611661328,Seattle Storm,1022400184,2024-08-28,W,85,31,72,0.431,8,17,0.471,15,18,0.833,5,32,37,19,6,5,7,12,4.0,2024,True,ATL,1611661330
1611661328,Seattle Storm,1022400188,2024-08-30,L,85,33,71,0.465,5,23,0.217,14,15,0.933,6,11,17,19,9,3,5,19,-13.0,2024,True,NYL,1611661313
1611661328,Seattle Storm,1022400190,2024-09-01,L,86,30,71,0.423,4,21,0.19,22,24,0.917,9,22,31,22,9,3,12,25,-7.0,2024,False,CON,1611661323
1611661328,Seattle Storm,1022400195,2024-09-03,W,71,29,62,0.468,3,17,0.176,10,15,0.667,3,28,31,22,8,8,13,19,7.0,2024,False,CON,1611661323
1611661328,Seattle Storm,1022400200,2024-09-05,L,70,30,70,0.429,6,20,0.3,4,6,0.667,8,25,33,16,5,6,13,10,-7.0,2024,False,NYL,1611661313
1611661328,Seattle Storm,1022400206,2024-09-07,W,90,36,84,0.429,12,32,0.375,6,7,0.857,15,31,46,26,8,3,6,11,24.0,2024,True,PHO,1611661317
1611661328,Seattle Storm,1022400217,2024-09-11,W,90,33,70,0.471,6,19,0.316,18,19,0.947,3,24,27,22,11,10,6,13,8.0,2024,False,LAS,1611661320
1611661328,Seattle Storm,1022400221,2024-09-13,W,83,34,74,0.459,5,21,0.238,10,10,1.0,5,27,32,23,11,4,16,14,2.0,2024,False,DAL,1611661321
1611661328,Seattle Storm,1022400229,2024-09-15,W,90,33,71,0.465,5,22,0.227,19,22,0.864,11,21,32,19,13,3,15,17,3.0,2024,True,LAS,1611661320
1611661328,Seattle Storm,1022400234,2024-09-17,L,72,30,63,0.476,2,9,0.222,10,11,0.909,4,25,29,21,7,1,11,16,-13.0,2024,True,LVA,1611661319
1611661328,Seattle Storm,1022400240,2024-09-19,W,89,35,78,0.449,13,36,0.361,6,8,0.75,11,30,41,27,5,2,10,18,19.0,2024,False,PHO,1611661317
1611661328,Seattle Storm,1022500006,2025-05-17,L,59,21,63,0.333,3,17,0.176,14,20,0.7,6,23,29,16,10,5,12,18,-22.0,2025,False,PHX,1611661317
1611661328,Seattle Storm,1022500009,2025-05-19,W,79,29,70,0.414,9,15,0.6,12,19,0.632,7,30,37,25,7,5,11,17,8.0,2025,False,DAL,1611661321
1611661328,Seattle Storm,1022500020,2025-05-23,W,77,30,64,0.469,5,18,0.278,12,14,0.857,4,26,30,21,9,4,15,12,7.0,2025,True,PHX,1611661317
1611661328,Seattle Storm,1022500026,2025-05-25,W,102,42,70,0.6,8,16,0.5,10,12,0.833,5,29,34,32,7,2,11,18,20.0,2025,True,LVA,1611661319
1611661328,Seattle Storm,1022500029,2025-05-27,L,77,29,67,0.433,6,24,0.25,13,18,0.722,10,24,34,20,8,3,14,14,-5.0,2025,False,MIN,1611661324
1611661328,Seattle Storm,1022500039,2025-05-30,L,87,34,67,0.507,3,11,0.273,16,20,0.8,7,26,33,17,7,1,14,22,-7.0,2025,True,ATL,1611661330
1611661328,Seattle Storm,1022500043,2025-06-01,L,70,28,65,0.431,8,22,0.364,6,7,0.857,6,26,32,19,5,3,19,16,-5.0,2025,True,LVA,1611661319
1611661328,Seattle Storm,1022500047,2025-06-03,W,83,30,62,0.484,8,20,0.4,15,21,0.714,3,28,31,22,6,10,16,19,6.0,2025,True,DAL,1611661321
1611661328,Seattle Storm,1022500054,2025-06-07,W,89,32,66,0.485,12,22,0.545,13,17,0.765,9,22,31,22,4,4,11,15,12.0,2025,False,PHX,1611661317
1611661328,Seattle Storm,1022500062,2025-06-11,W,94,39,69,0.565,7,18,0.389,9,15,0.6,8,26,34,30,9,3,10,14,10.0,2025,True,MIN,1611661324
1611661328,Seattle Storm,1022500067,2025-06-14,L,70,25,62,0.403,8,26,0.308,12,14,0.857,3,17,20,19,11,5,16,15,-6.0,2025,False,GSV,1611661331
1611661328,Seattle Storm,1022500076,2025-06-17,W,98,39,75,0.52,13,30,0.433,7,10,0.7,3,24,27,29,15,7,10,22,31.0,2025,False,LAS,1611661320
1611661328,Seattle Storm,1022500082,2025-06-20,W,90,33,71,0.465,11,23,0.478,13,16,0.813,11,26,37,21,7,2,9,16,7.0,2025,False,LVA,1611661319
1611661328,Seattle Storm,1022500088,2025-06-22,W,89,35,82,0.427,8,26,0.308,11,15,0.733,9,23,32,24,13,6,10,14,10.0,2025,True,NYL,1611661313
1611661328,Seattle Storm,1022500093,2025-06-24,L,86,29,62,0.468,8,28,0.286,20,25,0.8,7,14,21,17,8,7,17,20,-8.0,2025,True,IND,1611661325
1611661328,Seattle Storm,1022500102,2025-06-27,W,97,34,69,0.493,9,28,0.321,20,23,0.87,8,26,34,27,8,6,11,19,16.0,2025,True,CON,1611661323
1611661328,Seattle Storm,1022500108,2025-06-29,L,57,20,74,0.27,6,28,0.214,11,14,0.786,13,25,38,13,8,4,11,17,-27.0,2025,False,GSV,1611661331
1611661328,Seattle Storm,1022500111,2025-07-03,W,80,32,69,0.464,10,23,0.435,6,8,0.75,3,21,24,17,12,6,11,17,1.0,2025,False,ATL,1611661330
1611661328,Seattle Storm,1022500117,2025-07-06,W,79,32,71,0.451,5,17,0.294,10,14,0.714,8,27,35,21,11,6,10,14,9.0,2025,False,NYL,1611661313
1611661328,Seattle Storm,1022500123,2025-07-09,L,83,31,69,0.449,6,25,0.24,15,19,0.789,7,24,31,22,5,1,9,20,-10.0,2025,False,CON,1611661323
1611661328,Seattle Storm,1022500130,2025-07-11,W,79,29,64,0.453,6,24,0.25,15,19,0.789,9,19,28,22,11,4,7,18,14.0,2025,True,CON,1611661323
1611661328,Seattle Storm,1022500136,2025-07-13,L,69,25,69,0.362,7,19,0.368,12,14,0.857,9,20,29,13,5,4,15,20,-5.0,2025,True,WAS,1611661322
1611661328,Seattle Storm,1022500143,2025-07-16,W,67,21,64,0.328,7,29,0.241,18,22,0.818,6,27,33,13,7,4,7,20,9.0,2025,True,GSV,1611661331
1611661328,Seattle Storm,1022500150,2025-07-22,L,63,23,75,0.307,4,21,0.19,13,14,0.929,6,28,34,18,8,5,9,17,-24.0,2025,True,DAL,1611661321
1611661328,Seattle Storm,1022500154,2025-07-24,W,95,37,69,0.536,9,20,0.45,12,15,0.8,8,31,39,25,11,8,10,20,38.0,2025,False,CHI,1611661329
1611661328,Seattle Storm,1022500160,2025-07-26,L,58,22,67,0.328,5,21,0.238,9,11,0.818,7,21,28,16,9,10,14,13,-11.0,2025,False,WAS,1611661322
1611661328,Seattle Storm,1022500165,2025-07-28,W,101,42,69,0.609,9,20,0.45,8,10,0.8,3,34,37,30,7,8,15,23,16.0,2025,False,CON,1611661323
1611661328,Seattle Storm,1022500178,2025-08-01,L,106,40,94,0.426,11,32,0.344,15,19,0.789,13,29,42,29,9,8,12,21,-2.0,2025,True,LAS,1611661320
1611661328,Seattle Storm,1022500184,2025-08-03,L,74,30,68,0.441,2,15,0.133,12,15,0.8,6,27,33,20,9,2,14,18,-4.0,2025,True,IND,1611661325
1611661328,Seattle Storm,1022500189,2025-08-05,L,87,34,69,0.493,9,27,0.333,10,12,0.833,3,21,24,25,7,3,14,16,-4.0,2025,True,MIN,1611661324
1611661328,Seattle Storm,1022500196,2025-08-08,L,86,32,67,0.478,6,21,0.286,16,21,0.762,4,25,29,21,7,3,7,20,-4.0,2025,False,LVA,1611661319
1611661328,Seattle Storm,1022500201,2025-08-10,L,91,37,78,0.474,9,24,0.375,8,9,0.889,12,20,32,23,13,1,14,17,-3.0,2025,False,LAS,1611661320
1611661328,Seattle Storm,1022500210,2025-08-13,L,75,31,74,0.419,6,17,0.353,7,13,0.538,6,20,26,20,7,3,6,15,-10.0,2025,True,ATL,1611661330
1611661328,Seattle Storm,1022500214,2025-08-15,W,80,33,71,0.465,6,18,0.333,8,13,0.615,7,23,30,21,7,6,6,20,2.0,2025,False,ATL,1611661330
1611661328,Seattle Storm,1022500220,2025-08-17,L,82,34,72,0.472,4,22,0.182,10,13,0.769,3,27,30,19,9,3,12,16,-3.0,2025,True,PHX,1611661317
1611661328,Seattle Storm,1022500224,2025-08-19,W,94,34,68,0.5,8,22,0.364,18,23,0.783,6,26,32,21,8,10,12,12,6.0,2025,False,CHI,1611661329
1611661328,Seattle Storm,1022500233,2025-08-22,W,95,36,64,0.563,8,21,0.381,15,23,0.652,2,28,30,25,8,7,8,12,35.0,2025,False,DAL,1611661321
1611661328,Seattle Storm,1022500238,2025-08-24,W,84,32,74,0.432,10,21,0.476,10,13,0.769,10,21,31,23,12,5,11,15,2.0,2025,False,WAS,1611661322
1611661328,Seattle Storm,1022500243,2025-08-26,L,75,29,61,0.475,6,17,0.353,11,15,0.733,3,18,21,21,6,9,13,15,-20.0,2025,False,IND,1611661325
1611661328,Seattle Storm,1022500248,2025-08-28,W,93,31,70,0.443,16,33,0.485,15,20,0.75,9,26,35,22,10,10,9,15,14.0,2025,False,MIN,1611661324
1611661328,Seattle Storm,1022500254,2025-08-30,W,79,27,65,0.415,7,21,0.333,18,18,1.0,8,20,28,18,10,2,13,18,10.0,2025,True,CHI,1611661329
1611661328,Seattle Storm,1022500260,2025-09-01,L,85,31,73,0.425,13,32,0.406,10,15,0.667,7,16,23,22,9,7,14,17,-6.0,2025,True,LAS,1611661320
1611661328,Seattle Storm,1022500270,2025-09-05,L,76,30,68,0.441,4,20,0.2,12,15,0.8,6,20,26,19,10,4,9,18,-8.0,2025,True,NYL,1611661313
1611661328,Seattle Storm,1022500281,2025-09-09,W,74,26,64,0.406,7,17,0.412,15,20,0.75,13,24,37,18,4,7,13,16,1.0,2025,True,GSV,1611661331
1611661328,Seattle Storm,1022600003,2026-05-08,L,80,26,63,0.413,9,26,0.346,19,27,0.704,13,28,41,16,4,5,14,22,-11.0,2026,True,GSV,1611661331
1611661328,Seattle Storm,1022600007,2026-05-10,W,89,27,61,0.443,10,22,0.455,25,33,0.758,7,25,32,14,10,8,14,22,7.0,2026,False,CON,1611661323
1611661328,Seattle Storm,1022600015,2026-05-13,L,73,27,58,0.466,7,20,0.35,12,17,0.706,3,25,28,18,6,5,19,21,-13.0,2026,False,TOR,1611661332
1611661328,Seattle Storm,1022600027,2026-05-17,L,78,25,71,0.352,6,23,0.261,22,27,0.815,3,21,24,17,9,8,8,22,-11.0,2026,False,IND,1611661325
1611661328,Seattle Storm,1022600034,2026-05-20,L,78,25,63,0.397,6,23,0.261,22,25,0.88,5,21,26,15,8,6,14,15,-2.0,2026,True,CON,1611661323
1611661328,Seattle Storm,1022600040,2026-05-22,W,77,28,60,0.467,8,21,0.381,13,17,0.765,6,32,38,22,7,7,15,18,18.0,2026,True,CON,1611661323
1611661328,Seattle Storm,1022600046,2026-05-24,W,97,26,59,0.441,13,28,0.464,32,34,0.941,3,21,24,20,10,3,14,28,12.0,2026,True,WAS,1611661322
1611661328,Seattle Storm,1022600053,2026-05-27,L,64,22,63,0.349,5,23,0.217,15,19,0.789,12,19,31,14,7,3,11,21,-14.0,2026,True,WAS,1611661322
1611661328,Seattle Storm,1022600060,2026-05-30,L,72,29,71,0.408,7,27,0.259,7,8,0.875,9,23,32,21,7,4,17,20,-21.0,2026,False,TOR,1611661332
1611661328,Seattle Storm,1022600064,2026-06-01,L,56,20,61,0.328,4,19,0.211,12,17,0.706,6,30,36,11,6,7,17,22,-23.0,2026,False,DAL,1611661321
1611661328,Seattle Storm,1022600071,2026-06-03,L,68,28,73,0.384,9,33,0.273,3,5,0.6,4,30,34,17,10,5,14,18,-4.0,2026,True,PHX,1611661317
1611661328,Seattle Storm,1022600077,2026-06-06,L,68,22,63,0.349,11,36,0.306,13,16,0.813,10,25,35,16,7,1,21,12,-20.0,2026,False,MIN,1611661324
1611661328,Seattle Storm,1022600085,2026-06-08,L,91,33,74,0.446,12,27,0.444,13,15,0.867,6,21,27,22,10,1,9,23,-10.0,2026,False,LVA,1611661319
1611661328,Seattle Storm,1022600090,2026-06-10,L,83,30,64,0.469,9,29,0.31,14,16,0.875,5,30,35,26,5,4,15,21,-5.0,2026,True,LAS,1611661320
1611661328,Seattle Storm,1022600096,2026-06-12,L,72,25,66,0.379,10,23,0.435,12,18,0.667,6,25,31,17,6,5,11,23,-4.0,2026,True,GSV,1611661331
1611661328,Seattle Storm,1022600112,2026-06-17,L,89,32,67,0.478,9,24,0.375,16,19,0.842,8,23,31,22,5,3,12,18,-5.0,2026,False,PDX,1611661327
1611661328,Seattle Storm,1022600118,2026-06-20,L,73,25,70,0.357,8,28,0.286,15,17,0.882,9,20,29,17,7,2,10,24,-20.0,2026,False,PHX,1611661317
1611661328,Seattle Storm,1022600126,2026-06-22,L,110,39,77,0.506,13,29,0.448,19,21,0.905,5,29,34,29,5,6,13,12,-2.0,2026,True,DAL,1611661321
1611661328,Seattle Storm,1022600134,2026-06-25,W,99,39,75,0.52,9,28,0.321,12,15,0.8,13,26,39,18,8,3,15,21,11.0,2026,True,NYL,1611661313
1611661328,Seattle Storm,1022600140,2026-06-27,W,105,38,63,0.603,14,23,0.609,15,20,0.75,8,26,34,27,5,4,17,21,15.0,2026,True,ATL,1611661330
1611661328,Seattle Storm,1022600147,2026-07-02,L,67,26,62,0.419,8,25,0.32,7,12,0.583,5,24,29,19,5,6,13,17,-23.0,2026,False,PHX,1611661317
1611661328,Seattle Storm,1022600151,2026-07-04,L,72,24,71,0.338,8,29,0.276,16,18,0.889,6,25,31,16,14,3,14,22,-5.0,2026,True,PDX,1611661327
1611661328,Seattle Storm,1022600156,2026-07-06,W,82,32,75,0.427,10,33,0.303,8,9,0.889,7,37,44,18,14,3,13,20,18.0,2026,False,LAS,1611661320
1611661328,Seattle Storm,1022600162,2026-07-09,L,78,30,66,0.455,3,20,0.15,15,19,0.789,6,29,35,21,6,3,21,20,-11.0,2026,False,ATL,1611661330
1611661328,Seattle Storm,1022600172,2026-07-12,L,79,30,70,0.429,5,19,0.263,14,18,0.778,16,27,43,12,12,4,19,25,-5.0,2026,False,WAS,1611661322
1611661328,Seattle Storm,1022600179,2026-07-15,L,90,36,78,0.462,4,25,0.16,14,23,0.609,16,29,45,24,10,4,16,18,-5.0,2026,False,CHI,1611661329
1611661328,Seattle Storm,1022600184,2026-07-17,L,107,43,76,0.566,8,21,0.381,13,18,0.722,13,22,35,27,8,3,17,24,-3.0,2026,False,IND,1611661325
1611661328,Seattle Storm,1022600196,2026-07-20,L,102,35,70,0.5,13,28,0.464,19,22,0.864,10,22,32,23,4,4,15,15,-3.0,2026,True,MIN,1611661324
1611661328,Seattle Storm,1022600198,2026-07-22,L,76,30,74,0.405,5,32,0.156,11,15,0.733,11,30,41,18,7,7,18,12,-10.0,2026,True,MIN,1611661324
1611661328,Seattle Storm,1022600205,2026-07-28,L,95,32,79,0.405,11,34,0.324,20,27,0.741,16,20,36,17,6,2,4,22,-10.0,2026,True,IND,1611661325
1611661328,Seattle Storm,1022600213,2026-07-31,L,89,30,68,0.441,5,23,0.217,24,30,0.8,8,22,30,17,10,5,19,26,-9.0,2026,False,ATL,1611661330
1611661328,Seattle Storm,1022600223,2026-08-03,L,83,29,71,0.408,9,29,0.31,16,19,0.842,7,22,29,21,7,3,7,18,-12.0,2026,False,NYL,1611661313
1611661328,Seattle Storm,1022600227,2026-08-05,L,86,36,79,0.456,7,22,0.318,7,11,0.636,13,22,35,23,7,3,10,19,-6.0,2026,False,NYL,1611661313
1611661328,Seattle Storm,1022600238,2026-08-08,L,93,32,68,0.471,13,36,0.361,16,19,0.842,6,21,27,19,6,6,13,20,-7.0,2026,False,PDX,1611661327
1611661328,Seattle Storm,1022600244,2026-08-10,W,97,32,71,0.451,8,21,0.381,25,28,0.893,9,27,36,22,9,4,14,20,9.0,2026,True,CHI,1611661329
1611661328,Seattle Storm,1022600255,2026-08-14,L,82,27,81,0.333,14,39,0.359,14,17,0.824,14,31,45,18,5,4,11,17,-2.0,2026,True,PDX,1611661327
1611661328,Seattle Storm,1022600259,2026-08-16,L,80,29,72,0.403,6,24,0.25,16,20,0.8,5,29,34,21,7,13,18,17,-2.0,2026,True,CHI,1611661329
1611661328,Seattle Storm,1022600278,2026-08-23,L,70,25,74,0.338,12,39,0.308,8,9,0.889,12,22,34,12,9,3,15,17,-22.0,2026,False,DAL,1611661321
1611661328,Seattle Storm,1022600288,2026-08-26,W,90,35,79,0.443,6,27,0.222,14,18,0.778,10,27,37,25,13,8,10,19,12.0,2026,True,TOR,1611661332
1611661328,Seattle Storm,1022600298,2026-08-30,L,74,28,82,0.341,4,22,0.182,14,18,0.778,14,29,43,17,11,4,16,19,-16.0,2026,True,LAS,1611661320
1611661328,Seattle Storm,1022600305,2026-09-17,L,77,27,71,0.38,8,27,0.296,15,19,0.789,8,20,28,17,9,3,13,21,-37.0,2026,True,LVA,1611661319
1611661328,Seattle Storm,1022600311,2026-09-19,L,57,21,63,0.333,8,26,0.308,7,10,0.7,9,27,36,16,6,1,17,17,-13.0,2026,False,GSV,1611661331
1611661328,Seattle Storm,1022600316,2026-09-20,L,77,28,71,0.394,7,26,0.269,14,19,0.737,11,24,35,19,9,3,18,23,-21.0,2026,False,LVA,1611661319
1611661328,Seattle Storm,1022600325,2026-09-23,L,91,34,68,0.5,8,23,0.348,15,23,0.652,9,21,30,23,8,2,13,19,-12.0,2026,True,DAL,1611661321
1611661329,Chicago Sky,1021500004,2015-06-05,W,95,36,78,0.462,1,7,0.143,22,26,0.846,15,29,44,22,14,9,11,22,23.0,2015,True,IND,1611661325
1611661329,Chicago Sky,1021500008,2015-06-06,L,93,34,66,0.515,5,17,0.294,20,22,0.909,8,20,28,13,8,10,15,24,-8.0,2015,False,TUL,1611661321
1611661329,Chicago Sky,1021500013,2015-06-11,L,65,25,69,0.362,0,6,0.0,15,18,0.833,10,29,39,7,6,4,11,20,-2.0,2015,False,CON,1611661323
1611661329,Chicago Sky,1021500019,2015-06-14,W,98,38,67,0.567,5,10,0.5,17,20,0.85,7,39,46,19,7,12,15,26,26.0,2015,False,IND,1611661325
1611661329,Chicago Sky,1021500031,2015-06-19,L,73,22,62,0.355,4,14,0.286,25,28,0.893,9,25,34,11,10,5,18,16,-1.0,2015,False,ATL,1611661330
1611661329,Chicago Sky,1021500035,2015-06-20,W,95,42,76,0.553,5,15,0.333,6,13,0.462,8,30,38,17,12,5,12,16,8.0,2015,False,SAN,1611661319
1611661329,Chicago Sky,1021500041,2015-06-24,W,100,30,72,0.417,6,13,0.462,34,36,0.944,10,31,41,11,6,11,15,18,4.0,2015,True,ATL,1611661330
1611661329,Chicago Sky,1021500045,2015-06-26,W,83,32,77,0.416,5,15,0.333,14,17,0.824,11,26,37,16,10,5,9,18,6.0,2015,False,IND,1611661325
1611661329,Chicago Sky,1021500051,2015-06-28,L,71,31,65,0.477,0,8,0.0,9,10,0.9,4,20,24,13,7,3,9,10,-15.0,2015,False,WAS,1611661322
1611661329,Chicago Sky,1021500054,2015-06-30,L,81,28,71,0.394,5,19,0.263,20,23,0.87,9,24,33,16,8,2,8,19,-8.0,2015,True,NYL,1611661313
1611661329,Chicago Sky,1021500057,2015-07-02,W,77,29,62,0.468,5,14,0.357,14,15,0.933,8,20,28,9,9,2,15,13,3.0,2015,False,CON,1611661323
1611661329,Chicago Sky,1021500070,2015-07-10,W,90,32,63,0.508,5,13,0.385,21,23,0.913,5,29,34,20,6,11,10,19,7.0,2015,True,MIN,1611661324
1611661329,Chicago Sky,1021500074,2015-07-12,W,96,38,67,0.567,9,18,0.5,11,13,0.846,9,22,31,26,4,5,10,16,20.0,2015,True,CON,1611661323
1611661329,Chicago Sky,1021500080,2015-07-15,W,85,38,83,0.458,3,13,0.231,6,8,0.75,15,31,46,18,6,12,8,13,28.0,2015,True,WAS,1611661322
1611661329,Chicago Sky,1021500086,2015-07-17,L,66,26,73,0.356,2,16,0.125,12,15,0.8,10,30,40,13,2,6,12,17,-18.0,2015,False,MIN,1611661324
1611661329,Chicago Sky,1021500092,2015-07-19,W,93,40,74,0.541,5,12,0.417,8,11,0.727,14,23,37,18,5,9,12,18,11.0,2015,True,SAN,1611661319
1611661329,Chicago Sky,1021500096,2015-07-21,W,97,32,65,0.492,5,11,0.455,28,32,0.875,9,24,33,11,7,9,15,17,5.0,2015,True,ATL,1611661330
1611661329,Chicago Sky,1021500101,2015-07-28,L,87,33,86,0.384,4,16,0.25,17,20,0.85,13,30,43,13,7,5,12,22,-2.0,2015,False,PHO,1611661317
1611661329,Chicago Sky,1021500110,2015-07-31,L,77,28,67,0.418,2,11,0.182,19,21,0.905,8,23,31,20,3,6,9,20,-11.0,2015,True,LAS,1611661320
1611661329,Chicago Sky,1021500116,2015-08-02,W,71,27,69,0.391,4,13,0.308,13,15,0.867,9,33,42,19,1,7,6,18,3.0,2015,True,WAS,1611661322
1611661329,Chicago Sky,1021500118,2015-08-04,W,106,43,68,0.632,5,10,0.5,15,20,0.75,7,32,39,28,10,13,14,23,24.0,2015,True,IND,1611661325
1611661329,Chicago Sky,1021500125,2015-08-07,L,63,20,67,0.299,2,11,0.182,21,24,0.875,5,28,33,6,6,7,13,20,-14.0,2015,True,NYL,1611661313
1611661329,Chicago Sky,1021500128,2015-08-09,W,74,27,78,0.346,7,19,0.368,13,15,0.867,13,30,43,13,4,5,7,17,10.0,2015,True,PHO,1611661317
1611661329,Chicago Sky,1021500132,2015-08-11,L,63,29,70,0.414,2,8,0.25,3,5,0.6,8,23,31,14,6,3,17,15,-21.0,2015,False,NYL,1611661313
1611661329,Chicago Sky,1021500140,2015-08-14,W,94,34,74,0.459,2,8,0.25,24,28,0.857,14,24,38,14,5,7,6,19,10.0,2015,False,SEA,1611661328
1611661329,Chicago Sky,1021500144,2015-08-16,L,64,23,71,0.324,5,14,0.357,13,20,0.65,14,27,41,11,7,3,9,18,-12.0,2015,False,LAS,1611661320
1611661329,Chicago Sky,1021500154,2015-08-21,W,87,37,79,0.468,4,13,0.308,9,12,0.75,15,30,45,21,6,6,15,14,2.0,2015,True,WAS,1611661322
1611661329,Chicago Sky,1021500157,2015-08-23,W,66,24,62,0.387,2,8,0.25,16,23,0.696,10,23,33,6,4,10,15,24,2.0,2015,False,WAS,1611661322
1611661329,Chicago Sky,1021500171,2015-08-29,W,98,37,70,0.529,5,10,0.5,19,26,0.731,11,20,31,21,2,2,10,27,2.0,2015,False,ATL,1611661330
1611661329,Chicago Sky,1021500174,2015-08-30,L,68,27,72,0.375,1,8,0.125,13,18,0.722,7,26,33,19,6,8,9,22,-4.0,2015,True,CON,1611661323
1611661329,Chicago Sky,1021500180,2015-09-03,W,82,29,67,0.433,9,15,0.6,15,16,0.938,10,28,38,16,8,9,9,18,22.0,2015,False,NYL,1611661313
1611661329,Chicago Sky,1021500188,2015-09-06,W,93,38,72,0.528,4,13,0.308,13,14,0.929,11,28,39,22,15,2,12,15,28.0,2015,True,SEA,1611661328
1611661329,Chicago Sky,1021500197,2015-09-11,W,92,35,72,0.486,7,16,0.438,15,21,0.714,10,26,36,23,8,7,7,19,21.0,2015,True,TUL,1611661321
1611661329,Chicago Sky,1021500200,2015-09-13,L,75,26,64,0.406,6,17,0.353,17,22,0.773,13,23,36,16,2,7,14,19,-11.0,2015,False,CON,1611661323
1611661329,Chicago Sky,1021600004,2016-05-14,W,93,31,69,0.449,0,6,0.0,31,37,0.838,15,31,46,15,10,5,16,19,23.0,2016,True,CON,1611661323
1611661329,Chicago Sky,1021600008,2016-05-18,L,80,34,78,0.436,1,7,0.143,11,12,0.917,9,21,30,15,6,2,12,22,-17.0,2016,True,MIN,1611661324
1611661329,Chicago Sky,1021600018,2016-05-22,L,81,29,77,0.377,5,10,0.5,18,22,0.818,14,31,45,17,2,11,13,22,-6.0,2016,False,ATL,1611661330
1611661329,Chicago Sky,1021600021,2016-05-24,L,80,35,69,0.507,1,8,0.125,9,11,0.818,7,27,34,24,5,6,15,22,-13.0,2016,True,LAS,1611661320
1611661329,Chicago Sky,1021600026,2016-05-27,L,78,31,69,0.449,4,13,0.308,12,16,0.75,9,28,37,19,4,4,15,22,-1.0,2016,False,SAN,1611661319
1611661329,Chicago Sky,1021600030,2016-05-29,W,92,41,70,0.586,4,7,0.571,6,7,0.857,8,28,36,28,7,6,13,24,5.0,2016,False,DAL,1611661321
1611661329,Chicago Sky,1021600034,2016-06-01,W,86,32,65,0.492,6,14,0.429,16,18,0.889,5,22,27,26,7,2,12,17,8.0,2016,False,WAS,1611661322
1611661329,Chicago Sky,1021600039,2016-06-03,W,98,39,71,0.549,6,13,0.462,14,17,0.824,11,26,37,30,9,7,11,20,26.0,2016,True,WAS,1611661322
1611661329,Chicago Sky,1021600051,2016-06-10,W,73,33,72,0.458,3,10,0.3,4,4,1.0,12,36,48,23,4,2,14,19,9.0,2016,False,IND,1611661325
1611661329,Chicago Sky,1021600057,2016-06-12,L,80,31,66,0.47,3,8,0.375,15,18,0.833,8,27,35,11,7,7,13,25,-6.0,2016,False,PHO,1611661317
1611661329,Chicago Sky,1021600063,2016-06-14,L,85,33,70,0.471,4,13,0.308,15,16,0.938,11,19,30,11,5,3,10,15,-13.0,2016,False,LAS,1611661320
1611661329,Chicago Sky,1021600066,2016-06-17,L,97,37,82,0.451,5,16,0.313,18,25,0.72,11,25,36,24,7,3,11,32,-4.0,2016,False,ATL,1611661330
1611661329,Chicago Sky,1021600075,2016-06-21,W,81,30,73,0.411,1,6,0.167,20,23,0.87,10,30,40,17,10,4,13,19,6.0,2016,True,SAN,1611661319
1611661329,Chicago Sky,1021600081,2016-06-24,L,79,30,68,0.441,6,13,0.462,13,14,0.929,7,24,31,10,7,2,8,13,-1.0,2016,False,NYL,1611661313
1611661329,Chicago Sky,1021600092,2016-06-29,L,83,29,60,0.483,3,11,0.273,22,27,0.815,6,18,24,19,9,6,14,19,-12.0,2016,True,IND,1611661325
1611661329,Chicago Sky,1021600098,2016-07-01,W,86,35,81,0.432,2,9,0.222,14,20,0.7,13,31,44,14,7,5,8,15,2.0,2016,True,WAS,1611661322
1611661329,Chicago Sky,1021600105,2016-07-05,L,82,27,69,0.391,6,11,0.545,22,23,0.957,8,23,31,11,6,5,13,19,-5.0,2016,False,MIN,1611661324
1611661329,Chicago Sky,1021600113,2016-07-08,L,85,33,74,0.446,7,13,0.538,12,15,0.8,8,22,30,18,7,9,12,19,-3.0,2016,True,NYL,1611661313
1611661329,Chicago Sky,1021600118,2016-07-10,W,100,38,74,0.514,8,13,0.615,16,19,0.842,13,30,43,25,7,4,14,22,5.0,2016,True,PHO,1611661317
1611661329,Chicago Sky,1021600124,2016-07-13,L,67,29,74,0.392,5,15,0.333,4,6,0.667,10,17,27,18,4,1,5,8,-10.0,2016,True,LAS,1611661320
1611661329,Chicago Sky,1021600129,2016-07-15,W,84,34,73,0.466,6,16,0.375,10,14,0.714,11,22,33,18,5,7,9,16,7.0,2016,True,DAL,1611661321
1611661329,Chicago Sky,1021600135,2016-07-17,W,91,36,75,0.48,9,13,0.692,10,14,0.714,14,27,41,14,5,1,13,18,3.0,2016,False,SEA,1611661328
1611661329,Chicago Sky,1021600137,2016-07-19,W,79,28,68,0.412,5,14,0.357,18,23,0.783,7,28,35,10,9,4,8,18,2.0,2016,False,PHO,1611661317
1611661329,Chicago Sky,1021600146,2016-07-22,L,89,34,65,0.523,5,12,0.417,16,17,0.941,6,23,29,15,5,8,15,19,-5.0,2016,True,CON,1611661323
1611661329,Chicago Sky,1021600149,2016-08-26,W,90,32,79,0.405,4,10,0.4,22,25,0.88,18,25,43,18,5,6,7,23,8.0,2016,True,ATL,1611661330
1611661329,Chicago Sky,1021600154,2016-08-28,W,92,36,73,0.493,1,5,0.2,19,19,1.0,9,29,38,23,3,7,9,20,7.0,2016,False,DAL,1611661321
1611661329,Chicago Sky,1021600165,2016-09-02,W,92,37,78,0.474,3,10,0.3,15,18,0.833,9,26,35,21,8,9,5,18,4.0,2016,True,SEA,1611661328
1611661329,Chicago Sky,1021600169,2016-09-04,W,97,34,65,0.523,5,9,0.556,24,29,0.828,11,25,36,23,7,6,9,18,24.0,2016,True,SAN,1611661319
1611661329,Chicago Sky,1021600177,2016-09-07,L,81,32,84,0.381,6,14,0.429,11,13,0.846,18,20,38,17,7,7,9,18,-37.0,2016,False,WAS,1611661322
1611661329,Chicago Sky,1021600180,2016-09-09,L,88,31,73,0.425,3,17,0.176,23,28,0.821,12,18,30,9,12,2,11,25,-7.0,2016,False,IND,1611661325
1611661329,Chicago Sky,1021600183,2016-09-11,W,96,33,66,0.5,6,14,0.429,24,31,0.774,10,29,39,17,9,10,12,19,10.0,2016,False,CON,1611661323
1611661329,Chicago Sky,1021600192,2016-09-13,W,98,35,68,0.515,0,3,0.0,28,32,0.875,10,24,34,12,11,4,17,27,1.0,2016,True,MIN,1611661324
1611661329,Chicago Sky,1021600198,2016-09-16,W,92,39,83,0.47,4,15,0.267,10,16,0.625,12,29,41,29,12,2,8,16,24.0,2016,True,NYL,1611661313
1611661329,Chicago Sky,1021600204,2016-09-18,L,75,33,68,0.485,1,7,0.143,8,9,0.889,4,25,29,19,8,6,16,22,-13.0,2016,False,SEA,1611661328
1611661329,Chicago Sky,1021700007,2017-05-14,L,61,24,68,0.353,1,7,0.143,12,19,0.632,15,29,44,13,7,6,23,17,-9.0,2017,False,MIN,1611661324
1611661329,Chicago Sky,1021700011,2017-05-19,L,83,30,77,0.39,6,19,0.316,17,17,1.0,9,22,31,18,9,3,12,22,-8.0,2017,True,ATL,1611661330
1611661329,Chicago Sky,1021700015,2017-05-21,W,75,29,70,0.414,3,10,0.3,14,20,0.7,10,33,43,17,8,11,15,21,4.0,2017,False,ATL,1611661330
1611661329,Chicago Sky,1021700019,2017-05-24,L,67,21,70,0.3,5,20,0.25,20,25,0.8,13,25,38,15,3,5,10,23,-15.0,2017,True,WAS,1611661322
1611661329,Chicago Sky,1021700023,2017-05-26,L,79,31,69,0.449,7,12,0.583,10,14,0.714,3,29,32,20,5,7,15,22,-9.0,2017,False,WAS,1611661322
1611661329,Chicago Sky,1021700027,2017-05-28,L,79,27,70,0.386,6,21,0.286,19,31,0.613,8,28,36,19,3,11,11,29,-18.0,2017,True,CON,1611661323
1611661329,Chicago Sky,1021700034,2017-06-01,L,91,38,71,0.535,11,24,0.458,4,5,0.8,8,21,29,26,4,7,16,24,-8.0,2017,True,PHO,1611661317
1611661329,Chicago Sky,1021700043,2017-06-06,L,70,27,65,0.415,4,13,0.308,12,15,0.8,8,30,38,16,4,4,19,28,-9.0,2017,False,LAS,1611661320
1611661329,Chicago Sky,1021700050,2017-06-10,W,85,36,65,0.554,4,12,0.333,9,13,0.692,7,30,37,19,5,6,19,13,4.0,2017,False,SAN,1611661319
1611661329,Chicago Sky,1021700061,2017-06-16,L,78,28,67,0.418,7,20,0.35,15,21,0.714,10,26,36,18,7,2,15,29,-8.0,2017,False,PHO,1611661317
1611661329,Chicago Sky,1021700065,2017-06-18,L,79,31,57,0.544,5,14,0.357,12,16,0.75,2,29,31,20,3,5,18,17,-12.0,2017,True,IND,1611661325
1611661329,Chicago Sky,1021700069,2017-06-23,W,82,34,76,0.447,3,17,0.176,11,12,0.917,9,30,39,24,4,2,10,18,4.0,2017,False,ATL,1611661330
1611661329,Chicago Sky,1021700075,2017-06-25,L,63,26,68,0.382,4,13,0.308,7,9,0.778,7,22,29,12,2,4,21,15,-34.0,2017,True,WAS,1611661322
1611661329,Chicago Sky,1021700079,2017-06-28,L,75,33,78,0.423,1,8,0.125,8,10,0.8,16,32,48,19,2,3,17,22,-7.0,2017,True,IND,1611661325
1611661329,Chicago Sky,1021700083,2017-06-30,L,82,32,60,0.533,6,12,0.5,12,14,0.857,4,16,20,25,6,6,13,10,-7.0,2017,False,SAN,1611661319
1611661329,Chicago Sky,1021700097,2017-07-08,W,100,43,72,0.597,8,17,0.471,6,8,0.75,10,23,33,31,6,4,19,18,24.0,2017,True,MIN,1611661324
1611661329,Chicago Sky,1021700102,2017-07-12,W,90,35,66,0.53,12,25,0.48,8,14,0.571,10,30,40,31,8,8,21,20,6.0,2017,True,DAL,1611661321
1611661329,Chicago Sky,1021700107,2017-07-14,W,78,33,72,0.458,8,20,0.4,4,4,1.0,2,32,34,24,9,5,7,19,10.0,2017,False,NYL,1611661313
1611661329,Chicago Sky,1021700112,2017-07-16,L,106,37,84,0.44,5,19,0.263,27,32,0.844,14,26,40,16,9,9,21,32,-6.0,2017,False,DAL,1611661321
1611661329,Chicago Sky,1021700116,2017-07-18,W,94,35,76,0.461,9,24,0.375,15,16,0.938,10,18,28,16,9,2,9,20,11.0,2017,False,SEA,1611661328
1611661329,Chicago Sky,1021700121,2017-07-20,W,82,33,66,0.5,6,17,0.353,10,12,0.833,7,24,31,22,6,4,12,14,2.0,2017,False,LAS,1611661320
1611661329,Chicago Sky,1021700124,2017-07-25,L,72,32,71,0.451,6,14,0.429,2,5,0.4,5,23,28,19,5,3,18,22,-21.0,2017,False,CON,1611661323
1611661329,Chicago Sky,1021700133,2017-07-28,L,80,34,76,0.447,6,16,0.375,6,8,0.75,9,26,35,20,7,6,13,18,-6.0,2017,True,PHO,1611661317
1611661329,Chicago Sky,1021700139,2017-07-30,L,82,33,68,0.485,8,15,0.533,8,11,0.727,7,21,28,23,7,7,14,13,-4.0,2017,True,NYL,1611661313
1611661329,Chicago Sky,1021700144,2017-08-04,W,81,32,67,0.478,8,19,0.421,9,9,1.0,6,33,39,17,6,4,15,13,11.0,2017,False,IND,1611661325
1611661329,Chicago Sky,1021700148,2017-08-05,W,91,32,68,0.471,7,19,0.368,20,21,0.952,1,23,24,23,5,11,6,13,5.0,2017,True,ATL,1611661330
1611661329,Chicago Sky,1021700156,2017-08-10,W,94,38,67,0.567,11,23,0.478,7,12,0.583,6,25,31,28,3,7,12,15,20.0,2017,True,SAN,1611661319
1611661329,Chicago Sky,1021700171,2017-08-18,L,106,41,82,0.5,14,27,0.519,10,11,0.909,11,32,43,31,4,8,21,17,-9.0,2017,True,LAS,1611661320
1611661329,Chicago Sky,1021700177,2017-08-20,L,66,27,67,0.403,3,16,0.188,9,12,0.75,7,21,28,18,5,8,16,14,-37.0,2017,True,SEA,1611661328
1611661329,Chicago Sky,1021700184,2017-08-25,W,96,38,76,0.5,7,18,0.389,13,15,0.867,6,33,39,25,7,9,12,19,13.0,2017,False,CON,1611661323
1611661329,Chicago Sky,1021700189,2017-08-27,L,62,23,56,0.411,4,12,0.333,12,13,0.923,2,23,25,14,5,5,23,17,-30.0,2017,False,NYL,1611661313
1611661329,Chicago Sky,1021700193,2017-08-30,L,96,40,68,0.588,5,11,0.455,11,12,0.917,4,24,28,33,5,5,12,19,-3.0,2017,True,DAL,1611661321
1611661329,Chicago Sky,1021700196,2017-09-01,L,87,34,77,0.442,10,25,0.4,9,13,0.692,6,20,26,24,13,0,15,19,-23.0,2017,False,MIN,1611661324
1611661329,Chicago Sky,1021700203,2017-09-03,L,80,31,70,0.443,7,20,0.35,11,13,0.846,5,32,37,22,4,3,16,21,-5.0,2017,True,SEA,1611661328
1611661329,Chicago Sky,1021800002,2018-05-19,W,82,31,63,0.492,5,15,0.333,15,20,0.75,9,35,44,19,3,1,12,11,18.0,2018,False,IND,1611661325
1611661329,Chicago Sky,1021800007,2018-05-20,W,80,30,63,0.476,6,13,0.462,14,18,0.778,9,34,43,20,5,6,15,19,4.0,2018,True,NYL,1611661313
1611661329,Chicago Sky,1021800011,2018-05-23,L,63,25,68,0.368,3,14,0.214,10,12,0.833,8,20,28,20,9,5,13,14,-18.0,2018,True,ATL,1611661330
1611661329,Chicago Sky,1021800017,2018-05-25,L,91,36,73,0.493,7,17,0.412,12,13,0.923,7,32,39,21,5,4,14,19,-4.0,2018,False,SEA,1611661328
1611661329,Chicago Sky,1021800029,2018-06-01,L,72,23,60,0.383,5,12,0.417,21,25,0.84,4,20,24,15,5,3,23,22,-38.0,2018,True,CON,1611661323
1611661329,Chicago Sky,1021800036,2018-06-03,W,95,28,72,0.389,7,21,0.333,32,38,0.842,12,28,40,20,7,5,13,18,5.0,2018,True,LVA,1611661319
1611661329,Chicago Sky,1021800043,2018-06-08,L,79,31,60,0.517,7,14,0.5,10,18,0.556,3,18,21,19,8,2,13,14,-17.0,2018,False,PHO,1611661317
1611661329,Chicago Sky,1021800047,2018-06-10,L,59,21,74,0.284,3,23,0.13,14,17,0.824,14,22,36,15,6,2,7,16,-18.0,2018,False,LAS,1611661320
1611661329,Chicago Sky,1021800052,2018-06-12,L,85,32,78,0.41,13,32,0.406,8,10,0.8,14,20,34,18,8,6,9,21,-11.0,2018,False,SEA,1611661328
1611661329,Chicago Sky,1021800063,2018-06-17,L,72,28,62,0.452,4,15,0.267,12,16,0.75,5,27,32,15,3,4,13,16,-9.0,2018,True,LAS,1611661320
1611661329,Chicago Sky,1021800066,2018-06-19,L,60,19,64,0.297,6,20,0.3,16,22,0.727,14,18,32,14,6,4,17,21,-28.0,2018,False,WAS,1611661322
1611661329,Chicago Sky,1021800072,2018-06-22,L,77,28,65,0.431,6,19,0.316,15,19,0.789,5,24,29,19,9,2,19,17,-16.0,2018,True,WAS,1611661322
1611661329,Chicago Sky,1021800080,2018-06-24,W,97,33,67,0.493,10,23,0.435,21,24,0.875,8,23,31,23,8,6,17,23,9.0,2018,True,PHO,1611661317
1611661329,Chicago Sky,1021800085,2018-06-27,W,93,37,75,0.493,7,17,0.412,12,16,0.75,13,29,42,30,8,6,14,18,13.0,2018,True,ATL,1611661330
1611661329,Chicago Sky,1021800091,2018-06-29,W,103,35,62,0.565,11,21,0.524,22,26,0.846,5,22,27,27,3,5,13,15,4.0,2018,False,NYL,1611661313
1611661329,Chicago Sky,1021800098,2018-07-01,L,94,31,74,0.419,12,30,0.4,20,23,0.87,6,29,35,23,6,4,16,32,-3.0,2018,True,NYL,1611661313
1611661329,Chicago Sky,1021800101,2018-07-03,L,85,31,72,0.431,8,23,0.348,15,17,0.882,10,21,31,18,11,1,15,14,-23.0,2018,False,DAL,1611661321
1611661329,Chicago Sky,1021800107,2018-07-05,L,80,30,70,0.429,8,21,0.381,12,13,0.923,8,27,35,20,5,6,16,15,-4.0,2018,False,LVA,1611661319
1611661329,Chicago Sky,1021800111,2018-07-07,W,77,30,63,0.476,9,17,0.529,8,10,0.8,4,34,38,22,11,2,14,13,14.0,2018,True,MIN,1611661324
1611661329,Chicago Sky,1021800118,2018-07-10,L,74,27,71,0.38,5,18,0.278,15,20,0.75,11,22,33,22,9,7,12,19,-24.0,2018,True,LVA,1611661319
1611661329,Chicago Sky,1021800125,2018-07-13,L,72,29,67,0.433,4,21,0.19,10,13,0.769,8,23,31,19,7,6,17,21,-16.0,2018,False,WAS,1611661322
1611661329,Chicago Sky,1021800129,2018-07-15,L,84,30,65,0.462,7,22,0.318,17,22,0.773,8,9,17,21,5,0,17,20,-23.0,2018,False,NYL,1611661313
1611661329,Chicago Sky,1021800135,2018-07-18,L,83,33,69,0.478,8,26,0.308,9,13,0.692,7,24,31,21,7,1,16,17,-18.0,2018,True,SEA,1611661328
1611661329,Chicago Sky,1021800141,2018-07-20,W,114,42,74,0.568,12,25,0.48,18,22,0.818,12,27,39,29,5,4,18,28,15.0,2018,True,DAL,1611661321
1611661329,Chicago Sky,1021800148,2018-07-22,L,76,31,69,0.449,7,24,0.292,7,11,0.636,8,24,32,23,5,1,13,13,-17.0,2018,True,LAS,1611661320
1611661329,Chicago Sky,1021800153,2018-07-25,W,101,39,70,0.557,9,23,0.391,14,18,0.778,8,26,34,27,6,8,12,22,14.0,2018,False,PHO,1611661317
1611661329,Chicago Sky,1021800155,2018-07-31,W,92,37,71,0.521,6,13,0.462,12,16,0.75,9,21,30,21,8,1,8,25,1.0,2018,False,DAL,1611661321
1611661329,Chicago Sky,1021800161,2018-08-03,L,74,25,65,0.385,4,13,0.308,20,23,0.87,7,25,32,15,8,8,17,19,-15.0,2018,False,ATL,1611661330
1611661329,Chicago Sky,1021800172,2018-08-07,L,64,23,67,0.343,8,21,0.381,10,13,0.769,7,20,27,14,12,2,20,12,-21.0,2018,True,MIN,1611661324
1611661329,Chicago Sky,1021800179,2018-08-10,W,97,39,72,0.542,9,25,0.36,10,13,0.769,7,26,33,35,8,8,11,15,11.0,2018,True,CON,1611661323
1611661329,Chicago Sky,1021800184,2018-08-12,L,75,27,65,0.415,7,17,0.412,14,17,0.824,5,28,33,19,6,1,16,21,-7.0,2018,False,CON,1611661323
1611661329,Chicago Sky,1021800189,2018-08-14,W,91,34,62,0.548,7,15,0.467,16,21,0.762,5,23,28,21,6,3,14,18,3.0,2018,False,MIN,1611661324
1611661329,Chicago Sky,1021800198,2018-08-18,W,115,44,91,0.484,6,21,0.286,21,25,0.84,13,42,55,27,3,4,13,25,9.0,2018,False,IND,1611661325
1611661329,Chicago Sky,1021800202,2018-08-19,L,92,36,67,0.537,8,20,0.4,12,15,0.8,5,23,28,29,6,4,13,16,-5.0,2018,True,IND,1611661325
1611661329,Chicago Sky,1021900005,2019-05-25,L,71,28,70,0.4,3,13,0.231,12,15,0.8,6,23,29,19,11,3,15,22,-18.0,2019,False,MIN,1611661324
1611661329,Chicago Sky,1021900014,2019-06-01,W,83,36,70,0.514,7,22,0.318,4,5,0.8,5,32,37,27,8,3,19,12,4.0,2019,True,SEA,1611661328
1611661329,Chicago Sky,1021900019,2019-06-05,L,85,34,68,0.5,6,20,0.3,11,14,0.786,12,20,32,20,7,3,17,11,-18.0,2019,False,WAS,1611661322
1611661329,Chicago Sky,1021900030,2019-06-09,W,78,31,73,0.425,8,22,0.364,8,11,0.727,11,34,45,20,8,2,20,16,7.0,2019,True,SEA,1611661328
1611661329,Chicago Sky,1021900033,2019-06-11,W,82,32,73,0.438,12,23,0.522,6,6,1.0,9,30,39,22,5,4,14,20,7.0,2019,True,PHO,1611661317
1611661329,Chicago Sky,1021900040,2019-06-15,W,70,22,68,0.324,8,21,0.381,18,20,0.9,13,32,45,17,4,6,10,18,6.0,2019,False,IND,1611661325
1611661329,Chicago Sky,1021900047,2019-06-19,W,91,34,67,0.507,7,19,0.368,16,20,0.8,5,35,40,20,6,7,10,15,8.0,2019,False,NYL,1611661313
1611661329,Chicago Sky,1021900051,2019-06-21,L,69,25,67,0.373,7,23,0.304,12,13,0.923,5,20,25,18,8,4,10,20,-7.0,2019,True,IND,1611661325
1611661329,Chicago Sky,1021900056,2019-06-23,W,93,38,72,0.528,8,22,0.364,9,10,0.9,5,35,40,22,10,4,14,21,18.0,2019,True,CON,1611661323
1611661329,Chicago Sky,1021900061,2019-06-26,L,74,29,69,0.42,5,22,0.227,11,11,1.0,7,27,34,18,4,8,17,13,-7.0,2019,True,WAS,1611661322
1611661329,Chicago Sky,1021900066,2019-06-28,L,76,31,65,0.477,5,16,0.313,9,14,0.643,9,28,37,18,6,4,15,19,-3.0,2019,False,SEA,1611661328
1611661329,Chicago Sky,1021900071,2019-06-30,L,69,24,72,0.333,10,24,0.417,11,13,0.846,9,22,31,13,7,7,14,14,-25.0,2019,False,LAS,1611661320
1611661329,Chicago Sky,1021900073,2019-07-02,L,82,31,70,0.443,9,23,0.391,11,12,0.917,6,28,34,25,9,2,17,19,-8.0,2019,False,LVA,1611661319
1611661329,Chicago Sky,1021900083,2019-07-07,W,78,28,63,0.444,8,20,0.4,14,16,0.875,3,31,34,23,4,1,16,10,12.0,2019,True,DAL,1611661321
1611661329,Chicago Sky,1021900089,2019-07-10,L,72,27,73,0.37,8,27,0.296,10,13,0.769,8,30,38,21,6,9,12,11,-1.0,2019,True,MIN,1611661324
1611661329,Chicago Sky,1021900093,2019-07-12,W,99,38,70,0.543,5,12,0.417,18,24,0.75,5,30,35,30,7,4,12,18,16.0,2019,True,NYL,1611661313
1611661329,Chicago Sky,1021900098,2019-07-14,W,89,32,63,0.508,11,20,0.55,14,17,0.824,4,31,35,26,4,3,10,19,10.0,2019,False,DAL,1611661321
1611661329,Chicago Sky,1021900101,2019-07-17,W,77,29,69,0.42,6,22,0.273,13,17,0.765,9,34,43,19,5,9,17,14,1.0,2019,True,ATL,1611661330
1611661329,Chicago Sky,1021900111,2019-07-21,W,78,28,63,0.444,8,22,0.364,14,18,0.778,11,29,40,22,3,5,18,12,8.0,2019,True,IND,1611661325
1611661329,Chicago Sky,1021900118,2019-07-30,L,94,33,73,0.452,10,29,0.345,18,23,0.783,8,23,31,26,6,3,14,20,-6.0,2019,False,CON,1611661323
1611661329,Chicago Sky,1021900126,2019-08-03,W,87,34,69,0.493,11,25,0.44,8,10,0.8,5,34,39,29,7,6,20,15,12.0,2019,False,ATL,1611661330
1611661329,Chicago Sky,1021900133,2019-08-07,W,101,35,76,0.461,5,22,0.227,26,31,0.839,10,22,32,24,8,3,8,9,9.0,2019,True,NYL,1611661313
1611661329,Chicago Sky,1021900138,2019-08-09,W,87,27,63,0.429,5,25,0.2,28,31,0.903,7,26,33,22,6,4,14,24,3.0,2019,False,LVA,1611661319
1611661329,Chicago Sky,1021900143,2019-08-11,L,81,28,65,0.431,6,24,0.25,19,25,0.76,11,24,35,12,16,5,24,27,-3.0,2019,False,LAS,1611661320
1611661329,Chicago Sky,1021900151,2019-08-16,W,91,32,67,0.478,12,28,0.429,15,17,0.882,11,27,38,21,5,5,18,21,10.0,2019,True,LAS,1611661320
1611661329,Chicago Sky,1021900157,2019-08-18,L,85,26,76,0.342,9,32,0.281,24,31,0.774,11,22,33,18,3,4,7,25,-15.0,2019,True,LVA,1611661319
1611661329,Chicago Sky,1021900160,2019-08-20,W,87,33,72,0.458,5,18,0.278,16,21,0.762,8,28,36,21,5,9,14,18,4.0,2019,False,ATL,1611661330
1611661329,Chicago Sky,1021900168,2019-08-23,W,85,32,70,0.457,6,18,0.333,15,18,0.833,8,32,40,22,8,2,16,21,7.0,2019,True,WAS,1611661322
1611661329,Chicago Sky,1021900172,2019-08-25,W,94,35,84,0.417,6,23,0.261,18,22,0.818,15,32,47,21,7,3,7,24,8.0,2019,False,PHO,1611661317
1611661329,Chicago Sky,1021900178,2019-08-27,L,85,32,74,0.432,7,18,0.389,14,14,1.0,8,26,34,26,8,9,16,20,-8.0,2019,False,MIN,1611661324
1611661329,Chicago Sky,1021900181,2019-08-29,L,83,28,64,0.438,3,18,0.167,24,27,0.889,9,22,31,22,5,2,13,18,-5.0,2019,True,DAL,1611661321
1611661329,Chicago Sky,1021900186,2019-09-01,W,105,40,79,0.506,9,22,0.409,16,26,0.615,15,30,45,23,8,2,6,18,27.0,2019,True,PHO,1611661317
1611661329,Chicago Sky,1021900196,2019-09-06,W,109,41,77,0.532,6,23,0.261,21,24,0.875,7,34,41,26,11,6,20,18,5.0,2019,False,CON,1611661323
1611661329,Chicago Sky,1021900201,2019-09-08,L,86,33,66,0.5,6,17,0.353,14,18,0.778,4,25,29,20,5,1,14,19,-14.0,2019,False,WAS,1611661322
1611661329,Chicago Sky,1022001005,2020-07-26,W,88,34,74,0.459,9,27,0.333,11,14,0.786,7,26,33,25,7,3,16,23,2.0,2020,False,LVA,1611661319
1611661329,Chicago Sky,1022001008,2020-07-28,W,96,37,68,0.544,11,25,0.44,11,14,0.786,5,33,38,25,9,2,15,17,18.0,2020,True,LAS,1611661320
1611661329,Chicago Sky,1022001014,2020-07-30,L,81,31,69,0.449,6,24,0.25,13,17,0.765,8,25,33,18,8,3,14,22,-2.0,2020,False,MIN,1611661324
1611661329,Chicago Sky,1022001020,2020-08-01,W,88,36,70,0.514,12,25,0.48,4,7,0.571,4,31,35,25,7,5,17,19,2.0,2020,True,WAS,1611661322
1611661329,Chicago Sky,1022001025,2020-08-04,W,82,32,69,0.464,9,20,0.45,9,12,0.75,10,30,40,19,7,2,13,15,3.0,2020,True,DAL,1611661321
1611661329,Chicago Sky,1022001033,2020-08-06,L,86,32,70,0.457,9,24,0.375,13,16,0.813,12,22,34,19,12,4,19,28,-10.0,2020,False,PHO,1611661317
1611661329,Chicago Sky,1022001039,2020-08-08,W,100,32,58,0.552,7,18,0.389,29,32,0.906,7,22,29,21,12,1,21,19,7.0,2020,False,CON,1611661323
1611661329,Chicago Sky,1022001045,2020-08-10,L,71,28,64,0.438,7,19,0.368,8,10,0.8,6,21,27,18,8,5,21,10,-18.0,2020,False,SEA,1611661328
1611661329,Chicago Sky,1022001050,2020-08-12,W,89,36,66,0.545,1,11,0.091,16,20,0.8,12,26,38,20,9,2,15,21,18.0,2020,True,PHO,1611661317
1611661329,Chicago Sky,1022001055,2020-08-14,L,74,28,61,0.459,4,20,0.2,14,17,0.824,6,26,32,18,3,8,15,18,-3.0,2020,True,CON,1611661323
1611661329,Chicago Sky,1022001061,2020-08-16,W,92,37,64,0.578,7,14,0.5,11,12,0.917,5,32,37,25,7,6,17,19,25.0,2020,False,ATL,1611661330
1611661329,Chicago Sky,1022001065,2020-08-18,W,84,37,72,0.514,8,25,0.32,2,5,0.4,5,29,34,25,2,10,14,20,2.0,2020,True,LVA,1611661319
1611661329,Chicago Sky,1022001070,2020-08-20,W,101,42,80,0.525,11,23,0.478,6,8,0.75,5,25,30,24,8,5,12,21,16.0,2020,False,NYL,1611661313
1611661329,Chicago Sky,1022001076,2020-08-22,W,87,32,68,0.471,7,18,0.389,16,18,0.889,10,17,27,18,9,1,12,17,11.0,2020,True,IND,1611661325
1611661329,Chicago Sky,1022001082,2020-08-25,L,99,33,71,0.465,10,25,0.4,23,29,0.793,12,22,34,20,5,2,9,13,-2.0,2020,True,NYL,1611661313
1611661329,Chicago Sky,1022001095,2020-08-29,L,74,29,68,0.426,4,21,0.19,12,14,0.857,9,22,31,20,11,4,14,18,-14.0,2020,True,SEA,1611661328
1611661329,Chicago Sky,1022001088,2020-08-31,W,100,38,70,0.543,7,19,0.368,17,20,0.85,5,28,33,29,7,5,11,20,23.0,2020,False,IND,1611661325
1611661329,Chicago Sky,1022001103,2020-09-02,L,83,33,67,0.493,9,30,0.3,8,9,0.889,8,29,37,23,11,6,23,16,-3.0,2020,True,MIN,1611661324
1611661329,Chicago Sky,1022001109,2020-09-04,L,69,28,63,0.444,7,26,0.269,6,7,0.857,4,25,29,18,5,2,12,14,-10.0,2020,False,WAS,1611661322
1611661329,Chicago Sky,1022001117,2020-09-06,L,80,33,74,0.446,8,27,0.296,6,10,0.6,10,26,36,23,8,3,15,19,-6.0,2020,False,LAS,1611661320
1611661329,Chicago Sky,1022001122,2020-09-09,L,89,35,75,0.467,8,24,0.333,11,13,0.846,6,29,35,22,6,4,11,13,-8.0,2020,True,ATL,1611661330
1611661329,Chicago Sky,1022001128,2020-09-11,W,95,34,59,0.576,6,11,0.545,21,23,0.913,5,32,37,25,3,6,12,14,7.0,2020,False,DAL,1611661321
1611661329,Chicago Sky,1022100005,2021-05-15,W,70,22,60,0.367,8,17,0.471,18,21,0.857,3,33,36,21,7,2,14,20,14.0,2021,False,WAS,1611661322
1611661329,Chicago Sky,1022100012,2021-05-19,W,85,28,70,0.4,1,13,0.077,28,36,0.778,14,33,47,18,8,6,24,21,8.0,2021,False,ATL,1611661330
1611661329,Chicago Sky,1022100020,2021-05-23,L,85,33,81,0.407,6,12,0.5,13,15,0.867,10,25,35,22,8,5,12,15,-8.0,2021,True,NYL,1611661313
1611661329,Chicago Sky,1022100025,2021-05-25,L,83,25,62,0.403,6,17,0.353,27,28,0.964,13,28,41,22,5,5,21,22,-7.0,2021,True,ATL,1611661330
1611661329,Chicago Sky,1022100030,2021-05-28,L,61,21,51,0.412,6,19,0.316,13,14,0.929,5,28,33,12,7,3,27,25,-15.0,2021,True,LAS,1611661320
1611661329,Chicago Sky,1022100035,2021-05-30,L,79,30,75,0.4,7,21,0.333,12,12,1.0,13,32,45,16,9,8,22,21,-3.0,2021,True,LAS,1611661320
1611661329,Chicago Sky,1022100039,2021-06-01,L,83,30,79,0.38,4,14,0.286,19,20,0.95,12,16,28,18,10,2,10,18,-1.0,2021,True,PHO,1611661317
1611661329,Chicago Sky,1022100043,2021-06-03,L,74,27,78,0.346,8,31,0.258,12,14,0.857,9,30,39,22,11,5,8,23,-3.0,2021,False,PHO,1611661317
1611661329,Chicago Sky,1022100048,2021-06-05,L,63,21,62,0.339,5,18,0.278,16,23,0.696,14,29,43,13,6,5,18,22,-5.0,2021,False,LAS,1611661320
1611661329,Chicago Sky,1022100054,2021-06-09,W,92,32,71,0.451,9,23,0.391,19,21,0.905,12,29,41,24,7,7,10,17,16.0,2021,True,IND,1611661325
1611661329,Chicago Sky,1022100059,2021-06-12,W,83,27,63,0.429,8,18,0.444,21,25,0.84,5,22,27,16,7,4,16,24,4.0,2021,False,IND,1611661325
1611661329,Chicago Sky,1022100066,2021-06-15,W,105,40,70,0.571,12,26,0.462,13,16,0.813,4,26,30,32,12,3,13,18,16.0,2021,False,MIN,1611661324
1611661329,Chicago Sky,1022100071,2021-06-17,W,81,28,68,0.412,5,23,0.217,20,24,0.833,10,28,38,19,9,4,12,23,6.0,2021,True,CON,1611661323
1611661329,Chicago Sky,1022100075,2021-06-19,W,91,32,64,0.5,7,18,0.389,20,21,0.952,5,24,29,24,9,5,12,21,10.0,2021,True,CON,1611661323
1611661329,Chicago Sky,1022100080,2021-06-22,W,92,36,80,0.45,7,24,0.292,13,13,1.0,7,35,42,26,8,2,9,15,20.0,2021,False,NYL,1611661313
1611661329,Chicago Sky,1022100084,2021-06-24,W,91,37,74,0.5,9,19,0.474,8,9,0.889,5,30,35,25,9,4,14,18,23.0,2021,False,NYL,1611661313
1611661329,Chicago Sky,1022100090,2021-06-27,L,58,23,69,0.333,5,24,0.208,7,7,1.0,14,20,34,13,5,6,18,18,-16.0,2021,False,CON,1611661323
1611661329,Chicago Sky,1022100094,2021-06-30,W,91,34,71,0.479,10,23,0.435,13,19,0.684,8,30,38,28,7,2,16,21,10.0,2021,False,DAL,1611661321
1611661329,Chicago Sky,1022100098,2021-07-02,L,91,37,66,0.561,7,20,0.35,10,11,0.909,6,21,27,26,4,3,10,18,-9.0,2021,False,DAL,1611661321
1611661329,Chicago Sky,1022100114,2021-07-10,L,85,34,78,0.436,6,27,0.222,11,13,0.846,8,27,35,27,8,7,12,21,-4.0,2021,True,WAS,1611661322
1611661329,Chicago Sky,1022100120,2021-08-15,W,87,33,77,0.429,9,24,0.375,12,17,0.706,10,34,44,28,3,4,18,22,2.0,2021,True,SEA,1611661328
1611661329,Chicago Sky,1022100127,2021-08-17,L,76,30,72,0.417,8,24,0.333,8,8,1.0,10,22,32,22,4,12,10,15,-4.0,2021,True,DAL,1611661321
1611661329,Chicago Sky,1022100138,2021-08-21,L,95,35,73,0.479,9,24,0.375,16,19,0.842,3,20,23,24,6,8,9,27,-6.0,2021,True,MIN,1611661324
1611661329,Chicago Sky,1022100142,2021-08-24,W,86,34,66,0.515,8,17,0.471,10,14,0.714,4,31,35,24,3,4,12,17,7.0,2021,False,ATL,1611661330
1611661329,Chicago Sky,1022100150,2021-08-27,W,73,29,69,0.42,7,23,0.304,8,12,0.667,9,30,39,24,9,1,18,18,4.0,2021,False,SEA,1611661328
1611661329,Chicago Sky,1022100154,2021-08-29,W,107,41,73,0.562,15,22,0.682,10,11,0.909,10,26,36,26,8,3,9,13,32.0,2021,False,SEA,1611661328
1611661329,Chicago Sky,1022100158,2021-08-31,L,83,32,71,0.451,6,20,0.3,13,15,0.867,11,21,32,13,2,4,11,16,-20.0,2021,False,PHO,1611661317
1611661329,Chicago Sky,1022100161,2021-09-02,L,83,30,68,0.441,8,24,0.333,15,17,0.882,7,25,32,19,9,5,13,18,-7.0,2021,False,LVA,1611661319
1611661329,Chicago Sky,1022100165,2021-09-05,W,92,34,67,0.507,7,19,0.368,17,23,0.739,7,31,38,30,2,6,7,18,8.0,2021,True,LVA,1611661319
1611661329,Chicago Sky,1022100177,2021-09-12,L,71,28,67,0.418,3,22,0.136,12,15,0.8,6,25,31,17,8,0,14,15,-8.0,2021,True,WAS,1611661322
1611661329,Chicago Sky,1022100186,2021-09-17,L,70,28,70,0.4,8,30,0.267,6,6,1.0,2,17,19,19,6,7,12,11,-33.0,2021,True,LVA,1611661319
1611661329,Chicago Sky,1022100192,2021-09-19,W,98,35,71,0.493,9,23,0.391,19,24,0.792,9,26,35,27,8,3,10,18,11.0,2021,True,IND,1611661325
1611661329,Chicago Sky,1022200002,2022-05-06,L,91,36,70,0.514,7,22,0.318,12,15,0.8,6,25,31,28,11,2,25,22,-7.0,2022,True,LAS,1611661320
1611661329,Chicago Sky,1022200013,2022-05-11,W,83,31,68,0.456,10,22,0.455,11,13,0.846,7,29,36,20,5,6,7,14,33.0,2022,True,NYL,1611661313
1611661329,Chicago Sky,1022200020,2022-05-14,W,82,28,69,0.406,8,24,0.333,18,20,0.9,8,20,28,23,9,4,5,20,4.0,2022,False,MIN,1611661324
1611661329,Chicago Sky,1022200028,2022-05-18,L,71,30,65,0.462,6,17,0.353,5,7,0.714,8,22,30,26,7,1,17,15,-3.0,2022,False,SEA,1611661328
1611661329,Chicago Sky,1022200037,2022-05-22,W,82,34,63,0.54,5,20,0.25,9,12,0.75,5,32,37,23,8,4,15,16,9.0,2022,False,WAS,1611661322
1611661329,Chicago Sky,1022200041,2022-05-24,W,95,31,65,0.477,6,15,0.4,27,35,0.771,11,27,38,23,10,6,16,18,5.0,2022,True,IND,1611661325
1611661329,Chicago Sky,1022200047,2022-05-28,L,76,28,81,0.346,5,31,0.161,15,17,0.882,12,38,50,16,4,10,10,20,-7.0,2022,True,LVA,1611661319
1611661329,Chicago Sky,1022200053,2022-05-31,W,73,27,66,0.409,5,19,0.263,14,17,0.824,6,35,41,18,6,3,13,15,3.0,2022,True,PHO,1611661317
1611661329,Chicago Sky,1022200060,2022-06-03,W,73,26,61,0.426,5,19,0.263,16,20,0.8,5,30,35,19,4,9,16,14,8.0,2022,False,ATL,1611661330
1611661329,Chicago Sky,1022200065,2022-06-05,W,91,36,65,0.554,9,20,0.45,10,14,0.714,5,27,32,29,11,1,16,13,9.0,2022,True,WAS,1611661322
1611661329,Chicago Sky,1022200072,2022-06-08,L,82,33,72,0.458,6,21,0.286,10,11,0.909,10,21,31,20,8,5,13,17,-2.0,2022,False,WAS,1611661322
1611661329,Chicago Sky,1022200073,2022-06-10,W,83,31,61,0.508,6,14,0.429,15,17,0.882,4,25,29,25,8,4,12,17,4.0,2022,False,CON,1611661323
1611661329,Chicago Sky,1022200079,2022-06-12,W,88,35,76,0.461,6,18,0.333,12,14,0.857,12,29,41,28,4,6,12,18,2.0,2022,False,NYL,1611661313
1611661329,Chicago Sky,1022200091,2022-06-17,W,106,35,75,0.467,14,25,0.56,22,25,0.88,11,36,47,24,9,7,15,22,6.0,2022,True,ATL,1611661330
1611661329,Chicago Sky,1022200093,2022-06-19,L,87,33,70,0.471,9,20,0.45,12,16,0.75,5,22,27,21,8,5,14,22,-2.0,2022,False,IND,1611661325
1611661329,Chicago Sky,1022200098,2022-06-21,W,104,43,75,0.573,12,25,0.48,6,7,0.857,0,33,33,34,6,3,9,14,9.0,2022,False,LVA,1611661319
1611661329,Chicago Sky,1022200105,2022-06-23,W,82,32,70,0.457,7,23,0.304,11,11,1.0,6,43,49,26,6,4,13,11,23.0,2022,False,LAS,1611661320
1611661329,Chicago Sky,1022200111,2022-06-26,W,88,33,65,0.508,8,18,0.444,14,17,0.824,6,20,26,25,7,2,14,16,3.0,2022,True,MIN,1611661324
1611661329,Chicago Sky,1022200116,2022-06-29,W,91,32,54,0.593,10,20,0.5,17,17,1.0,5,28,33,28,3,6,22,14,8.0,2022,True,CON,1611661323
1611661329,Chicago Sky,1022200123,2022-07-02,W,91,30,57,0.526,10,20,0.5,21,24,0.875,5,32,37,24,6,3,20,17,16.0,2022,True,PHO,1611661317
1611661329,Chicago Sky,1022200131,2022-07-06,L,78,31,78,0.397,10,33,0.303,6,7,0.857,12,26,38,24,7,4,14,14,-3.0,2022,False,MIN,1611661324
1611661329,Chicago Sky,1022200134,2022-07-07,W,93,34,62,0.548,5,12,0.417,20,26,0.769,8,33,41,25,2,4,17,15,9.0,2022,False,IND,1611661325
1611661329,Chicago Sky,1022200139,2022-07-12,W,90,35,66,0.53,5,14,0.357,15,21,0.714,7,27,34,24,11,3,13,16,15.0,2022,True,ATL,1611661330
1611661329,Chicago Sky,1022200146,2022-07-14,W,80,33,68,0.485,8,19,0.421,6,8,0.75,8,29,37,22,9,6,18,14,12.0,2022,False,LAS,1611661320
1611661329,Chicago Sky,1022200149,2022-07-16,W,89,35,74,0.473,5,23,0.217,14,14,1.0,10,30,40,25,4,5,8,20,8.0,2022,False,DAL,1611661321
1611661329,Chicago Sky,1022200157,2022-07-20,W,78,32,66,0.485,5,21,0.238,9,11,0.818,11,27,38,20,6,3,12,11,4.0,2022,True,SEA,1611661328
1611661329,Chicago Sky,1022200162,2022-07-22,W,89,35,69,0.507,7,23,0.304,12,17,0.706,7,23,30,29,7,6,10,12,6.0,2022,True,DAL,1611661321
1611661329,Chicago Sky,1022200164,2022-07-23,L,80,27,73,0.37,3,24,0.125,23,29,0.793,12,24,36,16,12,3,8,17,-3.0,2022,False,NYL,1611661313
1611661329,Chicago Sky,1022200174,2022-07-29,W,89,30,67,0.448,7,18,0.389,22,27,0.815,8,25,33,22,10,2,13,14,8.0,2022,True,NYL,1611661313
1611661329,Chicago Sky,1022200177,2022-07-31,W,95,37,67,0.552,5,14,0.357,16,17,0.941,1,31,32,29,10,5,19,13,3.0,2022,False,CON,1611661323
1611661329,Chicago Sky,1022200185,2022-08-02,L,78,29,61,0.475,6,21,0.286,14,22,0.636,11,22,33,25,5,5,15,20,-6.0,2022,True,DAL,1611661321
1611661329,Chicago Sky,1022200192,2022-08-05,W,93,36,73,0.493,9,22,0.409,12,13,0.923,7,27,34,27,10,6,7,20,10.0,2022,True,WAS,1611661322
1611661329,Chicago Sky,1022200195,2022-08-07,W,94,37,65,0.569,10,26,0.385,10,11,0.909,3,23,26,27,9,5,15,19,3.0,2022,True,CON,1611661323
1611661329,Chicago Sky,1022200200,2022-08-09,L,100,39,70,0.557,7,23,0.304,15,21,0.714,7,23,30,30,5,1,13,11,-11.0,2022,True,SEA,1611661328
1611661329,Chicago Sky,1022200205,2022-08-11,L,78,30,65,0.462,3,21,0.143,15,19,0.789,6,29,35,23,6,1,17,19,-11.0,2022,False,LVA,1611661319
1611661329,Chicago Sky,1022200214,2022-08-14,W,82,32,71,0.451,11,27,0.407,7,7,1.0,5,21,26,26,8,5,12,14,15.0,2022,False,PHO,1611661317
1611661329,Chicago Sky,1022300003,2023-05-19,W,77,31,72,0.431,9,24,0.375,6,6,1.0,7,28,35,23,14,8,12,19,11.0,2023,False,MIN,1611661324
1611661329,Chicago Sky,1022300009,2023-05-21,W,75,28,70,0.4,6,15,0.4,13,19,0.684,11,28,39,19,4,5,11,23,6.0,2023,False,PHO,1611661317
1611661329,Chicago Sky,1022300014,2023-05-26,L,69,27,61,0.443,6,21,0.286,9,13,0.692,3,29,32,20,5,6,21,19,-2.0,2023,True,WAS,1611661322
1611661329,Chicago Sky,1022300019,2023-05-28,W,94,34,75,0.453,6,19,0.316,20,25,0.8,15,29,44,24,6,4,16,17,6.0,2023,True,DAL,1611661321
1611661329,Chicago Sky,1022300021,2023-05-30,L,65,25,77,0.325,6,20,0.3,9,11,0.818,11,33,44,16,4,5,15,15,-18.0,2023,False,ATL,1611661330
1611661329,Chicago Sky,1022300028,2023-06-02,L,76,30,71,0.423,11,19,0.579,5,7,0.714,10,28,38,20,4,3,13,17,-1.0,2023,True,NYL,1611661313
1611661329,Chicago Sky,1022300033,2023-06-04,W,86,30,67,0.448,9,23,0.391,17,27,0.63,6,28,34,19,4,8,12,13,4.0,2023,False,NYL,1611661313
1611661329,Chicago Sky,1022300036,2023-06-06,W,108,38,76,0.5,9,21,0.429,23,25,0.92,4,21,25,26,10,2,4,18,5.0,2023,True,IND,1611661325
1611661329,Chicago Sky,1022300044,2023-06-09,L,62,27,67,0.403,4,23,0.174,4,8,0.5,7,27,34,15,10,10,16,19,-15.0,2023,False,LAS,1611661320
1611661329,Chicago Sky,1022300047,2023-06-11,L,80,30,70,0.429,7,21,0.333,13,15,0.867,10,17,27,19,3,2,13,13,-13.0,2023,False,LVA,1611661319
1611661329,Chicago Sky,1022300057,2023-06-15,L,90,35,68,0.515,12,26,0.462,8,11,0.727,9,19,28,22,4,8,10,19,-2.0,2023,True,IND,1611661325
1611661329,Chicago Sky,1022300063,2023-06-18,L,69,27,61,0.443,6,20,0.3,9,14,0.643,8,32,40,19,1,3,20,20,-8.0,2023,False,WAS,1611661322
1611661329,Chicago Sky,1022300071,2023-06-22,L,59,18,61,0.295,4,17,0.235,19,21,0.905,6,24,30,14,7,2,18,15,-21.0,2023,True,WAS,1611661322
1611661329,Chicago Sky,1022300078,2023-06-25,L,72,29,65,0.446,4,18,0.222,10,17,0.588,8,22,30,23,7,4,19,15,-24.0,2023,False,CON,1611661323
1611661329,Chicago Sky,1022300085,2023-06-28,W,80,30,66,0.455,9,21,0.429,11,21,0.524,9,26,35,16,6,7,12,17,17.0,2023,True,LAS,1611661320
1611661329,Chicago Sky,1022300091,2023-06-30,W,86,37,65,0.569,7,15,0.467,5,9,0.556,8,23,31,28,8,5,15,18,8.0,2023,True,LAS,1611661320
1611661329,Chicago Sky,1022300095,2023-07-02,W,89,34,68,0.5,12,28,0.429,9,16,0.563,9,22,31,22,8,3,13,21,2.0,2023,False,IND,1611661325
1611661329,Chicago Sky,1022300104,2023-07-07,L,68,25,68,0.368,7,24,0.292,11,15,0.733,6,25,31,18,9,2,12,15,-14.0,2023,True,ATL,1611661330
1611661329,Chicago Sky,1022300112,2023-07-09,L,77,30,73,0.411,6,22,0.273,11,16,0.688,8,22,30,20,2,6,10,16,-11.0,2023,True,ATL,1611661330
1611661329,Chicago Sky,1022300116,2023-07-12,L,72,25,62,0.403,8,20,0.4,14,18,0.778,7,24,31,19,6,7,16,17,-12.0,2023,True,CON,1611661323
1611661329,Chicago Sky,1022300126,2023-07-20,L,62,26,76,0.342,2,21,0.095,8,13,0.615,15,22,37,15,13,6,13,13,-18.0,2023,False,PHO,1611661317
1611661329,Chicago Sky,1022300130,2023-07-22,W,90,29,69,0.42,8,21,0.381,24,31,0.774,18,26,44,17,10,3,20,20,15.0,2023,False,SEA,1611661328
1611661329,Chicago Sky,1022300137,2023-07-25,L,95,33,70,0.471,13,24,0.542,16,19,0.842,9,25,34,23,3,3,12,22,-12.0,2023,True,LVA,1611661319
1611661329,Chicago Sky,1022300143,2023-07-28,L,74,27,66,0.409,5,20,0.25,15,22,0.682,6,20,26,18,8,12,10,12,-9.0,2023,True,SEA,1611661328
1611661329,Chicago Sky,1022300148,2023-07-30,W,104,39,74,0.527,12,21,0.571,14,16,0.875,8,19,27,27,6,8,7,13,19.0,2023,True,PHO,1611661317
1611661329,Chicago Sky,1022300159,2023-08-04,W,104,38,69,0.551,14,24,0.583,14,15,0.933,5,24,29,24,4,4,11,18,15.0,2023,False,DAL,1611661321
1611661329,Chicago Sky,1022300165,2023-08-06,W,104,31,64,0.484,12,26,0.462,30,35,0.857,12,19,31,19,7,1,18,28,8.0,2023,False,DAL,1611661321
1611661329,Chicago Sky,1022300168,2023-08-08,L,79,32,76,0.421,11,28,0.393,4,5,0.8,6,22,28,20,7,2,11,18,-9.0,2023,True,MIN,1611661324
1611661329,Chicago Sky,1022300174,2023-08-11,L,73,29,70,0.414,7,24,0.292,8,9,0.889,7,26,33,21,7,2,17,12,-16.0,2023,False,NYL,1611661313
1611661329,Chicago Sky,1022300178,2023-08-13,L,76,28,67,0.418,8,25,0.32,12,16,0.75,12,22,34,17,8,3,16,18,-7.0,2023,False,WAS,1611661322
1611661329,Chicago Sky,1022300185,2023-08-18,L,67,27,68,0.397,5,20,0.25,8,12,0.667,14,25,39,14,3,6,16,20,-11.0,2023,False,ATL,1611661330
1611661329,Chicago Sky,1022300190,2023-08-20,L,73,26,63,0.413,3,21,0.143,18,25,0.72,7,18,25,21,5,3,10,18,-6.0,2023,True,CON,1611661323
1611661329,Chicago Sky,1022300195,2023-08-22,W,102,39,77,0.506,9,25,0.36,15,19,0.789,11,25,36,20,11,4,4,21,23.0,2023,True,SEA,1611661328
1611661329,Chicago Sky,1022300200,2023-08-24,L,87,35,77,0.455,9,27,0.333,8,10,0.8,10,23,33,23,8,0,16,15,-7.0,2023,True,LVA,1611661319
1611661329,Chicago Sky,1022300208,2023-08-27,W,90,31,73,0.425,10,22,0.455,18,23,0.783,6,27,33,24,10,4,10,15,5.0,2023,False,SEA,1611661328
1611661329,Chicago Sky,1022300212,2023-08-29,W,76,30,65,0.462,9,22,0.409,7,13,0.538,8,31,39,20,7,6,14,15,1.0,2023,False,LAS,1611661320
1611661329,Chicago Sky,1022300220,2023-09-03,L,69,27,72,0.375,8,23,0.348,7,8,0.875,7,24,31,15,7,3,15,10,-17.0,2023,True,NYL,1611661313
1611661329,Chicago Sky,1022300225,2023-09-05,W,96,38,77,0.494,14,32,0.438,6,7,0.857,5,30,35,25,7,5,8,20,27.0,2023,False,IND,1611661325
1611661329,Chicago Sky,1022300232,2023-09-08,W,92,35,75,0.467,11,22,0.5,11,14,0.786,9,23,32,25,8,2,15,17,5.0,2023,True,MIN,1611661324
1611661329,Chicago Sky,1022300236,2023-09-10,W,102,39,72,0.542,12,23,0.522,12,14,0.857,6,32,38,28,6,4,17,20,11.0,2023,False,CON,1611661323
1611661329,Chicago Sky,1022400005,2024-05-15,L,79,29,74,0.392,5,17,0.294,16,27,0.593,16,21,37,14,9,3,12,19,-8.0,2024,False,DAL,1611661321
1611661329,Chicago Sky,1022400012,2024-05-18,W,83,32,80,0.4,4,21,0.19,15,20,0.75,19,23,42,25,15,13,17,24,9.0,2024,False,DAL,1611661321
1611661329,Chicago Sky,1022400022,2024-05-23,W,90,35,75,0.467,7,19,0.368,13,20,0.65,11,27,38,22,5,2,9,18,9.0,2024,False,NYL,1611661313
1611661329,Chicago Sky,1022400026,2024-05-25,L,82,28,64,0.438,8,17,0.471,18,22,0.818,9,12,21,18,13,3,11,24,-4.0,2024,True,CON,1611661323
1611661329,Chicago Sky,1022400034,2024-05-28,L,68,27,66,0.409,4,12,0.333,10,13,0.769,10,27,37,19,11,0,21,18,-9.0,2024,True,SEA,1611661328
1611661329,Chicago Sky,1022400039,2024-05-30,W,83,32,75,0.427,7,19,0.368,12,16,0.75,13,22,35,27,13,7,14,26,10.0,2024,True,LAS,1611661320
1611661329,Chicago Sky,1022400044,2024-06-01,L,70,28,69,0.406,2,12,0.167,12,18,0.667,12,31,43,15,7,1,15,17,-1.0,2024,False,IND,1611661325
1611661329,Chicago Sky,1022400050,2024-06-04,L,75,24,74,0.324,2,7,0.286,25,28,0.893,12,30,42,15,5,4,10,17,-13.0,2024,True,NYL,1611661313
1611661329,Chicago Sky,1022400054,2024-06-06,W,79,30,79,0.38,1,14,0.071,18,22,0.818,13,27,40,18,14,1,13,21,8.0,2024,False,WAS,1611661322
1611661329,Chicago Sky,1022400061,2024-06-08,L,80,29,60,0.483,3,11,0.273,19,21,0.905,7,22,29,17,8,2,20,21,-9.0,2024,True,ATL,1611661330
1611661329,Chicago Sky,1022400070,2024-06-12,L,75,28,58,0.483,6,13,0.462,13,15,0.867,8,21,29,19,8,7,17,18,-8.0,2024,True,CON,1611661323
1611661329,Chicago Sky,1022400074,2024-06-14,L,81,30,66,0.455,4,13,0.308,17,25,0.68,9,25,34,16,9,1,14,25,-2.0,2024,False,WAS,1611661322
1611661329,Chicago Sky,1022400079,2024-06-16,L,83,33,81,0.407,5,12,0.417,12,14,0.857,12,20,32,20,8,2,5,21,-8.0,2024,False,IND,1611661325
1611661329,Chicago Sky,1022400087,2024-06-20,W,83,32,69,0.464,3,12,0.25,16,20,0.8,11,28,39,19,7,3,13,16,11.0,2024,True,DAL,1611661321
1611661329,Chicago Sky,1022400096,2024-06-23,W,88,31,62,0.5,4,17,0.235,22,32,0.688,7,31,38,25,4,1,15,18,1.0,2024,True,IND,1611661325
1611661329,Chicago Sky,1022400100,2024-06-27,L,83,34,78,0.436,4,16,0.25,11,14,0.786,10,28,38,20,6,3,6,20,-12.0,2024,True,LVA,1611661319
1611661329,Chicago Sky,1022400107,2024-06-30,L,62,25,82,0.305,5,18,0.278,7,14,0.5,16,28,44,14,9,3,14,21,-8.0,2024,True,MIN,1611661324
1611661329,Chicago Sky,1022400112,2024-07-02,W,85,33,70,0.471,6,14,0.429,13,18,0.722,10,24,34,20,6,4,10,17,8.0,2024,False,ATL,1611661330
1611661329,Chicago Sky,1022400120,2024-07-05,W,88,34,72,0.472,5,14,0.357,15,21,0.714,14,23,37,21,7,5,11,22,4.0,2024,False,SEA,1611661328
1611661329,Chicago Sky,1022400125,2024-07-07,L,71,29,78,0.372,3,14,0.214,10,12,0.833,11,27,38,20,8,9,10,18,-13.0,2024,False,SEA,1611661328
1611661329,Chicago Sky,1022400130,2024-07-10,W,78,32,74,0.432,6,17,0.353,8,13,0.615,8,35,43,22,11,8,10,13,9.0,2024,True,ATL,1611661330
1611661329,Chicago Sky,1022400133,2024-07-11,L,76,34,74,0.459,4,10,0.4,4,7,0.571,10,26,36,23,3,1,12,18,-15.0,2024,False,NYL,1611661313
1611661329,Chicago Sky,1022400137,2024-07-13,L,67,28,69,0.406,7,15,0.467,4,4,1.0,12,29,41,15,4,2,14,16,-14.0,2024,True,NYL,1611661313
1611661329,Chicago Sky,1022400146,2024-07-16,W,93,35,72,0.486,4,13,0.308,19,22,0.864,7,28,35,20,9,2,13,16,8.0,2024,False,LVA,1611661319
1611661329,Chicago Sky,1022400149,2024-08-15,L,65,27,73,0.37,4,19,0.211,7,14,0.5,15,18,33,14,7,3,11,20,-20.0,2024,True,PHO,1611661317
1611661329,Chicago Sky,1022400157,2024-08-17,W,90,35,72,0.486,4,9,0.444,16,24,0.667,12,30,42,20,4,5,12,19,4.0,2024,False,LAS,1611661320
1611661329,Chicago Sky,1022400161,2024-08-18,L,68,28,78,0.359,0,14,0.0,12,21,0.571,17,27,44,20,5,1,9,20,-18.0,2024,False,PHO,1611661317
1611661329,Chicago Sky,1022400169,2024-08-23,L,80,29,65,0.446,3,9,0.333,19,22,0.864,10,32,42,18,7,4,16,23,-2.0,2024,False,CON,1611661323
1611661329,Chicago Sky,1022400174,2024-08-25,L,75,30,82,0.366,7,15,0.467,8,12,0.667,15,32,47,17,1,9,10,14,-2.0,2024,True,LVA,1611661319
1611661329,Chicago Sky,1022400181,2024-08-28,L,70,27,58,0.466,5,14,0.357,11,15,0.733,10,26,36,19,2,4,21,17,-4.0,2024,True,WAS,1611661322
1611661329,Chicago Sky,1022400185,2024-08-30,L,81,29,72,0.403,9,25,0.36,14,21,0.667,13,29,42,24,6,1,13,21,-19.0,2024,True,IND,1611661325
1611661329,Chicago Sky,1022400191,2024-09-01,L,74,27,59,0.458,2,9,0.222,18,19,0.947,11,27,38,15,5,1,21,18,-5.0,2024,False,MIN,1611661324
1611661329,Chicago Sky,1022400197,2024-09-03,L,71,25,60,0.417,7,18,0.389,14,19,0.737,6,23,29,16,8,2,17,18,-19.0,2024,False,LVA,1611661319
1611661329,Chicago Sky,1022400205,2024-09-06,W,92,36,70,0.514,7,16,0.438,13,14,0.929,7,28,35,24,9,5,13,18,14.0,2024,True,LAS,1611661320
1611661329,Chicago Sky,1022400210,2024-09-08,W,92,35,70,0.5,5,13,0.385,17,23,0.739,8,30,38,19,6,4,12,18,15.0,2024,True,DAL,1611661321
1611661329,Chicago Sky,1022400216,2024-09-11,L,58,25,70,0.357,1,8,0.125,7,11,0.636,11,21,32,17,7,4,15,20,-31.0,2024,True,WAS,1611661322
1611661329,Chicago Sky,1022400222,2024-09-13,L,66,25,68,0.368,4,17,0.235,12,17,0.706,9,25,34,17,4,6,12,12,-17.0,2024,False,MIN,1611661324
1611661329,Chicago Sky,1022400227,2024-09-15,L,88,32,72,0.444,14,25,0.56,10,15,0.667,11,26,37,26,4,3,7,16,-5.0,2024,True,PHO,1611661317
1611661329,Chicago Sky,1022400232,2024-09-17,L,70,25,61,0.41,6,18,0.333,14,16,0.875,6,23,29,13,1,2,13,24,-16.0,2024,False,ATL,1611661330
1611661329,Chicago Sky,1022400235,2024-09-19,L,54,21,62,0.339,6,21,0.286,6,9,0.667,6,18,24,16,5,10,15,19,-33.0,2024,False,CON,1611661323
1611661329,Chicago Sky,1022500004,2025-05-17,L,58,23,79,0.291,6,27,0.222,6,12,0.5,13,29,42,17,5,7,17,22,-35.0,2025,False,IND,1611661325
1611661329,Chicago Sky,1022500016,2025-05-22,L,74,25,69,0.362,11,27,0.407,13,25,0.52,15,21,36,16,9,1,23,18,-25.0,2025,True,NYL,1611661313
1611661329,Chicago Sky,1022500024,2025-05-25,L,78,32,69,0.464,4,20,0.2,10,12,0.833,12,22,34,17,6,3,17,21,-13.0,2025,False,LAS,1611661320
1611661329,Chicago Sky,1022500031,2025-05-27,L,89,33,71,0.465,6,21,0.286,17,20,0.85,11,31,42,25,6,5,16,21,-5.0,2025,False,PHX,1611661317
1611661329,Chicago Sky,1022500034,2025-05-29,W,97,37,79,0.468,10,24,0.417,13,17,0.765,14,20,34,28,11,0,13,11,5.0,2025,True,DAL,1611661321
1611661329,Chicago Sky,1022500040,2025-05-31,W,94,30,73,0.411,8,28,0.286,26,32,0.813,13,26,39,20,8,5,15,26,11.0,2025,False,DAL,1611661321
1611661329,Chicago Sky,1022500053,2025-06-07,L,52,18,56,0.321,3,15,0.2,13,19,0.684,11,19,30,11,5,4,19,22,-27.0,2025,True,IND,1611661325
1611661329,Chicago Sky,1022500059,2025-06-10,L,66,28,66,0.424,6,23,0.261,4,7,0.571,10,27,37,18,7,3,22,11,-19.0,2025,False,NYL,1611661313
1611661329,Chicago Sky,1022500063,2025-06-13,L,70,28,68,0.412,6,18,0.333,8,15,0.533,10,26,36,20,6,3,12,13,-18.0,2025,False,ATL,1611661330
1611661329,Chicago Sky,1022500068,2025-06-15,W,78,27,63,0.429,7,20,0.35,17,18,0.944,7,31,38,20,7,5,12,14,12.0,2025,False,CON,1611661323
1611661329,Chicago Sky,1022500073,2025-06-17,L,72,30,61,0.492,3,10,0.3,9,13,0.692,9,22,31,21,10,6,22,22,-7.0,2025,True,WAS,1611661322
1611661329,Chicago Sky,1022500083,2025-06-21,L,86,30,57,0.526,8,23,0.348,18,20,0.9,4,18,22,22,14,3,20,20,-21.0,2025,True,PHX,1611661317
1611661329,Chicago Sky,1022500085,2025-06-22,L,80,27,64,0.422,4,15,0.267,22,24,0.917,7,31,38,19,7,5,9,20,-13.0,2025,False,ATL,1611661330
1611661329,Chicago Sky,1022500091,2025-06-24,W,97,33,74,0.446,6,18,0.333,25,33,0.758,12,24,36,23,8,3,11,17,11.0,2025,True,LAS,1611661320
1611661329,Chicago Sky,1022500100,2025-06-27,L,78,26,70,0.371,13,33,0.394,13,19,0.684,8,32,40,15,7,4,11,22,-5.0,2025,False,GSV,1611661331
1611661329,Chicago Sky,1022500105,2025-06-29,W,92,33,68,0.485,11,26,0.423,15,17,0.882,9,26,35,22,6,7,11,20,7.0,2025,False,LAS,1611661320
1611661329,Chicago Sky,1022500118,2025-07-06,L,75,29,78,0.372,10,23,0.435,7,8,0.875,14,31,45,21,4,2,13,16,-5.0,2025,False,MIN,1611661324
1611661329,Chicago Sky,1022500121,2025-07-08,L,79,27,60,0.45,6,19,0.316,19,25,0.76,7,32,39,19,8,5,16,26,-2.0,2025,False,WAS,1611661322
1611661329,Chicago Sky,1022500126,2025-07-09,W,87,29,57,0.509,10,21,0.476,19,23,0.826,9,31,40,24,5,10,15,23,11.0,2025,True,DAL,1611661321
1611661329,Chicago Sky,1022500131,2025-07-12,W,87,35,76,0.461,4,15,0.267,13,16,0.813,13,32,45,17,5,3,17,17,6.0,2025,True,MIN,1611661324
1611661329,Chicago Sky,1022500137,2025-07-14,L,78,29,60,0.483,7,16,0.438,13,16,0.813,7,27,34,19,3,1,18,18,-13.0,2025,True,MIN,1611661324
1611661329,Chicago Sky,1022500141,2025-07-16,L,49,18,71,0.254,7,20,0.35,6,8,0.75,9,24,33,12,5,7,13,17,-37.0,2025,True,ATL,1611661330
1611661329,Chicago Sky,1022500148,2025-07-22,L,68,24,61,0.393,7,16,0.438,13,16,0.813,12,24,36,11,6,2,21,20,-23.0,2025,False,MIN,1611661324
1611661329,Chicago Sky,1022500154,2025-07-24,L,57,21,62,0.339,4,21,0.19,11,15,0.733,8,23,31,14,4,3,19,16,-38.0,2025,True,SEA,1611661328
1611661329,Chicago Sky,1022500158,2025-07-27,L,78,28,65,0.431,10,25,0.4,12,14,0.857,7,25,32,17,7,5,20,18,-15.0,2025,True,IND,1611661325
1611661329,Chicago Sky,1022500168,2025-07-29,L,86,32,71,0.451,6,19,0.316,16,18,0.889,11,26,37,16,8,3,12,20,-17.0,2025,False,WAS,1611661322
1611661329,Chicago Sky,1022500176,2025-08-01,L,66,27,64,0.422,6,22,0.273,6,10,0.6,8,28,36,21,2,6,10,16,-7.0,2025,True,GSV,1611661331
1611661329,Chicago Sky,1022500182,2025-08-03,L,67,26,70,0.371,5,20,0.25,10,18,0.556,13,27,40,19,3,6,12,13,-16.0,2025,True,PHX,1611661317
1611661329,Chicago Sky,1022500186,2025-08-05,W,78,34,63,0.54,4,15,0.267,6,9,0.667,8,25,33,22,6,2,18,15,14.0,2025,True,WAS,1611661322
1611661329,Chicago Sky,1022500191,2025-08-07,L,65,28,64,0.438,4,13,0.308,5,8,0.625,1,26,27,19,6,8,13,18,-21.0,2025,True,ATL,1611661330
1611661329,Chicago Sky,1022500198,2025-08-09,L,70,28,73,0.384,11,32,0.344,3,4,0.75,14,26,40,19,3,2,11,14,-22.0,2025,False,IND,1611661325
1611661329,Chicago Sky,1022500207,2025-08-13,L,62,24,62,0.387,5,20,0.25,9,12,0.75,10,27,37,17,0,4,19,16,-9.0,2025,False,CON,1611661323
1611661329,Chicago Sky,1022500212,2025-08-15,L,59,23,65,0.354,7,27,0.259,6,6,1.0,9,19,28,20,5,2,14,19,-31.0,2025,True,GSV,1611661331
1611661329,Chicago Sky,1022500224,2025-08-19,L,88,36,77,0.468,8,16,0.5,8,10,0.8,7,23,30,30,7,7,12,17,-6.0,2025,True,SEA,1611661328
1611661329,Chicago Sky,1022500229,2025-08-21,W,91,31,62,0.5,4,18,0.222,25,29,0.862,10,32,42,17,10,3,13,17,6.0,2025,False,NYL,1611661313
1611661329,Chicago Sky,1022500237,2025-08-23,L,84,30,61,0.492,9,19,0.474,15,26,0.577,10,22,32,25,4,1,17,16,-10.0,2025,True,CON,1611661323
1611661329,Chicago Sky,1022500242,2025-08-25,L,74,25,65,0.385,5,18,0.278,19,23,0.826,10,32,42,20,4,4,18,19,-5.0,2025,True,LVA,1611661319
1611661329,Chicago Sky,1022500249,2025-08-28,L,79,29,65,0.446,10,20,0.5,11,14,0.786,12,26,38,19,4,7,20,20,-4.0,2025,False,PHX,1611661317
1611661329,Chicago Sky,1022500254,2025-08-30,L,69,27,61,0.443,1,10,0.1,14,25,0.56,13,24,37,19,8,4,19,16,-10.0,2025,False,SEA,1611661328
1611661329,Chicago Sky,1022500264,2025-09-03,W,88,31,65,0.477,7,15,0.467,19,24,0.792,14,19,33,25,8,6,10,17,24.0,2025,True,CON,1611661323
1611661329,Chicago Sky,1022500269,2025-09-05,L,77,25,48,0.521,2,11,0.182,25,33,0.758,7,24,31,18,2,4,23,19,-20.0,2025,False,IND,1611661325
1611661329,Chicago Sky,1022500275,2025-09-07,L,66,27,67,0.403,6,20,0.3,6,7,0.857,12,28,40,19,6,3,17,9,-14.0,2025,False,LVA,1611661319
1611661329,Chicago Sky,1022500279,2025-09-09,L,61,19,58,0.328,4,22,0.182,19,20,0.95,7,20,27,12,6,5,12,15,-31.0,2025,False,LVA,1611661319
1611661329,Chicago Sky,1022500283,2025-09-11,L,86,32,64,0.5,12,28,0.429,10,12,0.833,3,23,26,25,5,5,11,15,-5.0,2025,True,NYL,1611661313
1611661329,Chicago Sky,1022600006,2026-05-09,W,98,33,69,0.478,6,17,0.353,26,34,0.765,14,32,46,22,4,8,9,17,15.0,2026,False,PDX,1611661327
1611661329,Chicago Sky,1022600017,2026-05-13,W,69,25,69,0.362,6,20,0.3,13,21,0.619,8,31,39,19,7,8,8,19,6.0,2026,False,GSV,1611661331
1611661329,Chicago Sky,1022600024,2026-05-15,L,83,29,68,0.426,6,22,0.273,19,26,0.731,6,21,27,16,5,7,11,30,-8.0,2026,False,PHX,1611661317
1611661329,Chicago Sky,1022600025,2026-05-17,W,86,30,67,0.448,6,20,0.3,20,25,0.8,9,30,39,17,7,4,14,16,7.0,2026,False,MIN,1611661324
1611661329,Chicago Sky,1022600033,2026-05-20,L,89,32,67,0.478,5,21,0.238,20,24,0.833,6,24,30,20,4,5,9,23,-10.0,2026,True,DAL,1611661321
1611661329,Chicago Sky,1022600041,2026-05-23,L,75,23,73,0.315,6,29,0.207,23,30,0.767,7,21,28,14,11,2,11,22,-10.0,2026,True,MIN,1611661324
1611661329,Chicago Sky,1022600050,2026-05-27,L,104,36,75,0.48,7,31,0.226,25,29,0.862,9,18,27,31,7,3,9,24,-7.0,2026,True,TOR,1611661332
1611661329,Chicago Sky,1022600058,2026-05-29,L,58,20,70,0.286,5,30,0.167,13,18,0.722,9,32,41,15,6,6,17,19,-21.0,2026,True,MIN,1611661324
1611661329,Chicago Sky,1022600067,2026-06-02,L,72,28,64,0.438,6,16,0.375,10,16,0.625,5,24,29,19,9,10,18,22,-18.0,2026,False,WAS,1611661322
1611661329,Chicago Sky,1022600074,2026-06-05,W,85,31,67,0.463,6,16,0.375,17,22,0.773,7,21,28,21,9,7,12,22,5.0,2026,True,CON,1611661323
1611661329,Chicago Sky,1022600081,2026-06-07,L,68,23,65,0.354,6,25,0.24,16,26,0.615,7,30,37,15,4,5,16,24,-17.0,2026,False,TOR,1611661332
1611661329,Chicago Sky,1022600086,2026-06-09,L,75,24,53,0.453,8,15,0.533,19,25,0.76,4,21,25,17,6,7,15,21,-7.0,2026,True,ATL,1611661330
1611661329,Chicago Sky,1022600091,2026-06-11,L,106,34,77,0.442,7,24,0.292,31,38,0.816,13,21,34,22,6,7,16,25,-8.0,2026,False,IND,1611661325
1611661329,Chicago Sky,1022600108,2026-06-17,L,95,35,71,0.493,12,23,0.522,13,15,0.867,7,21,28,23,10,4,10,22,-1.0,2026,True,NYL,1611661313
1611661329,Chicago Sky,1022600119,2026-06-20,L,92,33,70,0.471,7,23,0.304,19,29,0.655,13,30,43,22,9,3,15,24,-1.0,2026,False,DAL,1611661321
1611661329,Chicago Sky,1022600123,2026-06-22,L,63,17,73,0.233,4,30,0.133,25,32,0.781,11,17,28,10,6,2,13,21,-29.0,2026,False,CON,1611661323
1611661329,Chicago Sky,1022600130,2026-06-24,W,101,36,69,0.522,6,19,0.316,23,29,0.793,12,26,38,27,6,6,12,18,23.0,2026,True,PDX,1611661327
1611661329,Chicago Sky,1022600136,2026-06-26,W,124,45,68,0.662,15,28,0.536,19,24,0.792,6,26,32,38,2,9,14,19,30.0,2026,True,PDX,1611661327
1611661329,Chicago Sky,1022600143,2026-06-28,L,99,37,80,0.463,9,24,0.375,16,25,0.64,11,25,36,27,8,1,11,26,-8.0,2026,True,LVA,1611661319
1611661329,Chicago Sky,1022600149,2026-07-03,L,90,28,65,0.431,7,20,0.35,27,31,0.871,6,26,32,20,8,4,18,29,-8.0,2026,False,LVA,1611661319
1611661329,Chicago Sky,1022600158,2026-07-07,W,77,26,62,0.419,11,27,0.407,14,20,0.7,7,28,35,21,11,5,17,23,11.0,2026,False,PHX,1611661317
1611661329,Chicago Sky,1022600167,2026-07-10,L,87,31,71,0.437,6,25,0.24,19,22,0.864,8,28,36,21,5,3,15,20,-15.0,2026,False,LAS,1611661320
1611661329,Chicago Sky,1022600173,2026-07-12,L,91,36,75,0.48,7,22,0.318,12,13,0.923,6,30,36,16,3,1,6,16,-5.0,2026,False,DAL,1611661321
1611661329,Chicago Sky,1022600179,2026-07-15,W,95,35,74,0.473,11,32,0.344,14,19,0.737,6,23,29,27,11,4,13,16,5.0,2026,True,SEA,1611661328
1611661329,Chicago Sky,1022600186,2026-07-17,W,96,37,80,0.463,11,32,0.344,11,16,0.688,8,26,34,27,5,3,9,22,14.0,2026,True,LAS,1611661320
1611661329,Chicago Sky,1022600192,2026-07-19,L,91,35,67,0.522,6,21,0.286,15,21,0.714,4,23,27,18,9,4,11,20,-2.0,2026,False,ATL,1611661330
1611661329,Chicago Sky,1022600199,2026-07-22,L,94,34,71,0.479,7,21,0.333,19,21,0.905,4,26,30,27,8,6,9,20,-1.0,2026,False,NYL,1611661313
1611661329,Chicago Sky,1022600211,2026-07-30,W,94,32,67,0.478,7,22,0.318,23,26,0.885,6,22,28,21,10,4,13,17,6.0,2026,True,CON,1611661323
1611661329,Chicago Sky,1022600216,2026-08-01,W,84,31,77,0.403,8,20,0.4,14,22,0.636,11,21,32,19,9,4,13,20,1.0,2026,True,LVA,1611661319
1611661329,Chicago Sky,1022600224,2026-08-03,L,101,37,76,0.487,10,26,0.385,17,25,0.68,9,27,36,29,5,1,8,26,-5.0,2026,True,PHX,1611661317
1611661329,Chicago Sky,1022600229,2026-08-05,W,95,35,66,0.53,9,20,0.45,16,19,0.842,3,26,29,28,7,6,12,18,7.0,2026,True,LAS,1611661320
1611661329,Chicago Sky,1022600237,2026-08-08,L,86,31,68,0.456,9,22,0.409,15,20,0.75,7,23,30,25,10,2,12,22,-4.0,2026,True,IND,1611661325
1611661329,Chicago Sky,1022600244,2026-08-10,L,88,30,72,0.417,6,20,0.3,22,28,0.786,13,22,35,18,9,3,15,22,-9.0,2026,False,SEA,1611661328
1611661329,Chicago Sky,1022600249,2026-08-12,L,71,27,63,0.429,6,19,0.316,11,15,0.733,7,22,29,19,10,2,17,18,-20.0,2026,False,GSV,1611661331
1611661329,Chicago Sky,1022600259,2026-08-16,W,82,27,75,0.36,6,23,0.261,22,27,0.815,12,35,47,17,11,7,17,24,2.0,2026,False,SEA,1611661328
1611661329,Chicago Sky,1022600265,2026-08-18,W,93,35,79,0.443,7,28,0.25,16,22,0.727,14,30,44,24,8,2,13,15,7.0,2026,True,NYL,1611661313
1611661329,Chicago Sky,1022600273,2026-08-21,W,73,24,61,0.393,14,30,0.467,11,16,0.688,2,29,31,19,4,4,13,22,3.0,2026,True,GSV,1611661331
1611661329,Chicago Sky,1022600279,2026-08-23,L,90,35,69,0.507,4,21,0.19,16,17,0.941,8,26,34,26,4,6,14,21,-23.0,2026,True,IND,1611661325
1611661329,Chicago Sky,1022600284,2026-08-25,L,81,30,72,0.417,6,29,0.207,15,18,0.833,9,25,34,23,5,8,9,18,-6.0,2026,False,CON,1611661323
1611661329,Chicago Sky,1022600295,2026-08-29,L,66,25,66,0.379,4,18,0.222,12,18,0.667,3,26,29,18,4,5,11,23,-19.0,2026,False,NYL,1611661313
1611661329,Chicago Sky,1022600302,2026-09-17,L,80,29,66,0.439,4,20,0.2,18,25,0.72,6,21,27,17,3,4,16,20,-30.0,2026,True,WAS,1611661322
1611661329,Chicago Sky,1022600310,2026-09-19,L,81,31,67,0.463,4,20,0.2,15,18,0.833,3,27,30,21,8,7,17,20,-25.0,2026,False,ATL,1611661330
1611661329,Chicago Sky,1022600321,2026-09-22,W,97,39,75,0.52,12,32,0.375,7,8,0.875,6,29,35,27,6,5,12,17,12.0,2026,True,TOR,1611661332
1611661329,Chicago Sky,1022600327,2026-09-24,L,93,36,74,0.486,8,24,0.333,13,20,0.65,6,21,27,26,9,3,7,24,-8.0,2026,False,WAS,1611661322
1611661330,Atlanta Dream,1021500002,2015-06-05,L,73,24,67,0.358,7,20,0.35,18,22,0.818,12,22,34,15,8,3,19,22,-9.0,2015,False,NYL,1611661313
1611661330,Atlanta Dream,1021500010,2015-06-07,L,70,25,68,0.368,3,16,0.188,17,18,0.944,17,34,51,13,4,5,25,20,-5.0,2015,True,CON,1611661323
1611661330,Atlanta Dream,1021500015,2015-06-11,W,72,28,76,0.368,3,13,0.231,13,18,0.722,20,21,41,12,10,5,15,25,3.0,2015,True,SAN,1611661319
1611661330,Atlanta Dream,1021500017,2015-06-12,W,64,24,62,0.387,7,18,0.389,9,10,0.9,8,26,34,15,10,1,16,16,3.0,2015,False,WAS,1611661322
1611661330,Atlanta Dream,1021500020,2015-06-14,L,64,26,64,0.406,3,13,0.231,9,12,0.75,10,16,26,16,15,1,24,10,-18.0,2015,False,CON,1611661323
1611661330,Atlanta Dream,1021500025,2015-06-16,L,79,31,69,0.449,4,14,0.286,13,20,0.65,10,18,28,18,10,4,17,26,-11.0,2015,True,IND,1611661325
1611661330,Atlanta Dream,1021500031,2015-06-19,W,74,30,71,0.423,1,9,0.111,13,21,0.619,10,28,38,21,10,8,17,26,1.0,2015,True,CHI,1611661329
1611661330,Atlanta Dream,1021500036,2015-06-21,L,64,19,64,0.297,5,21,0.238,21,25,0.84,13,22,35,15,13,2,18,27,-9.0,2015,True,NYL,1611661313
1611661330,Atlanta Dream,1021500041,2015-06-24,L,96,38,88,0.432,6,19,0.316,14,19,0.737,15,27,42,27,9,7,13,30,-4.0,2015,False,CHI,1611661329
1611661330,Atlanta Dream,1021500046,2015-06-26,W,72,30,70,0.429,3,7,0.429,9,14,0.643,15,19,34,17,12,2,17,20,3.0,2015,True,WAS,1611661322
1611661330,Atlanta Dream,1021500063,2015-07-05,W,72,26,67,0.388,3,13,0.231,17,23,0.739,6,30,36,16,9,2,12,17,8.0,2015,True,SEA,1611661328
1611661330,Atlanta Dream,1021500065,2015-07-07,L,75,31,80,0.388,1,9,0.111,12,20,0.6,19,29,48,19,12,2,17,28,-10.0,2015,True,TUL,1611661321
1611661330,Atlanta Dream,1021500073,2015-07-12,W,84,26,55,0.473,6,15,0.4,26,36,0.722,9,21,30,22,7,5,15,27,8.0,2015,True,NYL,1611661313
1611661330,Atlanta Dream,1021500078,2015-07-14,L,71,26,71,0.366,13,26,0.5,6,7,0.857,7,24,31,17,5,4,14,21,-9.0,2015,False,PHO,1611661317
1611661330,Atlanta Dream,1021500083,2015-07-16,W,76,25,64,0.391,3,14,0.214,23,27,0.852,11,20,31,12,7,8,15,21,4.0,2015,False,LAS,1611661320
1611661330,Atlanta Dream,1021500089,2015-07-18,L,73,24,64,0.375,5,18,0.278,20,28,0.714,13,19,32,9,10,6,19,25,-13.0,2015,False,SEA,1611661328
1611661330,Atlanta Dream,1021500096,2015-07-21,L,92,37,71,0.521,6,11,0.545,12,16,0.75,7,18,25,20,9,8,14,23,-5.0,2015,False,CHI,1611661329
1611661330,Atlanta Dream,1021500105,2015-07-29,L,85,29,66,0.439,3,13,0.231,24,31,0.774,9,20,29,13,9,5,13,27,-17.0,2015,False,SAN,1611661319
1611661330,Atlanta Dream,1021500108,2015-07-31,L,70,27,64,0.422,3,13,0.231,13,15,0.867,6,31,37,20,7,3,19,22,-16.0,2015,False,MIN,1611661324
1611661330,Atlanta Dream,1021500113,2015-08-02,L,68,26,71,0.366,7,17,0.412,9,11,0.818,6,27,33,16,8,4,12,27,-3.0,2015,True,PHO,1611661317
1611661330,Atlanta Dream,1021500124,2015-08-07,L,77,24,61,0.393,7,15,0.467,22,26,0.846,10,22,32,12,6,8,26,30,-29.0,2015,False,IND,1611661325
1611661330,Atlanta Dream,1021500130,2015-08-09,W,98,34,67,0.507,6,18,0.333,24,30,0.8,9,22,31,20,5,4,12,26,8.0,2015,False,TUL,1611661321
1611661330,Atlanta Dream,1021500139,2015-08-14,L,82,30,78,0.385,5,21,0.238,17,19,0.895,10,25,35,19,10,2,6,22,-2.0,2015,True,MIN,1611661324
1611661330,Atlanta Dream,1021500142,2015-08-16,W,90,27,59,0.458,5,11,0.455,31,36,0.861,10,19,29,16,11,2,12,15,13.0,2015,True,CON,1611661323
1611661330,Atlanta Dream,1021500151,2015-08-21,L,67,24,67,0.358,4,14,0.286,15,20,0.75,10,18,28,9,12,1,13,12,-11.0,2015,False,NYL,1611661313
1611661330,Atlanta Dream,1021500159,2015-08-23,W,102,40,67,0.597,11,14,0.786,11,11,1.0,8,22,30,25,8,1,15,19,10.0,2015,False,CON,1611661323
1611661330,Atlanta Dream,1021500162,2015-08-25,W,71,26,66,0.394,6,15,0.4,13,16,0.813,13,31,44,18,4,4,9,18,14.0,2015,True,CON,1611661323
1611661330,Atlanta Dream,1021500166,2015-08-28,W,90,28,63,0.444,3,14,0.214,31,36,0.861,9,21,30,9,11,2,14,28,6.0,2015,False,IND,1611661325
1611661330,Atlanta Dream,1021500171,2015-08-29,L,96,33,74,0.446,2,14,0.143,28,37,0.757,15,18,33,11,7,5,6,20,-2.0,2015,True,CHI,1611661329
1611661330,Atlanta Dream,1021500177,2015-09-01,L,75,30,70,0.429,4,18,0.222,11,13,0.846,7,25,32,14,9,1,15,26,-5.0,2015,False,NYL,1611661313
1611661330,Atlanta Dream,1021500186,2015-09-06,W,73,22,60,0.367,4,14,0.286,25,31,0.806,9,27,36,12,12,2,15,13,6.0,2015,True,WAS,1611661322
1611661330,Atlanta Dream,1021500194,2015-09-09,W,90,32,80,0.4,7,22,0.318,19,21,0.905,19,35,54,23,12,3,16,16,30.0,2015,True,LAS,1611661320
1611661330,Atlanta Dream,1021500196,2015-09-11,L,67,26,71,0.366,3,12,0.25,12,16,0.75,12,22,34,13,10,3,18,18,-8.0,2015,True,IND,1611661325
1611661330,Atlanta Dream,1021500201,2015-09-13,W,73,26,65,0.4,7,18,0.389,14,20,0.7,10,24,34,14,13,2,12,21,2.0,2015,False,WAS,1611661322
1611661330,Atlanta Dream,1021600005,2016-05-14,W,73,27,67,0.403,4,10,0.4,15,23,0.652,8,29,37,16,8,6,15,15,10.0,2016,False,SAN,1611661319
1611661330,Atlanta Dream,1021600013,2016-05-20,L,85,31,65,0.477,3,10,0.3,20,27,0.741,12,26,38,9,10,3,21,27,-9.0,2016,False,IND,1611661325
1611661330,Atlanta Dream,1021600018,2016-05-22,W,87,30,73,0.411,5,15,0.333,22,31,0.71,7,28,35,16,7,7,5,15,6.0,2016,True,CHI,1611661329
1611661330,Atlanta Dream,1021600020,2016-05-24,W,85,23,76,0.303,5,20,0.25,34,42,0.81,14,40,54,11,13,11,16,14,6.0,2016,False,NYL,1611661313
1611661330,Atlanta Dream,1021600027,2016-05-27,W,102,32,61,0.525,2,11,0.182,36,49,0.735,12,21,33,15,12,3,12,29,9.0,2016,False,DAL,1611661321
1611661330,Atlanta Dream,1021600029,2016-05-29,W,85,30,68,0.441,3,8,0.375,22,32,0.688,10,27,37,18,8,6,10,16,9.0,2016,True,IND,1611661325
1611661330,Atlanta Dream,1021600037,2016-06-03,W,83,30,70,0.429,4,14,0.286,19,26,0.731,10,29,39,12,11,6,16,19,6.0,2016,False,CON,1611661323
1611661330,Atlanta Dream,1021600044,2016-06-05,L,79,26,67,0.388,5,19,0.263,22,27,0.815,10,25,35,18,3,7,8,23,-7.0,2016,True,WAS,1611661322
1611661330,Atlanta Dream,1021600052,2016-06-10,L,78,22,65,0.338,5,18,0.278,29,37,0.784,11,22,33,11,3,6,18,25,-32.0,2016,True,MIN,1611661324
1611661330,Atlanta Dream,1021600056,2016-06-12,W,93,37,72,0.514,3,12,0.25,16,21,0.762,8,26,34,24,7,3,13,22,6.0,2016,True,CON,1611661323
1611661330,Atlanta Dream,1021600066,2016-06-17,W,101,34,75,0.453,3,14,0.214,30,38,0.789,9,27,36,14,6,6,9,21,4.0,2016,True,CHI,1611661329
1611661330,Atlanta Dream,1021600069,2016-06-18,L,65,23,56,0.411,4,18,0.222,15,22,0.682,9,23,32,12,5,4,21,18,-30.0,2016,False,WAS,1611661322
1611661330,Atlanta Dream,1021600077,2016-06-22,L,79,28,84,0.333,1,18,0.056,22,27,0.815,13,24,37,17,15,6,11,17,-11.0,2016,True,NYL,1611661313
1611661330,Atlanta Dream,1021600084,2016-06-25,L,69,26,65,0.4,3,11,0.273,14,18,0.778,8,23,31,12,9,6,13,15,-4.0,2016,False,SAN,1611661319
1611661330,Atlanta Dream,1021600089,2016-06-28,L,81,34,71,0.479,3,17,0.176,10,19,0.526,16,21,37,11,7,2,12,17,-3.0,2016,False,SEA,1611661328
1611661330,Atlanta Dream,1021600095,2016-06-30,L,75,27,71,0.38,3,10,0.3,18,24,0.75,14,24,38,13,7,1,15,25,-9.0,2016,False,LAS,1611661320
1611661330,Atlanta Dream,1021600103,2016-07-03,L,87,34,79,0.43,4,10,0.4,15,18,0.833,12,23,35,18,2,2,8,21,-8.0,2016,True,PHO,1611661317
1611661330,Atlanta Dream,1021600104,2016-07-05,W,77,29,69,0.42,1,10,0.1,18,21,0.857,16,22,38,16,6,10,11,17,13.0,2016,True,SEA,1611661328
1611661330,Atlanta Dream,1021600111,2016-07-08,W,95,34,80,0.425,4,10,0.4,23,29,0.793,9,30,39,24,6,10,10,22,5.0,2016,True,DAL,1611661321
1611661330,Atlanta Dream,1021600116,2016-07-10,W,67,23,65,0.354,4,7,0.571,17,21,0.81,14,27,41,12,11,6,16,16,4.0,2016,False,CON,1611661323
1611661330,Atlanta Dream,1021600122,2016-07-13,L,62,20,67,0.299,5,17,0.294,17,23,0.739,11,21,32,10,8,7,11,15,-24.0,2016,False,NYL,1611661313
1611661330,Atlanta Dream,1021600127,2016-07-15,L,72,30,63,0.476,4,12,0.333,8,12,0.667,10,17,27,19,9,1,17,23,-6.0,2016,False,IND,1611661325
1611661330,Atlanta Dream,1021600133,2016-07-17,W,91,30,69,0.435,4,12,0.333,27,31,0.871,10,32,42,13,6,2,9,19,17.0,2016,True,LAS,1611661320
1611661330,Atlanta Dream,1021600140,2016-07-20,L,65,23,60,0.383,2,12,0.167,17,22,0.773,10,22,32,9,4,4,17,27,-18.0,2016,False,MIN,1611661324
1611661330,Atlanta Dream,1021600144,2016-07-22,W,93,33,67,0.493,2,8,0.25,25,37,0.676,14,32,46,19,9,7,14,27,5.0,2016,True,DAL,1611661321
1611661330,Atlanta Dream,1021600149,2016-08-26,L,82,27,59,0.458,6,15,0.4,22,31,0.71,6,22,28,19,4,7,12,22,-8.0,2016,False,CHI,1611661329
1611661330,Atlanta Dream,1021600153,2016-08-28,W,87,27,68,0.397,5,13,0.385,28,34,0.824,10,27,37,13,7,7,14,21,14.0,2016,True,CON,1611661323
1611661330,Atlanta Dream,1021600170,2016-09-04,L,82,29,66,0.439,4,8,0.5,20,26,0.769,6,21,27,15,6,3,9,16,-9.0,2016,True,SEA,1611661328
1611661330,Atlanta Dream,1021600173,2016-09-06,W,91,41,77,0.532,3,13,0.231,6,9,0.667,10,25,35,17,10,3,13,25,4.0,2016,True,PHO,1611661317
1611661330,Atlanta Dream,1021600178,2016-09-08,W,86,29,67,0.433,6,14,0.429,22,26,0.846,10,30,40,15,7,3,12,13,5.0,2016,False,LAS,1611661320
1611661330,Atlanta Dream,1021600187,2016-09-11,L,75,26,63,0.413,5,12,0.417,18,29,0.621,13,26,39,10,2,5,19,19,-11.0,2016,False,PHO,1611661317
1611661330,Atlanta Dream,1021600191,2016-09-13,L,67,23,75,0.307,2,18,0.111,19,26,0.731,17,28,45,11,5,3,11,15,-4.0,2016,True,SAN,1611661319
1611661330,Atlanta Dream,1021600194,2016-09-15,W,94,34,66,0.515,3,11,0.273,23,31,0.742,10,29,39,22,6,3,14,19,3.0,2016,True,WAS,1611661322
1611661330,Atlanta Dream,1021600200,2016-09-17,L,87,33,68,0.485,7,15,0.467,14,20,0.7,13,19,32,19,6,5,15,25,-8.0,2016,False,MIN,1611661324
1611661330,Atlanta Dream,1021700003,2017-05-13,W,81,26,67,0.388,4,21,0.19,25,27,0.926,3,30,33,12,9,3,8,20,7.0,2017,False,CON,1611661323
1611661330,Atlanta Dream,1021700011,2017-05-19,W,91,37,67,0.552,6,19,0.316,11,20,0.55,8,29,37,20,8,6,15,18,8.0,2017,False,CHI,1611661329
1611661330,Atlanta Dream,1021700015,2017-05-21,L,71,25,72,0.347,5,20,0.25,16,25,0.64,11,26,37,18,9,2,11,15,-4.0,2017,True,CHI,1611661329
1611661330,Atlanta Dream,1021700025,2017-05-27,W,75,28,63,0.444,2,12,0.167,17,28,0.607,11,20,31,21,11,5,13,22,2.0,2017,True,LAS,1611661320
1611661330,Atlanta Dream,1021700033,2017-05-31,W,77,27,70,0.386,5,16,0.313,18,25,0.72,13,20,33,18,11,5,13,17,7.0,2017,True,SAN,1611661319
1611661330,Atlanta Dream,1021700040,2017-06-04,L,72,28,79,0.354,1,15,0.067,15,22,0.682,12,27,39,16,4,1,3,22,-6.0,2017,False,WAS,1611661322
1611661330,Atlanta Dream,1021700044,2017-06-07,L,61,21,76,0.276,1,13,0.077,18,21,0.857,13,22,35,11,5,1,9,22,-15.0,2017,False,NYL,1611661313
1611661330,Atlanta Dream,1021700049,2017-06-10,L,71,26,66,0.394,3,19,0.158,16,25,0.64,9,25,34,13,7,3,18,23,-33.0,2017,False,CON,1611661323
1611661330,Atlanta Dream,1021700055,2017-06-13,W,91,32,71,0.451,7,21,0.333,20,24,0.833,10,28,38,15,7,5,17,28,5.0,2017,False,SEA,1611661328
1611661330,Atlanta Dream,1021700058,2017-06-15,L,74,27,72,0.375,7,24,0.292,13,15,0.867,9,20,29,18,7,1,8,19,-11.0,2017,False,IND,1611661325
1611661330,Atlanta Dream,1021700069,2017-06-23,L,78,31,74,0.419,2,11,0.182,14,23,0.609,13,25,38,18,5,7,6,15,-4.0,2017,True,CHI,1611661329
1611661330,Atlanta Dream,1021700082,2017-06-30,L,76,31,66,0.47,3,10,0.3,11,20,0.55,9,20,29,25,8,2,14,20,-9.0,2017,True,LAS,1611661320
1611661330,Atlanta Dream,1021700088,2017-07-02,W,81,30,72,0.417,4,9,0.444,17,20,0.85,10,29,39,17,9,4,10,17,9.0,2017,True,NYL,1611661313
1611661330,Atlanta Dream,1021700089,2017-07-05,L,84,27,67,0.403,6,17,0.353,24,30,0.8,9,25,34,19,10,6,20,29,-10.0,2017,False,DAL,1611661321
1611661330,Atlanta Dream,1021700094,2017-07-07,W,89,33,62,0.532,4,13,0.308,19,21,0.905,6,29,35,19,10,8,13,21,21.0,2017,True,IND,1611661325
1611661330,Atlanta Dream,1021700099,2017-07-09,W,98,35,76,0.461,5,8,0.625,23,28,0.821,7,27,34,22,10,10,5,23,20.0,2017,True,DAL,1611661321
1611661330,Atlanta Dream,1021700104,2017-07-12,L,84,34,72,0.472,8,22,0.364,8,11,0.727,5,24,29,19,6,4,10,21,-5.0,2017,False,PHO,1611661317
1611661330,Atlanta Dream,1021700109,2017-07-15,L,84,32,73,0.438,6,19,0.316,14,16,0.875,11,25,36,17,5,4,12,20,-6.0,2017,False,SEA,1611661328
1611661330,Atlanta Dream,1021700115,2017-07-18,W,88,24,72,0.333,6,17,0.353,34,41,0.829,13,26,39,14,8,9,10,15,13.0,2017,True,SAN,1611661319
1611661330,Atlanta Dream,1021700118,2017-07-19,L,96,33,71,0.465,8,16,0.5,22,25,0.88,9,26,35,20,6,4,12,15,-4.0,2017,False,WAS,1611661322
1611661330,Atlanta Dream,1021700125,2017-07-25,W,99,36,82,0.439,1,10,0.1,26,32,0.813,17,31,48,20,9,5,18,18,8.0,2017,True,PHO,1611661317
1611661330,Atlanta Dream,1021700131,2017-07-28,L,80,30,64,0.469,7,20,0.35,13,16,0.813,2,20,22,20,8,4,17,15,-10.0,2017,True,MIN,1611661324
1611661330,Atlanta Dream,1021700136,2017-07-30,L,70,30,77,0.39,1,12,0.083,9,12,0.75,9,23,32,25,10,3,6,18,-7.0,2017,True,WAS,1611661322
1611661330,Atlanta Dream,1021700142,2017-08-03,L,54,23,73,0.315,4,15,0.267,4,4,1.0,16,23,39,14,11,7,22,17,-15.0,2017,False,MIN,1611661324
1611661330,Atlanta Dream,1021700148,2017-08-05,L,86,35,83,0.422,3,17,0.176,13,16,0.813,16,29,45,23,4,7,12,18,-5.0,2017,False,CHI,1611661329
1611661330,Atlanta Dream,1021700155,2017-08-08,L,72,27,74,0.365,7,20,0.35,11,13,0.846,16,23,39,17,7,3,11,23,-9.0,2017,True,MIN,1611661324
1611661330,Atlanta Dream,1021700158,2017-08-11,L,77,25,70,0.357,7,15,0.467,20,27,0.741,9,22,31,15,6,9,10,24,-6.0,2017,True,NYL,1611661313
1611661330,Atlanta Dream,1021700162,2017-08-12,L,68,29,70,0.414,3,10,0.3,7,9,0.778,10,21,31,16,3,8,14,17,-16.0,2017,False,SAN,1611661319
1611661330,Atlanta Dream,1021700165,2017-08-15,L,75,30,82,0.366,2,10,0.2,13,18,0.722,13,24,37,21,2,6,12,14,-21.0,2017,True,CON,1611661323
1611661330,Atlanta Dream,1021700173,2017-08-19,L,86,32,73,0.438,4,11,0.364,18,22,0.818,9,28,37,17,4,4,13,22,-4.0,2017,False,DAL,1611661321
1611661330,Atlanta Dream,1021700181,2017-08-23,W,89,35,63,0.556,7,17,0.412,12,18,0.667,5,27,32,29,7,1,12,14,6.0,2017,True,SEA,1611661328
1611661330,Atlanta Dream,1021700187,2017-08-26,W,79,27,70,0.386,4,14,0.286,21,29,0.724,13,37,50,15,4,3,12,19,5.0,2017,True,IND,1611661325
1611661330,Atlanta Dream,1021700198,2017-09-01,L,56,17,59,0.288,3,14,0.214,19,23,0.826,10,18,28,6,4,4,19,18,-25.0,2017,False,LAS,1611661320
1611661330,Atlanta Dream,1021700202,2017-09-03,L,70,24,65,0.369,7,18,0.389,15,23,0.652,7,21,28,8,3,1,10,24,-14.0,2017,False,PHO,1611661317
1611661330,Atlanta Dream,1021800005,2018-05-20,L,78,26,73,0.356,5,18,0.278,21,28,0.75,14,21,35,18,9,4,14,32,-23.0,2018,False,DAL,1611661321
1611661330,Atlanta Dream,1021800011,2018-05-23,W,81,33,71,0.465,6,18,0.333,9,13,0.692,12,29,41,20,8,6,16,16,18.0,2018,False,CHI,1611661329
1611661330,Atlanta Dream,1021800018,2018-05-26,L,70,24,85,0.282,6,21,0.286,16,22,0.727,16,19,35,13,13,9,12,26,-8.0,2018,True,DAL,1611661321
1611661330,Atlanta Dream,1021800023,2018-05-29,W,76,28,60,0.467,4,17,0.235,16,20,0.8,3,24,27,17,13,5,13,18,2.0,2018,True,MIN,1611661324
1611661330,Atlanta Dream,1021800033,2018-06-03,L,71,26,76,0.342,5,19,0.263,14,22,0.636,16,22,38,11,6,5,13,18,-7.0,2018,True,PHO,1611661317
1611661330,Atlanta Dream,1021800038,2018-06-05,W,82,28,64,0.438,6,12,0.5,20,27,0.741,3,33,36,18,9,2,13,17,5.0,2018,True,CON,1611661323
1611661330,Atlanta Dream,1021800044,2018-06-08,W,87,31,73,0.425,7,17,0.412,18,21,0.857,10,33,43,19,5,6,11,24,4.0,2018,False,LVA,1611661319
1611661330,Atlanta Dream,1021800049,2018-06-10,W,67,28,69,0.406,3,19,0.158,8,11,0.727,7,29,36,14,6,5,14,21,3.0,2018,False,SEA,1611661328
1611661330,Atlanta Dream,1021800053,2018-06-12,L,64,25,65,0.385,2,12,0.167,12,15,0.8,11,23,34,17,7,1,11,14,-8.0,2018,False,LAS,1611661320
1611661330,Atlanta Dream,1021800056,2018-06-14,W,72,23,67,0.343,3,21,0.143,23,30,0.767,8,30,38,14,8,4,9,17,5.0,2018,True,IND,1611661325
1611661330,Atlanta Dream,1021800060,2018-06-16,L,64,25,67,0.373,3,15,0.2,11,15,0.733,9,20,29,17,5,7,18,20,-32.0,2018,False,IND,1611661325
1611661330,Atlanta Dream,1021800065,2018-06-19,L,72,20,67,0.299,5,27,0.185,27,34,0.794,12,31,43,10,6,4,17,21,-7.0,2018,False,NYL,1611661313
1611661330,Atlanta Dream,1021800070,2018-06-22,W,75,23,61,0.377,2,11,0.182,27,41,0.659,11,28,39,16,7,7,16,21,5.0,2018,True,CON,1611661323
1611661330,Atlanta Dream,1021800085,2018-06-27,L,80,30,67,0.448,9,19,0.474,11,21,0.524,10,24,34,18,5,4,16,19,-13.0,2018,False,CHI,1611661329
1611661330,Atlanta Dream,1021800092,2018-06-29,L,74,29,67,0.433,3,14,0.214,13,17,0.765,7,22,29,17,11,6,14,14,-11.0,2018,False,MIN,1611661324
1611661330,Atlanta Dream,1021800097,2018-07-01,W,87,35,70,0.5,4,9,0.444,13,14,0.929,6,27,33,23,6,4,14,19,4.0,2018,False,IND,1611661325
1611661330,Atlanta Dream,1021800109,2018-07-06,L,86,28,73,0.384,10,26,0.385,20,24,0.833,6,24,30,19,7,2,11,19,-9.0,2018,True,SEA,1611661328
1611661330,Atlanta Dream,1021800113,2018-07-08,W,76,29,71,0.408,5,17,0.294,13,17,0.765,9,34,43,17,8,10,15,20,6.0,2018,True,PHO,1611661317
1611661330,Atlanta Dream,1021800120,2018-07-11,W,106,41,68,0.603,11,18,0.611,13,15,0.867,6,21,27,31,8,8,10,19,17.0,2018,False,WAS,1611661322
1611661330,Atlanta Dream,1021800123,2018-07-13,W,98,37,65,0.569,7,21,0.333,17,24,0.708,10,31,41,29,6,3,16,16,24.0,2018,True,IND,1611661325
1611661330,Atlanta Dream,1021800128,2018-07-15,W,80,26,73,0.356,4,17,0.235,24,28,0.857,15,27,42,15,2,4,8,17,3.0,2018,True,WAS,1611661322
1611661330,Atlanta Dream,1021800134,2018-07-17,W,86,30,65,0.462,5,14,0.357,21,25,0.84,5,32,37,14,9,6,15,14,3.0,2018,False,CON,1611661323
1611661330,Atlanta Dream,1021800137,2018-07-19,W,82,28,88,0.318,9,30,0.3,17,25,0.68,21,28,49,17,10,3,12,15,14.0,2018,True,NYL,1611661313
1611661330,Atlanta Dream,1021800145,2018-07-22,W,87,35,71,0.493,2,11,0.182,15,23,0.652,13,28,41,21,6,3,10,16,13.0,2018,True,SEA,1611661328
1611661330,Atlanta Dream,1021800152,2018-07-24,W,81,35,71,0.493,4,13,0.308,7,12,0.583,9,29,38,21,8,2,11,15,10.0,2018,False,LAS,1611661320
1611661330,Atlanta Dream,1021800154,2018-07-31,L,71,26,73,0.356,3,22,0.136,16,22,0.727,13,22,35,12,9,5,9,18,-15.0,2018,True,WAS,1611661322
1611661330,Atlanta Dream,1021800161,2018-08-03,W,89,35,78,0.449,6,19,0.316,13,19,0.684,13,26,39,25,7,10,12,20,15.0,2018,True,CHI,1611661329
1611661330,Atlanta Dream,1021800168,2018-08-05,W,86,33,70,0.471,12,30,0.4,8,10,0.8,12,24,36,19,8,7,13,16,20.0,2018,False,MIN,1611661324
1611661330,Atlanta Dream,1021800170,2018-08-07,W,109,43,80,0.538,9,23,0.391,14,16,0.875,8,21,29,23,7,14,8,20,9.0,2018,True,LVA,1611661319
1611661330,Atlanta Dream,1021800177,2018-08-09,W,79,29,56,0.518,4,12,0.333,17,23,0.739,6,27,33,18,7,5,19,13,6.0,2018,True,LAS,1611661320
1611661330,Atlanta Dream,1021800181,2018-08-11,W,92,34,67,0.507,7,19,0.368,17,22,0.773,7,23,30,23,10,5,10,13,10.0,2018,True,DAL,1611661321
1611661330,Atlanta Dream,1021800183,2018-08-12,W,86,27,68,0.397,10,26,0.385,22,30,0.733,7,25,32,16,11,3,6,12,9.0,2018,False,NYL,1611661313
1611661330,Atlanta Dream,1021800196,2018-08-17,L,95,30,71,0.423,11,21,0.524,24,33,0.727,8,21,29,14,6,5,10,22,-9.0,2018,False,PHO,1611661317
1611661330,Atlanta Dream,1021800200,2018-08-19,W,93,36,73,0.493,7,18,0.389,14,20,0.7,9,27,36,22,6,6,8,18,15.0,2018,False,LVA,1611661319
1611661330,Atlanta Dream,1021900001,2019-05-24,W,76,27,63,0.429,4,14,0.286,18,29,0.621,8,23,31,16,6,11,15,13,4.0,2019,True,DAL,1611661321
1611661330,Atlanta Dream,1021900009,2019-05-31,L,66,24,73,0.329,6,23,0.261,12,14,0.857,9,31,40,15,4,8,14,18,-16.0,2019,True,SEA,1611661328
1611661330,Atlanta Dream,1021900013,2019-06-01,L,75,30,71,0.423,5,21,0.238,10,17,0.588,12,16,28,9,5,1,13,19,-21.0,2019,False,WAS,1611661322
1611661330,Atlanta Dream,1021900020,2019-06-06,L,69,24,72,0.333,5,23,0.217,16,19,0.842,9,24,33,18,12,8,15,15,-23.0,2019,True,LVA,1611661319
1611661330,Atlanta Dream,1021900026,2019-06-09,L,59,22,68,0.324,3,18,0.167,12,15,0.8,13,33,46,13,6,4,18,21,-6.0,2019,True,CON,1611661323
1611661330,Atlanta Dream,1021900041,2019-06-15,L,61,21,60,0.35,6,17,0.353,13,18,0.722,12,28,40,12,5,9,20,19,-10.0,2019,False,DAL,1611661321
1611661330,Atlanta Dream,1021900046,2019-06-19,W,88,30,68,0.441,10,22,0.455,18,23,0.783,11,27,38,20,6,5,6,14,10.0,2019,True,IND,1611661325
1611661330,Atlanta Dream,1021900050,2019-06-21,L,76,30,72,0.417,8,25,0.32,8,11,0.727,5,28,33,19,8,5,10,16,-10.0,2019,False,CON,1611661323
1611661330,Atlanta Dream,1021900055,2019-06-23,L,73,27,69,0.391,9,21,0.429,10,15,0.667,14,23,37,17,2,3,12,17,-16.0,2019,True,WAS,1611661322
1611661330,Atlanta Dream,1021900069,2019-06-30,L,58,19,70,0.271,8,28,0.286,12,15,0.8,7,23,30,14,8,9,15,16,-16.0,2019,True,NYL,1611661313
1611661330,Atlanta Dream,1021900074,2019-07-02,L,68,28,68,0.412,4,16,0.25,8,10,0.8,8,18,26,15,9,8,15,14,-17.0,2019,False,MIN,1611661324
1611661330,Atlanta Dream,1021900078,2019-07-05,W,77,29,69,0.42,8,20,0.4,11,12,0.917,11,26,37,20,9,3,15,16,11.0,2019,False,SEA,1611661328
1611661330,Atlanta Dream,1021900084,2019-07-07,L,63,21,70,0.3,7,24,0.292,14,23,0.609,13,30,43,15,5,8,11,16,-2.0,2019,False,PHO,1611661317
1611661330,Atlanta Dream,1021900086,2019-07-10,W,78,26,62,0.419,7,22,0.318,19,23,0.826,12,28,40,18,7,5,20,17,3.0,2019,True,CON,1611661323
1611661330,Atlanta Dream,1021900091,2019-07-12,W,60,24,71,0.338,4,25,0.16,8,11,0.727,15,29,44,17,7,4,12,13,7.0,2019,True,MIN,1611661324
1611661330,Atlanta Dream,1021900096,2019-07-14,L,71,25,76,0.329,2,19,0.105,19,24,0.792,15,35,50,12,4,8,11,14,-5.0,2019,True,LAS,1611661320
1611661330,Atlanta Dream,1021900101,2019-07-17,L,76,27,80,0.338,6,22,0.273,16,17,0.941,8,31,39,20,12,2,8,18,-1.0,2019,False,CHI,1611661329
1611661330,Atlanta Dream,1021900106,2019-07-19,L,69,22,58,0.379,7,23,0.304,18,23,0.783,5,24,29,11,6,5,14,14,-29.0,2019,False,CON,1611661323
1611661330,Atlanta Dream,1021900110,2019-07-21,L,65,24,65,0.369,6,14,0.429,11,15,0.733,8,21,29,15,4,2,15,19,-28.0,2019,False,WAS,1611661322
1611661330,Atlanta Dream,1021900113,2019-07-23,L,66,26,67,0.388,2,21,0.095,12,13,0.923,9,21,30,17,9,2,12,15,-12.0,2019,True,LAS,1611661320
1611661330,Atlanta Dream,1021900121,2019-07-31,L,59,22,76,0.289,5,23,0.217,10,15,0.667,12,32,44,17,7,5,15,21,-2.0,2019,False,IND,1611661325
1611661330,Atlanta Dream,1021900126,2019-08-03,L,75,26,75,0.347,8,28,0.286,15,21,0.714,8,27,35,12,11,5,14,14,-12.0,2019,True,CHI,1611661329
1611661330,Atlanta Dream,1021900132,2019-08-06,L,69,21,63,0.333,6,25,0.24,21,25,0.84,8,28,36,10,5,7,18,22,-16.0,2019,True,MIN,1611661324
1611661330,Atlanta Dream,1021900139,2019-08-10,L,82,29,66,0.439,12,31,0.387,12,16,0.75,8,28,36,18,4,1,15,21,-5.0,2019,False,IND,1611661325
1611661330,Atlanta Dream,1021900146,2019-08-13,L,90,32,76,0.421,9,30,0.3,17,21,0.81,10,26,36,24,7,7,10,23,-4.0,2019,False,LVA,1611661319
1611661330,Atlanta Dream,1021900154,2019-08-16,L,68,26,67,0.388,6,22,0.273,10,14,0.714,11,24,35,12,6,3,13,23,-9.0,2019,False,PHO,1611661317
1611661330,Atlanta Dream,1021900160,2019-08-20,L,83,31,74,0.419,8,22,0.364,13,18,0.722,7,20,27,17,8,7,14,18,-4.0,2019,True,CHI,1611661329
1611661330,Atlanta Dream,1021900167,2019-08-23,W,90,30,73,0.411,8,22,0.364,22,30,0.733,8,24,32,19,5,3,10,21,3.0,2019,False,NYL,1611661313
1611661330,Atlanta Dream,1021900170,2019-08-25,W,77,26,56,0.464,2,11,0.182,23,27,0.852,5,26,31,15,6,6,14,20,4.0,2019,False,DAL,1611661321
1611661330,Atlanta Dream,1021900182,2019-08-29,L,58,20,77,0.26,5,20,0.25,13,17,0.765,17,28,45,11,8,6,15,22,-7.0,2019,True,PHO,1611661317
1611661330,Atlanta Dream,1021900188,2019-09-01,L,75,28,64,0.438,14,28,0.5,5,11,0.455,7,18,25,17,5,6,14,21,-17.0,2019,False,SEA,1611661328
1611661330,Atlanta Dream,1021900191,2019-09-03,L,60,23,74,0.311,4,23,0.174,10,14,0.714,11,22,33,13,5,4,11,15,-10.0,2019,False,LAS,1611661320
1611661330,Atlanta Dream,1021900193,2019-09-05,W,78,28,72,0.389,9,22,0.409,13,21,0.619,13,34,47,19,5,10,13,19,4.0,2019,True,LVA,1611661319
1611661330,Atlanta Dream,1021900199,2019-09-08,L,63,24,67,0.358,4,23,0.174,11,15,0.733,7,36,43,16,8,4,13,14,-8.0,2019,True,NYL,1611661313
1611661330,Atlanta Dream,1022001006,2020-07-26,W,105,34,62,0.548,7,17,0.412,30,34,0.882,4,30,34,19,7,4,16,21,10.0,2020,True,DAL,1611661321
1611661330,Atlanta Dream,1022001012,2020-07-29,L,70,28,70,0.4,5,28,0.179,9,14,0.643,7,18,25,12,12,5,16,24,-30.0,2020,False,LVA,1611661319
1611661330,Atlanta Dream,1022001016,2020-07-31,W,84,28,75,0.373,3,10,0.3,25,31,0.806,17,26,43,11,8,2,15,20,6.0,2020,True,NYL,1611661313
1611661330,Atlanta Dream,1022001023,2020-08-02,L,77,33,69,0.478,4,11,0.364,7,8,0.875,5,21,26,18,6,0,12,22,-16.0,2020,False,IND,1611661325
1611661330,Atlanta Dream,1022001026,2020-08-04,L,74,29,62,0.468,4,13,0.308,12,13,0.923,5,30,35,15,7,2,23,25,-7.0,2020,True,PHO,1611661317
1611661330,Atlanta Dream,1022001031,2020-08-06,L,92,31,68,0.456,10,27,0.37,20,20,1.0,7,30,37,12,7,5,17,22,-1.0,2020,True,SEA,1611661328
1611661330,Atlanta Dream,1022001037,2020-08-08,L,75,29,71,0.408,8,19,0.421,9,13,0.692,11,20,31,13,4,7,12,13,-10.0,2020,False,DAL,1611661321
1611661330,Atlanta Dream,1022001043,2020-08-10,L,82,30,65,0.462,11,18,0.611,11,16,0.688,5,26,31,21,3,3,19,17,-11.0,2020,True,CON,1611661323
1611661330,Atlanta Dream,1022001051,2020-08-12,L,63,27,74,0.365,8,29,0.276,1,1,1.0,10,20,30,18,6,2,14,12,-37.0,2020,False,SEA,1611661328
1611661330,Atlanta Dream,1022001057,2020-08-14,L,80,32,76,0.421,8,20,0.4,8,16,0.5,12,23,35,22,5,8,12,18,-16.0,2020,False,PHO,1611661317
1611661330,Atlanta Dream,1022001061,2020-08-16,L,67,27,68,0.397,2,14,0.143,11,18,0.611,8,18,26,11,6,2,16,13,-25.0,2020,True,CHI,1611661329
1611661330,Atlanta Dream,1022001067,2020-08-19,L,91,38,69,0.551,8,18,0.444,7,12,0.583,13,22,35,26,5,2,14,18,-7.0,2020,False,WAS,1611661322
1611661330,Atlanta Dream,1022001073,2020-08-21,L,85,33,69,0.478,8,19,0.421,11,18,0.611,7,27,34,27,12,1,29,27,-8.0,2020,True,LAS,1611661320
1611661330,Atlanta Dream,1022001079,2020-08-23,W,78,32,67,0.478,6,15,0.4,8,12,0.667,8,24,32,23,8,4,14,15,3.0,2020,False,MIN,1611661324
1611661330,Atlanta Dream,1022001091,2020-08-28,L,79,31,69,0.449,6,16,0.375,11,16,0.688,6,28,34,18,5,4,16,24,-9.0,2020,True,MIN,1611661324
1611661330,Atlanta Dream,1022001099,2020-08-30,L,79,31,75,0.413,5,11,0.455,12,16,0.75,15,30,45,16,6,3,15,16,-5.0,2020,False,LAS,1611661320
1611661330,Atlanta Dream,1022001101,2020-09-01,W,102,37,69,0.536,10,20,0.5,18,22,0.818,6,26,32,21,7,2,9,25,12.0,2020,True,IND,1611661325
1611661330,Atlanta Dream,1022001106,2020-09-03,W,62,26,81,0.321,2,18,0.111,8,9,0.889,12,37,49,11,9,8,12,14,6.0,2020,False,NYL,1611661313
1611661330,Atlanta Dream,1022001113,2020-09-05,L,79,34,76,0.447,1,12,0.083,10,15,0.667,7,23,30,16,9,4,9,17,-10.0,2020,True,LVA,1611661319
1611661330,Atlanta Dream,1022001122,2020-09-09,W,97,37,80,0.463,8,13,0.615,15,17,0.882,12,29,41,19,9,2,9,12,8.0,2020,False,CHI,1611661329
1611661330,Atlanta Dream,1022001127,2020-09-11,W,82,31,77,0.403,3,11,0.273,17,21,0.81,10,32,42,14,9,3,8,17,7.0,2020,False,CON,1611661323
1611661330,Atlanta Dream,1022001085,2020-09-13,L,78,33,71,0.465,3,12,0.25,9,13,0.692,12,28,40,8,1,0,9,16,-7.0,2020,True,WAS,1611661322
1611661330,Atlanta Dream,1022100002,2021-05-14,L,67,23,64,0.359,3,18,0.167,18,21,0.857,8,18,26,14,14,7,13,17,-11.0,2021,True,CON,1611661323
1611661330,Atlanta Dream,1022100012,2021-05-19,L,77,30,77,0.39,5,15,0.333,12,24,0.5,12,23,35,16,17,7,18,28,-8.0,2021,True,CHI,1611661329
1611661330,Atlanta Dream,1022100015,2021-05-21,W,83,30,75,0.4,11,22,0.5,12,16,0.75,11,17,28,20,7,6,5,19,4.0,2021,False,IND,1611661325
1611661330,Atlanta Dream,1022100025,2021-05-25,W,90,31,74,0.419,8,18,0.444,20,25,0.8,15,17,32,17,11,6,10,21,7.0,2021,False,CHI,1611661329
1611661330,Atlanta Dream,1022100028,2021-05-27,W,101,36,75,0.48,6,20,0.3,23,33,0.697,14,31,45,19,5,3,11,20,6.0,2021,True,DAL,1611661321
1611661330,Atlanta Dream,1022100033,2021-05-29,W,90,40,87,0.46,6,21,0.286,4,8,0.5,10,35,45,21,11,8,17,19,3.0,2021,False,NYL,1611661313
1611661330,Atlanta Dream,1022100045,2021-06-04,L,84,30,70,0.429,12,29,0.414,12,20,0.6,7,25,32,20,9,2,18,25,-2.0,2021,False,MIN,1611661324
1611661330,Atlanta Dream,1022100050,2021-06-06,L,80,28,64,0.438,10,25,0.4,14,19,0.737,13,20,33,16,7,1,18,22,-20.0,2021,False,MIN,1611661324
1611661330,Atlanta Dream,1022100053,2021-06-09,L,71,29,82,0.354,3,26,0.115,10,13,0.769,17,26,43,18,9,2,13,18,-24.0,2021,True,SEA,1611661328
1611661330,Atlanta Dream,1022100057,2021-06-11,L,75,26,72,0.361,4,18,0.222,19,22,0.864,8,25,33,14,5,2,6,15,-11.0,2021,True,SEA,1611661328
1611661330,Atlanta Dream,1022100062,2021-06-13,W,101,36,71,0.507,13,29,0.448,16,21,0.762,10,23,33,20,10,2,13,22,23.0,2021,True,WAS,1611661322
1611661330,Atlanta Dream,1022100070,2021-06-17,L,93,34,70,0.486,8,21,0.381,17,21,0.81,8,29,37,23,14,6,13,17,-3.0,2021,False,WAS,1611661322
1611661330,Atlanta Dream,1022100082,2021-06-23,L,85,33,69,0.478,5,13,0.385,14,17,0.824,6,21,27,17,13,5,10,15,-2.0,2021,True,MIN,1611661324
1611661330,Atlanta Dream,1022100088,2021-06-26,L,78,29,71,0.408,4,17,0.235,16,19,0.842,7,18,25,14,13,2,14,21,-23.0,2021,True,NYL,1611661313
1611661330,Atlanta Dream,1022100092,2021-06-29,W,73,27,76,0.355,7,18,0.389,12,16,0.75,12,22,34,17,10,6,8,12,4.0,2021,True,NYL,1611661313
1611661330,Atlanta Dream,1022100101,2021-07-02,L,88,37,78,0.474,8,20,0.4,6,8,0.75,7,24,31,26,11,3,9,17,-3.0,2021,False,SEA,1611661328
1611661330,Atlanta Dream,1022100104,2021-07-04,L,95,38,81,0.469,7,19,0.368,12,16,0.75,8,20,28,24,5,2,6,22,-23.0,2021,False,LVA,1611661319
1611661330,Atlanta Dream,1022100110,2021-07-09,L,72,25,65,0.385,8,25,0.32,14,20,0.7,3,25,28,15,6,4,10,18,-12.0,2021,False,CON,1611661323
1611661330,Atlanta Dream,1022100117,2021-07-11,L,68,27,76,0.355,1,13,0.077,13,20,0.65,8,22,30,16,10,5,6,22,-11.0,2021,True,IND,1611661325
1611661330,Atlanta Dream,1022100123,2021-08-15,L,81,37,90,0.411,3,17,0.176,4,7,0.571,15,25,40,18,8,4,9,23,-11.0,2021,False,PHO,1611661317
1611661330,Atlanta Dream,1022100130,2021-08-17,L,80,34,88,0.386,5,20,0.25,7,18,0.389,17,31,48,20,10,3,13,13,-5.0,2021,False,LAS,1611661320
1611661330,Atlanta Dream,1022100134,2021-08-19,L,64,26,66,0.394,8,25,0.32,4,7,0.571,11,23,34,15,7,5,18,21,-2.0,2021,False,LAS,1611661320
1611661330,Atlanta Dream,1022100137,2021-08-21,L,69,29,72,0.403,5,21,0.238,6,8,0.75,6,18,24,11,13,5,9,19,-15.0,2021,True,PHO,1611661317
1611661330,Atlanta Dream,1022100142,2021-08-24,L,79,33,79,0.418,7,22,0.318,6,9,0.667,14,24,38,19,6,6,7,13,-7.0,2021,True,CHI,1611661329
1611661330,Atlanta Dream,1022100146,2021-08-26,L,71,26,72,0.361,7,23,0.304,12,15,0.8,5,29,34,19,8,6,8,20,-7.0,2021,True,LVA,1611661319
1611661330,Atlanta Dream,1022100159,2021-09-02,L,68,28,65,0.431,7,21,0.333,5,8,0.625,7,27,34,19,5,9,14,14,-4.0,2021,False,DAL,1611661321
1611661330,Atlanta Dream,1022100166,2021-09-05,W,69,28,70,0.4,2,7,0.286,11,13,0.846,9,33,42,17,5,6,9,11,5.0,2021,False,DAL,1611661321
1611661330,Atlanta Dream,1022100170,2021-09-08,L,75,33,70,0.471,3,13,0.231,6,10,0.6,4,27,31,19,12,3,8,14,-1.0,2021,True,PHO,1611661317
1611661330,Atlanta Dream,1022100173,2021-09-10,L,74,32,78,0.41,6,22,0.273,4,8,0.5,11,30,41,12,8,5,7,16,-8.0,2021,False,WAS,1611661322
1611661330,Atlanta Dream,1022100181,2021-09-14,W,85,33,69,0.478,7,16,0.438,12,15,0.8,11,22,33,19,5,13,13,10,7.0,2021,True,IND,1611661325
1611661330,Atlanta Dream,1022100183,2021-09-16,L,68,24,63,0.381,5,18,0.278,15,17,0.882,7,29,36,13,5,1,14,26,-6.0,2021,True,LAS,1611661320
1611661330,Atlanta Dream,1022100188,2021-09-19,L,64,28,73,0.384,2,20,0.1,6,9,0.667,10,23,33,10,6,4,7,18,-20.0,2021,False,CON,1611661323
1611661330,Atlanta Dream,1022200006,2022-05-07,W,66,20,63,0.317,7,27,0.259,19,22,0.864,9,38,47,11,10,9,21,24,7.0,2022,False,DAL,1611661321
1611661330,Atlanta Dream,1022200012,2022-05-11,W,77,24,69,0.348,13,30,0.433,16,19,0.842,7,32,39,14,3,1,13,20,2.0,2022,True,LAS,1611661320
1611661330,Atlanta Dream,1022200016,2022-05-13,L,73,28,65,0.431,8,17,0.471,9,14,0.643,7,29,36,16,5,6,19,19,-23.0,2022,True,LVA,1611661319
1611661330,Atlanta Dream,1022200022,2022-05-15,W,85,28,57,0.491,6,17,0.353,23,30,0.767,4,28,32,12,8,3,19,23,6.0,2022,False,IND,1611661325
1611661330,Atlanta Dream,1022200024,2022-05-17,W,101,34,63,0.54,10,22,0.455,23,26,0.885,4,31,35,19,8,2,13,26,22.0,2022,False,IND,1611661325
1611661330,Atlanta Dream,1022200032,2022-05-20,L,73,27,66,0.409,8,24,0.333,11,14,0.786,8,18,26,16,9,1,14,26,-5.0,2022,True,WAS,1611661322
1611661330,Atlanta Dream,1022200040,2022-05-24,L,50,20,56,0.357,4,21,0.19,6,8,0.75,9,27,36,12,8,4,23,18,-20.0,2022,False,WAS,1611661322
1611661330,Atlanta Dream,1022200049,2022-05-29,W,81,34,70,0.486,9,24,0.375,4,6,0.667,10,37,47,25,9,2,23,19,27.0,2022,True,PHO,1611661317
1611661330,Atlanta Dream,1022200056,2022-06-01,W,84,33,77,0.429,12,28,0.429,6,12,0.5,7,23,30,21,17,4,13,19,8.0,2022,True,MIN,1611661324
1611661330,Atlanta Dream,1022200060,2022-06-03,L,65,26,75,0.347,6,23,0.261,7,8,0.875,9,25,34,15,5,5,12,18,-8.0,2022,True,CHI,1611661329
1611661330,Atlanta Dream,1022200064,2022-06-05,W,75,29,67,0.433,4,15,0.267,13,15,0.867,6,31,37,14,13,2,22,23,9.0,2022,True,IND,1611661325
1611661330,Atlanta Dream,1022200070,2022-06-07,L,60,25,69,0.362,2,19,0.105,8,13,0.615,9,28,37,15,12,2,15,19,-12.0,2022,False,SEA,1611661328
1611661330,Atlanta Dream,1022200077,2022-06-10,L,88,35,79,0.443,10,24,0.417,8,9,0.889,6,30,36,16,6,4,4,19,-2.0,2022,False,PHO,1611661317
1611661330,Atlanta Dream,1022200086,2022-06-15,L,92,35,76,0.461,12,29,0.414,10,16,0.625,13,24,37,18,9,5,16,19,-13.0,2022,False,CON,1611661323
1611661330,Atlanta Dream,1022200091,2022-06-17,L,100,39,87,0.448,8,22,0.364,14,21,0.667,14,25,39,23,9,9,15,18,-6.0,2022,False,CHI,1611661329
1611661330,Atlanta Dream,1022200097,2022-06-21,W,80,29,64,0.453,10,22,0.455,12,15,0.8,10,25,35,18,5,4,22,19,5.0,2022,True,DAL,1611661321
1611661330,Atlanta Dream,1022200106,2022-06-24,L,77,26,71,0.366,7,17,0.412,18,20,0.9,9,22,31,13,8,5,10,14,-12.0,2022,True,NYL,1611661313
1611661330,Atlanta Dream,1022200110,2022-06-26,L,61,21,63,0.333,5,19,0.263,14,18,0.778,6,23,29,17,10,5,17,21,-11.0,2022,True,CON,1611661323
1611661330,Atlanta Dream,1022200114,2022-06-28,L,74,28,66,0.424,5,20,0.25,13,15,0.867,8,18,26,19,9,0,14,16,-18.0,2022,False,WAS,1611661322
1611661330,Atlanta Dream,1022200119,2022-06-30,W,92,31,81,0.383,9,24,0.375,21,26,0.808,12,29,41,21,8,3,15,25,11.0,2022,False,NYL,1611661313
1611661330,Atlanta Dream,1022200125,2022-07-03,W,90,33,70,0.471,7,18,0.389,17,19,0.895,9,35,44,24,7,0,16,23,14.0,2022,True,SEA,1611661328
1611661330,Atlanta Dream,1022200132,2022-07-06,L,66,26,62,0.419,0,12,0.0,14,17,0.824,3,28,31,15,7,0,12,18,-19.0,2022,True,WAS,1611661322
1611661330,Atlanta Dream,1022200139,2022-07-12,L,75,29,69,0.42,10,23,0.435,7,10,0.7,10,23,33,17,7,3,17,20,-15.0,2022,False,CHI,1611661329
1611661330,Atlanta Dream,1022200148,2022-07-15,L,68,26,62,0.419,2,13,0.154,14,19,0.737,4,26,30,20,5,2,18,21,-25.0,2022,True,CON,1611661323
1611661330,Atlanta Dream,1022200152,2022-07-17,W,85,34,71,0.479,10,23,0.435,7,14,0.5,16,27,43,18,6,2,14,19,10.0,2022,False,PHO,1611661317
1611661330,Atlanta Dream,1022200155,2022-07-19,W,92,33,64,0.516,15,24,0.625,11,16,0.688,5,35,40,24,6,5,16,16,16.0,2022,False,LVA,1611661319
1611661330,Atlanta Dream,1022200159,2022-07-21,L,78,30,66,0.455,9,23,0.391,9,13,0.692,14,22,36,21,6,1,21,21,-7.0,2022,False,LAS,1611661320
1611661330,Atlanta Dream,1022200167,2022-07-24,L,72,29,84,0.345,6,25,0.24,8,11,0.727,18,28,46,21,5,2,11,19,-10.0,2022,False,SEA,1611661328
1611661330,Atlanta Dream,1022200169,2022-07-28,L,85,27,70,0.386,5,17,0.294,26,29,0.897,6,24,30,13,11,3,10,22,-7.0,2022,True,MIN,1611661324
1611661330,Atlanta Dream,1022200176,2022-07-30,L,68,23,61,0.377,7,18,0.389,15,22,0.682,7,25,32,11,8,4,19,13,-13.0,2022,True,DAL,1611661321
1611661330,Atlanta Dream,1022200186,2022-08-03,W,91,35,70,0.5,8,24,0.333,13,17,0.765,8,27,35,27,11,7,17,21,10.0,2022,True,IND,1611661325
1611661330,Atlanta Dream,1022200191,2022-08-05,W,88,29,62,0.468,6,16,0.375,24,26,0.923,8,24,32,13,4,3,15,20,2.0,2022,True,LAS,1611661320
1611661330,Atlanta Dream,1022200198,2022-08-07,L,71,25,64,0.391,7,22,0.318,14,20,0.7,9,23,32,18,6,1,10,14,-10.0,2022,False,MIN,1611661324
1611661330,Atlanta Dream,1022200201,2022-08-09,L,90,33,66,0.5,9,19,0.474,15,18,0.833,5,24,29,22,6,1,10,15,-7.0,2022,False,LVA,1611661319
1611661330,Atlanta Dream,1022200208,2022-08-12,L,70,24,64,0.375,5,19,0.263,17,24,0.708,9,27,36,13,5,1,12,15,-10.0,2022,True,NYL,1611661313
1611661330,Atlanta Dream,1022200212,2022-08-14,L,83,27,74,0.365,10,31,0.323,19,22,0.864,13,25,38,20,9,1,10,20,-4.0,2022,False,NYL,1611661313
1611661330,Atlanta Dream,1022300006,2023-05-20,L,78,29,82,0.354,9,32,0.281,11,14,0.786,17,28,45,18,6,6,19,23,-7.0,2023,False,DAL,1611661321
1611661330,Atlanta Dream,1022300011,2023-05-23,W,83,29,69,0.42,7,23,0.304,18,20,0.9,11,22,33,21,6,6,16,16,6.0,2023,False,MIN,1611661324
1611661330,Atlanta Dream,1022300018,2023-05-28,L,87,25,65,0.385,8,20,0.4,29,34,0.853,7,22,29,16,2,4,11,18,-3.0,2023,True,IND,1611661325
1611661330,Atlanta Dream,1022300021,2023-05-30,W,83,30,70,0.429,5,13,0.385,18,24,0.75,6,35,41,15,8,8,9,10,18.0,2023,True,CHI,1611661329
1611661330,Atlanta Dream,1022300027,2023-06-02,L,87,34,74,0.459,10,24,0.417,9,10,0.9,6,30,36,26,5,3,15,21,-5.0,2023,True,LVA,1611661319
1611661330,Atlanta Dream,1022300041,2023-06-09,L,83,30,67,0.448,9,20,0.45,14,22,0.636,5,29,34,17,3,3,17,21,-23.0,2023,True,NYL,1611661313
1611661330,Atlanta Dream,1022300048,2023-06-11,L,77,26,62,0.419,5,19,0.263,20,24,0.833,10,27,37,15,6,6,26,27,-12.0,2023,True,CON,1611661323
1611661330,Atlanta Dream,1022300053,2023-06-13,W,86,31,71,0.437,8,24,0.333,16,18,0.889,13,29,42,15,7,2,14,18,7.0,2023,False,NYL,1611661313
1611661330,Atlanta Dream,1022300056,2023-06-15,W,92,36,70,0.514,4,14,0.286,16,20,0.8,6,32,38,23,4,4,18,24,4.0,2023,False,CON,1611661323
1611661330,Atlanta Dream,1022300064,2023-06-18,W,100,37,66,0.561,7,15,0.467,19,24,0.792,3,28,31,19,7,3,16,20,6.0,2023,False,IND,1611661325
1611661330,Atlanta Dream,1022300067,2023-06-20,L,73,22,67,0.328,4,18,0.222,25,33,0.758,11,22,33,15,5,8,13,20,-12.0,2023,False,DAL,1611661321
1611661330,Atlanta Dream,1022300074,2023-06-23,L,80,26,68,0.382,5,12,0.417,23,27,0.852,8,29,37,15,7,5,20,20,-30.0,2023,True,NYL,1611661313
1611661330,Atlanta Dream,1022300086,2023-06-28,L,86,28,74,0.378,5,15,0.333,25,35,0.714,11,21,32,21,9,7,10,20,-23.0,2023,False,WAS,1611661322
1611661330,Atlanta Dream,1022300090,2023-06-30,W,94,33,69,0.478,7,13,0.538,21,27,0.778,7,24,31,19,7,3,10,25,5.0,2023,True,WAS,1611661322
1611661330,Atlanta Dream,1022300094,2023-07-02,W,112,37,68,0.544,9,21,0.429,29,34,0.853,6,34,40,18,11,7,13,19,28.0,2023,True,LAS,1611661320
1611661330,Atlanta Dream,1022300101,2023-07-05,W,90,33,67,0.493,10,24,0.417,14,23,0.609,3,36,39,30,6,5,8,19,11.0,2023,False,LAS,1611661320
1611661330,Atlanta Dream,1022300104,2023-07-07,W,82,33,69,0.478,6,17,0.353,10,13,0.769,10,32,42,17,9,7,16,16,14.0,2023,False,CHI,1611661329
1611661330,Atlanta Dream,1022300112,2023-07-09,W,88,35,75,0.467,6,16,0.375,12,15,0.8,13,29,42,24,8,5,10,17,11.0,2023,False,CHI,1611661329
1611661330,Atlanta Dream,1022300118,2023-07-12,W,85,32,69,0.464,4,19,0.211,17,21,0.81,9,36,45,18,8,2,16,21,10.0,2023,True,SEA,1611661328
1611661330,Atlanta Dream,1022300120,2023-07-18,W,82,29,72,0.403,13,33,0.394,11,15,0.733,8,29,37,24,5,4,12,21,9.0,2023,True,MIN,1611661324
1611661330,Atlanta Dream,1022300124,2023-07-20,L,71,25,64,0.391,7,18,0.389,14,19,0.737,10,29,39,15,9,5,21,20,-11.0,2023,False,CON,1611661323
1611661330,Atlanta Dream,1022300129,2023-07-22,L,78,21,69,0.304,6,26,0.231,30,37,0.811,10,28,38,7,6,7,9,20,-8.0,2023,True,CON,1611661323
1611661330,Atlanta Dream,1022300135,2023-07-25,W,78,31,67,0.463,8,17,0.471,8,12,0.667,6,29,35,22,5,8,17,19,13.0,2023,True,PHO,1611661317
1611661330,Atlanta Dream,1022300142,2023-07-27,L,84,31,73,0.425,8,26,0.308,14,23,0.609,8,24,32,18,1,5,7,17,-11.0,2023,False,NYL,1611661313
1611661330,Atlanta Dream,1022300146,2023-07-30,W,80,27,58,0.466,10,23,0.435,16,19,0.842,2,31,33,21,7,7,20,19,7.0,2023,True,WAS,1611661322
1611661330,Atlanta Dream,1022300153,2023-08-01,L,72,29,67,0.433,4,20,0.2,10,15,0.667,6,22,28,21,5,5,15,16,-21.0,2023,False,LVA,1611661319
1611661330,Atlanta Dream,1022300156,2023-08-03,L,71,25,63,0.397,2,13,0.154,19,25,0.76,8,23,31,16,8,4,15,25,-20.0,2023,False,PHO,1611661317
1611661330,Atlanta Dream,1022300162,2023-08-06,W,82,30,62,0.484,9,20,0.45,13,21,0.619,4,24,28,23,6,7,10,16,9.0,2023,True,IND,1611661325
1611661330,Atlanta Dream,1022300173,2023-08-10,L,67,23,73,0.315,8,21,0.381,13,19,0.684,11,34,45,12,12,4,14,23,-1.0,2023,False,SEA,1611661328
1611661330,Atlanta Dream,1022300176,2023-08-12,L,74,24,60,0.4,4,23,0.174,22,24,0.917,4,27,31,16,5,5,14,28,-11.0,2023,False,LAS,1611661320
1611661330,Atlanta Dream,1022300181,2023-08-13,L,65,23,62,0.371,4,16,0.25,15,19,0.789,5,38,43,13,3,2,16,19,-21.0,2023,False,LVA,1611661319
1611661330,Atlanta Dream,1022300185,2023-08-18,W,78,28,69,0.406,4,14,0.286,18,20,0.9,7,24,31,23,3,2,6,12,11.0,2023,True,CHI,1611661329
1611661330,Atlanta Dream,1022300193,2023-08-22,L,100,33,67,0.493,6,17,0.353,28,33,0.848,5,25,30,17,7,3,10,24,-12.0,2023,True,LVA,1611661319
1611661330,Atlanta Dream,1022300202,2023-08-25,L,78,30,62,0.484,5,10,0.5,13,16,0.813,6,23,29,17,6,4,15,17,-5.0,2023,True,LAS,1611661320
1611661330,Atlanta Dream,1022300206,2023-08-27,L,80,26,69,0.377,4,16,0.25,24,27,0.889,12,25,37,15,7,2,13,14,-3.0,2023,False,IND,1611661325
1611661330,Atlanta Dream,1022300210,2023-08-29,W,94,39,75,0.52,7,19,0.368,9,9,1.0,10,22,32,27,11,4,10,18,18.0,2023,True,PHO,1611661317
1611661330,Atlanta Dream,1022300218,2023-09-01,L,85,32,88,0.364,5,19,0.263,16,20,0.8,13,32,45,20,8,6,10,17,-6.0,2023,False,MIN,1611661324
1611661330,Atlanta Dream,1022300228,2023-09-06,W,79,33,72,0.458,3,14,0.214,10,12,0.833,8,29,37,24,3,3,10,19,11.0,2023,True,SEA,1611661328
1611661330,Atlanta Dream,1022300231,2023-09-08,W,80,25,66,0.379,6,24,0.25,24,29,0.828,9,38,47,13,4,1,10,15,5.0,2023,False,WAS,1611661322
1611661330,Atlanta Dream,1022300235,2023-09-10,L,77,26,68,0.382,6,18,0.333,19,26,0.731,7,22,29,17,6,3,13,18,-17.0,2023,True,DAL,1611661321
1611661330,Atlanta Dream,1022400006,2024-05-15,W,92,34,67,0.507,8,17,0.471,16,19,0.842,7,27,34,20,8,9,13,20,11.0,2024,False,LAS,1611661320
1611661330,Atlanta Dream,1022400013,2024-05-18,L,85,27,66,0.409,10,23,0.435,21,27,0.778,7,26,33,21,8,5,13,21,-3.0,2024,False,PHO,1611661317
1611661330,Atlanta Dream,1022400017,2024-05-21,W,83,30,72,0.417,7,22,0.318,16,22,0.727,13,23,36,17,9,3,12,20,5.0,2024,True,DAL,1611661321
1611661330,Atlanta Dream,1022400030,2024-05-26,L,79,31,68,0.456,6,22,0.273,11,14,0.786,10,22,32,23,9,1,10,15,-13.0,2024,True,MIN,1611661324
1611661330,Atlanta Dream,1022400036,2024-05-29,W,73,26,62,0.419,6,21,0.286,15,21,0.714,5,31,36,19,9,2,17,19,6.0,2024,False,WAS,1611661322
1611661330,Atlanta Dream,1022400040,2024-05-31,W,78,22,61,0.361,8,16,0.5,26,29,0.897,3,35,38,17,5,4,11,17,4.0,2024,True,LVA,1611661319
1611661330,Atlanta Dream,1022400045,2024-06-02,L,50,19,67,0.284,3,16,0.188,9,12,0.75,8,25,33,10,10,6,12,16,-19.0,2024,True,CON,1611661323
1611661330,Atlanta Dream,1022400055,2024-06-06,L,61,22,64,0.344,3,21,0.143,14,17,0.824,7,27,34,15,8,4,12,16,-17.0,2024,True,NYL,1611661313
1611661330,Atlanta Dream,1022400061,2024-06-08,W,89,31,68,0.456,6,16,0.375,21,23,0.913,11,20,31,22,14,4,13,20,9.0,2024,False,CHI,1611661329
1611661330,Atlanta Dream,1022400067,2024-06-11,L,68,24,67,0.358,8,23,0.348,12,18,0.667,8,24,32,16,3,2,8,15,-19.0,2024,True,WAS,1611661322
1611661330,Atlanta Dream,1022400071,2024-06-13,L,84,28,67,0.418,9,24,0.375,19,23,0.826,10,21,31,20,6,3,11,19,-7.0,2024,False,IND,1611661325
1611661330,Atlanta Dream,1022400080,2024-06-16,W,87,30,68,0.441,6,15,0.4,21,26,0.808,10,28,38,22,8,1,10,19,13.0,2024,True,LAS,1611661320
1611661330,Atlanta Dream,1022400085,2024-06-19,L,55,19,66,0.288,4,23,0.174,13,20,0.65,12,34,46,16,4,9,13,12,-13.0,2024,False,MIN,1611661324
1611661330,Atlanta Dream,1022400089,2024-06-21,L,79,22,65,0.338,4,18,0.222,31,35,0.886,7,23,30,18,8,2,11,16,-12.0,2024,True,IND,1611661325
1611661330,Atlanta Dream,1022400094,2024-06-23,L,75,30,79,0.38,2,12,0.167,13,19,0.684,14,26,40,21,5,4,10,14,-21.0,2024,True,NYL,1611661313
1611661330,Atlanta Dream,1022400102,2024-06-28,W,78,28,57,0.491,6,14,0.429,16,22,0.727,5,27,32,18,12,6,15,22,4.0,2024,False,CON,1611661323
1611661330,Atlanta Dream,1022400106,2024-06-30,L,75,29,60,0.483,6,17,0.353,11,13,0.846,4,33,37,16,2,2,15,15,-6.0,2024,False,NYL,1611661313
1611661330,Atlanta Dream,1022400112,2024-07-02,L,77,30,68,0.441,7,22,0.318,10,16,0.625,11,26,37,27,6,2,18,17,-8.0,2024,True,CHI,1611661329
1611661330,Atlanta Dream,1022400118,2024-07-05,L,82,34,61,0.557,2,6,0.333,12,19,0.632,6,24,30,23,8,6,28,21,-3.0,2024,False,DAL,1611661321
1611661330,Atlanta Dream,1022400123,2024-07-07,L,67,24,59,0.407,4,10,0.4,15,19,0.789,9,22,31,16,4,4,10,18,-13.0,2024,False,CON,1611661323
1611661330,Atlanta Dream,1022400130,2024-07-10,L,69,28,69,0.406,2,10,0.2,11,16,0.688,5,31,36,19,6,5,14,11,-9.0,2024,False,CHI,1611661329
1611661330,Atlanta Dream,1022400134,2024-07-12,L,70,29,77,0.377,2,19,0.105,10,15,0.667,12,35,47,16,4,4,14,14,-14.0,2024,True,LVA,1611661319
1611661330,Atlanta Dream,1022400141,2024-07-14,L,70,28,73,0.384,3,17,0.176,11,15,0.733,13,26,39,18,9,5,16,15,-11.0,2024,False,SEA,1611661328
1611661330,Atlanta Dream,1022400147,2024-07-17,L,79,29,59,0.492,5,15,0.333,16,21,0.762,5,28,33,18,5,4,16,19,-7.0,2024,False,MIN,1611661324
1611661330,Atlanta Dream,1022400152,2024-08-16,W,83,30,63,0.476,6,17,0.353,17,23,0.739,9,28,37,13,9,4,19,15,2.0,2024,True,SEA,1611661328
1611661330,Atlanta Dream,1022400158,2024-08-18,W,82,26,63,0.413,5,16,0.313,25,31,0.806,7,27,34,18,9,0,11,19,12.0,2024,True,CON,1611661323
1611661330,Atlanta Dream,1022400165,2024-08-21,W,72,25,73,0.342,9,31,0.29,13,16,0.813,16,31,47,17,3,1,8,15,9.0,2024,True,PHO,1611661317
1611661330,Atlanta Dream,1022400168,2024-08-23,L,80,29,74,0.392,10,30,0.333,12,14,0.857,9,27,36,19,7,5,8,15,-2.0,2024,True,PHO,1611661317
1611661330,Atlanta Dream,1022400176,2024-08-26,L,79,27,73,0.37,10,29,0.345,15,18,0.833,10,28,38,18,5,5,10,14,-5.0,2024,True,IND,1611661325
1611661330,Atlanta Dream,1022400184,2024-08-28,L,81,32,73,0.438,6,21,0.286,11,12,0.917,7,29,36,23,5,5,13,17,-4.0,2024,False,SEA,1611661328
1611661330,Atlanta Dream,1022400187,2024-08-30,L,72,26,71,0.366,11,29,0.379,9,13,0.692,10,31,41,16,4,3,9,13,-11.0,2024,False,LVA,1611661319
1611661330,Atlanta Dream,1022400193,2024-09-01,W,80,32,70,0.457,7,17,0.412,9,13,0.692,13,29,42,22,4,3,9,17,18.0,2024,False,LAS,1611661320
1611661330,Atlanta Dream,1022400198,2024-09-03,L,66,24,68,0.353,7,25,0.28,11,14,0.786,7,22,29,15,7,4,13,19,-8.0,2024,False,PHO,1611661317
1611661330,Atlanta Dream,1022400202,2024-09-06,W,107,39,78,0.5,8,25,0.32,21,32,0.656,14,23,37,24,7,3,9,18,11.0,2024,True,DAL,1611661321
1611661330,Atlanta Dream,1022400208,2024-09-08,L,100,39,94,0.415,9,26,0.346,13,18,0.722,15,23,38,19,8,5,8,21,-4.0,2024,False,IND,1611661325
1611661330,Atlanta Dream,1022400212,2024-09-10,L,64,21,70,0.3,5,18,0.278,17,19,0.895,10,27,37,12,8,3,10,11,-12.0,2024,True,MIN,1611661324
1611661330,Atlanta Dream,1022400219,2024-09-13,L,69,21,73,0.288,5,20,0.25,22,25,0.88,17,24,41,14,12,3,14,19,-3.0,2024,True,WAS,1611661322
1611661330,Atlanta Dream,1022400226,2024-09-15,W,76,26,66,0.394,4,24,0.167,20,25,0.8,7,28,35,16,13,1,15,20,3.0,2024,False,WAS,1611661322
1611661330,Atlanta Dream,1022400232,2024-09-17,W,86,30,62,0.484,5,15,0.333,21,30,0.7,7,28,35,19,9,4,7,14,16.0,2024,True,CHI,1611661329
1611661330,Atlanta Dream,1022400236,2024-09-19,W,78,31,62,0.5,5,13,0.385,11,16,0.688,9,26,35,22,8,2,14,16,11.0,2024,False,NYL,1611661313
1611661330,Atlanta Dream,1022500001,2025-05-16,L,90,30,74,0.405,12,36,0.333,18,27,0.667,15,22,37,24,4,2,14,22,-4.0,2025,False,WAS,1611661322
1611661330,Atlanta Dream,1022500011,2025-05-20,W,91,29,68,0.426,8,30,0.267,25,32,0.781,12,25,37,19,7,5,11,22,1.0,2025,False,IND,1611661325
1611661330,Atlanta Dream,1022500015,2025-05-22,L,76,24,67,0.358,10,29,0.345,18,23,0.783,6,31,37,14,4,3,12,21,-5.0,2025,True,IND,1611661325
1611661330,Atlanta Dream,1022500022,2025-05-24,W,83,29,68,0.426,9,24,0.375,16,21,0.762,11,31,42,23,6,7,13,13,8.0,2025,True,DAL,1611661321
1611661330,Atlanta Dream,1022500023,2025-05-25,W,79,29,71,0.408,10,35,0.286,11,14,0.786,12,40,52,20,4,5,14,14,24.0,2025,True,CON,1611661323
1611661330,Atlanta Dream,1022500030,2025-05-27,W,88,30,64,0.469,11,30,0.367,17,17,1.0,5,27,32,26,9,6,16,18,6.0,2025,False,LAS,1611661320
1611661330,Atlanta Dream,1022500039,2025-05-30,W,94,34,76,0.447,9,31,0.29,17,23,0.739,13,22,35,18,5,7,11,18,7.0,2025,False,SEA,1611661328
1611661330,Atlanta Dream,1022500050,2025-06-06,L,76,28,68,0.412,8,27,0.296,12,17,0.706,7,22,29,19,5,6,12,17,-8.0,2025,False,CON,1611661323
1611661330,Atlanta Dream,1022500058,2025-06-10,W,77,31,66,0.47,5,22,0.227,10,15,0.667,10,34,44,21,7,4,12,22,19.0,2025,True,IND,1611661325
1611661330,Atlanta Dream,1022500063,2025-06-13,W,88,32,70,0.457,12,37,0.324,12,17,0.706,12,27,39,21,5,6,12,18,18.0,2025,True,CHI,1611661329
1611661330,Atlanta Dream,1022500069,2025-06-15,W,89,31,70,0.443,18,42,0.429,9,13,0.692,7,34,41,24,8,2,6,19,33.0,2025,False,WAS,1611661322
1611661330,Atlanta Dream,1022500072,2025-06-17,L,81,29,67,0.433,12,28,0.429,11,11,1.0,7,24,31,23,7,7,12,17,-5.0,2025,False,NYL,1611661313
1611661330,Atlanta Dream,1022500080,2025-06-20,W,92,31,63,0.492,8,22,0.364,22,24,0.917,4,20,24,23,5,4,9,19,1.0,2025,True,WAS,1611661322
1611661330,Atlanta Dream,1022500085,2025-06-22,W,93,28,66,0.424,16,33,0.485,21,30,0.7,7,29,36,21,7,6,9,15,13.0,2025,True,CHI,1611661329
1611661330,Atlanta Dream,1022500092,2025-06-24,L,55,15,64,0.234,7,34,0.206,18,25,0.72,12,25,37,10,6,3,9,15,-13.0,2025,False,DAL,1611661321
1611661330,Atlanta Dream,1022500098,2025-06-27,L,92,33,76,0.434,4,22,0.182,22,27,0.815,13,27,40,21,10,2,13,23,-4.0,2025,True,MIN,1611661324
1611661330,Atlanta Dream,1022500104,2025-06-29,W,90,37,70,0.529,4,19,0.211,12,22,0.545,6,32,38,27,7,2,13,16,9.0,2025,True,NYL,1611661313
1611661330,Atlanta Dream,1022500111,2025-07-03,L,79,29,66,0.439,4,21,0.19,17,21,0.81,15,31,46,20,7,0,16,11,-1.0,2025,True,SEA,1611661328
1611661330,Atlanta Dream,1022500119,2025-07-07,W,90,29,66,0.439,11,31,0.355,21,24,0.875,8,23,31,24,11,4,10,15,9.0,2025,True,GSV,1611661331
1611661330,Atlanta Dream,1022500129,2025-07-11,L,82,30,67,0.448,11,29,0.379,11,14,0.786,7,22,29,19,8,6,11,20,-17.0,2025,False,IND,1611661325
1611661330,Atlanta Dream,1022500134,2025-07-13,L,72,24,64,0.375,7,25,0.28,17,28,0.607,10,37,47,18,3,8,15,12,-7.0,2025,False,NYL,1611661313
1611661330,Atlanta Dream,1022500141,2025-07-16,W,86,31,66,0.47,9,27,0.333,15,20,0.75,5,37,42,26,5,5,10,10,37.0,2025,False,CHI,1611661329
1611661330,Atlanta Dream,1022500149,2025-07-22,L,72,25,65,0.385,9,27,0.333,13,17,0.765,6,25,31,15,5,2,19,18,-15.0,2025,False,LVA,1611661319
1611661330,Atlanta Dream,1022500151,2025-07-23,W,90,34,68,0.5,10,24,0.417,12,15,0.8,4,32,36,25,5,4,8,15,11.0,2025,False,PHX,1611661317
1611661330,Atlanta Dream,1022500164,2025-07-27,W,90,34,65,0.523,8,18,0.444,14,17,0.824,7,20,27,22,12,0,16,13,4.0,2025,False,MIN,1611661324
1611661330,Atlanta Dream,1022500167,2025-07-29,L,75,24,64,0.375,11,33,0.333,16,21,0.762,8,19,27,18,8,4,6,11,-2.0,2025,True,GSV,1611661331
1611661330,Atlanta Dream,1022500171,2025-07-30,W,88,33,63,0.524,11,26,0.423,11,13,0.846,6,26,32,26,5,5,12,13,3.0,2025,False,DAL,1611661321
1611661330,Atlanta Dream,1022500174,2025-08-01,W,95,34,66,0.515,13,31,0.419,14,18,0.778,6,31,37,27,7,7,7,15,23.0,2025,True,PHX,1611661317
1611661330,Atlanta Dream,1022500180,2025-08-03,W,99,36,64,0.563,9,23,0.391,18,23,0.783,10,23,33,26,12,3,21,20,16.0,2025,True,WAS,1611661322
1611661330,Atlanta Dream,1022500191,2025-08-07,W,86,28,62,0.452,9,21,0.429,21,25,0.84,5,32,37,20,8,4,11,10,21.0,2025,False,CHI,1611661329
1611661330,Atlanta Dream,1022500202,2025-08-10,W,74,25,65,0.385,9,32,0.281,15,19,0.789,9,29,38,20,11,6,10,15,8.0,2025,False,PHX,1611661317
1611661330,Atlanta Dream,1022500210,2025-08-13,W,85,31,63,0.492,12,26,0.462,11,15,0.733,9,33,42,19,4,3,14,13,10.0,2025,False,SEA,1611661328
1611661330,Atlanta Dream,1022500214,2025-08-15,L,78,27,58,0.466,2,13,0.154,22,25,0.88,7,30,37,16,4,6,12,19,-2.0,2025,True,SEA,1611661328
1611661330,Atlanta Dream,1022500221,2025-08-17,W,79,28,68,0.412,9,35,0.257,14,16,0.875,9,29,38,24,6,3,9,16,16.0,2025,False,GSV,1611661331
1611661330,Atlanta Dream,1022500225,2025-08-19,L,72,26,65,0.4,8,29,0.276,12,14,0.857,9,20,29,16,8,2,10,14,-2.0,2025,False,LVA,1611661319
1611661330,Atlanta Dream,1022500230,2025-08-21,W,75,27,71,0.38,9,31,0.29,12,13,0.923,6,28,34,18,12,8,9,9,2.0,2025,True,MIN,1611661324
1611661330,Atlanta Dream,1022500235,2025-08-23,W,78,30,76,0.395,10,38,0.263,8,12,0.667,17,25,42,20,6,0,5,12,16.0,2025,True,NYL,1611661313
1611661330,Atlanta Dream,1022500245,2025-08-27,L,75,30,75,0.4,4,24,0.167,11,13,0.846,13,30,43,20,4,3,9,12,-6.0,2025,True,LVA,1611661319
1611661330,Atlanta Dream,1022500250,2025-08-29,W,100,38,69,0.551,15,33,0.455,9,12,0.75,7,24,31,32,6,10,9,11,22.0,2025,True,DAL,1611661321
1611661330,Atlanta Dream,1022500258,2025-09-01,W,93,30,69,0.435,10,30,0.333,23,24,0.958,13,20,33,16,5,3,6,17,17.0,2025,False,CON,1611661323
1611661330,Atlanta Dream,1022500263,2025-09-03,W,86,34,79,0.43,11,28,0.393,7,8,0.875,12,31,43,24,8,9,10,18,11.0,2025,True,LAS,1611661320
1611661330,Atlanta Dream,1022500268,2025-09-05,W,104,38,77,0.494,19,39,0.487,9,12,0.75,13,28,41,28,4,2,9,20,19.0,2025,True,LAS,1611661320
1611661330,Atlanta Dream,1022500276,2025-09-08,W,87,35,74,0.473,8,26,0.308,9,10,0.9,5,36,41,23,12,5,9,10,25.0,2025,True,CON,1611661323
1611661330,Atlanta Dream,1022500282,2025-09-10,W,88,33,61,0.541,10,27,0.37,12,14,0.857,5,26,31,26,7,9,13,18,16.0,2025,False,CON,1611661323
1611661330,Atlanta Dream,1022600010,2026-05-09,W,91,31,73,0.425,7,29,0.241,22,30,0.733,19,27,46,22,9,6,20,18,1.0,2026,False,MIN,1611661324
1611661330,Atlanta Dream,1022600012,2026-05-12,W,77,26,69,0.377,9,33,0.273,16,17,0.941,11,33,44,13,5,3,9,18,5.0,2026,False,DAL,1611661321
1611661330,Atlanta Dream,1022600026,2026-05-17,L,84,27,73,0.37,5,23,0.217,25,37,0.676,11,34,45,15,9,5,13,23,-1.0,2026,True,LVA,1611661319
1611661330,Atlanta Dream,1022600038,2026-05-22,W,86,34,62,0.548,6,15,0.4,12,13,0.923,5,30,35,22,6,4,17,12,17.0,2026,True,DAL,1611661321
1611661330,Atlanta Dream,1022600044,2026-05-24,W,82,30,68,0.441,11,26,0.423,11,21,0.524,12,26,38,22,9,3,14,16,2.0,2026,True,PHX,1611661317
1611661330,Atlanta Dream,1022600051,2026-05-27,L,81,29,65,0.446,11,31,0.355,12,16,0.75,10,17,27,23,5,2,16,10,-15.0,2026,False,MIN,1611661324
1611661330,Atlanta Dream,1022600059,2026-05-29,W,86,30,68,0.441,9,30,0.3,17,20,0.85,12,17,29,22,16,1,15,14,20.0,2026,False,PDX,1611661327
1611661330,Atlanta Dream,1022600066,2026-06-02,W,91,32,68,0.471,14,37,0.378,13,18,0.722,9,26,35,22,10,1,13,20,16.0,2026,True,CON,1611661323
1611661330,Atlanta Dream,1022600072,2026-06-04,L,71,23,67,0.343,6,21,0.286,19,24,0.792,9,21,30,14,9,3,11,19,-12.0,2026,False,IND,1611661325
1611661330,Atlanta Dream,1022600079,2026-06-06,W,109,32,66,0.485,13,25,0.52,32,41,0.78,16,26,42,21,16,4,11,26,32.0,2026,True,WAS,1611661322
1611661330,Atlanta Dream,1022600086,2026-06-09,W,82,31,70,0.443,5,26,0.192,15,16,0.938,12,24,36,18,9,0,16,15,7.0,2026,False,CHI,1611661329
1611661330,Atlanta Dream,1022600092,2026-06-11,L,90,33,75,0.44,9,29,0.31,15,27,0.556,9,15,24,22,11,2,5,21,-14.0,2026,True,NYL,1611661313
1611661330,Atlanta Dream,1022600102,2026-06-14,W,102,36,82,0.439,14,36,0.389,16,20,0.8,14,30,44,22,8,4,8,18,25.0,2026,False,TOR,1611661332
1611661330,Atlanta Dream,1022600113,2026-06-18,W,108,37,69,0.536,7,18,0.389,27,35,0.771,8,21,29,21,11,3,12,27,7.0,2026,False,IND,1611661325
1611661330,Atlanta Dream,1022600117,2026-06-20,W,113,40,80,0.5,12,26,0.462,21,31,0.677,12,23,35,25,10,5,8,24,17.0,2026,True,IND,1611661325
1611661330,Atlanta Dream,1022600124,2026-06-22,W,94,34,78,0.436,9,29,0.31,17,21,0.81,9,23,32,23,8,1,11,26,7.0,2026,True,TOR,1611661332
1611661330,Atlanta Dream,1022600131,2026-06-24,L,66,25,64,0.391,4,18,0.222,12,22,0.545,12,22,34,16,6,3,11,16,-11.0,2026,False,GSV,1611661331
1611661330,Atlanta Dream,1022600137,2026-06-26,L,75,23,67,0.343,6,20,0.3,23,27,0.852,7,20,27,10,14,4,14,21,-3.0,2026,False,GSV,1611661331
1611661330,Atlanta Dream,1022600140,2026-06-27,L,90,30,70,0.429,7,29,0.241,23,26,0.885,6,20,26,22,7,0,13,18,-15.0,2026,False,SEA,1611661328
1611661330,Atlanta Dream,1022600145,2026-07-02,L,76,29,80,0.363,7,31,0.226,11,18,0.611,16,17,33,19,13,3,15,23,-5.0,2026,False,WAS,1611661322
1611661330,Atlanta Dream,1022600150,2026-07-04,L,83,26,66,0.394,8,26,0.308,23,33,0.697,12,25,37,18,6,1,17,20,-5.0,2026,True,GSV,1611661331
1611661330,Atlanta Dream,1022600162,2026-07-09,W,89,30,72,0.417,6,26,0.231,23,26,0.885,10,27,37,18,14,4,15,18,11.0,2026,True,SEA,1611661328
1611661330,Atlanta Dream,1022600170,2026-07-11,L,92,33,75,0.44,6,30,0.2,20,24,0.833,12,20,32,25,8,3,12,23,-10.0,2026,True,PDX,1611661327
1611661330,Atlanta Dream,1022600175,2026-07-13,W,101,36,73,0.493,9,28,0.321,20,23,0.87,12,23,35,22,11,1,17,17,9.0,2026,True,LAS,1611661320
1611661330,Atlanta Dream,1022600185,2026-07-17,W,111,39,71,0.549,9,28,0.321,24,28,0.857,11,17,28,28,11,1,10,26,19.0,2026,False,TOR,1611661332
1611661330,Atlanta Dream,1022600192,2026-07-19,W,93,31,74,0.419,8,28,0.286,23,27,0.852,13,26,39,24,5,5,11,19,2.0,2026,True,CHI,1611661329
1611661330,Atlanta Dream,1022600208,2026-07-29,W,82,31,70,0.443,1,16,0.063,19,25,0.76,12,25,37,22,11,4,15,20,1.0,2026,False,DAL,1611661321
1611661330,Atlanta Dream,1022600213,2026-07-31,W,98,27,64,0.422,10,26,0.385,34,39,0.872,11,22,33,24,14,7,17,19,9.0,2026,True,SEA,1611661328
1611661330,Atlanta Dream,1022600222,2026-08-03,L,87,33,75,0.44,4,24,0.167,17,20,0.85,12,22,34,19,5,2,11,14,-22.0,2026,True,LVA,1611661319
1611661330,Atlanta Dream,1022600226,2026-08-05,W,96,33,70,0.471,14,33,0.424,16,17,0.941,7,31,38,29,3,6,12,22,14.0,2026,True,PHX,1611661317
1611661330,Atlanta Dream,1022600234,2026-08-07,L,74,25,77,0.325,6,21,0.286,18,27,0.667,14,26,40,16,5,7,16,29,-5.0,2026,False,WAS,1611661322
1611661330,Atlanta Dream,1022600243,2026-08-10,W,107,36,70,0.514,14,32,0.438,21,30,0.7,12,27,39,29,7,3,12,20,12.0,2026,True,TOR,1611661332
1611661330,Atlanta Dream,1022600251,2026-08-13,W,104,29,67,0.433,14,26,0.538,32,36,0.889,10,35,45,19,8,9,10,22,35.0,2026,False,CON,1611661323
1611661330,Atlanta Dream,1022600261,2026-08-16,L,91,29,82,0.354,8,32,0.25,25,26,0.962,11,29,40,21,2,4,14,24,-4.0,2026,True,IND,1611661325
1611661330,Atlanta Dream,1022600266,2026-08-18,W,97,32,71,0.451,8,23,0.348,25,27,0.926,4,28,32,18,15,3,11,22,15.0,2026,False,LVA,1611661319
1611661330,Atlanta Dream,1022600271,2026-08-20,W,124,46,72,0.639,16,26,0.615,16,22,0.727,8,26,34,35,11,4,14,20,36.0,2026,False,LAS,1611661320
1611661330,Atlanta Dream,1022600277,2026-08-22,W,99,37,76,0.487,11,38,0.289,14,16,0.875,8,24,32,24,12,3,8,24,10.0,2026,False,PHX,1611661317
1611661330,Atlanta Dream,1022600283,2026-08-24,W,78,30,75,0.4,6,29,0.207,12,15,0.8,15,33,48,17,7,1,14,18,7.0,2026,False,LAS,1611661320
1611661330,Atlanta Dream,1022600291,2026-08-28,L,83,26,71,0.366,12,33,0.364,19,24,0.792,16,18,34,20,5,4,18,16,-18.0,2026,True,PDX,1611661327
1611661330,Atlanta Dream,1022600297,2026-08-30,W,89,33,71,0.465,13,36,0.361,10,14,0.714,8,29,37,21,8,3,18,14,8.0,2026,True,MIN,1611661324
1611661330,Atlanta Dream,1022600301,2026-09-17,W,103,39,76,0.513,9,30,0.3,16,21,0.762,10,32,42,30,9,3,4,13,44.0,2026,True,CON,1611661323
1611661330,Atlanta Dream,1022600310,2026-09-19,W,106,36,68,0.529,13,26,0.5,21,28,0.75,5,30,35,29,13,5,15,19,25.0,2026,True,CHI,1611661329
1611661330,Atlanta Dream,1022600317,2026-09-21,W,95,32,67,0.478,8,28,0.286,23,30,0.767,4,28,32,17,7,3,4,20,11.0,2026,False,NYL,1611661313
1611661330,Atlanta Dream,1022600324,2026-09-23,W,83,30,77,0.39,10,35,0.286,13,15,0.867,12,23,35,25,12,1,6,20,18.0,2026,False,NYL,1611661313
1611661331,Golden State Valkyries,1022500003,2025-05-16,L,67,23,63,0.365,9,35,0.257,12,13,0.923,9,24,33,13,8,2,20,16,-17.0,2025,True,LAS,1611661320
1611661331,Golden State Valkyries,1022500013,2025-05-21,W,76,23,72,0.319,7,37,0.189,23,28,0.821,11,26,37,15,10,2,11,22,2.0,2025,True,WAS,1611661322
1611661331,Golden State Valkyries,1022500019,2025-05-23,W,82,27,65,0.415,9,29,0.31,19,21,0.905,8,26,34,15,13,4,15,15,9.0,2025,False,LAS,1611661320
1611661331,Golden State Valkyries,1022500028,2025-05-27,L,67,21,62,0.339,11,31,0.355,14,19,0.737,7,27,34,16,10,4,20,15,-28.0,2025,False,NYL,1611661313
1611661331,Golden State Valkyries,1022500033,2025-05-29,L,77,29,72,0.403,10,34,0.294,9,14,0.643,15,26,41,25,3,1,13,24,-5.0,2025,False,NYL,1611661313
1611661331,Golden State Valkyries,1022500044,2025-06-01,L,75,24,65,0.369,9,34,0.265,18,22,0.818,10,27,37,15,9,4,14,19,-11.0,2025,True,MIN,1611661324
1611661331,Golden State Valkyries,1022500049,2025-06-05,L,77,25,60,0.417,9,29,0.31,18,25,0.72,8,21,29,17,11,3,19,16,-9.0,2025,False,PHX,1611661317
1611661331,Golden State Valkyries,1022500052,2025-06-07,W,95,34,71,0.479,10,28,0.357,17,18,0.944,9,34,43,24,7,3,12,23,27.0,2025,True,LVA,1611661319
1611661331,Golden State Valkyries,1022500057,2025-06-09,W,89,32,80,0.4,5,32,0.156,20,23,0.87,17,32,49,20,8,5,13,25,8.0,2025,False,LAS,1611661320
1611661331,Golden State Valkyries,1022500067,2025-06-14,W,76,28,58,0.483,3,18,0.167,17,19,0.895,6,27,33,21,9,2,18,19,6.0,2025,True,SEA,1611661328
1611661331,Golden State Valkyries,1022500074,2025-06-17,L,71,24,59,0.407,7,20,0.35,16,23,0.696,5,23,28,17,5,6,16,19,-9.0,2025,False,DAL,1611661321
1611661331,Golden State Valkyries,1022500079,2025-06-19,W,88,30,70,0.429,9,31,0.29,19,27,0.704,8,24,32,18,10,5,7,18,11.0,2025,True,IND,1611661325
1611661331,Golden State Valkyries,1022500089,2025-06-22,W,87,28,78,0.359,9,31,0.29,22,29,0.759,19,32,51,18,9,3,9,16,24.0,2025,True,CON,1611661323
1611661331,Golden State Valkyries,1022500094,2025-06-25,L,78,28,72,0.389,12,35,0.343,10,12,0.833,10,28,38,20,5,3,10,14,-3.0,2025,True,NYL,1611661313
1611661331,Golden State Valkyries,1022500100,2025-06-27,W,83,26,69,0.377,11,30,0.367,20,29,0.69,10,32,42,16,4,2,9,19,5.0,2025,True,CHI,1611661329
1611661331,Golden State Valkyries,1022500108,2025-06-29,W,84,31,64,0.484,8,27,0.296,14,18,0.778,6,35,41,20,5,4,16,10,27.0,2025,True,SEA,1611661328
1611661331,Golden State Valkyries,1022500115,2025-07-05,L,71,27,65,0.415,11,32,0.344,6,8,0.75,9,24,33,19,2,1,10,19,-11.0,2025,False,MIN,1611661324
1611661331,Golden State Valkyries,1022500119,2025-07-07,L,81,30,63,0.476,12,29,0.414,9,9,1.0,4,25,29,19,5,0,21,22,-9.0,2025,False,ATL,1611661330
1611661331,Golden State Valkyries,1022500124,2025-07-09,W,80,26,70,0.371,12,32,0.375,16,21,0.762,11,36,47,18,7,2,16,16,19.0,2025,False,IND,1611661325
1611661331,Golden State Valkyries,1022500132,2025-07-12,L,102,35,68,0.515,12,32,0.375,20,24,0.833,9,19,28,23,4,2,10,25,-2.0,2025,False,LVA,1611661319
1611661331,Golden State Valkyries,1022500138,2025-07-14,L,77,25,74,0.338,14,33,0.424,13,15,0.867,11,25,36,23,7,1,9,16,-1.0,2025,True,PHX,1611661317
1611661331,Golden State Valkyries,1022500143,2025-07-16,L,58,19,60,0.317,7,31,0.226,13,16,0.813,5,30,35,13,2,5,11,24,-9.0,2025,False,SEA,1611661328
1611661331,Golden State Valkyries,1022500157,2025-07-25,W,86,27,64,0.422,9,28,0.321,23,25,0.92,10,29,39,21,8,1,17,17,10.0,2025,True,DAL,1611661321
1611661331,Golden State Valkyries,1022500161,2025-07-27,L,64,20,59,0.339,9,32,0.281,15,23,0.652,8,16,24,15,9,3,22,17,-31.0,2025,False,CON,1611661323
1611661331,Golden State Valkyries,1022500167,2025-07-29,W,77,30,63,0.476,11,26,0.423,6,8,0.75,9,25,34,17,4,2,13,21,2.0,2025,False,ATL,1611661330
1611661331,Golden State Valkyries,1022500173,2025-07-31,W,68,22,57,0.386,11,26,0.423,13,15,0.867,6,32,38,21,3,3,14,15,1.0,2025,False,WAS,1611661322
1611661331,Golden State Valkyries,1022500176,2025-08-01,W,73,24,65,0.369,10,30,0.333,15,16,0.938,5,27,32,19,6,3,9,16,7.0,2025,False,CHI,1611661329
1611661331,Golden State Valkyries,1022500183,2025-08-03,L,77,25,73,0.342,10,34,0.294,17,18,0.944,17,22,39,19,10,1,10,15,-24.0,2025,False,LVA,1611661319
1611661331,Golden State Valkyries,1022500190,2025-08-06,L,72,25,63,0.397,4,22,0.182,18,19,0.947,9,22,31,9,7,0,13,24,-6.0,2025,True,LVA,1611661319
1611661331,Golden State Valkyries,1022500197,2025-08-09,W,72,27,61,0.443,12,34,0.353,6,10,0.6,6,31,37,20,5,3,13,13,13.0,2025,True,LAS,1611661320
1611661331,Golden State Valkyries,1022500204,2025-08-11,W,74,26,63,0.413,13,33,0.394,9,13,0.692,7,25,32,22,4,2,7,18,17.0,2025,True,CON,1611661323
1611661331,Golden State Valkyries,1022500208,2025-08-13,W,88,29,57,0.509,15,32,0.469,15,17,0.882,7,23,30,20,4,0,13,17,5.0,2025,False,WAS,1611661322
1611661331,Golden State Valkyries,1022500212,2025-08-15,W,90,27,56,0.482,14,27,0.519,22,25,0.88,6,25,31,19,12,2,8,13,31.0,2025,False,CHI,1611661329
1611661331,Golden State Valkyries,1022500221,2025-08-17,L,63,21,60,0.35,7,29,0.241,14,16,0.875,5,22,27,14,6,4,8,16,-16.0,2025,True,ATL,1611661330
1611661331,Golden State Valkyries,1022500226,2025-08-19,L,91,32,77,0.416,12,35,0.343,15,17,0.882,9,20,29,20,9,1,3,18,-7.0,2025,True,PHX,1611661317
1611661331,Golden State Valkyries,1022500234,2025-08-22,L,72,25,67,0.373,8,31,0.258,14,19,0.737,6,25,31,20,7,5,6,14,-9.0,2025,False,PHX,1611661317
1611661331,Golden State Valkyries,1022500239,2025-08-24,W,90,28,62,0.452,16,38,0.421,18,18,1.0,9,32,41,24,2,7,12,14,9.0,2025,False,DAL,1611661321
1611661331,Golden State Valkyries,1022500253,2025-08-30,W,99,33,60,0.55,12,31,0.387,21,24,0.875,1,30,31,25,9,4,11,17,37.0,2025,True,WAS,1611661322
1611661331,Golden State Valkyries,1022500257,2025-08-31,W,75,28,55,0.509,12,19,0.632,7,9,0.778,4,30,34,19,6,3,19,18,12.0,2025,True,IND,1611661325
1611661331,Golden State Valkyries,1022500261,2025-09-02,W,66,22,59,0.373,7,26,0.269,15,20,0.75,9,26,35,15,5,1,13,17,8.0,2025,True,NYL,1611661313
1611661331,Golden State Valkyries,1022500266,2025-09-04,W,84,29,65,0.446,7,20,0.35,19,23,0.826,10,28,38,22,5,7,15,16,4.0,2025,True,DAL,1611661321
1611661331,Golden State Valkyries,1022500272,2025-09-06,L,72,27,70,0.386,9,35,0.257,9,12,0.75,9,29,38,16,4,2,12,13,-6.0,2025,True,MIN,1611661324
1611661331,Golden State Valkyries,1022500281,2025-09-09,L,73,26,65,0.4,10,29,0.345,11,14,0.786,10,25,35,18,9,4,9,16,-1.0,2025,False,SEA,1611661328
1611661331,Golden State Valkyries,1022500285,2025-09-11,L,53,19,66,0.288,3,27,0.111,12,15,0.8,15,23,38,15,14,4,20,15,-19.0,2025,False,MIN,1611661324
1611661331,Golden State Valkyries,1022600003,2026-05-08,W,91,31,74,0.419,15,37,0.405,14,22,0.636,13,22,35,22,5,5,9,23,11.0,2026,False,SEA,1611661328
1611661331,Golden State Valkyries,1022600011,2026-05-10,W,95,33,67,0.493,13,33,0.394,16,18,0.889,6,24,30,25,10,4,9,21,16.0,2026,True,PHX,1611661317
1611661331,Golden State Valkyries,1022600017,2026-05-13,L,63,22,75,0.293,7,26,0.269,12,16,0.75,14,28,42,10,3,9,11,19,-6.0,2026,True,CHI,1611661329
1611661331,Golden State Valkyries,1022600035,2026-05-21,W,87,28,71,0.394,13,35,0.371,18,25,0.72,9,27,36,18,5,3,5,17,17.0,2026,False,NYL,1611661313
1611661331,Golden State Valkyries,1022600039,2026-05-22,L,82,26,70,0.371,7,22,0.318,23,27,0.852,10,18,28,11,9,3,14,24,-8.0,2026,False,IND,1611661325
1611661331,Golden State Valkyries,1022600048,2026-05-25,W,97,34,73,0.466,13,33,0.394,16,23,0.696,11,24,35,24,7,2,12,25,27.0,2026,True,CON,1611661323
1611661331,Golden State Valkyries,1022600055,2026-05-28,W,90,31,68,0.456,8,21,0.381,20,28,0.714,8,29,37,24,5,11,11,21,2.0,2026,True,IND,1611661325
1611661331,Golden State Valkyries,1022600063,2026-05-31,L,81,25,74,0.338,16,35,0.457,15,17,0.882,9,24,33,16,9,0,12,21,-10.0,2026,True,LVA,1611661319
1611661331,Golden State Valkyries,1022600068,2026-06-02,W,95,32,69,0.464,18,40,0.45,13,18,0.722,9,19,28,25,9,4,7,16,18.0,2026,True,PDX,1611661327
1611661331,Golden State Valkyries,1022600073,2026-06-04,L,84,30,76,0.395,14,37,0.378,10,10,1.0,9,22,31,21,6,7,7,18,-3.0,2026,False,MIN,1611661324
1611661331,Golden State Valkyries,1022600078,2026-06-06,L,79,28,72,0.389,11,35,0.314,12,17,0.706,10,28,38,14,4,1,9,19,-5.0,2026,False,LVA,1611661319
1611661331,Golden State Valkyries,1022600088,2026-06-09,W,87,27,61,0.443,10,29,0.345,23,28,0.821,6,21,27,18,8,2,9,21,6.0,2026,True,PHX,1611661317
1611661331,Golden State Valkyries,1022600096,2026-06-12,W,76,24,66,0.364,8,37,0.216,20,23,0.87,10,23,33,18,6,6,13,18,4.0,2026,False,SEA,1611661328
1611661331,Golden State Valkyries,1022600105,2026-06-15,W,78,28,66,0.424,7,21,0.333,15,19,0.789,7,26,33,19,13,4,9,20,20.0,2026,True,LAS,1611661320
1611661331,Golden State Valkyries,1022600109,2026-06-17,W,91,29,63,0.46,12,25,0.48,21,27,0.778,9,32,41,20,4,3,13,14,11.0,2026,True,DAL,1611661321
1611661331,Golden State Valkyries,1022600116,2026-06-19,L,75,26,74,0.351,12,40,0.3,11,17,0.647,13,25,38,17,8,3,13,16,-6.0,2026,True,MIN,1611661324
1611661331,Golden State Valkyries,1022600120,2026-06-21,L,73,28,67,0.418,5,30,0.167,12,18,0.667,11,20,31,10,7,1,10,15,-19.0,2026,False,LVA,1611661319
1611661331,Golden State Valkyries,1022600131,2026-06-24,W,77,27,60,0.45,15,32,0.469,8,12,0.667,6,26,32,20,5,7,12,20,11.0,2026,True,ATL,1611661330
1611661331,Golden State Valkyries,1022600137,2026-06-26,W,78,27,62,0.435,5,22,0.227,19,25,0.76,6,26,32,14,6,9,18,22,3.0,2026,True,ATL,1611661330
1611661331,Golden State Valkyries,1022600144,2026-06-28,W,76,28,65,0.431,7,28,0.25,13,18,0.722,7,23,30,20,5,2,8,24,9.0,2026,True,NYL,1611661313
1611661331,Golden State Valkyries,1022600150,2026-07-04,W,88,31,67,0.463,13,34,0.382,13,17,0.765,8,22,30,19,15,4,14,28,5.0,2026,False,ATL,1611661330
1611661331,Golden State Valkyries,1022600154,2026-07-06,W,62,26,74,0.351,6,34,0.176,4,4,1.0,9,21,30,14,10,5,5,16,13.0,2026,False,WAS,1611661322
1611661331,Golden State Valkyries,1022600159,2026-07-08,W,83,26,58,0.448,11,30,0.367,20,25,0.8,11,20,31,18,7,3,14,20,8.0,2026,False,TOR,1611661332
1611661331,Golden State Valkyries,1022600165,2026-07-10,W,79,31,60,0.517,8,18,0.444,9,13,0.692,9,21,30,19,11,6,15,21,15.0,2026,False,CON,1611661323
1611661331,Golden State Valkyries,1022600181,2026-07-15,W,88,30,58,0.517,8,24,0.333,20,23,0.87,6,24,30,16,9,4,14,16,13.0,2026,False,IND,1611661325
1611661331,Golden State Valkyries,1022600190,2026-07-18,W,74,24,59,0.407,12,33,0.364,14,20,0.7,8,18,26,21,8,2,8,16,5.0,2026,True,WAS,1611661322
1611661331,Golden State Valkyries,1022600195,2026-07-20,L,82,31,72,0.431,12,33,0.364,8,11,0.727,7,16,23,21,10,4,8,15,-8.0,2026,True,WAS,1611661322
1611661331,Golden State Valkyries,1022600209,2026-07-29,L,89,31,76,0.408,12,33,0.364,15,19,0.789,13,20,33,24,7,1,7,34,-2.0,2026,False,PHX,1611661317
1611661331,Golden State Valkyries,1022600221,2026-08-02,W,96,33,67,0.493,14,29,0.483,16,18,0.889,4,22,26,26,8,5,7,20,17.0,2026,True,TOR,1611661332
1611661331,Golden State Valkyries,1022600225,2026-08-04,W,92,31,68,0.456,12,33,0.364,18,23,0.783,15,23,38,21,9,2,12,14,11.0,2026,True,TOR,1611661332
1611661331,Golden State Valkyries,1022600235,2026-08-07,W,94,33,71,0.465,12,34,0.353,16,18,0.889,9,29,38,27,8,5,7,24,18.0,2026,False,DAL,1611661321
1611661331,Golden State Valkyries,1022600242,2026-08-09,W,84,32,69,0.464,12,34,0.353,8,9,0.889,11,25,36,22,7,2,13,16,6.0,2026,False,LAS,1611661320
1611661331,Golden State Valkyries,1022600249,2026-08-12,W,91,32,63,0.508,8,21,0.381,19,24,0.792,8,22,30,17,16,3,13,15,20.0,2026,True,CHI,1611661329
1611661331,Golden State Valkyries,1022600262,2026-08-17,W,78,27,72,0.375,12,36,0.333,12,14,0.857,10,20,30,17,7,1,11,14,8.0,2026,True,DAL,1611661321
1611661331,Golden State Valkyries,1022600268,2026-08-19,L,66,25,77,0.325,7,37,0.189,9,11,0.818,13,20,33,18,8,2,9,19,-11.0,2026,True,MIN,1611661324
1611661331,Golden State Valkyries,1022600273,2026-08-21,L,70,25,70,0.357,5,22,0.227,15,22,0.682,6,32,38,17,4,0,9,15,-3.0,2026,False,CHI,1611661329
1611661331,Golden State Valkyries,1022600282,2026-08-24,W,80,31,71,0.437,12,33,0.364,6,8,0.75,11,20,31,23,12,4,6,16,14.0,2026,False,MIN,1611661324
1611661331,Golden State Valkyries,1022600287,2026-08-26,W,89,34,63,0.54,10,25,0.4,11,15,0.733,6,36,42,24,5,10,12,23,25.0,2026,False,CON,1611661323
1611661331,Golden State Valkyries,1022600289,2026-08-27,W,79,30,71,0.423,13,33,0.394,6,8,0.75,8,31,39,23,4,2,7,16,19.0,2026,False,NYL,1611661313
1611661331,Golden State Valkyries,1022600299,2026-08-30,W,86,29,61,0.475,9,29,0.31,19,21,0.905,8,23,31,20,9,4,11,12,17.0,2026,False,PDX,1611661327
1611661331,Golden State Valkyries,1022600308,2026-09-18,W,82,29,69,0.42,13,37,0.351,11,17,0.647,9,25,34,21,14,7,12,18,16.0,2026,True,PDX,1611661327
1611661331,Golden State Valkyries,1022600311,2026-09-19,W,70,26,69,0.377,9,26,0.346,9,12,0.75,12,30,42,22,12,7,10,15,13.0,2026,True,SEA,1611661328
1611661331,Golden State Valkyries,1022600323,2026-09-22,L,82,26,66,0.394,8,31,0.258,22,30,0.733,7,31,38,22,5,6,12,28,-8.0,2026,False,PDX,1611661327
1611661331,Golden State Valkyries,1022600329,2026-09-24,W,76,27,69,0.391,5,18,0.278,17,21,0.81,9,26,35,13,5,3,9,20,1.0,2026,False,LAS,1611661320
1611661332,Toronto Tempo,1022600002,2026-05-08,L,65,17,63,0.27,5,25,0.2,26,35,0.743,9,28,37,10,10,2,16,26,-3.0,2026,True,WAS,1611661322
1611661332,Toronto Tempo,1022600015,2026-05-13,W,86,30,69,0.435,11,29,0.379,15,18,0.833,9,24,33,21,11,4,12,17,13.0,2026,True,SEA,1611661328
1611661332,Toronto Tempo,1022600023,2026-05-15,L,95,31,70,0.443,12,33,0.364,21,22,0.955,10,16,26,22,13,4,13,24,-4.0,2026,False,LAS,1611661320
1611661332,Toronto Tempo,1022600028,2026-05-17,W,106,29,61,0.475,9,24,0.375,39,42,0.929,9,16,25,17,8,3,12,27,10.0,2026,False,LAS,1611661320
1611661332,Toronto Tempo,1022600031,2026-05-19,W,98,34,74,0.459,15,36,0.417,15,18,0.833,8,27,35,15,4,2,11,26,8.0,2026,False,PHX,1611661317
1611661332,Toronto Tempo,1022600036,2026-05-21,L,72,24,71,0.338,12,41,0.293,12,14,0.857,9,16,25,19,5,3,13,23,-28.0,2026,False,MIN,1611661324
1611661332,Toronto Tempo,1022600042,2026-05-23,L,80,30,66,0.455,6,25,0.24,14,18,0.778,10,19,29,19,3,4,17,21,-19.0,2026,True,PDX,1611661327
1611661332,Toronto Tempo,1022600050,2026-05-27,W,111,37,66,0.561,12,26,0.462,25,30,0.833,10,27,37,22,6,4,13,25,7.0,2026,False,CHI,1611661329
1611661332,Toronto Tempo,1022600060,2026-05-30,W,93,26,59,0.441,10,29,0.345,31,33,0.939,6,28,34,14,12,1,12,13,21.0,2026,True,SEA,1611661328
1611661332,Toronto Tempo,1022600070,2026-06-03,L,82,34,75,0.453,6,19,0.316,8,10,0.8,8,24,32,17,7,3,7,17,-15.0,2026,False,NYL,1611661313
1611661332,Toronto Tempo,1022600081,2026-06-07,W,85,30,77,0.39,4,22,0.182,21,27,0.778,11,33,44,19,7,4,9,22,17.0,2026,True,CHI,1611661329
1611661332,Toronto Tempo,1022600089,2026-06-10,W,106,31,69,0.449,8,24,0.333,36,43,0.837,11,17,28,18,12,3,11,32,4.0,2026,True,CON,1611661323
1611661332,Toronto Tempo,1022600095,2026-06-12,L,85,31,64,0.484,7,22,0.318,16,18,0.889,5,16,21,23,18,5,17,24,-1.0,2026,False,WAS,1611661322
1611661332,Toronto Tempo,1022600102,2026-06-14,L,77,28,65,0.431,9,24,0.375,12,16,0.75,5,19,24,23,5,7,15,19,-25.0,2026,True,ATL,1611661330
1611661332,Toronto Tempo,1022600106,2026-06-16,L,91,34,75,0.453,11,25,0.44,12,19,0.632,5,22,27,25,9,1,12,27,-22.0,2026,False,IND,1611661325
1611661332,Toronto Tempo,1022600114,2026-06-19,W,101,37,76,0.487,19,34,0.559,8,9,0.889,10,23,33,27,5,4,15,23,4.0,2026,False,CON,1611661323
1611661332,Toronto Tempo,1022600124,2026-06-22,L,87,28,62,0.452,9,28,0.321,22,28,0.786,5,26,31,22,8,6,17,23,-7.0,2026,False,ATL,1611661330
1611661332,Toronto Tempo,1022600132,2026-06-25,W,125,41,80,0.513,20,42,0.476,23,27,0.852,15,37,52,26,5,4,10,23,28.0,2026,True,LAS,1611661320
1611661332,Toronto Tempo,1022600138,2026-06-27,L,80,31,67,0.463,12,30,0.4,6,12,0.5,4,31,35,26,4,2,12,24,-9.0,2026,True,PHX,1611661317
1611661332,Toronto Tempo,1022600152,2026-07-05,L,76,28,72,0.389,10,29,0.345,10,14,0.714,13,22,35,16,5,3,13,14,-13.0,2026,True,DAL,1611661321
1611661332,Toronto Tempo,1022600159,2026-07-08,L,75,26,54,0.481,6,22,0.273,17,18,0.944,4,19,23,19,6,0,20,20,-8.0,2026,True,GSV,1611661331
1611661332,Toronto Tempo,1022600166,2026-07-10,L,95,35,64,0.547,14,30,0.467,11,14,0.786,4,20,24,24,3,2,12,19,-13.0,2026,True,DAL,1611661321
1611661332,Toronto Tempo,1022600171,2026-07-12,W,93,34,66,0.515,9,24,0.375,16,18,0.889,5,25,30,22,10,3,23,28,2.0,2026,True,NYL,1611661313
1611661332,Toronto Tempo,1022600178,2026-07-14,L,62,23,65,0.354,7,26,0.269,9,10,0.9,5,21,26,15,3,4,10,22,-17.0,2026,True,WAS,1611661322
1611661332,Toronto Tempo,1022600185,2026-07-17,L,92,30,56,0.536,10,21,0.476,22,25,0.88,4,18,22,19,3,3,20,23,-19.0,2026,True,ATL,1611661330
1611661332,Toronto Tempo,1022600194,2026-07-20,L,83,29,74,0.392,8,31,0.258,17,19,0.895,13,27,40,19,6,1,11,13,-26.0,2026,True,LVA,1611661319
1611661332,Toronto Tempo,1022600204,2026-07-28,L,93,33,73,0.452,13,35,0.371,14,17,0.824,10,26,36,22,7,4,15,18,-7.0,2026,False,MIN,1611661324
1611661332,Toronto Tempo,1022600210,2026-07-30,L,72,28,62,0.452,10,28,0.357,6,11,0.545,6,20,26,19,6,4,22,12,-32.0,2026,True,MIN,1611661324
1611661332,Toronto Tempo,1022600221,2026-08-02,L,79,29,67,0.433,7,30,0.233,14,19,0.737,10,24,34,20,3,1,12,21,-17.0,2026,False,GSV,1611661331
1611661332,Toronto Tempo,1022600225,2026-08-04,L,81,28,59,0.475,12,29,0.414,13,15,0.867,5,22,27,22,8,3,15,19,-11.0,2026,False,GSV,1611661331
1611661332,Toronto Tempo,1022600232,2026-08-06,L,83,29,72,0.403,9,31,0.29,16,24,0.667,12,24,36,23,7,3,16,18,-14.0,2026,False,PDX,1611661327
1611661332,Toronto Tempo,1022600243,2026-08-10,L,95,35,67,0.522,10,26,0.385,15,21,0.714,5,20,25,20,7,4,13,22,-12.0,2026,False,ATL,1611661330
1611661332,Toronto Tempo,1022600248,2026-08-12,L,88,32,76,0.421,8,30,0.267,16,18,0.889,14,23,37,19,6,4,16,23,-6.0,2026,False,DAL,1611661321
1611661332,Toronto Tempo,1022600264,2026-08-18,L,95,34,87,0.391,12,37,0.324,15,20,0.75,18,23,41,19,6,6,11,20,-6.0,2026,True,IND,1611661325
1611661332,Toronto Tempo,1022600267,2026-08-19,L,82,28,65,0.431,11,27,0.407,15,23,0.652,7,20,27,18,5,3,8,25,-11.0,2026,False,WAS,1611661322
1611661332,Toronto Tempo,1022600274,2026-08-21,W,82,25,59,0.424,6,22,0.273,26,33,0.788,7,27,34,19,5,4,14,23,3.0,2026,True,PDX,1611661327
1611661332,Toronto Tempo,1022600281,2026-08-23,L,78,29,66,0.439,10,27,0.37,10,12,0.833,9,19,28,22,6,2,15,22,-10.0,2026,True,LVA,1611661319
1611661332,Toronto Tempo,1022600288,2026-08-26,L,78,26,70,0.371,4,26,0.154,22,28,0.786,13,30,43,14,7,1,16,15,-12.0,2026,False,SEA,1611661328
1611661332,Toronto Tempo,1022600293,2026-08-28,L,73,27,67,0.403,10,28,0.357,9,13,0.692,7,30,37,18,6,2,16,22,-20.0,2026,False,LVA,1611661319
1611661332,Toronto Tempo,1022600296,2026-08-29,L,69,23,62,0.371,4,22,0.182,19,23,0.826,7,25,32,17,4,3,16,12,-32.0,2026,False,PHX,1611661317
1611661332,Toronto Tempo,1022600306,2026-09-18,L,85,29,67,0.433,8,23,0.348,19,30,0.633,12,22,34,16,7,1,12,21,-18.0,2026,True,IND,1611661325
1611661332,Toronto Tempo,1022600313,2026-09-20,L,69,27,72,0.375,2,22,0.091,13,15,0.867,11,15,26,15,9,1,13,21,-37.0,2026,True,NYL,1611661313
1611661332,Toronto Tempo,1022600321,2026-09-22,L,85,29,74,0.392,13,26,0.5,14,15,0.933,13,27,40,21,10,3,16,13,-12.0,2026,False,CHI,1611661329
1611661332,Toronto Tempo,1022600326,2026-09-24,L,81,25,74,0.338,5,29,0.172,26,30,0.867,14,26,40,13,8,1,12,17,-14.0,2026,False,CON,1611661323
