TEAM_ID,TEAM_NAME,GAME_ID,GAME_DATE,WL,PTS,FGM,FGA,FG_PCT,FG3M,FG3A,FG3_PCT,FTM,FTA,FT_PCT,OREB,DREB,REB,AST,STL,BLK,TOV,PF,PLUS_MINUS,SEASON,WIN,IS_HOME,OPPONENT_TEAM_ID,OPPONENT
1612709919.0,Westchester Knicks,2052100001,2021-11-05,L,103,37,83,0.446,11,37,0.297,9,14,0.643,8,27,35,24,16,2,19,23,-4,2021-22,0,False,1612709928.0,CCG
1612709928.0,Capital City Go-Go,2052100001,2021-11-05,W,107,38,81,0.469,11,34,0.324,12,15,0.8,10,38,48,21,9,4,24,20,4,2021-22,1,True,1612709919.0,WES
1612709915.0,Maine Celtics,2052100002,2021-11-05,W,116,39,79,0.494,16,39,0.41,14,19,0.737,8,32,40,32,8,6,18,18,13,2021-22,1,False,1612709929.0,CPS
1612709929.0,College Park Skyhawks,2052100002,2021-11-05,L,103,38,90,0.422,13,39,0.333,8,10,0.8,9,33,42,20,8,3,15,28,-13,2021-22,0,True,1612709915.0,MNE
1612709913.0,Birmingham Squadron,2052100003,2021-11-05,W,128,45,85,0.529,17,42,0.405,14,16,0.875,5,26,31,25,13,2,15,16,11,2021-22,1,False,1612709922.0,GBO
1612709922.0,Greensboro Swarm,2052100003,2021-11-05,L,117,46,91,0.505,14,31,0.452,7,9,0.778,15,28,43,30,6,3,21,20,-11,2021-22,0,True,1612709913.0,BIR
1612709918.0,Texas Legends,2052100004,2021-11-05,W,114,38,90,0.422,13,38,0.342,14,16,0.875,12,42,54,19,11,1,12,27,16,2021-22,1,False,1612709925.0,LAK
1612709925.0,Lakeland Magic,2052100004,2021-11-05,L,98,38,82,0.463,8,33,0.242,8,13,0.615,4,39,43,23,7,6,16,24,-16,2021-22,0,True,1612709918.0,TEX
1612709926.0,Memphis Hustle,2052100005,2021-11-05,L,90,32,83,0.386,7,31,0.226,11,14,0.786,10,36,46,14,5,9,17,18,-5,2021-22,0,False,1612709931.0,MXC
1612709931.0,Ciudad de Mexico Capitanes,2052100005,2021-11-05,W,95,33,95,0.347,6,30,0.2,14,16,0.875,21,38,59,14,11,8,15,23,5,2021-22,1,True,1612709926.0,MHU
1612709903.0,Salt Lake City Stars,2052100006,2021-11-05,L,63,25,77,0.325,9,37,0.243,3,9,0.333,6,31,37,14,9,3,19,21,-55,2021-22,0,False,1612709889.0,OKL
1612709889.0,Oklahoma City Blue,2052100006,2021-11-05,W,118,45,83,0.542,14,34,0.412,9,13,0.692,7,47,54,33,12,3,15,16,55,2021-22,1,True,1612709903.0,SLC
1612709890.0,Austin Spurs,2052100007,2021-11-05,L,117,43,84,0.512,14,33,0.424,10,17,0.588,9,28,37,26,11,6,23,22,-10,2021-22,0,False,1612709908.0,RGV
1612709908.0,Rio Grande Valley Vipers,2052100007,2021-11-05,W,127,48,101,0.475,15,47,0.319,9,11,0.818,21,31,52,26,11,6,20,23,10,2021-22,1,True,1612709890.0,AUS
1612709914.0,Stockton Kings,2052100008,2021-11-05,W,122,48,90,0.533,12,31,0.387,9,11,0.818,7,39,46,24,9,7,18,24,25,2021-22,1,False,1612709902.0,SCW
1612709902.0,Santa Cruz Warriors,2052100008,2021-11-05,L,97,35,90,0.389,9,39,0.231,10,14,0.714,9,36,45,20,10,4,18,15,-25,2021-22,0,True,1612709914.0,STO
1612709930.0,G League Ignite,2052100009,2021-11-05,L,105,40,87,0.46,11,34,0.324,8,9,0.889,9,29,38,21,11,7,18,24,-7,2021-22,0,False,1612709905.0,SBL
1612709905.0,South Bay Lakers,2052100009,2021-11-05,W,112,44,89,0.494,10,33,0.303,11,13,0.846,10,30,40,26,10,6,15,15,7,2021-22,1,True,1612709930.0,GLI
1612709919.0,Westchester Knicks,2052100010,2021-11-06,L,88,31,86,0.36,7,29,0.241,11,11,1.0,12,29,41,18,11,6,13,19,-10,2021-22,0,False,1612709928.0,CCG
1612709928.0,Capital City Go-Go,2052100010,2021-11-06,W,98,36,82,0.439,7,31,0.226,13,15,0.867,12,38,50,24,9,5,16,20,10,2021-22,1,True,1612709919.0,WES
1612709932.0,Motor City Cruise,2052100011,2021-11-06,W,140,50,107,0.467,16,39,0.41,13,13,1.0,21,33,54,27,8,4,13,15,23,2021-22,1,False,1612709893.0,CLC
1612709893.0,Cleveland Charge,2052100011,2021-11-06,L,117,48,94,0.511,14,43,0.326,6,8,0.75,8,29,37,18,5,8,20,25,-23,2021-22,0,True,1612709932.0,MCC
1612709921.0,Long Island Nets,2052100012,2021-11-06,L,100,36,100,0.36,6,31,0.194,14,22,0.636,20,35,55,14,9,7,23,24,-14,2021-22,0,False,1612709909.0,DEL
1612709909.0,Delaware Blue Coats,2052100012,2021-11-06,W,114,39,92,0.424,10,37,0.27,15,20,0.75,15,40,55,26,18,8,23,28,14,2021-22,1,True,1612709921.0,LIN
1612709923.0,Windy City Bulls,2052100013,2021-11-06,L,118,43,95,0.453,12,31,0.387,11,13,0.846,16,30,46,24,5,7,15,14,-9,2021-22,0,False,1612709910.0,FWN
1612709910.0,Fort Wayne Mad Ants,2052100013,2021-11-06,W,127,48,97,0.495,19,39,0.487,8,11,0.727,13,33,46,29,8,10,14,22,9,2021-22,1,True,1612709923.0,WCB
1612709913.0,Birmingham Squadron,2052100014,2021-11-06,W,97,33,85,0.388,13,40,0.325,11,14,0.786,11,28,39,21,16,1,15,17,3,2021-22,1,False,1612709922.0,GBO
1612709922.0,Greensboro Swarm,2052100014,2021-11-06,L,94,35,73,0.479,10,31,0.323,10,13,0.769,8,39,47,25,6,7,27,20,-3,2021-22,0,True,1612709913.0,BIR
1612709918.0,Texas Legends,2052100015,2021-11-06,W,120,48,82,0.585,14,37,0.378,5,10,0.5,1,40,41,26,12,1,18,24,17,2021-22,1,False,1612709925.0,LAK
1612709925.0,Lakeland Magic,2052100015,2021-11-06,L,103,36,87,0.414,14,43,0.326,10,13,0.769,9,32,41,18,8,6,18,16,-17,2021-22,0,True,1612709918.0,TEX
1612709904.0,Sioux Falls Skyforce,2052100016,2021-11-06,L,100,36,81,0.444,18,44,0.409,5,8,0.625,4,32,36,23,9,8,17,24,-15,2021-22,0,False,1612709911.0,IWA
1612709911.0,Iowa Wolves,2052100016,2021-11-06,W,115,43,93,0.462,14,33,0.424,9,13,0.692,15,40,55,25,9,2,16,18,15,2021-22,1,True,1612709904.0,SXF
1612709914.0,Stockton Kings,2052100017,2021-11-06,W,104,40,103,0.388,12,33,0.364,7,11,0.636,18,34,52,18,14,2,13,24,12,2021-22,1,False,1612709902.0,SCW
1612709902.0,Santa Cruz Warriors,2052100017,2021-11-06,L,92,31,72,0.431,10,32,0.313,11,15,0.733,7,36,43,28,6,4,23,15,-12,2021-22,0,True,1612709914.0,STO
1612709903.0,Salt Lake City Stars,2052100018,2021-11-07,L,81,33,89,0.371,8,35,0.229,4,7,0.571,13,34,47,22,10,0,17,13,-33,2021-22,0,False,1612709889.0,OKL
1612709889.0,Oklahoma City Blue,2052100018,2021-11-07,W,114,43,85,0.506,16,44,0.364,7,9,0.778,6,45,51,29,12,5,16,17,33,2021-22,1,True,1612709903.0,SLC
1612709915.0,Maine Celtics,2052100019,2021-11-07,W,113,40,88,0.455,16,40,0.4,12,18,0.667,9,41,50,24,8,6,11,17,15,2021-22,1,False,1612709929.0,CPS
1612709929.0,College Park Skyhawks,2052100019,2021-11-07,L,98,37,91,0.407,14,35,0.4,8,8,1.0,9,39,48,19,6,3,17,24,-15,2021-22,0,True,1612709915.0,MNE
1612709926.0,Memphis Hustle,2052100020,2021-11-07,W,110,42,88,0.477,15,38,0.395,8,13,0.615,12,30,42,24,3,5,14,16,4,2021-22,1,False,1612709931.0,MXC
1612709931.0,Ciudad de Mexico Capitanes,2052100020,2021-11-07,L,106,43,92,0.467,10,31,0.323,6,8,0.75,13,31,44,20,7,4,12,16,-4,2021-22,0,True,1612709926.0,MHU
1612709923.0,Windy City Bulls,2052100021,2021-11-07,W,111,40,83,0.482,8,26,0.308,15,18,0.833,10,33,43,20,7,7,16,18,8,2021-22,1,False,1612709910.0,FWN
1612709910.0,Fort Wayne Mad Ants,2052100021,2021-11-07,L,103,36,88,0.409,16,44,0.364,9,12,0.75,10,29,39,24,12,6,18,30,-8,2021-22,0,True,1612709923.0,WCB
1612709904.0,Sioux Falls Skyforce,2052100022,2021-11-08,L,125,42,92,0.457,13,37,0.351,21,27,0.778,14,50,64,31,8,6,26,28,-4,2021-22,0,False,1612709911.0,IWA
1612709911.0,Iowa Wolves,2052100022,2021-11-08,W,129,47,116,0.405,13,41,0.317,15,19,0.789,16,35,51,21,13,6,13,28,4,2021-22,1,True,1612709904.0,SXF
1612709893.0,Cleveland Charge,2052100023,2021-11-08,L,124,43,98,0.439,22,55,0.4,9,11,0.818,17,35,52,26,5,7,18,21,-2,2021-22,0,False,1612709927.0,WIS
1612709927.0,Wisconsin Herd,2052100023,2021-11-08,W,126,51,96,0.531,11,37,0.297,7,15,0.467,13,35,48,25,12,3,13,19,2,2021-22,1,True,1612709893.0,CLC
1612709931.0,Ciudad de Mexico Capitanes,2052100024,2021-11-09,W,110,38,91,0.418,16,38,0.421,11,12,0.917,8,35,43,21,12,1,14,19,14,2021-22,1,False,1612709925.0,LAK
1612709925.0,Lakeland Magic,2052100024,2021-11-09,L,96,36,87,0.414,4,28,0.143,12,12,1.0,13,33,46,20,5,9,18,17,-14,2021-22,0,True,1612709931.0,MXC
1612709908.0,Rio Grande Valley Vipers,2052100025,2021-11-10,W,123,40,84,0.476,12,42,0.286,15,19,0.789,12,31,43,27,14,5,16,18,22,2021-22,1,False,1612709922.0,GBO
1612709922.0,Greensboro Swarm,2052100025,2021-11-10,L,101,35,73,0.479,19,37,0.514,7,12,0.583,4,26,30,26,8,4,25,29,-22,2021-22,0,True,1612709908.0,RGV
1612709928.0,Capital City Go-Go,2052100026,2021-11-10,L,103,40,95,0.421,7,29,0.241,10,14,0.714,21,39,60,22,9,7,23,20,-6,2021-22,0,False,1612709921.0,LIN
1612709921.0,Long Island Nets,2052100026,2021-11-10,W,109,39,99,0.394,17,43,0.395,9,15,0.6,14,34,48,20,12,4,18,22,6,2021-22,1,True,1612709928.0,CCG
1612709924.0,Agua Caliente Clippers,2052100027,2021-11-10,W,115,39,90,0.433,16,37,0.432,11,14,0.786,10,37,47,23,14,6,18,22,14,2021-22,1,False,1612709930.0,GLI
1612709930.0,G League Ignite,2052100027,2021-11-10,L,101,38,93,0.409,11,29,0.379,9,10,0.9,8,39,47,13,7,6,18,14,-14,2021-22,0,True,1612709924.0,ACC
1612709923.0,Windy City Bulls,2052100028,2021-11-11,L,88,34,96,0.354,8,32,0.25,7,10,0.7,13,33,46,22,9,5,11,24,-17,2021-22,0,False,1612709893.0,CLC
1612709893.0,Cleveland Charge,2052100028,2021-11-11,W,105,37,79,0.468,8,33,0.242,14,16,0.875,5,48,53,17,5,8,18,20,17,2021-22,1,True,1612709923.0,WCB
1612709931.0,Ciudad de Mexico Capitanes,2052100029,2021-11-11,L,98,37,84,0.44,12,31,0.387,6,10,0.6,9,38,47,17,2,5,15,20,-5,2021-22,0,False,1612709925.0,LAK
1612709925.0,Lakeland Magic,2052100029,2021-11-11,W,103,43,88,0.489,8,30,0.267,6,11,0.545,6,35,41,24,7,5,7,19,5,2021-22,1,True,1612709931.0,MXC
1612709927.0,Wisconsin Herd,2052100030,2021-11-11,W,121,39,86,0.453,15,31,0.484,15,19,0.789,11,29,40,17,15,4,19,24,5,2021-22,1,False,1612709932.0,MCC
1612709932.0,Motor City Cruise,2052100030,2021-11-11,L,116,40,92,0.435,13,38,0.342,15,18,0.833,17,31,48,22,13,4,23,27,-5,2021-22,0,True,1612709927.0,WIS
1612709919.0,Westchester Knicks,2052100031,2021-11-11,L,95,33,82,0.402,9,32,0.281,13,18,0.722,10,23,33,19,8,3,14,16,-24,2021-22,0,False,1612709920.0,RAP
1612709920.0,Raptors 905,2052100031,2021-11-11,W,119,48,80,0.6,15,33,0.455,5,11,0.455,9,38,47,26,12,6,22,25,24,2021-22,1,True,1612709919.0,WES
1612709917.0,Grand Rapids Gold,2052100032,2021-11-11,W,103,31,88,0.352,9,38,0.237,18,25,0.72,21,41,62,14,6,1,14,13,4,2021-22,1,False,1612709904.0,SXF
1612709904.0,Sioux Falls Skyforce,2052100032,2021-11-11,L,99,40,92,0.435,11,34,0.324,5,8,0.625,13,37,50,24,10,4,11,29,-4,2021-22,0,True,1612709917.0,GRG
1612709924.0,Agua Caliente Clippers,2052100033,2021-11-11,W,101,37,78,0.474,11,32,0.344,10,15,0.667,8,38,46,22,9,9,18,13,8,2021-22,1,False,1612709930.0,GLI
1612709930.0,G League Ignite,2052100033,2021-11-11,L,93,39,90,0.433,6,22,0.273,4,4,1.0,7,32,39,21,9,3,11,20,-8,2021-22,0,True,1612709924.0,ACC
1612709902.0,Santa Cruz Warriors,2052100034,2021-11-12,W,84,29,81,0.358,7,31,0.226,12,13,0.923,12,46,58,16,7,8,18,12,9,2021-22,1,False,1612709889.0,OKL
1612709889.0,Oklahoma City Blue,2052100034,2021-11-12,L,75,32,88,0.364,7,39,0.179,2,7,0.286,8,39,47,23,12,5,17,19,-9,2021-22,0,True,1612709902.0,SCW
1612709923.0,Windy City Bulls,2052100035,2021-11-12,L,110,42,89,0.472,9,33,0.273,11,15,0.733,13,34,47,27,8,3,16,26,-1,2021-22,0,False,1612709893.0,CLC
1612709893.0,Cleveland Charge,2052100035,2021-11-12,W,111,34,79,0.43,17,39,0.436,14,18,0.778,5,32,37,26,6,3,14,19,1,2021-22,1,True,1612709923.0,WCB
1612709927.0,Wisconsin Herd,2052100036,2021-11-12,W,131,49,86,0.57,17,32,0.531,11,15,0.733,6,29,35,24,9,5,18,14,7,2021-22,1,False,1612709932.0,MCC
1612709932.0,Motor City Cruise,2052100036,2021-11-12,L,124,48,91,0.527,19,41,0.463,5,9,0.556,10,29,39,26,13,2,20,23,-7,2021-22,0,True,1612709927.0,WIS
1612709928.0,Capital City Go-Go,2052100037,2021-11-12,W,106,40,76,0.526,9,22,0.409,10,14,0.714,9,36,45,29,9,7,24,16,2,2021-22,1,False,1612709921.0,LIN
1612709921.0,Long Island Nets,2052100037,2021-11-12,L,104,38,96,0.396,16,43,0.372,6,7,0.857,13,27,40,22,15,6,15,19,-2,2021-22,0,True,1612709928.0,CCG
1612709909.0,Delaware Blue Coats,2052100038,2021-11-12,W,114,42,89,0.472,13,31,0.419,9,19,0.474,13,30,43,25,17,5,13,17,11,2021-22,1,False,1612709915.0,MNE
1612709915.0,Maine Celtics,2052100038,2021-11-12,L,103,41,84,0.488,14,42,0.333,4,7,0.571,8,33,41,25,4,2,23,23,-11,2021-22,0,True,1612709909.0,DEL
1612709919.0,Westchester Knicks,2052100039,2021-11-12,L,116,38,84,0.452,20,45,0.444,10,10,1.0,7,18,25,29,16,7,13,19,-3,2021-22,0,False,1612709920.0,RAP
1612709920.0,Raptors 905,2052100039,2021-11-12,W,119,45,88,0.511,13,35,0.371,10,13,0.769,15,34,49,29,7,4,23,20,3,2021-22,1,True,1612709919.0,WES
1612709913.0,Birmingham Squadron,2052100040,2021-11-12,L,100,34,86,0.395,8,30,0.267,13,18,0.722,12,32,44,21,6,4,16,26,-8,2021-22,0,False,1612709918.0,TEX
1612709918.0,Texas Legends,2052100040,2021-11-12,W,108,38,84,0.452,7,33,0.212,18,21,0.857,12,37,49,18,10,3,19,24,8,2021-22,1,True,1612709913.0,BIR
1612709908.0,Rio Grande Valley Vipers,2052100041,2021-11-13,W,111,41,103,0.398,15,43,0.349,9,12,0.75,24,31,55,23,11,1,20,18,7,2021-22,1,False,1612709922.0,GBO
1612709922.0,Greensboro Swarm,2052100041,2021-11-13,L,104,39,82,0.476,11,36,0.306,8,10,0.8,10,30,40,21,9,6,19,18,-7,2021-22,0,True,1612709908.0,RGV
1612709917.0,Grand Rapids Gold,2052100042,2021-11-13,L,101,40,91,0.44,13,37,0.351,4,7,0.571,16,31,47,28,5,2,17,14,-14,2021-22,0,False,1612709904.0,SXF
1612709904.0,Sioux Falls Skyforce,2052100042,2021-11-13,W,115,46,87,0.529,14,32,0.438,7,8,0.875,6,31,37,25,8,2,11,13,14,2021-22,1,True,1612709917.0,GRG
1612709913.0,Birmingham Squadron,2052100043,2021-11-13,L,102,37,91,0.407,12,42,0.286,9,12,0.75,12,29,41,24,9,1,13,16,-15,2021-22,0,False,1612709918.0,TEX
1612709918.0,Texas Legends,2052100043,2021-11-13,W,117,48,99,0.485,15,44,0.341,4,8,0.5,21,37,58,33,3,4,15,18,15,2021-22,1,True,1612709913.0,BIR
1612709902.0,Santa Cruz Warriors,2052100044,2021-11-14,L,71,25,88,0.284,7,35,0.2,7,9,0.778,11,41,52,16,7,2,17,13,-14,2021-22,0,False,1612709889.0,OKL
1612709889.0,Oklahoma City Blue,2052100044,2021-11-14,W,85,35,90,0.389,9,38,0.237,4,7,0.571,8,50,58,23,10,3,17,13,14,2021-22,1,True,1612709902.0,SCW
1612709909.0,Delaware Blue Coats,2052100045,2021-11-14,L,108,40,78,0.513,14,32,0.438,8,10,0.8,4,27,31,28,14,4,21,19,-5,2021-22,0,False,1612709915.0,MNE
1612709915.0,Maine Celtics,2052100045,2021-11-14,W,113,44,73,0.603,15,31,0.484,9,12,0.75,2,28,30,32,10,5,21,19,5,2021-22,1,True,1612709909.0,DEL
1612709924.0,Agua Caliente Clippers,2052100046,2021-11-14,W,103,39,75,0.52,13,28,0.464,6,9,0.667,4,43,47,25,5,5,19,21,21,2021-22,1,False,1612709914.0,STO
1612709914.0,Stockton Kings,2052100046,2021-11-14,L,82,32,83,0.386,8,32,0.25,7,13,0.538,7,30,37,22,7,1,14,16,-21,2021-22,0,True,1612709924.0,ACC
1612709931.0,Ciudad de Mexico Capitanes,2052100047,2021-11-14,L,110,45,89,0.506,16,41,0.39,2,5,0.4,8,33,41,32,11,4,18,15,-2,2021-22,0,False,1612709890.0,AUS
1612709890.0,Austin Spurs,2052100047,2021-11-14,W,112,41,80,0.513,15,33,0.455,8,11,0.727,6,31,37,28,8,6,17,13,2,2021-22,1,True,1612709931.0,MXC
1612709917.0,Grand Rapids Gold,2052100048,2021-11-15,L,109,35,76,0.461,14,37,0.378,13,15,0.867,6,36,42,23,7,4,25,23,-15,2021-22,0,False,1612709911.0,IWA
1612709911.0,Iowa Wolves,2052100048,2021-11-15,W,124,43,88,0.489,11,26,0.423,18,22,0.818,10,32,42,23,13,3,15,26,15,2021-22,1,True,1612709917.0,GRG
1612709924.0,Agua Caliente Clippers,2052100049,2021-11-15,L,83,32,81,0.395,9,32,0.281,7,14,0.5,14,36,50,19,13,3,25,19,-19,2021-22,0,False,1612709914.0,STO
1612709914.0,Stockton Kings,2052100049,2021-11-15,W,102,39,87,0.448,14,35,0.4,6,10,0.6,10,32,42,19,15,5,17,21,19,2021-22,1,True,1612709924.0,ACC
1612709893.0,Cleveland Charge,2052100050,2021-11-16,L,96,38,91,0.418,12,39,0.308,5,9,0.556,8,34,42,20,5,4,19,15,-19,2021-22,0,False,1612709910.0,FWN
1612709910.0,Fort Wayne Mad Ants,2052100050,2021-11-16,W,115,50,104,0.481,11,37,0.297,3,7,0.429,18,48,66,30,12,2,18,23,19,2021-22,1,True,1612709893.0,CLC
1612709918.0,Texas Legends,2052100051,2021-11-16,L,100,36,101,0.356,11,30,0.367,9,10,0.9,15,38,53,15,18,8,14,18,-6,2021-22,0,False,1612709926.0,MHU
1612709926.0,Memphis Hustle,2052100051,2021-11-16,W,106,40,98,0.408,15,42,0.357,8,11,0.727,16,44,60,24,7,17,22,16,6,2021-22,1,True,1612709918.0,TEX
1612709893.0,Cleveland Charge,2052100052,2021-11-17,L,113,43,87,0.494,16,43,0.372,6,9,0.667,5,29,34,21,5,0,8,10,-12,2021-22,0,False,1612709910.0,FWN
1612709910.0,Fort Wayne Mad Ants,2052100052,2021-11-17,W,125,49,100,0.49,19,52,0.365,5,7,0.714,20,37,57,29,5,3,11,20,12,2021-22,1,True,1612709893.0,CLC
1612709921.0,Long Island Nets,2052100053,2021-11-17,L,98,37,100,0.37,12,55,0.218,7,10,0.7,16,34,50,18,14,3,12,19,-6,2021-22,0,False,1612709919.0,WES
1612709919.0,Westchester Knicks,2052100053,2021-11-17,W,104,40,86,0.465,10,34,0.294,8,13,0.615,9,37,46,23,8,7,18,17,6,2021-22,1,True,1612709921.0,LIN
1612709917.0,Grand Rapids Gold,2052100054,2021-11-17,W,121,42,87,0.483,12,33,0.364,16,16,1.0,11,33,44,24,12,3,17,26,11,2021-22,1,False,1612709911.0,IWA
1612709911.0,Iowa Wolves,2052100054,2021-11-17,L,110,39,86,0.453,16,44,0.364,10,13,0.769,9,28,37,20,5,5,20,24,-11,2021-22,0,True,1612709917.0,GRG
1612709932.0,Motor City Cruise,2052100055,2021-11-17,W,101,33,77,0.429,10,34,0.294,17,24,0.708,7,33,40,18,9,6,19,22,2,2021-22,1,False,1612709923.0,WCB
1612709923.0,Windy City Bulls,2052100055,2021-11-17,L,99,38,83,0.458,10,33,0.303,7,11,0.636,8,35,43,26,7,5,18,30,-2,2021-22,0,True,1612709932.0,MCC
1612709902.0,Santa Cruz Warriors,2052100056,2021-11-17,L,102,37,88,0.42,8,24,0.333,11,12,0.917,8,47,55,23,14,7,20,19,-2,2021-22,0,False,1612709903.0,SLC
1612709903.0,Salt Lake City Stars,2052100056,2021-11-17,W,104,40,90,0.444,17,39,0.436,5,9,0.556,6,33,39,21,9,10,19,21,2,2021-22,1,True,1612709902.0,SCW
1612709930.0,G League Ignite,2052100057,2021-11-17,W,115,44,82,0.537,13,24,0.542,10,14,0.714,7,42,49,30,7,15,19,19,12,2021-22,1,False,1612709905.0,SBL
1612709905.0,South Bay Lakers,2052100057,2021-11-17,L,103,39,96,0.406,6,27,0.222,10,16,0.625,13,28,41,20,14,2,11,18,-12,2021-22,0,True,1612709930.0,GLI
1612709928.0,Capital City Go-Go,2052100058,2021-11-18,L,79,32,82,0.39,7,30,0.233,6,10,0.6,11,40,51,18,13,4,21,23,-7,2021-22,0,False,1612709915.0,MNE
1612709915.0,Maine Celtics,2052100058,2021-11-18,W,86,28,79,0.354,13,41,0.317,10,15,0.667,8,37,45,20,12,7,22,18,7,2021-22,1,True,1612709928.0,CCG
1612709918.0,Texas Legends,2052100059,2021-11-18,W,115,43,82,0.524,16,29,0.552,8,11,0.727,4,34,38,29,7,4,17,26,16,2021-22,1,False,1612709926.0,MHU
1612709926.0,Memphis Hustle,2052100059,2021-11-18,L,99,38,89,0.427,9,34,0.265,8,16,0.5,16,26,42,17,8,6,18,17,-16,2021-22,0,True,1612709918.0,TEX
1612709932.0,Motor City Cruise,2052100060,2021-11-18,W,111,41,91,0.451,12,40,0.3,10,13,0.769,12,37,49,32,7,4,14,23,8,2021-22,1,False,1612709923.0,WCB
1612709923.0,Windy City Bulls,2052100060,2021-11-18,L,103,39,89,0.438,8,28,0.286,11,14,0.786,8,33,41,25,6,9,17,28,-8,2021-22,0,True,1612709932.0,MCC
1612709931.0,Ciudad de Mexico Capitanes,2052100061,2021-11-18,L,91,32,87,0.368,9,32,0.281,10,11,0.909,8,30,38,21,15,3,17,17,-8,2021-22,0,False,1612709890.0,AUS
1612709890.0,Austin Spurs,2052100061,2021-11-18,W,99,42,86,0.488,10,33,0.303,2,7,0.286,11,41,52,25,10,8,22,21,8,2021-22,1,True,1612709931.0,MXC
1612709889.0,Oklahoma City Blue,2052100062,2021-11-18,W,108,42,87,0.483,17,43,0.395,4,6,0.667,6,35,41,27,10,5,12,12,8,2021-22,1,False,1612709924.0,ACC
1612709924.0,Agua Caliente Clippers,2052100062,2021-11-18,L,100,38,84,0.452,15,35,0.429,6,9,0.667,10,33,43,23,8,7,18,11,-8,2021-22,0,True,1612709889.0,OKL
1612709909.0,Delaware Blue Coats,2052100063,2021-11-19,W,109,41,97,0.423,10,35,0.286,10,14,0.714,14,44,58,23,7,11,10,19,8,2021-22,1,False,1612709929.0,CPS
1612709929.0,College Park Skyhawks,2052100063,2021-11-19,L,101,37,91,0.407,11,32,0.344,10,15,0.667,9,39,48,22,5,5,12,16,-8,2021-22,0,True,1612709909.0,DEL
1612709925.0,Lakeland Magic,2052100064,2021-11-19,W,83,29,75,0.387,5,26,0.192,13,20,0.65,7,39,46,18,11,5,17,22,1,2021-22,1,False,1612709922.0,GBO
1612709922.0,Greensboro Swarm,2052100064,2021-11-19,L,82,29,82,0.354,7,35,0.2,10,15,0.667,11,37,48,15,10,6,18,20,-1,2021-22,0,True,1612709925.0,LAK
1612709920.0,Raptors 905,2052100065,2021-11-19,W,106,35,99,0.354,12,48,0.25,16,21,0.762,18,41,59,22,12,3,15,26,8,2021-22,1,False,1612709921.0,LIN
1612709921.0,Long Island Nets,2052100065,2021-11-19,L,98,35,87,0.402,10,44,0.227,12,16,0.75,9,39,48,22,8,10,17,25,-8,2021-22,0,True,1612709920.0,RAP
1612709928.0,Capital City Go-Go,2052100066,2021-11-19,L,91,34,89,0.382,8,27,0.296,9,11,0.818,16,25,41,19,7,3,14,16,-27,2021-22,0,False,1612709915.0,MNE
1612709915.0,Maine Celtics,2052100066,2021-11-19,W,118,44,80,0.55,17,39,0.436,7,8,0.875,9,36,45,33,9,7,15,21,27,2021-22,1,True,1612709928.0,CCG
1612709910.0,Fort Wayne Mad Ants,2052100067,2021-11-19,L,108,42,111,0.378,11,44,0.25,7,10,0.7,22,40,62,22,7,8,9,19,-3,2021-22,0,False,1612709927.0,WIS
1612709927.0,Wisconsin Herd,2052100067,2021-11-19,W,111,39,95,0.411,17,46,0.37,11,14,0.786,13,38,51,27,3,10,14,16,3,2021-22,1,True,1612709910.0,FWN
1612709902.0,Santa Cruz Warriors,2052100068,2021-11-19,W,116,42,88,0.477,9,31,0.29,18,22,0.818,10,44,54,28,6,5,15,23,5,2021-22,1,False,1612709903.0,SLC
1612709903.0,Salt Lake City Stars,2052100068,2021-11-19,L,111,43,102,0.422,13,43,0.302,8,16,0.5,14,38,52,13,10,9,11,22,-5,2021-22,0,True,1612709902.0,SCW
1612709925.0,Lakeland Magic,2052100069,2021-11-20,W,111,39,87,0.448,21,48,0.438,9,10,0.9,12,31,43,28,6,3,17,17,4,2021-22,1,False,1612709922.0,GBO
1612709922.0,Greensboro Swarm,2052100069,2021-11-20,L,107,37,87,0.425,15,49,0.306,12,14,0.857,13,25,38,21,10,3,15,16,-4,2021-22,0,True,1612709925.0,LAK
1612709920.0,Raptors 905,2052100070,2021-11-20,L,110,39,96,0.406,10,43,0.233,13,16,0.813,12,32,44,22,8,5,18,24,-4,2021-22,0,False,1612709921.0,LIN
1612709921.0,Long Island Nets,2052100070,2021-11-20,W,114,40,92,0.435,12,40,0.3,14,15,0.933,14,39,53,22,12,7,22,24,4,2021-22,1,True,1612709920.0,RAP
1612709889.0,Oklahoma City Blue,2052100071,2021-11-20,L,101,34,79,0.43,13,37,0.351,13,16,0.813,7,36,43,23,6,4,18,18,-3,2021-22,0,False,1612709905.0,SBL
1612709905.0,South Bay Lakers,2052100071,2021-11-20,W,104,40,89,0.449,10,34,0.294,7,13,0.538,11,34,45,22,12,7,15,21,3,2021-22,1,True,1612709889.0,OKL
1612709908.0,Rio Grande Valley Vipers,2052100072,2021-11-20,W,112,40,84,0.476,19,37,0.514,10,13,0.769,18,29,47,24,12,5,28,16,8,2021-22,1,False,1612709931.0,MXC
1612709931.0,Ciudad de Mexico Capitanes,2052100072,2021-11-20,L,104,39,81,0.481,16,33,0.485,6,8,0.75,6,26,32,22,15,5,23,19,-8,2021-22,0,True,1612709908.0,RGV
1612709909.0,Delaware Blue Coats,2052100073,2021-11-21,W,116,42,100,0.42,11,37,0.297,13,15,0.867,19,32,51,30,14,2,13,22,19,2021-22,1,False,1612709929.0,CPS
1612709929.0,College Park Skyhawks,2052100073,2021-11-21,L,97,40,85,0.471,3,17,0.176,8,14,0.571,13,37,50,16,8,7,23,17,-19,2021-22,0,True,1612709909.0,DEL
1612709917.0,Grand Rapids Gold,2052100074,2021-11-21,W,111,39,82,0.476,8,27,0.296,13,14,0.929,9,40,49,27,11,1,14,18,18,2021-22,1,False,1612709923.0,WCB
1612709923.0,Windy City Bulls,2052100074,2021-11-21,L,93,37,91,0.407,5,28,0.179,8,10,0.8,11,30,41,17,8,2,15,20,-18,2021-22,0,True,1612709917.0,GRG
1612709910.0,Fort Wayne Mad Ants,2052100075,2021-11-21,L,102,38,91,0.418,13,35,0.371,7,8,0.875,13,32,45,22,7,5,24,26,-12,2021-22,0,False,1612709927.0,WIS
1612709927.0,Wisconsin Herd,2052100075,2021-11-21,W,114,45,93,0.484,7,33,0.212,10,18,0.556,17,33,50,21,15,4,18,20,12,2021-22,1,True,1612709910.0,FWN
1612709889.0,Oklahoma City Blue,2052100076,2021-11-21,L,107,39,97,0.402,12,36,0.333,11,13,0.846,19,29,48,20,8,4,14,23,-12,2021-22,0,False,1612709905.0,SBL
1612709905.0,South Bay Lakers,2052100076,2021-11-21,W,119,45,87,0.517,11,31,0.355,10,14,0.714,11,36,47,27,6,9,11,17,12,2021-22,1,True,1612709889.0,OKL
1612709908.0,Rio Grande Valley Vipers,2052100077,2021-11-22,W,125,48,88,0.545,10,29,0.345,12,15,0.8,18,27,45,23,13,2,19,24,2,2021-22,1,False,1612709931.0,MXC
1612709931.0,Ciudad de Mexico Capitanes,2052100077,2021-11-22,L,123,43,80,0.538,17,35,0.486,13,17,0.765,9,19,28,26,12,2,16,19,-2,2021-22,0,True,1612709908.0,RGV
1612709932.0,Motor City Cruise,2052100078,2021-11-23,L,94,34,88,0.386,11,41,0.268,9,15,0.6,10,34,44,13,8,4,11,24,-2,2021-22,0,False,1612709917.0,GRG
1612709917.0,Grand Rapids Gold,2052100078,2021-11-23,W,96,36,80,0.45,7,21,0.333,11,15,0.733,6,38,44,19,5,3,18,24,2,2021-22,1,True,1612709932.0,MCC
1612709921.0,Long Island Nets,2052100079,2021-11-23,L,101,39,100,0.39,11,42,0.262,7,11,0.636,19,30,49,19,8,4,11,20,-7,2021-22,0,False,1612709919.0,WES
1612709919.0,Westchester Knicks,2052100079,2021-11-23,W,108,40,81,0.494,10,31,0.323,13,18,0.722,10,35,45,26,6,6,14,16,7,2021-22,1,True,1612709921.0,LIN
1612709914.0,Stockton Kings,2052100080,2021-11-23,W,122,47,111,0.423,14,45,0.311,10,16,0.625,20,30,50,23,13,7,11,17,3,2021-22,1,False,1612709903.0,SLC
1612709903.0,Salt Lake City Stars,2052100080,2021-11-23,L,119,48,94,0.511,11,31,0.355,9,12,0.75,14,38,52,27,4,7,18,17,-3,2021-22,0,True,1612709914.0,STO
1612709889.0,Oklahoma City Blue,2052100081,2021-11-23,W,123,41,76,0.539,11,29,0.379,16,19,0.842,6,43,49,22,7,5,19,20,12,2021-22,1,False,1612709924.0,ACC
1612709924.0,Agua Caliente Clippers,2052100081,2021-11-23,L,111,41,93,0.441,8,28,0.286,12,16,0.75,11,25,36,19,17,4,13,25,-12,2021-22,0,True,1612709889.0,OKL
1612709932.0,Motor City Cruise,2052100082,2021-11-24,W,122,45,85,0.529,13,31,0.419,10,11,0.909,13,35,48,25,6,4,16,15,19,2021-22,1,False,1612709917.0,GRG
1612709917.0,Grand Rapids Gold,2052100082,2021-11-24,L,103,41,85,0.482,11,29,0.379,5,7,0.714,5,22,27,22,10,5,13,23,-19,2021-22,0,True,1612709932.0,MCC
1612709890.0,Austin Spurs,2052100083,2021-11-24,L,99,30,85,0.353,8,29,0.276,21,27,0.778,13,27,40,17,9,9,26,26,-35,2021-22,0,False,1612709908.0,RGV
1612709908.0,Rio Grande Valley Vipers,2052100083,2021-11-24,W,134,50,96,0.521,16,37,0.432,11,18,0.611,17,36,53,32,19,5,21,30,35,2021-22,1,True,1612709890.0,AUS
1612709926.0,Memphis Hustle,2052100084,2021-11-26,W,103,36,86,0.419,13,41,0.317,11,13,0.846,7,39,46,22,7,4,13,16,9,2021-22,1,False,1612709890.0,AUS
1612709890.0,Austin Spurs,2052100084,2021-11-26,L,94,35,85,0.412,9,35,0.257,8,10,0.8,8,37,45,26,7,4,16,23,-9,2021-22,0,True,1612709926.0,MHU
1612709913.0,Birmingham Squadron,2052100085,2021-11-26,L,105,36,85,0.424,13,34,0.382,12,16,0.75,12,33,45,24,9,3,15,20,-7,2021-22,0,False,1612709908.0,RGV
1612709908.0,Rio Grande Valley Vipers,2052100085,2021-11-26,W,112,44,99,0.444,6,32,0.188,14,20,0.7,20,35,55,20,10,4,13,19,7,2021-22,1,True,1612709913.0,BIR
1612709922.0,Greensboro Swarm,2052100086,2021-11-26,W,115,42,89,0.472,12,34,0.353,13,15,0.867,11,34,45,25,9,3,15,26,5,2021-22,1,False,1612709918.0,TEX
1612709918.0,Texas Legends,2052100086,2021-11-26,L,110,37,84,0.44,7,28,0.25,14,16,0.875,11,34,45,29,8,1,13,22,-5,2021-22,0,True,1612709922.0,GBO
1612709914.0,Stockton Kings,2052100087,2021-11-26,W,102,37,95,0.389,8,34,0.235,11,14,0.786,17,47,64,21,11,11,16,21,18,2021-22,1,False,1612709903.0,SLC
1612709903.0,Salt Lake City Stars,2052100087,2021-11-26,L,84,30,93,0.323,11,39,0.282,8,15,0.533,11,36,47,16,10,6,16,17,-18,2021-22,0,True,1612709914.0,STO
1612709930.0,G League Ignite,2052100088,2021-11-26,L,110,40,81,0.494,6,24,0.25,12,17,0.706,9,39,48,19,12,7,30,28,-2,2021-22,0,False,1612709902.0,SCW
1612709902.0,Santa Cruz Warriors,2052100088,2021-11-26,W,112,39,89,0.438,12,39,0.308,14,20,0.7,9,26,35,24,21,5,23,26,2,2021-22,1,True,1612709930.0,GLI
1612709920.0,Raptors 905,2052100089,2021-11-27,L,94,34,78,0.436,11,34,0.324,9,14,0.643,8,39,47,25,6,4,33,23,-26,2021-22,0,False,1612709909.0,DEL
1612709909.0,Delaware Blue Coats,2052100089,2021-11-27,W,120,43,104,0.413,10,42,0.238,15,19,0.789,17,35,52,26,22,5,14,19,26,2021-22,1,True,1612709920.0,RAP
1612709911.0,Iowa Wolves,2052100090,2021-11-27,W,125,47,95,0.495,12,29,0.414,13,22,0.591,14,34,48,27,8,3,20,23,8,2021-22,1,False,1612709932.0,MCC
1612709932.0,Motor City Cruise,2052100090,2021-11-27,L,117,38,81,0.469,17,41,0.415,15,21,0.714,7,31,38,31,12,6,23,31,-8,2021-22,0,True,1612709911.0,IWA
1612709915.0,Maine Celtics,2052100091,2021-11-27,W,131,47,84,0.56,20,36,0.556,9,9,1.0,8,32,40,35,11,2,18,11,25,2021-22,1,False,1612709919.0,WES
1612709919.0,Westchester Knicks,2052100091,2021-11-27,L,106,42,84,0.5,15,37,0.405,5,6,0.833,8,26,34,28,10,2,20,17,-25,2021-22,0,True,1612709915.0,MNE
1612709926.0,Memphis Hustle,2052100092,2021-11-27,W,108,39,84,0.464,9,28,0.321,12,15,0.8,7,44,51,23,14,5,16,23,30,2021-22,1,False,1612709890.0,AUS
1612709890.0,Austin Spurs,2052100092,2021-11-27,L,78,28,89,0.315,6,37,0.162,8,12,0.667,12,32,44,17,7,7,20,24,-30,2021-22,0,True,1612709926.0,MHU
1612709893.0,Cleveland Charge,2052100093,2021-11-27,W,115,44,83,0.53,11,37,0.297,13,17,0.765,9,48,57,22,3,3,24,17,4,2021-22,1,False,1612709904.0,SXF
1612709904.0,Sioux Falls Skyforce,2052100093,2021-11-27,L,111,39,99,0.394,21,54,0.389,9,11,0.818,10,23,33,23,13,2,7,19,-4,2021-22,0,True,1612709893.0,CLC
1612709922.0,Greensboro Swarm,2052100094,2021-11-27,L,98,36,78,0.462,13,28,0.464,7,11,0.636,9,32,41,27,10,8,23,16,-6,2021-22,0,False,1612709918.0,TEX
1612709918.0,Texas Legends,2052100094,2021-11-27,W,104,39,88,0.443,14,40,0.35,8,8,1.0,8,30,38,26,9,2,16,22,6,2021-22,1,True,1612709922.0,GBO
1612709929.0,College Park Skyhawks,2052100095,2021-11-28,L,103,38,86,0.442,9,24,0.375,10,14,0.714,7,28,35,19,4,4,11,22,-10,2021-22,0,False,1612709928.0,CCG
1612709928.0,Capital City Go-Go,2052100095,2021-11-28,W,113,39,84,0.464,13,34,0.382,14,16,0.875,15,38,53,25,6,6,17,30,10,2021-22,1,True,1612709929.0,CPS
1612709920.0,Raptors 905,2052100096,2021-11-28,L,106,39,99,0.394,15,45,0.333,8,10,0.8,17,32,49,21,10,5,21,20,-8,2021-22,0,False,1612709909.0,DEL
1612709909.0,Delaware Blue Coats,2052100096,2021-11-28,W,114,41,91,0.451,11,35,0.314,12,15,0.8,13,32,45,27,16,9,18,20,8,2021-22,1,True,1612709920.0,RAP
1612709893.0,Cleveland Charge,2052100097,2021-11-28,W,113,38,94,0.404,12,40,0.3,16,19,0.842,12,45,57,22,5,9,15,13,3,2021-22,1,False,1612709904.0,SXF
1612709904.0,Sioux Falls Skyforce,2052100097,2021-11-28,L,110,45,109,0.413,14,43,0.326,5,9,0.556,16,36,52,26,8,4,9,23,-3,2021-22,0,True,1612709893.0,CLC
1612709930.0,G League Ignite,2052100098,2021-11-28,W,114,42,77,0.545,7,21,0.333,15,18,0.833,10,33,43,35,11,3,19,22,3,2021-22,1,False,1612709914.0,STO
1612709914.0,Stockton Kings,2052100098,2021-11-28,L,111,38,84,0.452,15,35,0.429,11,17,0.647,13,23,36,22,10,6,16,23,-3,2021-22,0,True,1612709930.0,GLI
1612709913.0,Birmingham Squadron,2052100100,2021-11-28,L,89,33,79,0.418,11,38,0.289,7,10,0.7,6,25,31,24,14,6,22,23,-12,2021-22,0,False,1612709908.0,RGV
1612709908.0,Rio Grande Valley Vipers,2052100100,2021-11-28,W,101,41,88,0.466,8,27,0.296,6,8,0.75,17,36,53,20,15,6,25,21,12,2021-22,1,True,1612709913.0,BIR
1612709903.0,Salt Lake City Stars,2052100099,2021-11-29,L,97,38,95,0.4,10,29,0.345,7,9,0.778,9,31,40,19,6,9,11,19,-33,2021-22,0,False,1612709924.0,ACC
1612709924.0,Agua Caliente Clippers,2052100099,2021-11-29,W,130,46,85,0.541,17,31,0.548,12,14,0.857,4,42,46,31,6,10,12,17,33,2021-22,1,True,1612709903.0,SLC
1612709911.0,Iowa Wolves,2052100101,2021-11-29,L,97,35,80,0.438,7,26,0.269,13,14,0.929,11,43,54,15,5,5,24,20,-8,2021-22,0,False,1612709932.0,MCC
1612709932.0,Motor City Cruise,2052100101,2021-11-29,W,105,40,93,0.43,13,39,0.333,7,14,0.5,6,32,38,28,14,5,9,20,8,2021-22,1,True,1612709911.0,IWA
1612709915.0,Maine Celtics,2052100102,2021-11-29,W,110,39,88,0.443,13,38,0.342,11,15,0.733,15,39,54,18,11,9,13,14,10,2021-22,1,False,1612709919.0,WES
1612709919.0,Westchester Knicks,2052100102,2021-11-29,L,100,33,91,0.363,18,51,0.353,11,11,1.0,14,30,44,21,7,4,15,21,-10,2021-22,0,True,1612709915.0,MNE
1612709923.0,Windy City Bulls,2052100103,2021-11-29,L,116,40,83,0.482,12,29,0.414,14,21,0.667,12,25,37,24,14,3,21,22,-8,2021-22,0,False,1612709927.0,WIS
1612709927.0,Wisconsin Herd,2052100103,2021-11-29,W,124,49,88,0.557,15,34,0.441,7,16,0.438,13,29,42,29,10,5,23,29,8,2021-22,1,True,1612709923.0,WCB
1612709930.0,G League Ignite,2052100105,2021-11-29,W,96,39,77,0.506,4,15,0.267,9,14,0.643,10,34,44,21,15,5,19,22,10,2021-22,1,False,1612709914.0,STO
1612709914.0,Stockton Kings,2052100105,2021-11-29,L,86,31,85,0.365,13,41,0.317,6,11,0.545,15,27,42,19,12,4,16,20,-10,2021-22,0,True,1612709930.0,GLI
1612709929.0,College Park Skyhawks,2052100106,2021-11-30,L,107,35,84,0.417,9,24,0.375,15,17,0.882,9,27,36,25,15,4,21,22,-6,2021-22,0,False,1612709928.0,CCG
1612709928.0,Capital City Go-Go,2052100106,2021-11-30,W,113,43,83,0.518,8,27,0.296,13,15,0.867,9,33,42,26,11,10,22,25,6,2021-22,1,True,1612709929.0,CPS
1612709903.0,Salt Lake City Stars,2052100104,2021-12-01,L,108,40,98,0.408,9,39,0.231,10,11,0.909,7,25,32,22,12,6,9,26,-8,2021-22,0,False,1612709924.0,ACC
1612709924.0,Agua Caliente Clippers,2052100104,2021-12-01,W,116,42,87,0.483,10,26,0.385,15,18,0.833,17,44,61,21,4,6,22,20,8,2021-22,1,True,1612709903.0,SLC
1612709923.0,Windy City Bulls,2052100107,2021-12-01,W,102,37,78,0.474,10,32,0.313,11,17,0.647,6,39,45,21,11,6,22,28,1,2021-22,1,False,1612709927.0,WIS
1612709927.0,Wisconsin Herd,2052100107,2021-12-01,L,101,36,92,0.391,9,33,0.273,11,20,0.55,17,38,55,27,10,3,20,18,-1,2021-22,0,True,1612709923.0,WCB
1612709929.0,College Park Skyhawks,2052100108,2021-12-02,L,102,38,93,0.409,9,34,0.265,10,16,0.625,12,30,42,23,5,8,13,20,-21,2021-22,0,False,1612709919.0,WES
1612709919.0,Westchester Knicks,2052100108,2021-12-02,W,123,46,93,0.495,18,44,0.409,7,10,0.7,10,37,47,31,9,3,14,23,21,2021-22,1,True,1612709929.0,CPS
1612709922.0,Greensboro Swarm,2052100109,2021-12-02,L,105,46,97,0.474,8,29,0.276,3,13,0.231,15,34,49,26,7,6,13,22,-3,2021-22,0,False,1612709890.0,AUS
1612709890.0,Austin Spurs,2052100109,2021-12-02,W,108,43,99,0.434,12,33,0.364,6,12,0.5,17,40,57,25,5,5,16,18,3,2021-22,1,True,1612709922.0,GBO
1612709927.0,Wisconsin Herd,2052100110,2021-12-03,W,131,44,98,0.449,20,48,0.417,15,22,0.682,14,27,41,27,14,4,10,21,4,2021-22,1,False,1612709917.0,GRG
1612709917.0,Grand Rapids Gold,2052100110,2021-12-03,L,127,46,88,0.523,16,38,0.421,11,16,0.688,13,37,50,28,5,2,23,27,-4,2021-22,0,True,1612709927.0,WIS
1612709929.0,College Park Skyhawks,2052100111,2021-12-03,L,116,40,82,0.488,10,27,0.37,14,16,0.875,11,27,38,21,11,2,16,19,-5,2021-22,0,False,1612709919.0,WES
1612709919.0,Westchester Knicks,2052100111,2021-12-03,W,121,46,88,0.523,17,42,0.405,8,10,0.8,12,27,39,29,7,3,18,25,5,2021-22,1,True,1612709929.0,CPS
1612709925.0,Lakeland Magic,2052100112,2021-12-03,W,118,45,101,0.446,15,45,0.333,8,8,1.0,14,47,61,27,6,5,14,22,21,2021-22,1,False,1612709926.0,MHU
1612709926.0,Memphis Hustle,2052100112,2021-12-03,L,97,33,90,0.367,12,43,0.279,10,16,0.625,11,33,44,19,9,6,12,14,-21,2021-22,0,True,1612709925.0,LAK
1612709910.0,Fort Wayne Mad Ants,2052100113,2021-12-03,W,125,46,85,0.541,21,46,0.457,8,10,0.8,8,31,39,33,9,3,16,19,13,2021-22,1,False,1612709904.0,SXF
1612709904.0,Sioux Falls Skyforce,2052100113,2021-12-03,L,112,42,86,0.488,16,34,0.471,6,9,0.667,10,26,36,23,12,4,16,17,-13,2021-22,0,True,1612709910.0,FWN
1612709922.0,Greensboro Swarm,2052100114,2021-12-03,W,105,39,78,0.5,11,24,0.458,11,18,0.611,8,29,37,27,12,5,15,23,9,2021-22,1,False,1612709890.0,AUS
1612709890.0,Austin Spurs,2052100114,2021-12-03,L,96,34,80,0.425,7,29,0.241,14,20,0.7,14,27,41,22,7,6,20,21,-9,2021-22,0,True,1612709922.0,GBO
1612709905.0,South Bay Lakers,2052100115,2021-12-03,W,131,49,93,0.527,13,30,0.433,14,18,0.778,12,43,55,28,10,5,13,19,21,2021-22,1,False,1612709902.0,SCW
1612709902.0,Santa Cruz Warriors,2052100115,2021-12-03,L,110,40,98,0.408,14,47,0.298,10,13,0.769,15,33,48,33,8,6,15,21,-21,2021-22,0,True,1612709905.0,SBL
1612709889.0,Oklahoma City Blue,2052100116,2021-12-03,W,115,39,78,0.5,17,34,0.5,11,15,0.733,10,42,52,27,5,5,21,16,15,2021-22,1,False,1612709930.0,GLI
1612709930.0,G League Ignite,2052100116,2021-12-03,L,100,37,94,0.394,12,33,0.364,8,10,0.8,13,26,39,22,11,8,11,22,-15,2021-22,0,True,1612709889.0,OKL
1612709928.0,Capital City Go-Go,2052100117,2021-12-04,W,128,50,88,0.568,14,30,0.467,9,16,0.563,10,36,46,29,12,8,18,26,19,2021-22,1,False,1612709920.0,RAP
1612709920.0,Raptors 905,2052100117,2021-12-04,L,109,41,89,0.461,7,32,0.219,11,22,0.5,19,30,49,21,12,3,21,22,-19,2021-22,0,True,1612709928.0,CCG
1612709921.0,Long Island Nets,2052100118,2021-12-04,L,110,43,83,0.518,13,33,0.394,8,10,0.8,8,39,47,31,7,3,23,16,-15,2021-22,0,False,1612709909.0,DEL
1612709909.0,Delaware Blue Coats,2052100118,2021-12-04,W,125,46,98,0.469,19,44,0.432,8,12,0.667,9,31,40,28,15,4,10,11,15,2021-22,1,True,1612709921.0,LIN
1612709927.0,Wisconsin Herd,2052100119,2021-12-04,L,107,35,84,0.417,11,36,0.306,15,21,0.714,15,30,45,19,13,6,21,29,-4,2021-22,0,False,1612709917.0,GRG
1612709917.0,Grand Rapids Gold,2052100119,2021-12-04,W,111,38,96,0.396,12,38,0.316,15,19,0.789,21,31,52,20,11,7,17,23,4,2021-22,1,True,1612709927.0,WIS
1612709910.0,Fort Wayne Mad Ants,2052100120,2021-12-04,W,107,39,93,0.419,16,51,0.314,7,11,0.636,10,39,49,29,10,4,9,12,11,2021-22,1,False,1612709904.0,SXF
1612709904.0,Sioux Falls Skyforce,2052100120,2021-12-04,L,96,38,89,0.427,12,36,0.333,4,4,1.0,10,42,52,23,5,3,15,17,-11,2021-22,0,True,1612709910.0,FWN
1612709905.0,South Bay Lakers,2052100121,2021-12-04,W,107,41,90,0.456,6,33,0.182,13,16,0.813,11,34,45,20,12,5,18,16,4,2021-22,1,False,1612709902.0,SCW
1612709902.0,Santa Cruz Warriors,2052100121,2021-12-04,L,103,37,85,0.435,17,44,0.386,9,11,0.818,8,33,41,23,11,6,18,22,-4,2021-22,0,True,1612709905.0,SBL
1612709925.0,Lakeland Magic,2052100122,2021-12-05,W,119,41,87,0.471,14,28,0.5,11,15,0.733,8,43,51,29,4,3,19,31,19,2021-22,1,False,1612709926.0,MHU
1612709926.0,Memphis Hustle,2052100122,2021-12-05,L,100,34,91,0.374,7,37,0.189,15,21,0.714,9,34,43,20,10,8,13,23,-19,2021-22,0,True,1612709925.0,LAK
1612709931.0,Ciudad de Mexico Capitanes,2052100123,2021-12-05,W,123,46,89,0.517,10,29,0.345,14,16,0.875,11,34,45,22,9,6,13,17,9,2021-22,1,False,1612709913.0,BIR
1612709913.0,Birmingham Squadron,2052100123,2021-12-05,L,114,42,87,0.483,15,42,0.357,11,13,0.846,7,32,39,22,9,2,14,18,-9,2021-22,0,True,1612709931.0,MXC
1612709889.0,Oklahoma City Blue,2052100124,2021-12-05,L,89,32,66,0.485,8,33,0.242,9,12,0.75,4,36,40,24,8,3,23,25,-10,2021-22,0,False,1612709930.0,GLI
1612709930.0,G League Ignite,2052100124,2021-12-05,W,99,36,82,0.439,6,26,0.231,13,19,0.684,7,33,40,21,10,4,12,21,10,2021-22,1,True,1612709889.0,OKL
1612709928.0,Capital City Go-Go,2052100125,2021-12-06,L,113,39,75,0.52,16,32,0.5,10,13,0.769,6,31,37,30,4,3,21,19,-7,2021-22,0,False,1612709920.0,RAP
1612709920.0,Raptors 905,2052100125,2021-12-06,W,120,43,87,0.494,11,38,0.289,14,15,0.933,7,26,33,31,16,3,10,19,7,2021-22,1,True,1612709928.0,CCG
1612709911.0,Iowa Wolves,2052100126,2021-12-06,L,104,36,90,0.4,7,33,0.212,14,21,0.667,18,36,54,19,11,2,12,24,-2,2021-22,0,False,1612709893.0,CLC
1612709893.0,Cleveland Charge,2052100126,2021-12-06,W,106,34,84,0.405,13,41,0.317,16,22,0.727,13,39,52,19,6,5,15,24,2,2021-22,1,True,1612709911.0,IWA
1612709905.0,South Bay Lakers,2052100127,2021-12-06,W,121,42,93,0.452,16,40,0.4,13,24,0.542,11,32,43,29,17,9,15,18,7,2021-22,1,False,1612709903.0,SLC
1612709903.0,Salt Lake City Stars,2052100127,2021-12-06,L,114,41,93,0.441,14,37,0.378,10,11,0.909,13,40,53,21,10,7,21,27,-7,2021-22,0,True,1612709905.0,SBL
1612709904.0,Sioux Falls Skyforce,2052100128,2021-12-07,L,99,36,90,0.4,9,33,0.273,11,15,0.733,15,34,49,16,10,5,16,23,-7,2021-22,0,False,1612709932.0,MCC
1612709932.0,Motor City Cruise,2052100128,2021-12-07,W,106,36,80,0.45,13,43,0.302,14,19,0.737,9,36,45,26,6,3,16,20,7,2021-22,1,True,1612709904.0,SXF
1612709911.0,Iowa Wolves,2052100129,2021-12-07,L,118,45,84,0.536,9,30,0.3,10,13,0.769,8,38,46,29,7,6,18,20,-13,2021-22,0,False,1612709893.0,CLC
1612709893.0,Cleveland Charge,2052100129,2021-12-07,W,131,50,99,0.505,21,48,0.438,7,15,0.467,14,28,42,29,8,1,12,19,13,2021-22,1,True,1612709911.0,IWA
1612709931.0,Ciudad de Mexico Capitanes,2052100130,2021-12-07,L,107,39,90,0.433,10,32,0.313,13,17,0.765,14,38,52,25,9,3,17,16,-2,2021-22,0,False,1612709913.0,BIR
1612709913.0,Birmingham Squadron,2052100130,2021-12-07,W,109,43,100,0.43,11,42,0.262,7,8,0.875,13,34,47,24,10,11,12,22,2,2021-22,1,True,1612709931.0,MXC
1612709908.0,Rio Grande Valley Vipers,2052100131,2021-12-07,L,92,34,101,0.337,15,51,0.294,6,10,0.6,19,33,52,17,11,8,24,20,-24,2021-22,0,False,1612709926.0,MHU
1612709926.0,Memphis Hustle,2052100131,2021-12-07,W,116,43,89,0.483,14,34,0.412,10,11,0.909,13,40,53,24,13,14,21,17,24,2021-22,1,True,1612709908.0,RGV
1612709904.0,Sioux Falls Skyforce,2052100132,2021-12-08,L,98,34,97,0.351,14,33,0.424,10,14,0.714,8,29,37,22,8,2,7,25,-5,2021-22,0,False,1612709932.0,MCC
1612709932.0,Motor City Cruise,2052100132,2021-12-08,W,103,33,69,0.478,11,31,0.355,16,23,0.696,5,53,58,21,5,7,20,24,5,2021-22,1,True,1612709904.0,SXF
1612709905.0,South Bay Lakers,2052100133,2021-12-08,W,139,47,85,0.553,15,29,0.517,19,24,0.792,8,37,45,27,9,10,21,21,19,2021-22,1,False,1612709903.0,SLC
1612709903.0,Salt Lake City Stars,2052100133,2021-12-08,L,120,43,102,0.422,15,43,0.349,11,12,0.917,13,27,40,21,13,4,14,30,-19,2021-22,0,True,1612709905.0,SBL
1612709902.0,Santa Cruz Warriors,2052100134,2021-12-08,W,122,43,93,0.462,18,42,0.429,11,15,0.733,13,25,38,27,16,3,11,20,1,2021-22,1,False,1612709924.0,ACC
1612709924.0,Agua Caliente Clippers,2052100134,2021-12-08,L,121,46,95,0.484,9,35,0.257,16,16,1.0,17,38,55,25,4,5,21,23,-1,2021-22,0,True,1612709902.0,SCW
1612709909.0,Delaware Blue Coats,2052100135,2021-12-09,W,114,41,95,0.432,8,35,0.229,15,20,0.75,13,30,43,24,12,4,17,16,9,2021-22,1,False,1612709928.0,CCG
1612709928.0,Capital City Go-Go,2052100135,2021-12-09,L,105,42,92,0.457,11,34,0.324,6,10,0.6,14,38,52,27,11,6,22,25,-9,2021-22,0,True,1612709909.0,DEL
1612709929.0,College Park Skyhawks,2052100136,2021-12-09,W,117,39,80,0.488,9,22,0.409,17,30,0.567,14,39,53,21,7,12,13,26,19,2021-22,1,False,1612709921.0,LIN
1612709921.0,Long Island Nets,2052100136,2021-12-09,L,98,31,95,0.326,12,37,0.324,13,18,0.722,15,33,48,19,7,3,12,33,-19,2021-22,0,True,1612709929.0,CPS
1612709915.0,Maine Celtics,2052100137,2021-12-09,W,129,44,86,0.512,17,43,0.395,13,16,0.813,9,45,54,29,10,9,19,17,26,2021-22,1,False,1612709920.0,RAP
1612709920.0,Raptors 905,2052100137,2021-12-09,L,103,39,108,0.361,11,39,0.282,10,13,0.769,13,31,44,17,14,4,15,21,-26,2021-22,0,True,1612709915.0,MNE
1612709925.0,Lakeland Magic,2052100138,2021-12-09,L,84,33,91,0.363,9,35,0.257,7,7,1.0,9,27,36,17,5,3,10,20,-31,2021-22,0,False,1612709913.0,BIR
1612709913.0,Birmingham Squadron,2052100138,2021-12-09,W,115,40,82,0.488,14,40,0.35,11,13,0.846,9,45,54,23,3,5,13,17,31,2021-22,1,True,1612709925.0,LAK
1612709908.0,Rio Grande Valley Vipers,2052100139,2021-12-09,L,117,46,96,0.479,12,40,0.3,8,9,0.889,17,28,45,24,8,8,17,22,-4,2021-22,0,False,1612709926.0,MHU
1612709926.0,Memphis Hustle,2052100139,2021-12-09,W,121,46,95,0.484,13,32,0.406,10,12,0.833,15,29,44,26,11,8,15,15,4,2021-22,1,True,1612709908.0,RGV
1612709890.0,Austin Spurs,2052100140,2021-12-09,W,125,53,91,0.582,13,34,0.382,3,7,0.429,13,46,59,38,1,6,16,17,27,2021-22,1,False,1612709918.0,TEX
1612709918.0,Texas Legends,2052100140,2021-12-09,L,98,40,97,0.412,7,38,0.184,6,8,0.75,8,25,33,29,8,2,7,16,-27,2021-22,0,True,1612709890.0,AUS
1612709902.0,Santa Cruz Warriors,2052100141,2021-12-09,L,91,32,91,0.352,11,40,0.275,9,12,0.75,12,31,43,24,4,5,16,17,-24,2021-22,0,False,1612709924.0,ACC
1612709924.0,Agua Caliente Clippers,2052100141,2021-12-09,W,115,46,103,0.447,11,41,0.268,8,8,1.0,20,44,64,26,10,12,15,21,24,2021-22,1,True,1612709902.0,SCW
1612709922.0,Greensboro Swarm,2052100142,2021-12-10,W,101,33,73,0.452,10,32,0.313,18,22,0.818,10,30,40,20,12,4,20,23,5,2021-22,1,False,1612709931.0,MXC
1612709931.0,Ciudad de Mexico Capitanes,2052100142,2021-12-10,L,96,34,83,0.41,9,34,0.265,12,16,0.75,17,27,44,21,11,2,21,21,-5,2021-22,0,True,1612709922.0,GBO
1612709911.0,Iowa Wolves,2052100143,2021-12-10,L,103,37,90,0.411,7,31,0.226,13,15,0.867,14,40,54,21,9,2,17,25,-2,2021-22,0,False,1612709910.0,FWN
1612709910.0,Fort Wayne Mad Ants,2052100143,2021-12-10,W,105,38,85,0.447,14,40,0.35,11,19,0.579,8,37,45,23,12,5,18,21,2,2021-22,1,True,1612709911.0,IWA
1612709905.0,South Bay Lakers,2052100144,2021-12-10,W,112,38,88,0.432,12,42,0.286,15,19,0.789,13,39,52,26,8,3,16,24,10,2021-22,1,False,1612709914.0,STO
1612709914.0,Stockton Kings,2052100144,2021-12-10,L,102,42,98,0.429,6,27,0.222,8,14,0.571,18,35,53,20,7,4,17,24,-10,2021-22,0,True,1612709905.0,SBL
1612709915.0,Maine Celtics,2052100145,2021-12-11,W,134,45,81,0.556,24,48,0.5,11,12,0.917,9,31,40,36,12,5,21,24,28,2021-22,1,False,1612709920.0,RAP
1612709920.0,Raptors 905,2052100145,2021-12-11,L,106,35,87,0.402,12,44,0.273,13,18,0.722,20,22,42,22,13,2,22,18,-28,2021-22,0,True,1612709915.0,MNE
1612709909.0,Delaware Blue Coats,2052100146,2021-12-11,W,107,36,89,0.404,11,38,0.289,13,18,0.722,16,40,56,28,16,6,21,16,14,2021-22,1,False,1612709928.0,CCG
1612709928.0,Capital City Go-Go,2052100146,2021-12-11,L,93,38,97,0.392,9,32,0.281,5,5,1.0,12,34,46,31,12,10,20,29,-14,2021-22,0,True,1612709909.0,DEL
1612709922.0,Greensboro Swarm,2052100147,2021-12-11,L,99,35,77,0.455,6,28,0.214,14,16,0.875,5,28,33,21,11,2,16,24,-9,2021-22,0,False,1612709931.0,MXC
1612709931.0,Ciudad de Mexico Capitanes,2052100147,2021-12-11,W,108,40,80,0.5,11,28,0.393,12,19,0.632,13,34,47,24,8,4,22,20,9,2021-22,1,True,1612709922.0,GBO
1612709911.0,Iowa Wolves,2052100148,2021-12-11,W,110,37,79,0.468,9,26,0.346,16,22,0.727,12,37,49,19,4,1,13,20,5,2021-22,1,False,1612709910.0,FWN
1612709910.0,Fort Wayne Mad Ants,2052100148,2021-12-11,L,105,38,101,0.376,13,46,0.283,9,11,0.818,22,32,54,24,6,4,13,27,-5,2021-22,0,True,1612709911.0,IWA
1612709929.0,College Park Skyhawks,2052100149,2021-12-11,L,110,41,94,0.436,11,26,0.423,9,15,0.6,12,33,45,21,8,7,12,23,-7,2021-22,0,False,1612709921.0,LIN
1612709921.0,Long Island Nets,2052100149,2021-12-11,W,117,42,91,0.462,15,41,0.366,13,17,0.765,11,39,50,24,7,8,17,28,7,2021-22,1,True,1612709929.0,CPS
1612709925.0,Lakeland Magic,2052100150,2021-12-11,L,88,28,94,0.298,8,38,0.211,14,17,0.824,15,40,55,14,10,3,12,23,-9,2021-22,0,False,1612709913.0,BIR
1612709913.0,Birmingham Squadron,2052100150,2021-12-11,W,97,32,80,0.4,11,26,0.423,14,18,0.778,7,45,52,21,8,5,17,22,9,2021-22,1,True,1612709925.0,LAK
1612709890.0,Austin Spurs,2052100152,2021-12-11,W,116,45,84,0.536,9,27,0.333,10,15,0.667,12,39,51,32,5,10,15,19,11,2021-22,1,False,1612709918.0,TEX
1612709918.0,Texas Legends,2052100152,2021-12-11,L,105,39,96,0.406,10,30,0.333,10,13,0.769,14,24,38,26,8,4,10,26,-11,2021-22,0,True,1612709890.0,AUS
1612709905.0,South Bay Lakers,2052100153,2021-12-11,L,109,40,82,0.488,10,29,0.345,12,14,0.857,8,36,44,26,8,7,17,26,-4,2021-22,0,False,1612709914.0,STO
1612709914.0,Stockton Kings,2052100153,2021-12-11,W,113,41,98,0.418,10,26,0.385,12,20,0.6,24,30,54,22,10,6,12,20,4,2021-22,1,True,1612709905.0,SBL
1612709893.0,Cleveland Charge,2052100154,2021-12-12,L,107,35,98,0.357,17,51,0.333,11,13,0.846,15,34,49,26,9,5,16,23,-3,2021-22,0,False,1612709927.0,WIS
1612709927.0,Wisconsin Herd,2052100154,2021-12-12,W,110,44,98,0.449,8,28,0.286,8,15,0.533,17,38,55,18,5,6,18,17,3,2021-22,1,True,1612709893.0,CLC
1612709919.0,Westchester Knicks,2052100155,2021-12-12,L,109,38,82,0.463,12,31,0.387,11,14,0.786,8,36,44,22,4,1,13,14,-11,2021-22,0,False,1612709909.0,DEL
1612709909.0,Delaware Blue Coats,2052100155,2021-12-12,W,120,46,94,0.489,16,43,0.372,6,11,0.545,13,37,50,33,8,0,9,20,11,2021-22,1,True,1612709919.0,WES
1612709926.0,Memphis Hustle,2052100157,2021-12-13,L,97,39,89,0.438,9,32,0.281,5,8,0.625,11,29,40,23,10,1,20,15,-22,2021-22,0,False,1612709913.0,BIR
1612709913.0,Birmingham Squadron,2052100157,2021-12-13,W,119,48,98,0.49,14,37,0.378,5,6,0.833,18,36,54,27,13,8,17,20,22,2021-22,1,True,1612709926.0,MHU
1612709927.0,Wisconsin Herd,2052100158,2021-12-13,L,102,42,95,0.442,6,39,0.154,6,13,0.462,17,26,43,19,9,0,14,26,-11,2021-22,0,False,1612709911.0,IWA
1612709911.0,Iowa Wolves,2052100158,2021-12-13,W,113,38,80,0.475,12,36,0.333,17,20,0.85,12,39,51,25,8,3,21,22,11,2021-22,1,True,1612709927.0,WIS
1612709918.0,Texas Legends,2052100159,2021-12-13,W,129,46,85,0.541,10,21,0.476,18,21,0.857,10,31,41,27,13,4,22,23,7,2021-22,1,False,1612709908.0,RGV
1612709908.0,Rio Grande Valley Vipers,2052100159,2021-12-13,L,122,40,101,0.396,14,42,0.333,16,19,0.842,22,26,48,18,14,5,21,24,-7,2021-22,0,True,1612709918.0,TEX
1612709903.0,Salt Lake City Stars,2052100160,2021-12-13,W,95,31,83,0.373,14,41,0.341,11,16,0.688,8,28,36,17,20,2,16,25,3,2021-22,1,False,1612709930.0,GLI
1612709930.0,G League Ignite,2052100160,2021-12-13,L,92,31,76,0.408,7,28,0.25,15,18,0.833,17,40,57,15,10,7,31,24,-3,2021-22,0,True,1612709903.0,SLC
1612709920.0,Raptors 905,2052100161,2021-12-14,L,108,41,84,0.488,8,26,0.308,13,18,0.722,9,36,45,19,9,8,15,18,-10,2021-22,0,False,1612709929.0,CPS
1612709929.0,College Park Skyhawks,2052100161,2021-12-14,W,118,46,92,0.5,14,34,0.412,7,10,0.7,9,37,46,31,8,7,10,18,10,2021-22,1,True,1612709920.0,RAP
1612709910.0,Fort Wayne Mad Ants,2052100162,2021-12-14,W,139,56,101,0.554,12,35,0.343,9,13,0.692,15,32,47,26,12,8,13,22,17,2021-22,1,False,1612709917.0,GRG
1612709917.0,Grand Rapids Gold,2052100162,2021-12-14,L,122,46,99,0.465,13,37,0.351,11,16,0.688,20,26,46,34,6,1,21,16,-17,2021-22,0,True,1612709910.0,FWN
1612709890.0,Austin Spurs,2052100163,2021-12-14,W,109,41,82,0.5,9,27,0.333,11,13,0.846,5,42,47,29,3,0,13,19,13,2021-22,1,False,1612709925.0,LAK
1612709925.0,Lakeland Magic,2052100163,2021-12-14,L,96,38,91,0.418,10,37,0.27,5,8,0.625,10,33,43,22,4,2,13,19,-13,2021-22,0,True,1612709890.0,AUS
1612709926.0,Memphis Hustle,2052100164,2021-12-14,L,109,44,96,0.458,10,31,0.323,7,9,0.778,13,35,48,25,12,4,18,18,-4,2021-22,0,False,1612709913.0,BIR
1612709913.0,Birmingham Squadron,2052100164,2021-12-14,W,113,37,86,0.43,18,46,0.391,13,17,0.765,12,35,47,26,12,7,18,19,4,2021-22,1,True,1612709926.0,MHU
1612709924.0,Agua Caliente Clippers,2052100165,2021-12-14,L,121,48,96,0.5,12,32,0.375,7,10,0.7,15,31,46,25,9,3,12,24,-3,2021-22,0,False,1612709905.0,SBL
1612709905.0,South Bay Lakers,2052100165,2021-12-14,W,124,41,84,0.488,15,36,0.417,16,18,0.889,13,29,42,24,9,5,15,19,3,2021-22,1,True,1612709924.0,ACC
1612709914.0,Stockton Kings,2052100166,2021-12-15,L,101,34,90,0.378,12,35,0.343,12,16,0.75,10,31,41,22,10,5,19,28,-20,2021-22,0,False,1612709889.0,OKL
1612709889.0,Oklahoma City Blue,2052100166,2021-12-15,W,121,44,97,0.454,7,30,0.233,15,21,0.714,18,46,64,27,9,9,19,24,20,2021-22,1,True,1612709914.0,STO
1612709910.0,Fort Wayne Mad Ants,2052100167,2021-12-15,W,131,46,103,0.447,19,55,0.345,13,17,0.765,11,36,47,29,13,3,10,19,4,2021-22,1,False,1612709917.0,GRG
1612709917.0,Grand Rapids Gold,2052100167,2021-12-15,L,127,48,91,0.527,9,33,0.273,13,15,0.867,8,39,47,28,6,4,17,20,-4,2021-22,0,True,1612709910.0,FWN
1612709918.0,Texas Legends,2052100169,2021-12-15,L,90,34,83,0.41,6,28,0.214,9,16,0.563,12,27,39,19,9,7,22,23,-38,2021-22,0,False,1612709908.0,RGV
1612709908.0,Rio Grande Valley Vipers,2052100169,2021-12-15,W,128,50,98,0.51,12,38,0.316,10,14,0.714,16,36,52,33,15,6,15,22,38,2021-22,1,True,1612709918.0,TEX
1612709903.0,Salt Lake City Stars,2052100170,2021-12-15,L,111,44,86,0.512,18,37,0.486,3,7,0.429,9,29,38,33,6,7,17,11,-3,2021-22,0,False,1612709930.0,GLI
1612709930.0,G League Ignite,2052100170,2021-12-15,W,114,46,91,0.505,12,29,0.414,7,9,0.778,11,30,41,32,8,4,13,18,3,2021-22,1,True,1612709903.0,SLC
1612709927.0,Wisconsin Herd,2052100168,2021-12-16,W,131,51,96,0.531,13,33,0.394,11,17,0.647,16,33,49,34,13,3,21,17,14,2021-22,1,False,1612709911.0,IWA
1612709911.0,Iowa Wolves,2052100168,2021-12-16,L,117,47,92,0.511,13,38,0.342,7,12,0.583,11,27,38,31,12,3,23,20,-14,2021-22,0,True,1612709927.0,WIS
1612709920.0,Raptors 905,2052100171,2021-12-16,L,104,36,84,0.429,10,31,0.323,13,19,0.684,14,27,41,14,4,10,18,20,-16,2021-22,0,False,1612709929.0,CPS
1612709929.0,College Park Skyhawks,2052100171,2021-12-16,W,120,45,81,0.556,12,27,0.444,10,15,0.667,5,33,38,26,9,6,15,22,16,2021-22,1,True,1612709920.0,RAP
1612709890.0,Austin Spurs,2052100172,2021-12-16,W,112,46,91,0.505,13,28,0.464,5,7,0.714,13,40,53,23,6,4,13,23,11,2021-22,1,False,1612709925.0,LAK
1612709925.0,Lakeland Magic,2052100172,2021-12-16,L,101,35,81,0.432,10,29,0.345,12,19,0.632,5,28,33,22,8,8,10,17,-11,2021-22,0,True,1612709890.0,AUS
1612709921.0,Long Island Nets,2052100173,2021-12-16,W,97,39,103,0.379,12,36,0.333,4,11,0.364,23,33,56,19,9,4,11,16,2,2021-22,1,False,1612709915.0,MNE
1612709915.0,Maine Celtics,2052100173,2021-12-16,L,95,36,85,0.424,15,46,0.326,5,8,0.625,7,39,46,22,5,8,18,17,-2,2021-22,0,True,1612709921.0,LIN
1612709924.0,Agua Caliente Clippers,2052100174,2021-12-16,W,123,51,95,0.537,11,29,0.379,6,10,0.6,14,35,49,33,6,8,13,16,17,2021-22,1,False,1612709905.0,SBL
1612709905.0,South Bay Lakers,2052100174,2021-12-16,L,106,41,85,0.482,11,27,0.407,8,10,0.8,6,25,31,30,7,8,12,21,-17,2021-22,0,True,1612709924.0,ACC
1612709932.0,Motor City Cruise,2052100175,2021-12-17,W,138,51,95,0.537,15,34,0.441,13,17,0.765,11,44,55,36,6,5,12,22,32,2021-22,1,False,1612709893.0,CLC
1612709893.0,Cleveland Charge,2052100175,2021-12-17,L,106,38,92,0.413,15,36,0.417,8,14,0.571,11,33,44,25,8,9,12,20,-32,2021-22,0,True,1612709932.0,MCC
1612709919.0,Westchester Knicks,2052100176,2021-12-17,L,91,37,89,0.416,10,36,0.278,5,8,0.625,14,36,50,27,6,5,15,12,-2,2021-22,0,False,1612709909.0,DEL
1612709909.0,Delaware Blue Coats,2052100176,2021-12-17,W,93,39,100,0.39,12,36,0.333,2,3,0.667,23,30,53,24,11,5,15,17,2,2021-22,1,True,1612709919.0,WES
1612709921.0,Long Island Nets,2052100177,2021-12-17,L,99,37,90,0.411,14,42,0.333,7,7,1.0,12,35,47,23,8,2,17,25,-12,2021-22,0,False,1612709915.0,MNE
1612709915.0,Maine Celtics,2052100177,2021-12-17,W,111,37,80,0.463,15,37,0.405,14,19,0.737,9,35,44,23,6,9,13,12,12,2021-22,1,True,1612709921.0,LIN
1612709914.0,Stockton Kings,2052100178,2021-12-17,L,92,37,91,0.407,9,34,0.265,5,9,0.556,7,25,32,23,11,5,15,15,-29,2021-22,0,False,1612709889.0,OKL
1612709889.0,Oklahoma City Blue,2052100178,2021-12-17,W,121,45,88,0.511,13,34,0.382,9,11,0.818,12,44,56,30,10,4,19,19,29,2021-22,1,True,1612709914.0,STO
1612709930.0,G League Ignite,2052100180,2021-12-17,W,104,40,95,0.421,10,32,0.313,10,12,0.833,16,32,48,18,9,2,8,24,5,2021-22,1,False,1612709902.0,SCW
1612709902.0,Santa Cruz Warriors,2052100180,2021-12-17,L,99,37,77,0.481,8,31,0.258,9,16,0.563,11,37,48,25,6,4,14,17,-5,2021-22,0,True,1612709930.0,GLI
1612709927.0,Wisconsin Herd,2052100181,2021-12-19,L,112,41,95,0.432,14,45,0.311,9,11,0.818,10,33,43,23,11,5,18,22,-7,2021-22,0,False,1612709905.0,SBL
1612709905.0,South Bay Lakers,2052100181,2021-12-19,W,119,44,85,0.518,17,35,0.486,8,14,0.571,8,41,49,29,7,5,22,23,7,2021-22,1,True,1612709927.0,WIS
1612709910.0,Fort Wayne Mad Ants,2052100182,2021-12-19,L,101,40,99,0.404,7,41,0.171,8,10,0.8,10,33,43,16,12,3,17,17,-25,2021-22,0,False,1612709909.0,DEL
1612709909.0,Delaware Blue Coats,2052100182,2021-12-19,W,126,51,105,0.486,15,41,0.366,5,8,0.625,18,44,62,35,13,9,19,16,25,2021-22,1,True,1612709910.0,FWN
1612709889.0,Oklahoma City Blue,2052100183,2021-12-19,W,119,48,94,0.511,6,33,0.182,13,23,0.565,15,46,61,31,7,3,16,25,6,2021-22,1,False,1612709908.0,RGV
1612709908.0,Rio Grande Valley Vipers,2052100183,2021-12-19,L,113,41,110,0.373,16,59,0.271,10,15,0.667,17,38,55,22,9,5,10,28,-6,2021-22,0,True,1612709889.0,OKL
1612709928.0,Capital City Go-Go,2052100184,2021-12-19,L,115,48,96,0.5,11,33,0.333,5,9,0.556,17,30,47,28,8,4,20,23,-11,2021-22,0,False,1612709913.0,BIR
1612709913.0,Birmingham Squadron,2052100184,2021-12-19,W,126,43,78,0.551,19,43,0.442,13,16,0.813,4,24,28,30,12,0,15,13,11,2021-22,1,True,1612709928.0,CCG
1612709930.0,G League Ignite,2052100185,2021-12-19,W,123,46,84,0.548,6,24,0.25,14,18,0.778,13,34,47,30,8,5,23,25,17,2021-22,1,False,1612709917.0,GRG
1612709917.0,Grand Rapids Gold,2052100185,2021-12-19,L,106,40,84,0.476,6,28,0.214,11,13,0.846,9,26,35,16,11,1,22,30,-17,2021-22,0,True,1612709930.0,GLI
1612709932.0,Motor City Cruise,2052100186,2021-12-19,W,116,38,81,0.469,17,36,0.472,13,15,0.867,7,38,45,25,8,3,21,22,13,2021-22,1,False,1612709915.0,MNE
1612709915.0,Maine Celtics,2052100186,2021-12-19,L,103,38,90,0.422,9,28,0.321,13,15,0.867,7,27,34,15,9,5,13,25,-13,2021-22,0,True,1612709932.0,MCC
1612709929.0,College Park Skyhawks,2052100187,2021-12-20,W,134,48,97,0.495,6,22,0.273,21,30,0.7,19,41,60,25,8,3,19,27,4,2021-22,1,False,1612709926.0,MHU
1612709926.0,Memphis Hustle,2052100187,2021-12-20,L,130,47,99,0.475,12,36,0.333,15,17,0.882,8,31,39,30,11,3,15,30,-4,2021-22,0,True,1612709929.0,CPS
1612709919.0,Westchester Knicks,2052100188,2021-12-20,L,106,40,95,0.421,10,25,0.4,11,14,0.786,13,32,45,23,10,5,14,17,-4,2021-22,0,False,1612709918.0,TEX
1612709918.0,Texas Legends,2052100188,2021-12-20,W,110,39,85,0.459,7,24,0.292,12,14,0.857,8,35,43,21,11,8,17,19,4,2021-22,1,True,1612709919.0,WES
1612709921.0,Long Island Nets,2052100189,2021-12-20,L,77,32,85,0.376,8,39,0.205,3,12,0.25,12,36,48,22,9,6,16,19,-4,2021-22,0,False,1612709902.0,SCW
1612709902.0,Santa Cruz Warriors,2052100189,2021-12-20,W,81,31,81,0.383,6,28,0.214,10,16,0.625,12,40,52,17,8,7,20,20,4,2021-22,1,True,1612709921.0,LIN
1612709911.0,Iowa Wolves,2052100190,2021-12-20,L,89,31,80,0.388,11,37,0.297,10,14,0.714,9,31,40,23,10,7,19,21,-17,2021-22,0,False,1612709928.0,CCG
1612709928.0,Capital City Go-Go,2052100190,2021-12-20,W,106,38,88,0.432,14,27,0.519,8,14,0.571,16,36,52,26,13,4,18,24,17,2021-22,1,True,1612709911.0,IWA
1612709917.0,Grand Rapids Gold,2052100191,2021-12-20,L,85,32,86,0.372,8,41,0.195,7,10,0.7,9,40,49,17,5,2,18,25,-34,2021-22,0,False,1612709913.0,BIR
1612709913.0,Birmingham Squadron,2052100191,2021-12-20,W,119,43,91,0.473,19,51,0.373,7,11,0.636,7,38,45,28,7,3,11,21,34,2021-22,1,True,1612709917.0,GRG
1612709924.0,Agua Caliente Clippers,2052100192,2021-12-20,W,113,49,81,0.605,9,24,0.375,3,6,0.5,5,36,41,30,12,10,21,21,23,2021-22,1,False,1612709931.0,MXC
1612709931.0,Ciudad de Mexico Capitanes,2052100192,2021-12-20,L,90,34,86,0.395,11,31,0.355,7,12,0.583,11,25,36,23,11,3,20,15,-23,2021-22,0,True,1612709924.0,ACC
1612709890.0,Austin Spurs,2052100193,2021-12-20,W,118,44,88,0.5,15,40,0.375,9,10,0.9,11,40,51,30,12,5,20,19,29,2021-22,1,False,1612709930.0,GLI
1612709930.0,G League Ignite,2052100193,2021-12-20,L,89,36,87,0.414,5,26,0.192,6,12,0.5,13,27,40,18,13,6,19,18,-29,2021-22,0,True,1612709890.0,AUS
1612709926.0,Memphis Hustle,2052100194,2021-12-20,L,118,40,94,0.426,20,50,0.4,10,10,1.0,10,23,33,27,12,1,12,11,-4,2021-22,0,False,1612709922.0,GBO
1612709922.0,Greensboro Swarm,2052100194,2021-12-20,W,122,44,79,0.557,22,41,0.537,9,11,0.818,9,38,47,39,7,6,26,23,4,2021-22,1,True,1612709926.0,MHU
1612709932.0,Motor City Cruise,2052100196,2021-12-21,L,97,37,88,0.42,9,35,0.257,7,11,0.636,15,35,50,22,8,6,16,22,-2,2021-22,0,False,1612709889.0,OKL
1612709889.0,Oklahoma City Blue,2052100196,2021-12-21,W,99,36,83,0.434,11,28,0.393,9,16,0.563,9,30,39,21,10,4,13,18,2,2021-22,1,True,1612709932.0,MCC
1612709908.0,Rio Grande Valley Vipers,2052100197,2021-12-21,W,105,39,93,0.419,12,37,0.324,11,15,0.733,15,39,54,26,8,3,13,22,7,2021-22,1,False,1612709915.0,MNE
1612709915.0,Maine Celtics,2052100197,2021-12-21,L,98,36,96,0.375,12,41,0.293,9,12,0.75,14,40,54,18,7,6,14,23,-7,2021-22,0,True,1612709908.0,RGV
1612709905.0,South Bay Lakers,2052100198,2021-12-21,L,108,40,92,0.435,6,28,0.214,12,15,0.8,10,37,47,25,10,3,12,20,-14,2021-22,0,False,1612709909.0,DEL
1612709909.0,Delaware Blue Coats,2052100198,2021-12-21,W,122,46,90,0.511,12,38,0.316,12,20,0.6,9,41,50,27,8,7,14,21,14,2021-22,1,True,1612709905.0,SBL
1612709910.0,Fort Wayne Mad Ants,2052100199,2021-12-21,W,155,60,109,0.55,20,45,0.444,10,18,0.556,20,36,56,34,12,2,8,24,52,2021-22,1,False,1612709927.0,WIS
1612709927.0,Wisconsin Herd,2052100199,2021-12-21,L,103,38,83,0.458,10,33,0.303,11,18,0.611,10,26,36,18,4,5,21,22,-52,2021-22,0,True,1612709910.0,FWN
1612709902.0,Santa Cruz Warriors,2052100200,2021-12-21,W,96,32,93,0.344,8,44,0.182,16,22,0.727,15,42,57,18,13,4,14,16,13,2021-22,1,False,1612709925.0,LAK
1612709925.0,Lakeland Magic,2052100200,2021-12-21,L,83,26,81,0.321,13,44,0.295,10,11,0.909,8,47,55,16,9,4,22,27,-13,2021-22,0,True,1612709902.0,SCW
1612709903.0,Salt Lake City Stars,2052100201,2021-12-21,W,123,45,89,0.506,18,45,0.4,8,9,0.889,10,40,50,22,8,2,14,26,26,2021-22,1,False,1612709893.0,CLC
1612709893.0,Cleveland Charge,2052100201,2021-12-21,L,97,32,84,0.381,10,37,0.27,13,15,0.867,10,30,40,16,2,3,14,18,-26,2021-22,0,True,1612709903.0,SLC
1612709914.0,Stockton Kings,2052100202,2021-12-22,L,87,35,88,0.398,9,39,0.231,5,7,0.714,10,34,44,25,7,10,13,22,-4,2021-22,0,False,1612709904.0,SXF
1612709904.0,Sioux Falls Skyforce,2052100202,2021-12-22,W,91,30,93,0.323,9,40,0.225,13,15,0.867,17,40,57,15,9,4,17,18,4,2021-22,1,True,1612709914.0,STO
1612709919.0,Westchester Knicks,2052100203,2021-12-22,W,113,43,98,0.439,10,31,0.323,10,10,1.0,21,34,55,25,12,3,17,15,10,2021-22,1,False,1612709931.0,MXC
1612709931.0,Ciudad de Mexico Capitanes,2052100203,2021-12-22,L,103,41,93,0.441,13,34,0.382,4,4,1.0,10,28,38,26,9,14,17,15,-10,2021-22,0,True,1612709919.0,WES
1612709922.0,Greensboro Swarm,2052100205,2021-12-22,L,101,35,77,0.455,13,33,0.394,9,15,0.6,4,35,39,27,4,6,14,17,-12,2021-22,0,False,1612709911.0,IWA
1612709911.0,Iowa Wolves,2052100205,2021-12-22,W,113,42,93,0.452,10,31,0.323,13,14,0.929,14,38,52,23,9,4,13,22,12,2021-22,1,True,1612709922.0,GBO
1612709889.0,Oklahoma City Blue,2052100206,2021-12-22,L,98,33,93,0.355,14,49,0.286,10,12,0.833,17,33,50,21,11,5,20,23,-6,2021-22,0,False,1612709909.0,DEL
1612709909.0,Delaware Blue Coats,2052100206,2021-12-22,W,104,33,78,0.423,15,40,0.375,16,18,0.889,7,37,44,23,13,5,25,21,6,2021-22,1,True,1612709889.0,OKL
1612709924.0,Agua Caliente Clippers,2052100207,2021-12-22,W,102,36,90,0.4,5,22,0.227,15,17,0.882,12,39,51,14,7,8,7,16,7,2021-22,1,False,1612709921.0,LIN
1612709921.0,Long Island Nets,2052100207,2021-12-22,L,95,37,87,0.425,17,49,0.347,3,8,0.375,8,36,44,24,3,2,17,20,-7,2021-22,0,True,1612709924.0,ACC
1612709925.0,Lakeland Magic,2052100208,2021-12-22,L,104,37,78,0.474,14,29,0.483,10,13,0.769,2,36,38,26,3,8,14,16,-20,2021-22,0,False,1612709903.0,SLC
1612709903.0,Salt Lake City Stars,2052100208,2021-12-22,W,124,46,103,0.447,18,46,0.391,9,11,0.818,14,37,51,32,7,10,6,21,20,2021-22,1,True,1612709925.0,LAK
1612709893.0,Cleveland Charge,2052100209,2021-12-22,L,104,35,83,0.422,11,33,0.333,12,18,0.667,21,37,58,19,3,2,19,17,-4,2021-22,0,False,1612709914.0,STO
1612709914.0,Stockton Kings,2052100209,2021-12-22,W,108,42,94,0.447,7,30,0.233,12,13,0.923,13,27,40,22,12,5,7,23,4,2021-22,1,True,1612709893.0,CLC
1612709904.0,Sioux Falls Skyforce,2052100210,2021-12-22,L,99,34,91,0.374,12,38,0.316,10,14,0.714,14,32,46,18,10,4,15,24,-13,2021-22,0,False,1612709890.0,AUS
1612709890.0,Austin Spurs,2052100210,2021-12-22,W,112,44,83,0.53,7,22,0.318,10,17,0.588,7,40,47,29,8,11,16,20,13,2021-22,1,True,1612709904.0,SXF
1612709918.0,Texas Legends,2052100211,2021-12-22,L,89,34,88,0.386,12,42,0.286,6,9,0.667,11,23,34,25,8,8,22,23,-52,2021-22,0,False,1612709929.0,CPS
1612709929.0,College Park Skyhawks,2052100211,2021-12-22,W,141,50,99,0.505,19,33,0.576,12,12,1.0,22,39,61,32,14,3,16,18,52,2021-22,1,True,1612709918.0,TEX
1612709932.0,Motor City Cruise,2052200001,2022-11-04,L,111,37,84,0.44,13,39,0.333,13,15,0.867,6,37,43,26,6,5,15,33,-2,2022-23,0,False,1612709893.0,CLC
1612709893.0,Cleveland Charge,2052200001,2022-11-04,W,113,38,90,0.422,12,38,0.316,16,24,0.667,15,33,48,22,7,1,17,27,2,2022-23,1,True,1612709932.0,MCC
1612709921.0,Long Island Nets,2052200002,2022-11-04,L,93,37,87,0.425,6,32,0.188,8,13,0.615,7,32,39,19,8,11,21,22,-41,2022-23,0,False,1612709929.0,CPS
1612709929.0,College Park Skyhawks,2052200002,2022-11-04,W,134,52,105,0.495,11,32,0.344,13,17,0.765,17,42,59,26,12,4,12,19,41,2022-23,1,True,1612709921.0,LIN
1612709909.0,Delaware Blue Coats,2052200003,2022-11-04,L,108,38,85,0.447,11,30,0.367,11,13,0.846,8,33,41,23,8,6,17,23,-20,2022-23,0,False,1612709922.0,GBO
1612709922.0,Greensboro Swarm,2052200003,2022-11-04,W,128,44,87,0.506,15,33,0.455,13,16,0.813,8,36,44,32,11,3,12,18,20,2022-23,1,True,1612709909.0,DEL
1612709919.0,Westchester Knicks,2052200004,2022-11-04,L,111,48,108,0.444,7,35,0.2,6,9,0.667,17,30,47,26,9,9,10,16,-8,2022-23,0,False,1612709915.0,MNE
1612709915.0,Maine Celtics,2052200004,2022-11-04,W,119,44,95,0.463,20,47,0.426,7,10,0.7,21,41,62,34,5,7,20,18,8,2022-23,1,True,1612709919.0,WES
1612709925.0,Lakeland Magic,2052200005,2022-11-04,L,105,40,90,0.444,14,46,0.304,7,12,0.583,13,29,42,28,9,2,21,22,-18,2022-23,0,False,1612709926.0,MHU
1612709926.0,Memphis Hustle,2052200005,2022-11-04,W,123,47,94,0.5,16,41,0.39,9,10,0.9,13,34,47,37,11,5,17,17,18,2022-23,1,True,1612709925.0,LAK
1612709923.0,Windy City Bulls,2052200006,2022-11-04,W,115,41,86,0.477,11,34,0.324,12,19,0.632,11,35,46,19,8,8,18,21,5,2022-23,1,False,1612709927.0,WIS
1612709927.0,Wisconsin Herd,2052200006,2022-11-04,L,110,40,94,0.426,14,39,0.359,11,12,0.917,13,34,47,22,5,10,19,24,-5,2022-23,0,True,1612709923.0,WCB
1612709918.0,Texas Legends,2052200007,2022-11-04,W,120,43,88,0.489,10,30,0.333,15,17,0.882,11,23,34,20,8,9,13,19,7,2022-23,1,False,1612709890.0,AUS
1612709890.0,Austin Spurs,2052200007,2022-11-04,L,113,48,99,0.485,5,25,0.2,6,9,0.667,17,29,46,19,7,6,17,23,-7,2022-23,0,True,1612709918.0,TEX
1612709889.0,Oklahoma City Blue,2052200008,2022-11-04,W,134,42,77,0.545,12,35,0.343,22,27,0.815,10,33,43,30,8,4,20,28,9,2022-23,1,False,1612709930.0,GLI
1612709930.0,G League Ignite,2052200008,2022-11-04,L,125,44,85,0.518,9,26,0.346,16,24,0.667,11,23,34,27,8,3,15,35,-9,2022-23,0,True,1612709889.0,OKL
1612709924.0,Agua Caliente Clippers,2052200009,2022-11-04,L,128,47,99,0.475,12,40,0.3,12,15,0.8,9,26,35,22,8,4,7,21,-1,2022-23,0,False,1612709902.0,SCW
1612709902.0,Santa Cruz Warriors,2052200009,2022-11-04,W,129,46,96,0.479,14,33,0.424,16,17,0.941,15,40,55,29,0,3,20,21,1,2022-23,1,True,1612709924.0,ACC
1612709920.0,Raptors 905,2052200010,2022-11-05,W,110,36,86,0.419,4,23,0.174,22,26,0.846,4,35,39,15,15,5,15,23,3,2022-23,1,False,1612709928.0,CCG
1612709928.0,Capital City Go-Go,2052200010,2022-11-05,L,107,40,85,0.471,11,32,0.344,9,14,0.643,7,44,51,28,7,7,24,35,-3,2022-23,0,True,1612709920.0,RAP
1612709909.0,Delaware Blue Coats,2052200011,2022-11-05,W,112,42,93,0.452,8,22,0.364,12,16,0.75,16,35,51,23,11,6,13,19,8,2022-23,1,False,1612709922.0,GBO
1612709922.0,Greensboro Swarm,2052200011,2022-11-05,L,104,40,82,0.488,15,40,0.375,6,13,0.462,6,31,37,29,6,10,23,21,-8,2022-23,0,True,1612709909.0,DEL
1612709917.0,Grand Rapids Gold,2052200012,2022-11-05,L,129,51,99,0.515,12,32,0.375,10,12,0.833,11,36,47,33,10,5,21,22,-23,2022-23,0,False,1612709910.0,FWN
1612709910.0,Fort Wayne Mad Ants,2052200012,2022-11-05,W,152,57,97,0.588,17,36,0.472,11,15,0.733,8,38,46,39,15,3,16,15,23,2022-23,1,True,1612709917.0,GRG
1612709918.0,Texas Legends,2052200013,2022-11-05,L,122,42,83,0.506,15,35,0.429,15,19,0.789,7,32,39,17,9,7,18,26,-5,2022-23,0,False,1612709890.0,AUS
1612709890.0,Austin Spurs,2052200013,2022-11-05,W,127,47,97,0.485,13,29,0.448,13,18,0.722,16,35,51,28,11,6,13,22,5,2022-23,1,True,1612709918.0,TEX
1612709904.0,Sioux Falls Skyforce,2052200014,2022-11-05,L,105,42,102,0.412,9,36,0.25,9,16,0.563,24,30,54,22,6,2,12,20,-18,2022-23,0,False,1612709911.0,IWA
1612709911.0,Iowa Wolves,2052200014,2022-11-05,W,123,46,90,0.511,15,41,0.366,9,11,0.818,13,35,48,26,6,4,13,22,18,2022-23,1,True,1612709904.0,SXF
1612709927.0,Wisconsin Herd,2052200015,2022-11-05,W,112,42,92,0.457,14,42,0.333,9,13,0.692,14,40,54,24,4,6,16,18,10,2022-23,1,False,1612709923.0,WCB
1612709923.0,Windy City Bulls,2052200015,2022-11-05,L,102,38,90,0.422,12,35,0.343,9,13,0.692,8,34,42,24,10,5,13,26,-10,2022-23,0,True,1612709927.0,WIS
1612709914.0,Stockton Kings,2052200016,2022-11-05,L,122,46,82,0.561,11,26,0.423,11,14,0.786,8,29,37,30,14,13,22,25,-5,2022-23,0,False,1612709905.0,SBL
1612709905.0,South Bay Lakers,2052200016,2022-11-05,W,127,47,89,0.528,14,29,0.483,15,19,0.789,11,21,32,24,12,9,19,18,5,2022-23,1,True,1612709914.0,STO
1612709924.0,Agua Caliente Clippers,2052200017,2022-11-05,W,116,48,96,0.5,8,36,0.222,8,18,0.444,13,29,42,31,15,9,9,19,6,2022-23,1,False,1612709902.0,SCW
1612709902.0,Santa Cruz Warriors,2052200017,2022-11-05,L,110,43,92,0.467,9,28,0.321,10,15,0.667,17,42,59,22,6,3,23,25,-6,2022-23,0,True,1612709924.0,ACC
1612709919.0,Westchester Knicks,2052200018,2022-11-06,L,114,43,89,0.483,10,35,0.286,10,17,0.588,11,24,35,23,11,1,17,20,-7,2022-23,0,False,1612709915.0,MNE
1612709915.0,Maine Celtics,2052200018,2022-11-06,W,121,45,84,0.536,12,39,0.308,15,19,0.789,14,37,51,32,7,5,26,28,7,2022-23,1,True,1612709919.0,WES
1612709921.0,Long Island Nets,2052200019,2022-11-06,L,119,47,97,0.485,13,35,0.371,7,13,0.538,10,39,49,17,7,9,15,31,-10,2022-23,0,False,1612709929.0,CPS
1612709929.0,College Park Skyhawks,2052200019,2022-11-06,W,129,46,96,0.479,11,27,0.407,17,27,0.63,10,42,52,19,6,10,13,24,10,2022-23,1,True,1612709921.0,LIN
1612709920.0,Raptors 905,2052200020,2022-11-06,L,107,39,96,0.406,9,36,0.25,11,12,0.917,10,24,34,15,7,5,9,26,-18,2022-23,0,False,1612709928.0,CCG
1612709928.0,Capital City Go-Go,2052200020,2022-11-06,W,125,45,84,0.536,7,22,0.318,17,21,0.81,8,46,54,21,5,7,18,22,18,2022-23,1,True,1612709920.0,RAP
1612709904.0,Sioux Falls Skyforce,2052200021,2022-11-06,L,99,38,86,0.442,8,33,0.242,11,13,0.846,11,30,41,27,8,5,17,24,-21,2022-23,0,False,1612709911.0,IWA
1612709911.0,Iowa Wolves,2052200021,2022-11-06,W,120,44,85,0.518,12,31,0.387,12,15,0.8,12,29,41,22,8,3,15,21,21,2022-23,1,True,1612709904.0,SXF
1612709917.0,Grand Rapids Gold,2052200022,2022-11-06,L,123,45,91,0.495,16,36,0.444,10,12,0.833,11,41,52,33,8,7,21,24,-7,2022-23,0,False,1612709910.0,FWN
1612709910.0,Fort Wayne Mad Ants,2052200022,2022-11-06,W,130,41,92,0.446,16,36,0.444,21,24,0.875,12,32,44,27,11,4,15,20,7,2022-23,1,True,1612709917.0,GRG
1612709925.0,Lakeland Magic,2052200023,2022-11-06,W,130,49,85,0.576,13,26,0.5,13,21,0.619,16,33,49,29,8,4,15,23,8,2022-23,1,False,1612709913.0,BIR
1612709913.0,Birmingham Squadron,2052200023,2022-11-06,L,122,46,87,0.529,14,41,0.341,10,15,0.667,11,26,37,28,8,4,14,26,-8,2022-23,0,True,1612709925.0,LAK
1612709908.0,Rio Grande Valley Vipers,2052200024,2022-11-06,L,84,30,102,0.294,9,47,0.191,10,16,0.625,19,21,40,19,11,6,17,40,-36,2022-23,0,False,1612709931.0,MXC
1612709931.0,Ciudad de Mexico Capitanes,2052200024,2022-11-06,W,120,31,64,0.484,12,30,0.4,25,29,0.862,10,43,53,17,7,8,25,28,36,2022-23,1,True,1612709908.0,RGV
1612709903.0,Salt Lake City Stars,2052200025,2022-11-06,W,120,39,73,0.534,10,24,0.417,18,25,0.72,12,39,51,23,9,5,27,19,1,2022-23,1,False,1612709930.0,GLI
1612709930.0,G League Ignite,2052200025,2022-11-06,L,119,47,108,0.435,13,35,0.371,7,12,0.583,21,26,47,28,15,4,14,31,-1,2022-23,0,True,1612709903.0,SLC
1612709923.0,Windy City Bulls,2052200026,2022-11-07,W,125,49,92,0.533,11,34,0.324,9,12,0.75,8,41,49,19,10,3,17,25,16,2022-23,1,False,1612709932.0,MCC
1612709932.0,Motor City Cruise,2052200026,2022-11-07,L,109,40,95,0.421,12,44,0.273,12,17,0.706,10,32,42,27,12,3,18,19,-16,2022-23,0,True,1612709923.0,WCB
1612709926.0,Memphis Hustle,2052200027,2022-11-07,W,111,39,79,0.494,13,37,0.351,13,22,0.591,5,40,45,23,12,2,19,25,10,2022-23,1,False,1612709931.0,MXC
1612709931.0,Ciudad de Mexico Capitanes,2052200027,2022-11-07,L,101,34,88,0.386,14,44,0.318,10,11,0.909,9,35,44,15,8,5,18,28,-10,2022-23,0,True,1612709926.0,MHU
1612709930.0,G League Ignite,2052200028,2022-11-07,L,103,37,85,0.435,3,24,0.125,15,17,0.882,4,37,41,20,6,8,14,16,-11,2022-23,0,False,1612709905.0,SBL
1612709905.0,South Bay Lakers,2052200028,2022-11-07,W,114,47,95,0.495,9,40,0.225,6,12,0.5,7,42,49,24,7,4,16,28,11,2022-23,1,True,1612709930.0,GLI
1612709902.0,Santa Cruz Warriors,2052200029,2022-11-09,L,102,38,99,0.384,14,40,0.35,7,10,0.7,16,37,53,24,4,4,27,24,-22,2022-23,0,False,1612709889.0,OKL
1612709889.0,Oklahoma City Blue,2052200029,2022-11-09,W,124,45,91,0.495,13,43,0.302,12,17,0.706,9,39,48,30,15,7,16,16,22,2022-23,1,True,1612709902.0,SCW
1612709893.0,Cleveland Charge,2052200030,2022-11-09,W,112,41,92,0.446,18,47,0.383,7,7,1.0,14,35,49,26,10,7,22,19,9,2022-23,1,False,1612709927.0,WIS
1612709927.0,Wisconsin Herd,2052200030,2022-11-09,L,103,37,90,0.411,13,40,0.325,12,13,0.923,11,32,43,20,7,4,20,17,-9,2022-23,0,True,1612709893.0,CLC
1612709928.0,Capital City Go-Go,2052200031,2022-11-10,W,120,43,84,0.512,12,31,0.387,15,16,0.938,11,35,46,24,9,7,20,20,4,2022-23,1,False,1612709909.0,DEL
1612709909.0,Delaware Blue Coats,2052200031,2022-11-10,L,116,45,96,0.469,10,41,0.244,9,15,0.6,12,26,38,27,9,7,13,17,-4,2022-23,0,True,1612709928.0,CCG
1612709932.0,Motor City Cruise,2052200032,2022-11-10,W,106,36,86,0.419,7,30,0.233,16,20,0.8,18,43,61,16,6,5,22,17,10,2022-23,1,False,1612709917.0,GRG
1612709917.0,Grand Rapids Gold,2052200032,2022-11-10,L,96,36,87,0.414,7,33,0.212,10,12,0.833,6,31,37,21,12,5,16,30,-10,2022-23,0,True,1612709932.0,MCC
1612709893.0,Cleveland Charge,2052200033,2022-11-10,W,96,33,82,0.402,11,30,0.367,11,15,0.733,10,40,50,20,7,5,15,25,3,2022-23,1,False,1612709927.0,WIS
1612709927.0,Wisconsin Herd,2052200033,2022-11-10,L,93,36,88,0.409,9,34,0.265,8,14,0.571,16,32,48,24,7,7,15,21,-3,2022-23,0,True,1612709893.0,CLC
1612709919.0,Westchester Knicks,2052200034,2022-11-10,L,115,49,93,0.527,13,36,0.361,3,11,0.273,14,33,47,31,8,6,21,19,-7,2022-23,0,False,1612709920.0,RAP
1612709920.0,Raptors 905,2052200034,2022-11-10,W,122,50,100,0.5,6,24,0.25,12,13,0.923,13,34,47,30,17,5,14,17,7,2022-23,1,True,1612709919.0,WES
1612709910.0,Fort Wayne Mad Ants,2052200035,2022-11-10,L,117,43,89,0.483,11,35,0.314,13,18,0.722,7,31,38,25,11,3,20,21,-10,2022-23,0,False,1612709904.0,SXF
1612709904.0,Sioux Falls Skyforce,2052200035,2022-11-10,W,127,50,89,0.562,16,30,0.533,7,12,0.583,5,32,37,28,15,5,19,24,10,2022-23,1,True,1612709910.0,FWN
1612709902.0,Santa Cruz Warriors,2052200036,2022-11-10,W,115,46,96,0.479,12,37,0.324,6,12,0.5,15,37,52,26,9,0,17,20,8,2022-23,1,False,1612709889.0,OKL
1612709889.0,Oklahoma City Blue,2052200036,2022-11-10,L,107,39,82,0.476,15,41,0.366,10,15,0.667,7,33,40,30,6,6,18,19,-8,2022-23,0,True,1612709902.0,SCW
1612709926.0,Memphis Hustle,2052200037,2022-11-10,L,93,34,86,0.395,10,33,0.303,9,13,0.692,11,26,37,17,11,4,17,11,-15,2022-23,0,False,1612709931.0,MXC
1612709931.0,Ciudad de Mexico Capitanes,2052200037,2022-11-10,W,108,39,77,0.506,13,39,0.333,9,9,1.0,9,40,49,25,12,7,23,20,15,2022-23,1,True,1612709926.0,MHU
1612709924.0,Agua Caliente Clippers,2052200038,2022-11-10,W,130,49,95,0.516,9,31,0.29,14,15,0.933,9,43,52,35,10,5,17,23,17,2022-23,1,False,1612709905.0,SBL
1612709905.0,South Bay Lakers,2052200038,2022-11-10,L,113,41,98,0.418,11,33,0.333,11,17,0.647,11,33,44,24,11,7,16,25,-17,2022-23,0,True,1612709924.0,ACC
1612709903.0,Salt Lake City Stars,2052200039,2022-11-10,W,122,41,91,0.451,9,37,0.243,17,22,0.773,14,34,48,21,8,4,13,27,14,2022-23,1,False,1612709914.0,STO
1612709914.0,Stockton Kings,2052200039,2022-11-10,L,108,40,82,0.488,10,25,0.4,11,18,0.611,9,35,44,22,8,6,17,30,-14,2022-23,0,True,1612709903.0,SLC
1612709929.0,College Park Skyhawks,2052200040,2022-11-11,L,117,46,87,0.529,10,25,0.4,9,14,0.643,7,27,34,33,8,5,14,23,-1,2022-23,0,False,1612709922.0,GBO
1612709922.0,Greensboro Swarm,2052200040,2022-11-11,W,118,41,78,0.526,9,22,0.409,16,22,0.727,9,36,45,22,9,3,20,25,1,2022-23,1,True,1612709929.0,CPS
1612709890.0,Austin Spurs,2052200041,2022-11-11,L,107,41,91,0.451,7,23,0.304,11,22,0.5,14,34,48,23,13,7,21,19,-10,2022-23,0,False,1612709925.0,LAK
1612709925.0,Lakeland Magic,2052200041,2022-11-11,W,117,47,87,0.54,8,19,0.421,9,16,0.563,10,40,50,34,12,6,21,28,10,2022-23,1,True,1612709890.0,AUS
1612709919.0,Westchester Knicks,2052200042,2022-11-11,L,109,43,94,0.457,11,40,0.275,10,11,0.909,15,37,52,26,9,5,24,23,-1,2022-23,0,False,1612709920.0,RAP
1612709920.0,Raptors 905,2052200042,2022-11-11,W,110,39,81,0.481,10,31,0.323,15,22,0.682,8,28,36,24,13,12,16,12,1,2022-23,1,True,1612709919.0,WES
1612709913.0,Birmingham Squadron,2052200043,2022-11-11,L,104,38,87,0.437,12,32,0.375,9,11,0.818,20,31,51,24,8,6,21,16,-8,2022-23,0,False,1612709908.0,RGV
1612709908.0,Rio Grande Valley Vipers,2052200043,2022-11-11,W,112,42,96,0.438,19,48,0.396,7,11,0.636,22,27,49,24,11,8,17,18,8,2022-23,1,True,1612709913.0,BIR
1612709903.0,Salt Lake City Stars,2052200044,2022-11-11,L,95,32,73,0.438,7,22,0.318,16,25,0.64,8,30,38,18,9,10,21,21,-14,2022-23,0,False,1612709914.0,STO
1612709914.0,Stockton Kings,2052200044,2022-11-11,W,109,43,90,0.478,8,21,0.381,9,13,0.692,11,34,45,21,15,6,17,32,14,2022-23,1,True,1612709903.0,SLC
1612709928.0,Capital City Go-Go,2052200045,2022-11-12,W,119,42,90,0.467,10,40,0.25,14,15,0.933,13,45,58,23,8,6,17,20,9,2022-23,1,False,1612709909.0,DEL
1612709909.0,Delaware Blue Coats,2052200045,2022-11-12,L,110,41,92,0.446,12,37,0.324,7,12,0.583,9,33,42,21,7,2,13,22,-9,2022-23,0,True,1612709928.0,CCG
1612709911.0,Iowa Wolves,2052200046,2022-11-12,L,121,39,103,0.379,19,47,0.404,12,15,0.8,21,27,48,26,8,5,14,25,-5,2022-23,0,False,1612709923.0,WCB
1612709923.0,Windy City Bulls,2052200046,2022-11-12,W,126,49,92,0.533,12,30,0.4,9,15,0.6,15,37,52,35,5,6,21,27,5,2022-23,1,True,1612709911.0,IWA
1612709929.0,College Park Skyhawks,2052200047,2022-11-12,W,131,48,100,0.48,14,37,0.378,12,12,1.0,15,23,38,31,13,2,14,27,1,2022-23,1,False,1612709922.0,GBO
1612709922.0,Greensboro Swarm,2052200047,2022-11-12,L,130,43,84,0.512,7,22,0.318,22,23,0.957,13,30,43,24,8,6,21,18,-1,2022-23,0,True,1612709929.0,CPS
1612709904.0,Sioux Falls Skyforce,2052200048,2022-11-12,W,124,44,91,0.484,15,38,0.395,12,13,0.923,12,33,45,19,17,1,22,21,10,2022-23,1,False,1612709910.0,FWN
1612709910.0,Fort Wayne Mad Ants,2052200048,2022-11-12,L,114,43,93,0.462,12,42,0.286,10,12,0.833,13,30,43,26,12,4,28,23,-10,2022-23,0,True,1612709904.0,SXF
1612709890.0,Austin Spurs,2052200049,2022-11-12,W,106,35,78,0.449,12,28,0.429,13,17,0.765,12,27,39,16,12,2,19,24,8,2022-23,1,False,1612709925.0,LAK
1612709925.0,Lakeland Magic,2052200049,2022-11-12,L,98,37,76,0.487,6,27,0.222,10,16,0.625,10,29,39,17,10,4,21,25,-8,2022-23,0,True,1612709890.0,AUS
1612709932.0,Motor City Cruise,2052200050,2022-11-12,L,133,51,101,0.505,19,40,0.475,8,10,0.8,11,37,48,28,4,6,16,27,-2,2022-23,0,False,1612709927.0,WIS
1612709927.0,Wisconsin Herd,2052200050,2022-11-12,W,135,47,98,0.48,18,46,0.391,14,19,0.737,6,33,39,28,6,9,9,14,2,2022-23,1,True,1612709932.0,MCC
1612709924.0,Agua Caliente Clippers,2052200051,2022-11-12,W,112,38,91,0.418,13,29,0.448,13,16,0.813,20,41,61,28,4,8,26,31,7,2022-23,1,False,1612709905.0,SBL
1612709905.0,South Bay Lakers,2052200051,2022-11-12,L,105,36,86,0.419,4,24,0.167,17,23,0.739,8,30,38,22,10,8,13,25,-7,2022-23,0,True,1612709924.0,ACC
1612709913.0,Birmingham Squadron,2052200052,2022-11-12,L,103,37,80,0.463,7,29,0.241,13,19,0.684,10,24,34,18,12,3,16,16,-26,2022-23,0,False,1612709918.0,TEX
1612709918.0,Texas Legends,2052200052,2022-11-12,W,129,49,86,0.57,18,40,0.45,8,12,0.667,12,33,45,22,13,7,15,20,26,2022-23,1,True,1612709913.0,BIR
1612709902.0,Santa Cruz Warriors,2052200053,2022-11-12,L,115,40,84,0.476,11,26,0.423,14,16,0.875,16,27,43,22,7,4,19,17,-10,2022-23,0,False,1612709930.0,GLI
1612709930.0,G League Ignite,2052200053,2022-11-12,W,125,49,90,0.544,19,30,0.633,4,8,0.5,11,25,36,34,9,5,14,19,10,2022-23,1,True,1612709902.0,SCW
1612709915.0,Maine Celtics,2052200054,2022-11-13,W,115,40,88,0.455,10,42,0.238,17,22,0.773,16,44,60,25,5,9,23,28,11,2022-23,1,False,1612709921.0,LIN
1612709921.0,Long Island Nets,2052200054,2022-11-13,L,104,34,102,0.333,13,40,0.325,13,17,0.765,19,26,45,17,8,1,14,29,-11,2022-23,0,True,1612709915.0,MNE
1612709893.0,Cleveland Charge,2052200055,2022-11-13,W,121,40,86,0.465,13,35,0.371,15,20,0.75,12,31,43,26,6,5,8,17,15,2022-23,1,False,1612709917.0,GRG
1612709917.0,Grand Rapids Gold,2052200055,2022-11-13,L,106,42,91,0.462,11,38,0.289,8,10,0.8,12,33,45,21,7,7,14,30,-15,2022-23,0,True,1612709893.0,CLC
1612709911.0,Iowa Wolves,2052200056,2022-11-13,L,105,36,84,0.429,11,38,0.289,13,13,1.0,10,23,33,17,9,7,15,16,-16,2022-23,0,False,1612709923.0,WCB
1612709923.0,Windy City Bulls,2052200056,2022-11-13,W,121,47,95,0.495,14,35,0.4,7,10,0.7,18,35,53,32,10,3,16,18,16,2022-23,1,True,1612709911.0,IWA
1612709930.0,G League Ignite,2052200057,2022-11-14,L,88,34,84,0.405,6,25,0.24,8,14,0.571,13,32,45,21,9,5,21,23,-16,2022-23,0,False,1612709889.0,OKL
1612709889.0,Oklahoma City Blue,2052200057,2022-11-14,W,104,37,79,0.468,10,30,0.333,11,14,0.786,8,33,41,24,9,7,21,24,16,2022-23,1,True,1612709930.0,GLI
1612709918.0,Texas Legends,2052200058,2022-11-14,L,97,37,80,0.463,9,35,0.257,7,11,0.636,9,25,34,13,3,6,19,25,-23,2022-23,0,False,1612709931.0,MXC
1612709931.0,Ciudad de Mexico Capitanes,2052200058,2022-11-14,W,120,42,82,0.512,13,36,0.361,13,19,0.684,13,31,44,18,16,2,16,22,23,2022-23,1,True,1612709918.0,TEX
1612709914.0,Stockton Kings,2052200059,2022-11-14,L,96,38,79,0.481,8,25,0.32,7,9,0.778,13,21,34,23,13,1,24,23,-6,2022-23,0,False,1612709924.0,ACC
1612709924.0,Agua Caliente Clippers,2052200059,2022-11-14,W,102,36,71,0.507,10,26,0.385,12,16,0.75,12,23,35,19,7,3,26,16,6,2022-23,1,True,1612709914.0,STO
1612709920.0,Raptors 905,2052200060,2022-11-15,W,123,44,91,0.484,11,29,0.379,14,23,0.609,14,33,47,24,10,8,13,33,7,2022-23,1,False,1612709922.0,GBO
1612709922.0,Greensboro Swarm,2052200060,2022-11-15,L,116,36,77,0.468,12,30,0.4,18,21,0.857,8,36,44,26,6,8,19,26,-7,2022-23,0,True,1612709920.0,RAP
1612709929.0,College Park Skyhawks,2052200061,2022-11-15,L,123,42,95,0.442,12,40,0.3,17,22,0.773,5,32,37,22,9,4,11,22,-22,2022-23,0,False,1612709928.0,CCG
1612709928.0,Capital City Go-Go,2052200061,2022-11-15,W,145,54,97,0.557,14,30,0.467,16,19,0.842,13,39,52,25,7,5,15,27,22,2022-23,1,True,1612709929.0,CPS
1612709893.0,Cleveland Charge,2052200062,2022-11-15,L,116,45,88,0.511,15,39,0.385,6,11,0.545,10,26,36,25,6,6,19,23,-6,2022-23,0,False,1612709917.0,GRG
1612709917.0,Grand Rapids Gold,2052200062,2022-11-15,W,122,43,80,0.538,13,26,0.5,16,21,0.762,5,29,34,30,10,5,17,23,6,2022-23,1,True,1612709893.0,CLC
1612709915.0,Maine Celtics,2052200063,2022-11-15,W,117,41,88,0.466,15,40,0.375,11,17,0.647,15,40,55,27,9,9,23,18,6,2022-23,1,False,1612709921.0,LIN
1612709921.0,Long Island Nets,2052200063,2022-11-15,L,111,39,92,0.424,16,39,0.41,9,12,0.75,9,31,40,25,10,4,19,23,-6,2022-23,0,True,1612709915.0,MNE
1612709932.0,Motor City Cruise,2052200064,2022-11-15,L,112,37,97,0.381,13,36,0.361,16,19,0.842,11,31,42,19,8,3,14,17,-25,2022-23,0,False,1612709927.0,WIS
1612709927.0,Wisconsin Herd,2052200064,2022-11-15,W,137,57,108,0.528,16,43,0.372,5,12,0.417,18,40,58,29,6,12,15,21,25,2022-23,1,True,1612709932.0,MCC
1612709925.0,Lakeland Magic,2052200065,2022-11-15,W,131,52,92,0.565,16,35,0.457,6,9,0.667,18,24,42,35,7,3,19,23,3,2022-23,1,False,1612709913.0,BIR
1612709913.0,Birmingham Squadron,2052200065,2022-11-15,L,128,47,80,0.588,16,28,0.571,11,15,0.733,8,22,30,25,11,6,15,17,-3,2022-23,0,True,1612709925.0,LAK
1612709926.0,Memphis Hustle,2052200066,2022-11-15,L,99,38,92,0.413,7,38,0.184,11,12,0.917,10,41,51,21,9,2,18,23,-3,2022-23,0,False,1612709890.0,AUS
1612709890.0,Austin Spurs,2052200066,2022-11-15,W,102,38,94,0.404,10,36,0.278,11,19,0.579,19,40,59,18,10,2,21,19,3,2022-23,1,True,1612709926.0,MHU
1612709914.0,Stockton Kings,2052200067,2022-11-15,L,112,41,80,0.513,10,25,0.4,12,15,0.8,7,29,36,25,13,6,13,23,-4,2022-23,0,False,1612709924.0,ACC
1612709924.0,Agua Caliente Clippers,2052200067,2022-11-15,W,116,40,82,0.488,15,33,0.455,14,20,0.7,12,29,41,25,7,3,19,21,4,2022-23,1,True,1612709914.0,STO
1612709930.0,G League Ignite,2052200068,2022-11-16,W,110,43,96,0.448,9,28,0.321,10,14,0.714,11,32,43,32,12,4,10,26,15,2022-23,1,False,1612709889.0,OKL
1612709889.0,Oklahoma City Blue,2052200068,2022-11-16,L,95,34,72,0.472,12,36,0.333,9,15,0.6,5,35,40,22,4,2,21,24,-15,2022-23,0,True,1612709930.0,GLI
1612709918.0,Texas Legends,2052200069,2022-11-16,W,127,45,80,0.563,13,30,0.433,12,13,0.923,10,27,37,19,12,5,19,19,13,2022-23,1,False,1612709931.0,MXC
1612709931.0,Ciudad de Mexico Capitanes,2052200069,2022-11-16,L,114,46,90,0.511,11,31,0.355,6,10,0.6,16,24,40,24,11,3,21,20,-13,2022-23,0,True,1612709918.0,TEX
1612709913.0,Birmingham Squadron,2052200070,2022-11-17,W,103,41,84,0.488,4,22,0.182,10,13,0.769,8,33,41,23,8,8,13,17,18,2022-23,1,False,1612709890.0,AUS
1612709890.0,Austin Spurs,2052200070,2022-11-17,L,85,35,88,0.398,7,29,0.241,6,8,0.75,15,27,42,22,6,9,20,22,-18,2022-23,0,True,1612709913.0,BIR
1612709911.0,Iowa Wolves,2052200071,2022-11-17,L,108,39,82,0.476,10,32,0.313,11,18,0.611,7,30,37,15,12,3,17,21,-11,2022-23,0,False,1612709893.0,CLC
1612709893.0,Cleveland Charge,2052200071,2022-11-17,W,119,42,83,0.506,15,41,0.366,12,15,0.8,9,38,47,21,7,3,20,21,11,2022-23,1,True,1612709911.0,IWA
1612709928.0,Capital City Go-Go,2052200072,2022-11-17,L,103,35,87,0.402,10,31,0.323,15,20,0.75,12,36,48,22,3,3,15,20,-2,2022-23,0,False,1612709915.0,MNE
1612709915.0,Maine Celtics,2052200072,2022-11-17,W,105,40,91,0.44,13,48,0.271,7,13,0.538,13,39,52,26,3,9,15,26,2,2022-23,1,True,1612709928.0,CCG
1612709927.0,Wisconsin Herd,2052200073,2022-11-17,W,117,39,89,0.438,16,46,0.348,15,20,0.75,8,43,51,22,9,6,17,19,12,2022-23,1,False,1612709932.0,MCC
1612709932.0,Motor City Cruise,2052200073,2022-11-17,L,105,40,99,0.404,7,33,0.212,10,15,0.667,12,43,55,16,8,4,20,25,-12,2022-23,0,True,1612709927.0,WIS
1612709926.0,Memphis Hustle,2052200074,2022-11-17,L,124,46,92,0.5,15,42,0.357,9,16,0.563,14,30,44,26,15,1,29,11,-25,2022-23,0,False,1612709908.0,RGV
1612709908.0,Rio Grande Valley Vipers,2052200074,2022-11-17,W,149,57,105,0.543,28,54,0.519,4,6,0.667,17,31,48,34,19,6,25,26,25,2022-23,1,True,1612709926.0,MHU
1612709903.0,Salt Lake City Stars,2052200075,2022-11-17,L,107,38,90,0.422,15,31,0.484,8,11,0.727,11,27,38,22,9,3,19,26,-10,2022-23,0,False,1612709924.0,ACC
1612709924.0,Agua Caliente Clippers,2052200075,2022-11-17,W,117,46,84,0.548,11,31,0.355,9,13,0.692,7,32,39,32,6,8,18,18,10,2022-23,1,True,1612709903.0,SLC
1612709905.0,South Bay Lakers,2052200076,2022-11-17,L,96,37,100,0.37,8,35,0.229,8,10,0.8,19,35,54,14,9,13,10,15,-4,2022-23,0,False,1612709914.0,STO
1612709914.0,Stockton Kings,2052200076,2022-11-17,W,100,39,91,0.429,7,27,0.259,9,10,0.9,10,39,49,17,5,8,13,15,4,2022-23,1,True,1612709905.0,SBL
1612709920.0,Raptors 905,2052200077,2022-11-18,L,129,44,91,0.484,15,45,0.333,15,17,0.882,9,28,37,28,13,7,16,24,-12,2022-23,0,False,1612709909.0,DEL
1612709909.0,Delaware Blue Coats,2052200077,2022-11-18,W,141,51,94,0.543,14,35,0.4,16,21,0.762,16,33,49,32,8,5,17,23,12,2022-23,1,True,1612709920.0,RAP
1612709921.0,Long Island Nets,2052200078,2022-11-18,W,119,48,90,0.533,13,34,0.382,6,10,0.6,7,41,48,33,12,7,19,28,23,2022-23,1,False,1612709922.0,GBO
1612709922.0,Greensboro Swarm,2052200078,2022-11-18,L,96,29,89,0.326,7,37,0.189,19,22,0.864,13,34,47,16,6,8,20,16,-23,2022-23,0,True,1612709921.0,LIN
1612709928.0,Capital City Go-Go,2052200079,2022-11-18,W,104,37,83,0.446,4,17,0.235,15,20,0.75,16,32,48,20,9,6,17,14,11,2022-23,1,False,1612709915.0,MNE
1612709915.0,Maine Celtics,2052200079,2022-11-18,L,93,35,87,0.402,14,44,0.318,5,8,0.625,14,28,42,22,11,4,20,26,-11,2022-23,0,True,1612709928.0,CCG
1612709925.0,Lakeland Magic,2052200080,2022-11-18,L,100,36,91,0.396,10,31,0.323,9,12,0.75,19,31,50,20,8,2,15,25,-10,2022-23,0,False,1612709931.0,MXC
1612709931.0,Ciudad de Mexico Capitanes,2052200080,2022-11-18,W,110,35,75,0.467,16,43,0.372,15,20,0.75,8,34,42,19,9,9,17,21,10,2022-23,1,True,1612709925.0,LAK
1612709923.0,Windy City Bulls,2052200081,2022-11-18,W,115,46,83,0.554,9,25,0.36,9,13,0.692,11,35,46,32,12,3,20,14,22,2022-23,1,False,1612709904.0,SXF
1612709904.0,Sioux Falls Skyforce,2052200081,2022-11-18,L,93,36,86,0.419,15,49,0.306,3,6,0.5,11,25,36,25,12,5,18,16,-22,2022-23,0,True,1612709923.0,WCB
1612709913.0,Birmingham Squadron,2052200082,2022-11-18,W,117,42,82,0.512,7,18,0.389,16,20,0.8,9,26,35,21,8,0,18,18,3,2022-23,1,False,1612709918.0,TEX
1612709918.0,Texas Legends,2052200082,2022-11-18,L,114,43,79,0.544,12,34,0.353,9,10,0.9,6,25,31,32,10,11,19,25,-3,2022-23,0,True,1612709913.0,BIR
1612709903.0,Salt Lake City Stars,2052200083,2022-11-18,L,107,36,83,0.434,13,35,0.371,13,18,0.722,10,31,41,27,5,7,15,23,-5,2022-23,0,False,1612709930.0,GLI
1612709930.0,G League Ignite,2052200083,2022-11-18,W,112,44,84,0.524,7,18,0.389,12,16,0.75,6,37,43,25,9,7,14,26,5,2022-23,1,True,1612709903.0,SLC
1612709932.0,Motor City Cruise,2052200084,2022-11-19,L,100,36,92,0.391,6,35,0.171,12,15,0.8,17,31,48,22,11,2,17,28,-20,2022-23,0,False,1612709893.0,CLC
1612709893.0,Cleveland Charge,2052200084,2022-11-19,W,120,41,86,0.477,12,38,0.316,16,19,0.842,9,37,46,25,7,4,18,20,20,2022-23,1,True,1612709932.0,MCC
1612709921.0,Long Island Nets,2052200085,2022-11-19,W,93,36,88,0.409,10,34,0.294,8,16,0.5,12,42,54,24,9,3,19,21,2,2022-23,1,False,1612709922.0,GBO
1612709922.0,Greensboro Swarm,2052200085,2022-11-19,L,91,36,90,0.4,9,34,0.265,6,6,1.0,8,37,45,21,11,10,14,21,-2,2022-23,0,True,1612709921.0,LIN
1612709927.0,Wisconsin Herd,2052200086,2022-11-19,L,102,36,85,0.424,13,48,0.271,10,13,0.769,10,29,39,23,5,3,18,23,-16,2022-23,0,False,1612709911.0,IWA
1612709911.0,Iowa Wolves,2052200086,2022-11-19,W,118,45,87,0.517,9,29,0.31,12,14,0.857,8,35,43,28,7,5,15,22,16,2022-23,1,True,1612709927.0,WIS
1612709923.0,Windy City Bulls,2052200087,2022-11-19,L,94,33,82,0.402,7,29,0.241,13,19,0.684,12,44,56,21,6,4,16,21,-5,2022-23,0,False,1612709904.0,SXF
1612709904.0,Sioux Falls Skyforce,2052200087,2022-11-19,W,99,33,86,0.384,17,49,0.347,11,17,0.647,7,39,46,26,10,8,12,23,5,2022-23,1,True,1612709923.0,WCB
1612709926.0,Memphis Hustle,2052200088,2022-11-19,W,127,46,88,0.523,17,40,0.425,15,22,0.682,9,36,45,25,8,4,15,19,11,2022-23,1,False,1612709908.0,RGV
1612709908.0,Rio Grande Valley Vipers,2052200088,2022-11-19,L,116,43,85,0.506,10,35,0.286,11,16,0.688,6,33,39,24,10,8,15,29,-11,2022-23,0,True,1612709926.0,MHU
1612709905.0,South Bay Lakers,2052200089,2022-11-19,W,111,41,96,0.427,10,43,0.233,11,16,0.688,14,29,43,26,19,7,15,18,20,2022-23,1,False,1612709902.0,SCW
1612709902.0,Santa Cruz Warriors,2052200089,2022-11-19,L,91,32,77,0.416,11,33,0.333,8,10,0.8,14,39,53,24,11,5,33,30,-20,2022-23,0,True,1612709905.0,SBL
1612709909.0,Delaware Blue Coats,2052200090,2022-11-20,L,100,35,100,0.35,6,42,0.143,14,19,0.737,13,34,47,16,9,4,19,14,-49,2022-23,0,False,1612709915.0,MNE
1612709915.0,Maine Celtics,2052200090,2022-11-20,W,149,57,109,0.523,26,62,0.419,6,9,0.667,15,50,65,41,10,6,19,23,49,2022-23,1,True,1612709909.0,DEL
1612709919.0,Westchester Knicks,2052200091,2022-11-20,W,105,45,93,0.484,12,35,0.343,3,7,0.429,6,39,45,37,10,6,14,23,8,2022-23,1,False,1612709929.0,CPS
1612709929.0,College Park Skyhawks,2052200091,2022-11-20,L,97,35,83,0.422,7,23,0.304,12,18,0.667,9,45,54,19,8,4,20,16,-8,2022-23,0,True,1612709919.0,WES
1612709931.0,Ciudad de Mexico Capitanes,2052200092,2022-11-20,W,117,41,75,0.547,12,28,0.429,13,15,0.867,10,32,42,25,8,11,25,14,7,2022-23,1,False,1612709890.0,AUS
1612709890.0,Austin Spurs,2052200092,2022-11-20,L,110,45,91,0.495,11,27,0.407,5,6,0.833,9,24,33,27,14,0,15,23,-7,2022-23,0,True,1612709931.0,MXC
1612709927.0,Wisconsin Herd,2052200093,2022-11-20,L,102,37,94,0.394,12,41,0.293,10,14,0.714,18,32,50,23,7,1,14,14,-17,2022-23,0,False,1612709911.0,IWA
1612709911.0,Iowa Wolves,2052200093,2022-11-20,W,119,44,93,0.473,17,43,0.395,9,12,0.75,12,38,50,41,6,4,12,19,17,2022-23,1,True,1612709927.0,WIS
1612709893.0,Cleveland Charge,2052200094,2022-11-20,L,93,35,94,0.372,11,39,0.282,9,12,0.75,12,27,39,24,15,6,16,23,-29,2022-23,0,False,1612709910.0,FWN
1612709910.0,Fort Wayne Mad Ants,2052200094,2022-11-20,W,122,47,85,0.553,15,38,0.395,8,13,0.615,11,45,56,31,10,4,25,21,29,2022-23,1,True,1612709893.0,CLC
1612709905.0,South Bay Lakers,2052200095,2022-11-21,W,141,50,84,0.595,18,31,0.581,14,19,0.737,8,39,47,37,13,6,16,34,49,2022-23,1,False,1612709889.0,OKL
1612709889.0,Oklahoma City Blue,2052200095,2022-11-21,L,92,26,74,0.351,7,35,0.2,18,27,0.667,10,27,37,13,6,2,21,25,-49,2022-23,0,True,1612709905.0,SBL
1612709922.0,Greensboro Swarm,2052200096,2022-11-21,L,100,36,81,0.444,11,37,0.297,14,18,0.778,7,30,37,23,6,11,15,19,-10,2022-23,0,False,1612709928.0,CCG
1612709928.0,Capital City Go-Go,2052200096,2022-11-21,W,110,41,86,0.477,6,22,0.273,13,17,0.765,10,38,48,24,10,5,10,22,10,2022-23,1,True,1612709922.0,GBO
1612709921.0,Long Island Nets,2052200097,2022-11-21,W,132,48,101,0.475,16,41,0.39,13,17,0.765,14,41,55,33,7,13,12,26,4,2022-23,1,False,1612709920.0,RAP
1612709920.0,Raptors 905,2052200097,2022-11-21,L,128,46,100,0.46,15,36,0.417,14,21,0.667,12,40,52,27,4,7,13,24,-4,2022-23,0,True,1612709921.0,LIN
1612709913.0,Birmingham Squadron,2052200098,2022-11-21,W,94,35,77,0.455,9,30,0.3,10,10,1.0,8,37,45,21,9,3,22,14,9,2022-23,1,False,1612709926.0,MHU
1612709926.0,Memphis Hustle,2052200098,2022-11-21,L,85,33,88,0.375,10,43,0.233,5,9,0.556,16,30,46,18,13,6,23,15,-9,2022-23,0,True,1612709913.0,BIR
1612709925.0,Lakeland Magic,2052200099,2022-11-21,L,133,52,94,0.553,8,26,0.308,13,17,0.765,12,30,42,31,11,5,22,26,-8,2022-23,0,False,1612709918.0,TEX
1612709918.0,Texas Legends,2052200099,2022-11-21,W,141,47,79,0.595,22,42,0.524,15,21,0.714,5,27,32,28,15,3,25,25,8,2022-23,1,True,1612709925.0,LAK
1612709908.0,Rio Grande Valley Vipers,2052200100,2022-11-21,W,120,43,87,0.494,17,47,0.362,14,23,0.609,9,27,36,24,4,2,11,28,5,2022-23,1,False,1612709931.0,MXC
1612709931.0,Ciudad de Mexico Capitanes,2052200100,2022-11-21,L,115,38,75,0.507,8,25,0.32,19,25,0.76,7,36,43,21,6,2,14,27,-5,2022-23,0,True,1612709908.0,RGV
1612709902.0,Santa Cruz Warriors,2052200101,2022-11-21,W,120,46,80,0.575,14,26,0.538,7,14,0.5,7,39,46,29,6,8,24,23,16,2022-23,1,False,1612709903.0,SLC
1612709903.0,Salt Lake City Stars,2052200101,2022-11-21,L,104,41,100,0.41,13,46,0.283,5,12,0.417,18,28,46,30,10,7,17,26,-16,2022-23,0,True,1612709902.0,SCW
1612709930.0,G League Ignite,2052200102,2022-11-21,L,95,31,85,0.365,8,24,0.333,15,18,0.833,13,30,43,21,8,2,17,15,-20,2022-23,0,False,1612709924.0,ACC
1612709924.0,Agua Caliente Clippers,2052200102,2022-11-21,W,115,47,87,0.54,11,34,0.324,6,9,0.667,8,36,44,21,11,11,17,23,20,2022-23,1,True,1612709930.0,GLI
1612709893.0,Cleveland Charge,2052200103,2022-11-22,L,101,35,90,0.389,11,35,0.314,11,15,0.733,8,33,41,20,9,10,15,20,-42,2022-23,0,False,1612709910.0,FWN
1612709910.0,Fort Wayne Mad Ants,2052200103,2022-11-22,W,143,55,108,0.509,15,38,0.395,12,18,0.667,18,44,62,38,8,4,15,27,42,2022-23,1,True,1612709893.0,CLC
1612709929.0,College Park Skyhawks,2052200104,2022-11-22,W,110,39,86,0.453,9,31,0.29,13,17,0.765,11,39,50,21,7,5,18,17,2,2022-23,1,False,1612709919.0,WES
1612709919.0,Westchester Knicks,2052200104,2022-11-22,L,108,40,93,0.43,16,42,0.381,8,11,0.727,12,33,45,21,11,4,17,24,-2,2022-23,0,True,1612709929.0,CPS
1612709925.0,Lakeland Magic,2052200105,2022-11-22,L,120,46,84,0.548,12,32,0.375,10,21,0.476,18,31,49,28,3,7,19,25,-2,2022-23,0,False,1612709918.0,TEX
1612709918.0,Texas Legends,2052200105,2022-11-22,W,122,43,84,0.512,12,31,0.387,15,17,0.882,7,24,31,25,10,6,10,23,2,2022-23,1,True,1612709925.0,LAK
1612709902.0,Santa Cruz Warriors,2052200106,2022-11-22,L,97,35,78,0.449,13,32,0.406,8,13,0.615,9,32,41,24,2,3,22,16,-31,2022-23,0,False,1612709903.0,SLC
1612709903.0,Salt Lake City Stars,2052200106,2022-11-22,W,128,49,95,0.516,17,41,0.415,9,11,0.818,15,31,46,36,10,4,13,22,31,2022-23,1,True,1612709902.0,SCW
1612709930.0,G League Ignite,2052200107,2022-11-22,L,88,30,66,0.455,10,27,0.37,10,13,0.769,7,32,39,24,6,3,17,22,-13,2022-23,0,False,1612709924.0,ACC
1612709924.0,Agua Caliente Clippers,2052200107,2022-11-22,W,101,39,86,0.453,12,42,0.286,7,13,0.538,13,30,43,25,13,2,8,21,13,2022-23,1,True,1612709930.0,GLI
1612709905.0,South Bay Lakers,2052200108,2022-11-23,W,133,50,99,0.505,13,36,0.361,12,12,1.0,12,32,44,29,11,10,16,26,18,2022-23,1,False,1612709889.0,OKL
1612709889.0,Oklahoma City Blue,2052200108,2022-11-23,L,115,44,86,0.512,11,32,0.344,12,18,0.667,8,32,40,24,7,3,21,22,-18,2022-23,0,True,1612709905.0,SBL
1612709921.0,Long Island Nets,2052200109,2022-11-23,W,116,40,84,0.476,13,39,0.333,15,19,0.789,10,26,36,24,9,4,18,24,3,2022-23,1,False,1612709920.0,RAP
1612709920.0,Raptors 905,2052200109,2022-11-23,L,113,38,86,0.442,12,33,0.364,14,16,0.875,15,28,43,24,12,4,20,24,-3,2022-23,0,True,1612709921.0,LIN
1612709917.0,Grand Rapids Gold,2052200110,2022-11-23,L,93,38,89,0.427,5,27,0.185,7,13,0.538,9,32,41,23,16,6,20,16,-9,2022-23,0,False,1612709904.0,SXF
1612709904.0,Sioux Falls Skyforce,2052200110,2022-11-23,W,102,38,84,0.452,12,30,0.4,9,12,0.75,11,39,50,18,11,4,25,22,9,2022-23,1,True,1612709917.0,GRG
1612709931.0,Ciudad de Mexico Capitanes,2052200111,2022-11-23,W,116,43,74,0.581,9,23,0.391,14,18,0.778,7,30,37,30,7,8,20,21,4,2022-23,1,False,1612709908.0,RGV
1612709908.0,Rio Grande Valley Vipers,2052200111,2022-11-23,L,112,39,93,0.419,14,49,0.286,12,15,0.8,16,20,36,18,10,6,15,24,-4,2022-23,0,True,1612709931.0,MXC
1612709903.0,Salt Lake City Stars,2052200112,2022-11-25,L,111,43,95,0.453,11,29,0.379,8,11,0.727,15,30,45,19,9,9,12,21,-1,2022-23,0,False,1612709889.0,OKL
1612709889.0,Oklahoma City Blue,2052200112,2022-11-25,W,112,38,85,0.447,10,34,0.294,15,17,0.882,12,36,48,22,2,1,15,13,1,2022-23,1,True,1612709903.0,SLC
1612709922.0,Greensboro Swarm,2052200113,2022-11-25,L,105,39,80,0.488,19,44,0.432,4,7,0.571,7,35,42,29,4,6,20,18,-6,2022-23,0,False,1612709909.0,DEL
1612709909.0,Delaware Blue Coats,2052200113,2022-11-25,W,111,39,86,0.453,13,35,0.371,14,18,0.778,8,33,41,28,11,5,12,17,6,2022-23,1,True,1612709922.0,GBO
1612709911.0,Iowa Wolves,2052200114,2022-11-25,W,127,45,90,0.5,13,39,0.333,17,24,0.708,19,37,56,23,11,9,24,13,3,2022-23,1,False,1612709910.0,FWN
1612709910.0,Fort Wayne Mad Ants,2052200114,2022-11-25,L,124,44,105,0.419,16,51,0.314,10,11,0.909,14,27,41,35,13,6,16,21,-3,2022-23,0,True,1612709911.0,IWA
1612709931.0,Ciudad de Mexico Capitanes,2052200115,2022-11-25,L,89,31,76,0.408,10,34,0.294,10,15,0.667,17,31,48,17,9,3,23,15,-10,2022-23,0,False,1612709925.0,LAK
1612709925.0,Lakeland Magic,2052200115,2022-11-25,W,99,42,90,0.467,6,24,0.25,6,10,0.6,17,28,45,19,14,3,16,20,10,2022-23,1,True,1612709931.0,MXC
1612709917.0,Grand Rapids Gold,2052200116,2022-11-25,L,107,42,88,0.477,13,30,0.433,6,10,0.6,10,30,40,29,5,4,13,22,-16,2022-23,0,False,1612709932.0,MCC
1612709932.0,Motor City Cruise,2052200116,2022-11-25,W,123,43,84,0.512,13,29,0.448,15,18,0.833,7,35,42,30,10,2,14,22,16,2022-23,1,True,1612709917.0,GRG
1612709908.0,Rio Grande Valley Vipers,2052200118,2022-11-25,W,133,47,93,0.505,18,50,0.36,12,16,0.75,14,35,49,34,8,6,11,22,27,2022-23,1,False,1612709918.0,TEX
1612709918.0,Texas Legends,2052200118,2022-11-25,L,106,38,85,0.447,11,34,0.324,10,15,0.667,12,29,41,20,5,3,16,20,-27,2022-23,0,True,1612709908.0,RGV
1612709930.0,G League Ignite,2052200119,2022-11-25,L,100,39,87,0.448,7,29,0.241,8,9,0.889,13,31,44,22,9,2,14,20,-8,2022-23,0,False,1612709902.0,SCW
1612709902.0,Santa Cruz Warriors,2052200119,2022-11-25,W,108,36,77,0.468,16,38,0.421,10,15,0.667,10,32,42,28,5,3,15,20,8,2022-23,1,True,1612709930.0,GLI
1612709890.0,Austin Spurs,2052200117,2022-11-26,W,111,40,90,0.444,12,32,0.375,12,16,0.75,18,33,51,24,7,5,15,16,14,2022-23,1,False,1612709913.0,BIR
1612709913.0,Birmingham Squadron,2052200117,2022-11-26,L,97,39,85,0.459,8,26,0.308,7,11,0.636,10,32,42,18,10,6,16,18,-14,2022-23,0,True,1612709890.0,AUS
1612709931.0,Ciudad de Mexico Capitanes,2052200120,2022-11-26,L,103,39,85,0.459,13,41,0.317,7,11,0.636,6,29,35,29,6,8,14,16,-25,2022-23,0,False,1612709925.0,LAK
1612709925.0,Lakeland Magic,2052200120,2022-11-26,W,128,49,89,0.551,16,38,0.421,9,11,0.818,9,37,46,33,8,2,11,20,25,2022-23,1,True,1612709931.0,MXC
1612709921.0,Long Island Nets,2052200121,2022-11-26,W,119,43,92,0.467,17,38,0.447,8,12,0.667,13,37,50,30,7,1,11,21,11,2022-23,1,False,1612709919.0,WES
1612709919.0,Westchester Knicks,2052200121,2022-11-26,L,108,42,88,0.477,10,32,0.313,9,17,0.529,13,34,47,18,6,5,12,21,-11,2022-23,0,True,1612709921.0,LIN
1612709893.0,Cleveland Charge,2052200122,2022-11-26,L,99,36,92,0.391,18,47,0.383,5,11,0.455,11,32,43,24,10,3,15,22,-20,2022-23,0,False,1612709923.0,WCB
1612709923.0,Windy City Bulls,2052200122,2022-11-26,W,119,44,86,0.512,13,34,0.382,11,14,0.786,9,47,56,31,8,3,22,20,20,2022-23,1,True,1612709893.0,CLC
1612709904.0,Sioux Falls Skyforce,2052200123,2022-11-26,L,126,47,85,0.553,16,31,0.516,10,18,0.556,9,29,38,27,9,3,13,18,-7,2022-23,0,False,1612709927.0,WIS
1612709927.0,Wisconsin Herd,2052200123,2022-11-26,W,133,47,91,0.516,18,44,0.409,13,15,0.867,12,34,46,29,7,4,15,21,7,2022-23,1,True,1612709904.0,SXF
1612709908.0,Rio Grande Valley Vipers,2052200124,2022-11-26,W,143,47,97,0.485,21,49,0.429,18,19,0.947,19,32,51,28,6,8,15,26,11,2022-23,1,False,1612709918.0,TEX
1612709918.0,Texas Legends,2052200124,2022-11-26,L,132,44,87,0.506,15,36,0.417,13,16,0.813,8,30,38,27,8,8,14,23,-11,2022-23,0,True,1612709908.0,RGV
1612709914.0,Stockton Kings,2052200125,2022-11-26,W,110,37,85,0.435,4,23,0.174,18,20,0.9,12,33,45,20,8,7,8,19,7,2022-23,1,False,1612709902.0,SCW
1612709902.0,Santa Cruz Warriors,2052200125,2022-11-26,L,103,39,84,0.464,13,38,0.342,7,12,0.583,11,34,45,23,2,7,17,25,-7,2022-23,0,True,1612709914.0,STO
1612709929.0,College Park Skyhawks,2052200126,2022-11-27,W,131,48,76,0.632,14,24,0.583,11,14,0.786,5,36,41,21,2,3,18,23,18,2022-23,1,False,1612709928.0,CCG
1612709928.0,Capital City Go-Go,2052200126,2022-11-27,L,113,43,94,0.457,9,32,0.281,10,14,0.714,12,21,33,27,8,6,12,22,-18,2022-23,0,True,1612709929.0,CPS
1612709915.0,Maine Celtics,2052200127,2022-11-27,W,132,49,94,0.521,17,48,0.354,13,17,0.765,12,41,53,33,7,7,28,25,9,2022-23,1,False,1612709909.0,DEL
1612709909.0,Delaware Blue Coats,2052200127,2022-11-27,L,123,42,97,0.433,12,38,0.316,16,20,0.8,13,30,43,28,15,3,17,21,-9,2022-23,0,True,1612709915.0,MNE
1612709911.0,Iowa Wolves,2052200128,2022-11-27,W,108,42,84,0.5,8,31,0.258,10,12,0.833,9,37,46,31,10,5,19,21,17,2022-23,1,False,1612709917.0,GRG
1612709917.0,Grand Rapids Gold,2052200128,2022-11-27,L,91,38,85,0.447,6,22,0.273,5,12,0.417,12,28,40,26,8,3,20,20,-17,2022-23,0,True,1612709911.0,IWA
1612709910.0,Fort Wayne Mad Ants,2052200129,2022-11-27,W,103,39,90,0.433,9,33,0.273,9,12,0.75,13,35,48,26,10,2,16,20,1,2022-23,1,False,1612709932.0,MCC
1612709932.0,Motor City Cruise,2052200129,2022-11-27,L,102,38,86,0.442,7,29,0.241,9,14,0.643,15,37,52,19,9,2,18,18,-1,2022-23,0,True,1612709910.0,FWN
1612709890.0,Austin Spurs,2052200130,2022-11-27,L,100,38,84,0.452,12,37,0.324,8,9,0.889,22,27,49,23,7,7,20,23,-4,2022-23,0,False,1612709913.0,BIR
1612709913.0,Birmingham Squadron,2052200130,2022-11-27,W,104,41,74,0.554,11,24,0.458,10,17,0.588,7,22,29,21,7,6,14,15,4,2022-23,1,True,1612709890.0,AUS
1612709929.0,College Park Skyhawks,2052200131,2022-11-28,W,124,41,91,0.451,17,34,0.5,14,19,0.737,10,44,54,23,7,4,9,8,23,2022-23,1,False,1612709921.0,LIN
1612709921.0,Long Island Nets,2052200131,2022-11-28,L,101,39,92,0.424,17,49,0.347,5,7,0.714,4,38,42,26,4,4,13,20,-23,2022-23,0,True,1612709929.0,CPS
1612709910.0,Fort Wayne Mad Ants,2052200132,2022-11-28,W,115,40,90,0.444,17,44,0.386,9,17,0.529,11,43,54,26,9,8,16,21,12,2022-23,1,False,1612709932.0,MCC
1612709932.0,Motor City Cruise,2052200132,2022-11-28,L,103,38,96,0.396,10,36,0.278,11,14,0.786,13,42,55,19,9,3,16,23,-12,2022-23,0,True,1612709910.0,FWN
1612709922.0,Greensboro Swarm,2052200133,2022-11-28,W,130,52,98,0.531,16,31,0.516,6,10,0.6,12,46,58,35,10,7,17,20,43,2022-23,1,False,1612709919.0,WES
1612709919.0,Westchester Knicks,2052200133,2022-11-28,L,87,28,88,0.318,10,43,0.233,12,16,0.75,8,30,38,16,9,4,16,17,-43,2022-23,0,True,1612709922.0,GBO
1612709930.0,G League Ignite,2052200134,2022-11-28,L,90,32,80,0.4,6,21,0.286,15,18,0.833,9,26,35,23,7,3,18,20,-31,2022-23,0,False,1612709903.0,SLC
1612709903.0,Salt Lake City Stars,2052200134,2022-11-28,W,121,48,83,0.578,8,22,0.364,10,15,0.667,9,37,46,27,11,6,15,27,31,2022-23,1,True,1612709930.0,GLI
1612709889.0,Oklahoma City Blue,2052200135,2022-11-28,W,111,40,71,0.563,10,22,0.455,12,13,0.923,5,35,40,27,6,3,24,14,14,2022-23,1,False,1612709924.0,ACC
1612709924.0,Agua Caliente Clippers,2052200135,2022-11-28,L,97,39,82,0.476,7,29,0.241,6,8,0.75,4,24,28,23,12,4,16,24,-14,2022-23,0,True,1612709889.0,OKL
1612709913.0,Birmingham Squadron,2052200136,2022-11-29,L,102,39,81,0.481,12,33,0.364,6,7,0.857,14,26,40,21,10,3,20,24,-5,2022-23,0,False,1612709908.0,RGV
1612709908.0,Rio Grande Valley Vipers,2052200136,2022-11-29,W,107,39,79,0.494,13,41,0.317,9,13,0.692,10,26,36,23,11,2,17,14,5,2022-23,1,True,1612709913.0,BIR
1612709904.0,Sioux Falls Skyforce,2052200137,2022-11-29,L,111,39,91,0.429,13,34,0.382,13,13,1.0,14,26,40,23,6,7,11,15,-15,2022-23,0,False,1612709893.0,CLC
1612709893.0,Cleveland Charge,2052200137,2022-11-29,W,126,48,82,0.585,13,27,0.481,10,12,0.833,8,33,41,32,4,7,10,20,15,2022-23,1,True,1612709904.0,SXF
1612709915.0,Maine Celtics,2052200138,2022-11-29,L,123,47,97,0.485,16,42,0.381,8,13,0.615,19,39,58,31,7,9,25,17,-2,2022-23,0,False,1612709909.0,DEL
1612709909.0,Delaware Blue Coats,2052200138,2022-11-29,W,125,49,100,0.49,13,36,0.361,9,14,0.643,10,31,41,28,17,5,13,22,2,2022-23,1,True,1612709915.0,MNE
1612709927.0,Wisconsin Herd,2052200139,2022-11-29,L,122,44,94,0.468,14,39,0.359,12,14,0.857,15,37,52,23,3,2,22,18,-7,2022-23,0,False,1612709917.0,GRG
1612709917.0,Grand Rapids Gold,2052200139,2022-11-29,W,129,49,95,0.516,11,31,0.355,11,11,1.0,6,27,33,29,16,8,9,18,7,2022-23,1,True,1612709927.0,WIS
1612709922.0,Greensboro Swarm,2052200140,2022-11-29,L,106,39,86,0.453,3,15,0.2,13,17,0.765,13,30,43,16,9,4,12,17,-13,2022-23,0,False,1612709919.0,WES
1612709919.0,Westchester Knicks,2052200140,2022-11-29,W,119,45,83,0.542,20,39,0.513,5,7,0.714,7,32,39,36,8,4,17,22,13,2022-23,1,True,1612709922.0,GBO
1612709918.0,Texas Legends,2052200141,2022-11-29,W,139,51,91,0.56,20,35,0.571,12,16,0.75,11,29,40,30,11,3,17,17,10,2022-23,1,False,1612709926.0,MHU
1612709926.0,Memphis Hustle,2052200141,2022-11-29,L,129,50,93,0.538,11,31,0.355,11,13,0.846,11,29,40,32,10,5,17,22,-10,2022-23,0,True,1612709918.0,TEX
1612709903.0,Salt Lake City Stars,2052200142,2022-11-29,L,120,49,100,0.49,7,20,0.35,8,10,0.8,15,33,48,24,6,3,12,31,-5,2022-23,0,False,1612709905.0,SBL
1612709905.0,South Bay Lakers,2052200142,2022-11-29,W,125,40,84,0.476,10,25,0.4,20,27,0.741,12,32,44,20,4,12,13,18,5,2022-23,1,True,1612709903.0,SLC
1612709904.0,Sioux Falls Skyforce,2052200143,2022-11-30,L,103,39,90,0.433,6,32,0.188,12,17,0.706,12,39,51,21,9,3,19,22,-12,2022-23,0,False,1612709893.0,CLC
1612709893.0,Cleveland Charge,2052200143,2022-11-30,W,115,42,88,0.477,14,38,0.368,10,13,0.769,6,39,45,29,7,7,17,25,12,2022-23,1,True,1612709904.0,SXF
1612709915.0,Maine Celtics,2052200144,2022-11-30,W,116,45,91,0.495,11,32,0.344,10,11,0.909,16,34,50,23,6,7,23,23,2,2022-23,1,False,1612709928.0,CCG
1612709928.0,Capital City Go-Go,2052200144,2022-11-30,L,114,42,88,0.477,10,29,0.345,11,15,0.733,14,19,33,22,11,3,12,19,-2,2022-23,0,True,1612709915.0,MNE
1612709927.0,Wisconsin Herd,2052200145,2022-11-30,W,112,43,91,0.473,12,36,0.333,9,10,0.9,13,38,51,24,4,7,12,13,6,2022-23,1,False,1612709917.0,GRG
1612709917.0,Grand Rapids Gold,2052200145,2022-11-30,L,106,41,94,0.436,13,36,0.361,8,10,0.8,5,33,38,28,6,4,6,20,-6,2022-23,0,True,1612709927.0,WIS
1612709918.0,Texas Legends,2052200146,2022-11-30,L,113,45,94,0.479,9,33,0.273,8,9,0.889,9,35,44,28,6,9,15,19,-7,2022-23,0,False,1612709926.0,MHU
1612709926.0,Memphis Hustle,2052200146,2022-11-30,W,120,47,90,0.522,6,25,0.24,12,16,0.75,7,37,44,34,8,5,12,11,7,2022-23,1,True,1612709918.0,TEX
1612709914.0,Stockton Kings,2052200147,2022-11-30,W,113,42,92,0.457,10,33,0.303,11,15,0.733,17,25,42,22,8,8,12,20,2,2022-23,1,False,1612709930.0,GLI
1612709930.0,G League Ignite,2052200147,2022-11-30,L,111,42,79,0.532,8,14,0.571,11,12,0.917,8,28,36,23,6,5,16,21,-2,2022-23,0,True,1612709914.0,STO
1612709889.0,Oklahoma City Blue,2052200148,2022-11-30,L,101,38,78,0.487,7,28,0.25,10,13,0.769,10,29,39,25,7,2,24,14,-18,2022-23,0,False,1612709924.0,ACC
1612709924.0,Agua Caliente Clippers,2052200148,2022-11-30,W,119,48,93,0.516,13,33,0.394,6,6,1.0,15,27,42,25,15,3,15,21,18,2022-23,1,True,1612709889.0,OKL
1612709920.0,Raptors 905,2052200149,2022-12-01,L,117,41,99,0.414,8,37,0.216,15,20,0.75,19,34,53,24,7,5,17,31,-10,2022-23,0,False,1612709909.0,DEL
1612709909.0,Delaware Blue Coats,2052200149,2022-12-01,W,127,43,94,0.457,8,22,0.364,18,23,0.783,15,32,47,26,8,1,16,26,10,2022-23,1,True,1612709920.0,RAP
1612709929.0,College Park Skyhawks,2052200150,2022-12-01,L,100,38,87,0.437,7,32,0.219,11,13,0.846,7,29,36,20,6,2,19,19,-41,2022-23,0,False,1612709919.0,WES
1612709919.0,Westchester Knicks,2052200150,2022-12-01,W,141,56,98,0.571,14,41,0.341,9,11,0.818,12,40,52,38,7,2,13,18,41,2022-23,1,True,1612709929.0,CPS
1612709908.0,Rio Grande Valley Vipers,2052200151,2022-12-01,W,113,42,97,0.433,15,48,0.313,10,13,0.769,14,35,49,25,13,3,16,20,15,2022-23,1,False,1612709890.0,AUS
1612709890.0,Austin Spurs,2052200151,2022-12-01,L,98,37,90,0.411,7,35,0.2,11,14,0.786,13,35,48,22,11,5,22,17,-15,2022-23,0,True,1612709908.0,RGV
1612709903.0,Salt Lake City Stars,2052200152,2022-12-01,L,120,41,85,0.482,19,38,0.5,11,14,0.786,5,27,32,26,3,9,15,13,-21,2022-23,0,False,1612709905.0,SBL
1612709905.0,South Bay Lakers,2052200152,2022-12-01,W,141,56,104,0.538,22,43,0.512,4,8,0.5,20,32,52,34,6,8,10,23,21,2022-23,1,True,1612709903.0,SLC
1612709911.0,Iowa Wolves,2052200153,2022-12-02,W,116,42,88,0.477,15,33,0.455,12,14,0.857,11,31,42,22,9,2,17,19,10,2022-23,1,False,1612709932.0,MCC
1612709932.0,Motor City Cruise,2052200153,2022-12-02,L,106,38,83,0.458,14,46,0.304,7,10,0.7,11,30,41,28,9,7,18,20,-10,2022-23,0,True,1612709911.0,IWA
1612709915.0,Maine Celtics,2052200154,2022-12-02,L,120,44,93,0.473,14,34,0.412,12,15,0.8,16,26,42,32,10,3,17,24,-3,2022-23,0,False,1612709922.0,GBO
1612709922.0,Greensboro Swarm,2052200154,2022-12-02,W,123,42,84,0.5,16,35,0.457,14,15,0.933,14,28,42,28,5,3,20,26,3,2022-23,1,True,1612709915.0,MNE
1612709931.0,Ciudad de Mexico Capitanes,2052200155,2022-12-02,W,112,43,70,0.614,7,24,0.292,13,17,0.765,6,32,38,23,7,6,21,13,11,2022-23,1,False,1612709913.0,BIR
1612709913.0,Birmingham Squadron,2052200155,2022-12-02,L,101,42,79,0.532,9,24,0.375,4,9,0.444,7,22,29,27,14,1,17,25,-11,2022-23,0,True,1612709931.0,MXC
1612709926.0,Memphis Hustle,2052200156,2022-12-02,W,117,46,90,0.511,10,32,0.313,9,14,0.643,9,35,44,24,7,2,15,18,1,2022-23,1,False,1612709890.0,AUS
1612709890.0,Austin Spurs,2052200156,2022-12-02,L,116,46,87,0.529,15,34,0.441,6,11,0.545,4,37,41,29,9,5,16,24,-1,2022-23,0,True,1612709926.0,MHU
1612709902.0,Santa Cruz Warriors,2052200157,2022-12-02,W,118,46,91,0.505,12,34,0.353,9,14,0.643,13,30,43,33,13,5,16,16,12,2022-23,1,False,1612709914.0,STO
1612709914.0,Stockton Kings,2052200157,2022-12-02,L,106,43,93,0.462,10,37,0.27,7,10,0.7,14,31,45,27,7,2,21,16,-12,2022-23,0,True,1612709902.0,SCW
1612709920.0,Raptors 905,2052200158,2022-12-03,L,121,46,110,0.418,7,33,0.212,13,15,0.867,21,38,59,20,5,10,9,30,-4,2022-23,0,False,1612709929.0,CPS
1612709929.0,College Park Skyhawks,2052200158,2022-12-03,W,125,40,90,0.444,7,19,0.368,21,27,0.778,12,38,50,16,5,8,12,22,4,2022-23,1,True,1612709920.0,RAP
1612709923.0,Windy City Bulls,2052200159,2022-12-03,L,115,47,92,0.511,9,33,0.273,8,11,0.727,13,38,51,20,10,2,21,23,-6,2022-23,0,False,1612709910.0,FWN
1612709910.0,Fort Wayne Mad Ants,2052200159,2022-12-03,W,121,42,92,0.457,15,47,0.319,12,16,0.75,13,32,45,31,9,6,14,13,6,2022-23,1,True,1612709923.0,WCB
1612709911.0,Iowa Wolves,2052200160,2022-12-03,L,110,38,85,0.447,9,38,0.237,17,23,0.739,17,32,49,19,9,4,19,19,-3,2022-23,0,False,1612709932.0,MCC
1612709932.0,Motor City Cruise,2052200160,2022-12-03,W,113,42,85,0.494,14,36,0.389,10,16,0.625,13,32,45,23,9,5,17,26,3,2022-23,1,True,1612709911.0,IWA
1612709928.0,Capital City Go-Go,2052200161,2022-12-03,L,105,46,95,0.484,7,21,0.333,3,11,0.273,15,27,42,19,6,5,13,18,-3,2022-23,0,False,1612709919.0,WES
1612709919.0,Westchester Knicks,2052200161,2022-12-03,W,108,42,81,0.519,11,27,0.407,9,13,0.692,4,34,38,15,7,7,15,19,3,2022-23,1,True,1612709928.0,CCG
1612709925.0,Lakeland Magic,2052200162,2022-12-03,L,107,39,81,0.481,9,31,0.29,13,18,0.722,16,29,45,18,8,5,25,24,-7,2022-23,0,False,1612709908.0,RGV
1612709908.0,Rio Grande Valley Vipers,2052200162,2022-12-03,W,114,43,94,0.457,9,32,0.281,12,19,0.632,22,27,49,23,17,6,16,20,7,2022-23,1,True,1612709925.0,LAK
1612709902.0,Santa Cruz Warriors,2052200163,2022-12-03,W,125,40,79,0.506,14,37,0.378,22,23,0.957,12,33,45,24,6,1,16,26,11,2022-23,1,False,1612709914.0,STO
1612709914.0,Stockton Kings,2052200163,2022-12-03,L,114,42,85,0.494,12,31,0.387,10,18,0.556,12,25,37,30,7,2,13,23,-11,2022-23,0,True,1612709902.0,SCW
1612709915.0,Maine Celtics,2052200164,2022-12-04,L,106,42,99,0.424,14,52,0.269,5,8,0.625,12,38,50,24,7,4,14,21,-21,2022-23,0,False,1612709929.0,CPS
1612709929.0,College Park Skyhawks,2052200164,2022-12-04,W,127,46,90,0.511,12,32,0.375,12,16,0.75,8,39,47,23,6,4,7,11,21,2022-23,1,True,1612709915.0,MNE
1612709924.0,Agua Caliente Clippers,2052200165,2022-12-04,W,117,49,92,0.533,11,33,0.333,6,7,0.857,10,39,49,32,14,7,15,20,28,2022-23,1,False,1612709889.0,OKL
1612709889.0,Oklahoma City Blue,2052200165,2022-12-04,L,89,32,84,0.381,12,35,0.343,9,13,0.692,9,30,39,22,8,4,20,9,-28,2022-23,0,True,1612709924.0,ACC
1612709927.0,Wisconsin Herd,2052200166,2022-12-04,L,96,33,86,0.384,9,39,0.231,11,15,0.733,5,35,40,15,5,3,18,18,-46,2022-23,0,False,1612709904.0,SXF
1612709904.0,Sioux Falls Skyforce,2052200166,2022-12-04,W,142,55,101,0.545,13,38,0.342,11,15,0.733,10,43,53,38,12,6,9,18,46,2022-23,1,True,1612709927.0,WIS
1612709931.0,Ciudad de Mexico Capitanes,2052200167,2022-12-04,W,116,42,83,0.506,8,32,0.25,15,17,0.882,9,34,43,26,11,5,11,20,14,2022-23,1,False,1612709913.0,BIR
1612709913.0,Birmingham Squadron,2052200167,2022-12-04,L,102,38,80,0.475,12,33,0.364,8,11,0.727,7,29,36,24,6,4,17,23,-14,2022-23,0,True,1612709931.0,MXC
1612709905.0,South Bay Lakers,2052200168,2022-12-04,W,112,38,94,0.404,4,30,0.133,21,25,0.84,18,23,41,25,15,3,10,25,6,2022-23,1,False,1612709930.0,GLI
1612709930.0,G League Ignite,2052200168,2022-12-04,L,106,34,73,0.466,10,18,0.556,16,17,0.941,13,37,50,19,5,9,28,27,-6,2022-23,0,True,1612709905.0,SBL
1612709922.0,Greensboro Swarm,2052200169,2022-12-05,W,116,38,86,0.442,12,30,0.4,15,16,0.938,11,32,43,24,7,4,15,20,15,2022-23,1,False,1612709920.0,RAP
1612709920.0,Raptors 905,2052200169,2022-12-05,L,101,33,76,0.434,9,33,0.273,14,18,0.778,12,29,41,22,7,9,21,23,-15,2022-23,0,True,1612709922.0,GBO
1612709923.0,Windy City Bulls,2052200170,2022-12-05,L,107,40,80,0.5,8,24,0.333,12,17,0.706,12,31,43,18,5,10,19,25,-2,2022-23,0,False,1612709893.0,CLC
1612709893.0,Cleveland Charge,2052200170,2022-12-05,W,109,38,92,0.413,13,36,0.361,13,17,0.765,16,31,47,22,8,7,18,24,2,2022-23,1,True,1612709923.0,WCB
1612709911.0,Iowa Wolves,2052200171,2022-12-05,L,127,49,102,0.48,16,40,0.4,8,13,0.615,19,32,51,25,6,6,22,20,-5,2022-23,0,False,1612709910.0,FWN
1612709910.0,Fort Wayne Mad Ants,2052200171,2022-12-05,W,132,44,85,0.518,20,37,0.541,16,18,0.889,8,31,39,33,10,3,23,23,5,2022-23,1,True,1612709911.0,IWA
1612709909.0,Delaware Blue Coats,2052200172,2022-12-05,L,123,35,74,0.473,12,34,0.353,24,30,0.8,6,35,41,23,3,8,18,21,-2,2022-23,0,False,1612709921.0,LIN
1612709921.0,Long Island Nets,2052200172,2022-12-05,W,125,49,110,0.445,11,42,0.262,11,18,0.611,22,34,56,26,13,3,12,35,2,2022-23,1,True,1612709909.0,DEL
1612709928.0,Capital City Go-Go,2052200173,2022-12-05,L,111,37,87,0.425,14,40,0.35,11,15,0.733,14,25,39,20,10,4,21,25,-20,2022-23,0,False,1612709919.0,WES
1612709919.0,Westchester Knicks,2052200173,2022-12-05,W,131,46,88,0.523,12,33,0.364,14,19,0.737,17,34,51,26,14,2,19,25,20,2022-23,1,True,1612709928.0,CCG
1612709890.0,Austin Spurs,2052200174,2022-12-05,L,93,38,85,0.447,4,28,0.143,9,17,0.529,10,34,44,24,6,4,18,13,-27,2022-23,0,False,1612709908.0,RGV
1612709908.0,Rio Grande Valley Vipers,2052200174,2022-12-05,W,120,49,98,0.5,13,34,0.382,7,10,0.7,16,41,57,24,14,5,15,22,27,2022-23,1,True,1612709890.0,AUS
1612709914.0,Stockton Kings,2052200175,2022-12-05,W,121,51,83,0.614,7,20,0.35,7,11,0.636,6,36,42,34,9,3,11,12,18,2022-23,1,False,1612709903.0,SLC
1612709903.0,Salt Lake City Stars,2052200175,2022-12-05,L,103,42,87,0.483,12,37,0.324,6,7,0.857,8,24,32,24,7,4,19,22,-18,2022-23,0,True,1612709914.0,STO
1612709915.0,Maine Celtics,2052200176,2022-12-06,L,101,39,97,0.402,10,31,0.323,8,13,0.615,18,30,48,20,6,8,16,20,-18,2022-23,0,False,1612709929.0,CPS
1612709929.0,College Park Skyhawks,2052200176,2022-12-06,W,119,48,102,0.471,11,34,0.324,7,11,0.636,16,35,51,16,8,5,10,18,18,2022-23,1,True,1612709915.0,MNE
1612709922.0,Greensboro Swarm,2052200177,2022-12-06,L,101,38,86,0.442,7,30,0.233,10,14,0.714,10,27,37,24,7,4,18,20,-13,2022-23,0,False,1612709920.0,RAP
1612709920.0,Raptors 905,2052200177,2022-12-06,W,114,43,86,0.5,10,31,0.323,12,15,0.8,13,35,48,27,10,7,16,22,13,2022-23,1,True,1612709922.0,GBO
1612709927.0,Wisconsin Herd,2052200178,2022-12-06,L,80,31,75,0.413,6,27,0.222,7,11,0.636,6,35,41,13,7,0,27,19,-20,2022-23,0,False,1612709904.0,SXF
1612709904.0,Sioux Falls Skyforce,2052200178,2022-12-06,W,100,38,86,0.442,12,40,0.3,7,13,0.538,12,37,49,26,13,5,19,21,20,2022-23,1,True,1612709927.0,WIS
1612709918.0,Texas Legends,2052200179,2022-12-06,L,135,49,85,0.576,17,33,0.515,14,18,0.778,5,19,24,24,5,7,12,21,-3,2022-23,0,False,1612709913.0,BIR
1612709913.0,Birmingham Squadron,2052200179,2022-12-06,W,138,49,87,0.563,12,28,0.429,19,20,0.95,14,32,46,24,5,4,16,22,3,2022-23,1,True,1612709918.0,TEX
1612709931.0,Ciudad de Mexico Capitanes,2052200180,2022-12-06,W,126,48,89,0.539,16,36,0.444,8,14,0.571,9,33,42,28,10,5,15,15,14,2022-23,1,False,1612709926.0,MHU
1612709926.0,Memphis Hustle,2052200180,2022-12-06,L,112,42,86,0.488,14,39,0.359,9,11,0.818,7,30,37,23,8,7,17,18,-14,2022-23,0,True,1612709931.0,MXC
1612709905.0,South Bay Lakers,2052200181,2022-12-06,W,115,42,86,0.488,10,30,0.333,14,23,0.609,9,27,36,22,9,5,17,28,2,2022-23,1,False,1612709930.0,GLI
1612709930.0,G League Ignite,2052200181,2022-12-06,L,113,38,79,0.481,8,25,0.32,19,23,0.826,11,38,49,25,6,9,24,30,-2,2022-23,0,True,1612709905.0,SBL
1612709910.0,Fort Wayne Mad Ants,2052200182,2022-12-07,L,105,35,77,0.455,12,39,0.308,14,19,0.737,13,34,47,27,5,5,26,15,-10,2022-23,0,False,1612709893.0,CLC
1612709893.0,Cleveland Charge,2052200182,2022-12-07,W,115,45,87,0.517,17,42,0.405,4,8,0.5,7,29,36,30,14,3,16,29,10,2022-23,1,True,1612709910.0,FWN
1612709909.0,Delaware Blue Coats,2052200183,2022-12-07,L,114,39,97,0.402,11,37,0.297,15,21,0.714,12,27,39,19,10,4,13,23,-16,2022-23,0,False,1612709921.0,LIN
1612709921.0,Long Island Nets,2052200183,2022-12-07,W,130,49,101,0.485,10,37,0.27,13,15,0.867,20,46,66,27,2,8,20,26,16,2022-23,1,True,1612709909.0,DEL
1612709890.0,Austin Spurs,2052200184,2022-12-07,L,95,32,76,0.421,8,33,0.242,14,19,0.737,9,29,38,19,13,3,22,21,-12,2022-23,0,False,1612709908.0,RGV
1612709908.0,Rio Grande Valley Vipers,2052200184,2022-12-07,W,107,41,79,0.519,10,33,0.303,10,15,0.667,9,35,44,29,15,1,23,21,12,2022-23,1,True,1612709890.0,AUS
1612709889.0,Oklahoma City Blue,2052200185,2022-12-07,W,107,39,79,0.494,14,34,0.412,8,12,0.667,12,28,40,25,9,10,17,18,13,2022-23,1,False,1612709914.0,STO
1612709914.0,Stockton Kings,2052200185,2022-12-07,L,94,37,91,0.407,8,25,0.32,7,9,0.778,17,28,45,22,13,5,18,18,-13,2022-23,0,True,1612709889.0,OKL
1612709926.0,Memphis Hustle,2052200186,2022-12-08,W,114,40,82,0.488,10,34,0.294,15,17,0.882,13,30,43,21,8,2,20,11,5,2022-23,1,False,1612709913.0,BIR
1612709913.0,Birmingham Squadron,2052200186,2022-12-08,L,109,44,85,0.518,10,39,0.256,6,6,1.0,7,27,34,28,10,5,16,22,-5,2022-23,0,True,1612709926.0,MHU
1612709924.0,Agua Caliente Clippers,2052200187,2022-12-08,W,124,46,94,0.489,15,41,0.366,12,13,0.923,12,28,40,29,8,3,13,18,7,2022-23,1,False,1612709903.0,SLC
1612709903.0,Salt Lake City Stars,2052200187,2022-12-08,L,117,49,88,0.557,13,33,0.394,4,8,0.5,9,26,35,29,6,5,16,17,-7,2022-23,0,True,1612709924.0,ACC
1612709921.0,Long Island Nets,2052200188,2022-12-09,W,106,39,88,0.443,9,28,0.321,10,11,0.909,10,43,53,22,6,3,13,25,16,2022-23,1,False,1612709928.0,CCG
1612709928.0,Capital City Go-Go,2052200188,2022-12-09,L,90,29,86,0.337,8,34,0.235,14,16,0.875,12,31,43,14,5,5,8,12,-16,2022-23,0,True,1612709921.0,LIN
1612709919.0,Westchester Knicks,2052200189,2022-12-09,W,113,43,96,0.448,12,38,0.316,13,16,0.813,17,31,48,25,8,10,20,16,5,2022-23,1,False,1612709909.0,DEL
1612709909.0,Delaware Blue Coats,2052200189,2022-12-09,L,108,38,85,0.447,9,29,0.31,11,15,0.733,17,32,49,21,10,6,22,26,-5,2022-23,0,True,1612709919.0,WES
1612709908.0,Rio Grande Valley Vipers,2052200190,2022-12-09,W,133,48,83,0.578,13,38,0.342,15,19,0.789,9,29,38,26,7,5,22,27,7,2022-23,1,False,1612709925.0,LAK
1612709925.0,Lakeland Magic,2052200190,2022-12-09,L,126,47,80,0.588,12,29,0.414,12,20,0.6,6,22,28,32,13,2,20,20,-7,2022-23,0,True,1612709908.0,RGV
1612709920.0,Raptors 905,2052200191,2022-12-09,L,100,39,94,0.415,8,42,0.19,8,13,0.615,16,23,39,20,12,5,13,18,-6,2022-23,0,False,1612709915.0,MNE
1612709915.0,Maine Celtics,2052200191,2022-12-09,W,106,38,76,0.5,15,36,0.417,8,13,0.615,14,36,50,26,4,4,26,16,6,2022-23,1,True,1612709920.0,RAP
1612709917.0,Grand Rapids Gold,2052200192,2022-12-09,L,104,41,85,0.482,5,26,0.192,11,14,0.786,9,32,41,26,7,7,16,17,-16,2022-23,0,False,1612709911.0,IWA
1612709911.0,Iowa Wolves,2052200192,2022-12-09,W,120,46,93,0.495,15,37,0.405,9,13,0.692,13,32,45,26,11,5,11,18,16,2022-23,1,True,1612709917.0,GRG
1612709932.0,Motor City Cruise,2052200193,2022-12-09,L,102,33,89,0.371,13,51,0.255,12,15,0.8,12,35,47,24,10,6,15,22,-11,2022-23,0,False,1612709904.0,SXF
1612709904.0,Sioux Falls Skyforce,2052200193,2022-12-09,W,113,43,80,0.538,9,26,0.346,12,21,0.571,5,39,44,27,8,4,17,20,11,2022-23,1,True,1612709932.0,MCC
1612709910.0,Fort Wayne Mad Ants,2052200194,2022-12-09,L,119,40,83,0.482,22,45,0.489,11,15,0.733,2,35,37,29,11,4,20,25,-10,2022-23,0,False,1612709923.0,WCB
1612709923.0,Windy City Bulls,2052200194,2022-12-09,W,129,49,89,0.551,7,24,0.292,14,18,0.778,7,38,45,32,11,3,18,24,10,2022-23,1,True,1612709910.0,FWN
1612709890.0,Austin Spurs,2052200195,2022-12-09,L,121,45,97,0.464,11,29,0.379,11,12,0.917,15,30,45,28,13,8,15,24,-8,2022-23,0,False,1612709918.0,TEX
1612709918.0,Texas Legends,2052200195,2022-12-09,W,129,43,78,0.551,16,31,0.516,17,20,0.85,5,34,39,22,10,2,21,18,8,2022-23,1,True,1612709890.0,AUS
1612709905.0,South Bay Lakers,2052200196,2022-12-09,L,100,40,101,0.396,11,39,0.282,8,9,0.889,18,26,44,24,8,4,14,20,-11,2022-23,0,False,1612709902.0,SCW
1612709902.0,Santa Cruz Warriors,2052200196,2022-12-09,W,111,41,81,0.506,10,31,0.323,13,18,0.722,13,37,50,26,8,3,18,14,11,2022-23,1,True,1612709905.0,SBL
1612709889.0,Oklahoma City Blue,2052200197,2022-12-09,W,114,39,77,0.506,16,35,0.457,13,18,0.722,8,29,37,27,4,5,17,24,9,2022-23,1,False,1612709914.0,STO
1612709914.0,Stockton Kings,2052200197,2022-12-09,L,105,39,81,0.481,9,26,0.346,11,19,0.579,11,26,37,26,7,4,13,28,-9,2022-23,0,True,1612709889.0,OKL
1612709908.0,Rio Grande Valley Vipers,2052200198,2022-12-10,W,95,34,82,0.415,9,36,0.25,9,13,0.692,10,32,42,24,8,4,18,15,2,2022-23,1,False,1612709925.0,LAK
1612709925.0,Lakeland Magic,2052200198,2022-12-10,L,93,38,87,0.437,11,39,0.282,4,9,0.444,13,36,49,23,10,4,22,25,-2,2022-23,0,True,1612709908.0,RGV
1612709917.0,Grand Rapids Gold,2052200199,2022-12-10,L,109,39,86,0.453,10,25,0.4,13,15,0.867,10,26,36,22,8,3,14,22,-22,2022-23,0,False,1612709911.0,IWA
1612709911.0,Iowa Wolves,2052200199,2022-12-10,W,131,46,88,0.523,15,35,0.429,14,19,0.737,14,35,49,28,9,5,15,22,22,2022-23,1,True,1612709917.0,GRG
1612709932.0,Motor City Cruise,2052200200,2022-12-10,L,95,31,98,0.316,8,36,0.222,16,19,0.842,17,33,50,20,9,4,12,23,-23,2022-23,0,False,1612709904.0,SXF
1612709904.0,Sioux Falls Skyforce,2052200200,2022-12-10,W,118,40,88,0.455,17,40,0.425,12,16,0.75,10,46,56,30,3,7,16,23,23,2022-23,1,True,1612709932.0,MCC
1612709910.0,Fort Wayne Mad Ants,2052200201,2022-12-10,L,98,37,91,0.407,11,41,0.268,7,13,0.538,8,35,43,24,4,2,9,13,-30,2022-23,0,False,1612709923.0,WCB
1612709923.0,Windy City Bulls,2052200201,2022-12-10,W,128,51,96,0.531,19,42,0.452,5,8,0.625,9,47,56,37,5,4,11,19,30,2022-23,1,True,1612709910.0,FWN
1612709926.0,Memphis Hustle,2052200202,2022-12-10,W,117,46,84,0.548,16,33,0.485,6,8,0.75,6,27,33,34,10,5,13,17,15,2022-23,1,False,1612709918.0,TEX
1612709918.0,Texas Legends,2052200202,2022-12-10,L,102,38,80,0.475,10,29,0.345,12,13,0.923,10,33,43,15,4,0,21,16,-15,2022-23,0,True,1612709926.0,MHU
1612709924.0,Agua Caliente Clippers,2052200203,2022-12-10,W,106,39,84,0.464,10,32,0.313,11,15,0.733,6,37,43,28,7,4,10,20,13,2022-23,1,False,1612709903.0,SLC
1612709903.0,Salt Lake City Stars,2052200203,2022-12-10,L,93,35,87,0.402,5,25,0.2,10,14,0.714,13,37,50,19,4,2,12,17,-13,2022-23,0,True,1612709924.0,ACC
1612709922.0,Greensboro Swarm,2052200204,2022-12-11,W,112,38,71,0.535,15,31,0.484,14,18,0.778,4,32,36,24,5,1,20,22,7,2022-23,1,False,1612709928.0,CCG
1612709928.0,Capital City Go-Go,2052200204,2022-12-11,L,105,39,84,0.464,7,33,0.212,11,14,0.786,10,28,38,24,6,3,11,24,-7,2022-23,0,True,1612709922.0,GBO
1612709920.0,Raptors 905,2052200205,2022-12-11,W,100,41,85,0.482,8,33,0.242,6,9,0.667,5,27,32,23,11,5,9,15,1,2022-23,1,False,1612709915.0,MNE
1612709915.0,Maine Celtics,2052200205,2022-12-11,L,99,38,89,0.427,14,39,0.359,5,8,0.625,15,39,54,26,8,3,17,15,-1,2022-23,0,True,1612709920.0,RAP
1612709889.0,Oklahoma City Blue,2052200206,2022-12-11,L,111,38,92,0.413,14,46,0.304,12,16,0.75,15,25,40,25,6,5,12,19,-11,2022-23,0,False,1612709902.0,SCW
1612709902.0,Santa Cruz Warriors,2052200206,2022-12-11,W,122,44,95,0.463,16,45,0.356,12,15,0.8,24,35,59,24,5,10,18,22,11,2022-23,1,True,1612709889.0,OKL
1612709914.0,Stockton Kings,2052200207,2022-12-11,W,128,47,91,0.516,12,31,0.387,13,16,0.813,11,31,42,35,13,4,9,23,26,2022-23,1,False,1612709930.0,GLI
1612709930.0,G League Ignite,2052200207,2022-12-11,L,102,37,75,0.493,9,24,0.375,12,14,0.857,5,28,33,18,4,4,19,21,-26,2022-23,0,True,1612709914.0,STO
1612709931.0,Ciudad de Mexico Capitanes,2052200224,2022-12-11,L,105,35,73,0.479,6,24,0.25,16,23,0.696,8,24,32,22,7,3,18,17,-17,2022-23,0,False,1612709890.0,AUS
1612709890.0,Austin Spurs,2052200224,2022-12-11,W,122,49,89,0.551,13,28,0.464,7,9,0.778,12,34,46,31,6,3,21,30,17,2022-23,1,True,1612709931.0,MXC
1612709923.0,Windy City Bulls,2052200208,2022-12-12,L,108,40,79,0.506,12,29,0.414,10,15,0.667,9,28,37,19,13,3,18,24,-6,2022-23,0,False,1612709893.0,CLC
1612709893.0,Cleveland Charge,2052200208,2022-12-12,W,114,39,74,0.527,17,39,0.436,12,14,0.857,6,30,36,27,7,3,22,21,6,2022-23,1,True,1612709923.0,WCB
1612709909.0,Delaware Blue Coats,2052200209,2022-12-12,L,119,45,99,0.455,11,36,0.306,13,17,0.765,13,32,45,29,10,2,20,29,-8,2022-23,0,False,1612709929.0,CPS
1612709929.0,College Park Skyhawks,2052200209,2022-12-12,W,127,48,93,0.516,10,32,0.313,13,20,0.65,14,35,49,29,7,4,20,23,8,2022-23,1,True,1612709909.0,DEL
1612709904.0,Sioux Falls Skyforce,2052200210,2022-12-12,W,89,33,88,0.375,8,40,0.2,12,17,0.706,7,43,50,19,10,3,12,17,6,2022-23,1,False,1612709917.0,GRG
1612709917.0,Grand Rapids Gold,2052200210,2022-12-12,L,83,33,86,0.384,7,32,0.219,8,11,0.727,8,46,54,19,3,5,17,21,-6,2022-23,0,True,1612709904.0,SXF
1612709928.0,Capital City Go-Go,2052200211,2022-12-12,W,105,40,92,0.435,9,30,0.3,8,9,0.889,14,39,53,27,8,6,21,20,14,2022-23,1,False,1612709921.0,LIN
1612709921.0,Long Island Nets,2052200211,2022-12-12,L,91,34,89,0.382,9,33,0.273,8,10,0.8,11,28,39,19,13,13,19,22,-14,2022-23,0,True,1612709928.0,CCG
1612709932.0,Motor City Cruise,2052200212,2022-12-12,L,110,44,87,0.506,6,26,0.231,12,16,0.75,8,32,40,27,8,2,13,20,-11,2022-23,0,False,1612709911.0,IWA
1612709911.0,Iowa Wolves,2052200212,2022-12-12,W,121,45,89,0.506,15,42,0.357,10,15,0.667,10,35,45,25,9,8,18,19,11,2022-23,1,True,1612709932.0,MCC
1612709924.0,Agua Caliente Clippers,2052200213,2022-12-13,L,85,32,78,0.41,10,32,0.313,7,14,0.5,7,23,30,20,8,2,18,21,-43,2022-23,0,False,1612709914.0,STO
1612709914.0,Stockton Kings,2052200213,2022-12-13,W,128,50,87,0.575,10,34,0.294,10,11,0.909,10,43,53,33,7,5,13,25,43,2022-23,1,True,1612709924.0,ACC
1612709919.0,Westchester Knicks,2052200214,2022-12-13,L,107,40,82,0.488,8,27,0.296,11,18,0.611,8,34,42,17,14,1,23,20,-9,2022-23,0,False,1612709921.0,LIN
1612709921.0,Long Island Nets,2052200214,2022-12-13,W,116,41,86,0.477,14,39,0.359,14,18,0.778,10,32,42,31,8,2,25,24,9,2022-23,1,True,1612709919.0,WES
1612709925.0,Lakeland Magic,2052200215,2022-12-13,L,130,46,90,0.511,20,44,0.455,11,17,0.647,16,28,44,28,7,3,20,25,-2,2022-23,0,False,1612709926.0,MHU
1612709926.0,Memphis Hustle,2052200215,2022-12-13,W,132,46,91,0.505,12,38,0.316,18,24,0.75,19,27,46,28,13,5,17,20,2,2022-23,1,True,1612709925.0,LAK
1612709889.0,Oklahoma City Blue,2052200216,2022-12-13,L,105,38,79,0.481,7,28,0.25,12,18,0.667,6,29,35,29,8,3,16,13,-14,2022-23,0,False,1612709903.0,SLC
1612709903.0,Salt Lake City Stars,2052200216,2022-12-13,W,119,45,87,0.517,15,33,0.455,7,9,0.778,11,32,43,28,8,6,13,23,14,2022-23,1,True,1612709889.0,OKL
1612709909.0,Delaware Blue Coats,2052200217,2022-12-14,L,117,41,88,0.466,16,36,0.444,12,16,0.75,10,36,46,28,12,6,25,32,-3,2022-23,0,False,1612709929.0,CPS
1612709929.0,College Park Skyhawks,2052200217,2022-12-14,W,120,41,91,0.451,9,34,0.265,18,25,0.72,15,36,51,23,9,9,17,21,3,2022-23,1,True,1612709909.0,DEL
1612709904.0,Sioux Falls Skyforce,2052200218,2022-12-14,W,108,40,79,0.506,11,28,0.393,11,14,0.786,9,28,37,22,7,4,13,18,3,2022-23,1,False,1612709917.0,GRG
1612709917.0,Grand Rapids Gold,2052200218,2022-12-14,L,105,42,82,0.512,10,22,0.455,7,9,0.778,9,25,34,29,9,3,14,17,-3,2022-23,0,True,1612709904.0,SXF
1612709923.0,Windy City Bulls,2052200219,2022-12-14,W,110,43,87,0.494,8,27,0.296,8,10,0.8,10,41,51,20,12,0,16,18,11,2022-23,1,False,1612709932.0,MCC
1612709932.0,Motor City Cruise,2052200219,2022-12-14,L,99,34,81,0.42,13,44,0.295,9,14,0.643,9,31,40,18,9,0,15,21,-11,2022-23,0,True,1612709923.0,WCB
1612709910.0,Fort Wayne Mad Ants,2052200220,2022-12-14,W,128,43,89,0.483,16,44,0.364,15,16,0.938,14,37,51,29,7,3,17,18,18,2022-23,1,False,1612709927.0,WIS
1612709927.0,Wisconsin Herd,2052200220,2022-12-14,L,110,43,96,0.448,15,45,0.333,5,11,0.455,14,26,40,27,9,4,12,23,-18,2022-23,0,True,1612709910.0,FWN
1612709928.0,Capital City Go-Go,2052200221,2022-12-14,L,103,40,85,0.471,9,26,0.346,8,13,0.615,11,27,38,34,9,8,19,20,-8,2022-23,0,False,1612709920.0,RAP
1612709920.0,Raptors 905,2052200221,2022-12-14,W,111,41,89,0.461,10,30,0.333,12,13,0.923,12,35,47,33,14,6,16,21,8,2022-23,1,True,1612709928.0,CCG
1612709889.0,Oklahoma City Blue,2052200222,2022-12-14,L,102,39,86,0.453,14,43,0.326,5,8,0.625,8,22,30,31,10,3,21,17,-21,2022-23,0,False,1612709903.0,SLC
1612709903.0,Salt Lake City Stars,2052200222,2022-12-14,W,123,46,82,0.561,17,40,0.425,8,9,0.889,11,31,42,32,10,4,21,18,21,2022-23,1,True,1612709889.0,OKL
1612709902.0,Santa Cruz Warriors,2052200223,2022-12-14,L,116,39,77,0.506,12,29,0.414,14,18,0.778,10,35,45,27,5,3,24,18,-12,2022-23,0,False,1612709905.0,SBL
1612709905.0,South Bay Lakers,2052200223,2022-12-14,W,128,48,103,0.466,16,46,0.348,10,12,0.833,17,29,46,29,15,5,12,24,12,2022-23,1,True,1612709902.0,SCW
1612709913.0,Birmingham Squadron,2052200225,2022-12-15,L,95,35,80,0.438,8,28,0.286,11,15,0.733,14,30,44,24,5,4,19,19,-6,2022-23,0,False,1612709925.0,LAK
1612709925.0,Lakeland Magic,2052200225,2022-12-15,W,101,37,87,0.425,10,40,0.25,10,13,0.769,17,26,43,25,10,5,14,21,6,2022-23,1,True,1612709913.0,BIR
1612709919.0,Westchester Knicks,2052200226,2022-12-15,L,96,34,93,0.366,10,38,0.263,11,12,0.917,9,32,41,19,12,4,13,22,-4,2022-23,0,False,1612709921.0,LIN
1612709921.0,Long Island Nets,2052200226,2022-12-15,W,100,38,82,0.463,6,23,0.261,11,13,0.846,10,43,53,20,5,6,19,23,4,2022-23,1,True,1612709919.0,WES
1612709922.0,Greensboro Swarm,2052200227,2022-12-15,L,87,30,86,0.349,13,43,0.302,8,10,0.8,6,24,30,24,8,3,20,14,-49,2022-23,0,False,1612709915.0,MNE
1612709915.0,Maine Celtics,2052200227,2022-12-15,W,136,51,94,0.543,20,46,0.435,8,9,0.889,14,45,59,37,11,6,20,19,49,2022-23,1,True,1612709922.0,GBO
1612709893.0,Cleveland Charge,2052200228,2022-12-15,L,130,47,88,0.534,11,30,0.367,15,19,0.789,12,33,45,30,9,2,19,24,-3,2022-23,0,False,1612709911.0,IWA
1612709911.0,Iowa Wolves,2052200228,2022-12-15,W,133,51,87,0.586,19,43,0.442,8,18,0.444,7,27,34,34,7,8,18,26,3,2022-23,1,True,1612709893.0,CLC
1612709905.0,South Bay Lakers,2052200229,2022-12-15,W,131,50,88,0.568,18,35,0.514,7,11,0.636,12,44,56,29,7,9,20,22,36,2022-23,1,False,1612709924.0,ACC
1612709924.0,Agua Caliente Clippers,2052200229,2022-12-15,L,95,32,87,0.368,14,42,0.333,11,14,0.786,8,23,31,16,8,7,16,21,-36,2022-23,0,True,1612709905.0,SBL
1612709918.0,Texas Legends,2052200230,2022-12-16,L,105,39,91,0.429,11,34,0.324,9,10,0.9,13,30,43,25,5,2,16,20,-7,2022-23,0,False,1612709925.0,LAK
1612709925.0,Lakeland Magic,2052200230,2022-12-16,W,112,43,92,0.467,8,24,0.333,12,15,0.8,19,36,55,23,6,6,11,13,7,2022-23,1,True,1612709918.0,TEX
1612709909.0,Delaware Blue Coats,2052200231,2022-12-16,W,122,42,84,0.5,8,28,0.286,19,22,0.864,3,35,38,23,13,6,19,16,9,2022-23,1,False,1612709919.0,WES
1612709919.0,Westchester Knicks,2052200231,2022-12-16,L,113,42,95,0.442,10,33,0.303,12,14,0.857,14,37,51,19,14,6,23,21,-9,2022-23,0,True,1612709909.0,DEL
1612709929.0,College Park Skyhawks,2052200232,2022-12-16,W,134,54,93,0.581,10,27,0.37,11,20,0.55,12,35,47,34,6,4,11,22,18,2022-23,1,False,1612709920.0,RAP
1612709920.0,Raptors 905,2052200232,2022-12-16,L,116,43,100,0.43,10,42,0.238,11,13,0.846,16,31,47,27,8,3,11,22,-18,2022-23,0,True,1612709929.0,CPS
1612709890.0,Austin Spurs,2052200233,2022-12-16,L,102,43,90,0.478,5,20,0.25,6,10,0.6,8,31,39,23,8,0,13,19,-10,2022-23,0,False,1612709931.0,MXC
1612709931.0,Ciudad de Mexico Capitanes,2052200233,2022-12-16,W,112,43,85,0.506,9,35,0.257,11,16,0.688,14,37,51,18,8,9,20,19,10,2022-23,1,True,1612709890.0,AUS
1612709908.0,Rio Grande Valley Vipers,2052200234,2022-12-16,L,113,45,93,0.484,8,43,0.186,9,11,0.818,11,29,40,23,11,4,15,26,-4,2022-23,0,False,1612709926.0,MHU
1612709926.0,Memphis Hustle,2052200234,2022-12-16,W,117,37,80,0.463,13,33,0.394,18,22,0.818,11,32,43,27,7,4,23,19,4,2022-23,1,True,1612709908.0,RGV
1612709917.0,Grand Rapids Gold,2052200235,2022-12-16,W,106,40,85,0.471,12,33,0.364,9,16,0.563,14,36,50,29,8,6,18,24,3,2022-23,1,False,1612709923.0,WCB
1612709923.0,Windy City Bulls,2052200235,2022-12-16,L,103,39,92,0.424,8,26,0.308,11,17,0.647,13,35,48,27,8,1,13,23,-3,2022-23,0,True,1612709917.0,GRG
1612709910.0,Fort Wayne Mad Ants,2052200236,2022-12-16,W,128,45,95,0.474,10,41,0.244,16,18,0.889,21,34,55,33,11,0,20,24,14,2022-23,1,False,1612709927.0,WIS
1612709927.0,Wisconsin Herd,2052200236,2022-12-16,L,114,42,91,0.462,11,40,0.275,12,13,0.923,11,26,37,29,7,2,21,26,-14,2022-23,0,True,1612709910.0,FWN
1612709930.0,G League Ignite,2052200237,2022-12-16,W,122,48,90,0.533,14,38,0.368,6,9,0.667,10,24,34,29,7,7,8,23,4,2022-23,1,False,1612709902.0,SCW
1612709902.0,Santa Cruz Warriors,2052200237,2022-12-16,L,118,40,73,0.548,12,25,0.48,15,18,0.833,9,29,38,28,3,2,15,14,-4,2022-23,0,True,1612709930.0,GLI
1612709913.0,Birmingham Squadron,2052200238,2022-12-17,W,104,36,72,0.5,15,32,0.469,11,17,0.647,9,37,46,28,4,3,12,17,8,2022-23,1,False,1612709926.0,MHU
1612709926.0,Memphis Hustle,2052200238,2022-12-17,L,96,35,83,0.422,15,46,0.326,7,12,0.583,11,28,39,25,2,6,9,19,-8,2022-23,0,True,1612709913.0,BIR
1612709917.0,Grand Rapids Gold,2052200239,2022-12-17,L,118,43,78,0.551,15,35,0.429,11,13,0.846,3,24,27,28,6,6,13,21,-11,2022-23,0,False,1612709923.0,WCB
1612709923.0,Windy City Bulls,2052200239,2022-12-17,W,129,45,82,0.549,16,31,0.516,14,15,0.933,12,27,39,24,7,4,12,18,11,2022-23,1,True,1612709917.0,GRG
1612709914.0,Stockton Kings,2052200240,2022-12-17,L,117,41,80,0.513,11,26,0.423,12,17,0.706,6,32,38,23,6,5,19,22,-5,2022-23,0,False,1612709905.0,SBL
1612709905.0,South Bay Lakers,2052200240,2022-12-17,W,122,47,91,0.516,9,28,0.321,12,18,0.667,11,27,38,27,13,9,12,22,5,2022-23,1,True,1612709914.0,STO
1612709890.0,Austin Spurs,2052200241,2022-12-19,L,107,41,83,0.494,3,23,0.13,13,21,0.619,12,32,44,25,7,7,21,26,-20,2022-23,0,False,1612709909.0,DEL
1612709909.0,Delaware Blue Coats,2052200241,2022-12-19,W,127,45,97,0.464,19,37,0.514,11,20,0.55,19,32,51,32,11,5,15,25,20,2022-23,1,True,1612709890.0,AUS
1612709915.0,Maine Celtics,2052200242,2022-12-19,W,112,44,93,0.473,14,40,0.35,5,7,0.714,13,35,48,24,3,1,15,16,6,2022-23,1,False,1612709905.0,SBL
1612709905.0,South Bay Lakers,2052200242,2022-12-19,L,106,43,86,0.5,11,27,0.407,5,11,0.455,8,26,34,24,8,6,10,15,-6,2022-23,0,True,1612709915.0,MNE
1612709923.0,Windy City Bulls,2052200243,2022-12-19,W,102,38,92,0.413,9,30,0.3,11,17,0.647,17,38,55,19,9,5,18,16,6,2022-23,1,False,1612709908.0,RGV
1612709908.0,Rio Grande Valley Vipers,2052200243,2022-12-19,L,96,33,85,0.388,21,55,0.382,5,9,0.556,9,28,37,21,6,14,16,23,-6,2022-23,0,True,1612709923.0,WCB
1612709911.0,Iowa Wolves,2052200244,2022-12-19,L,95,32,93,0.344,12,43,0.279,11,16,0.688,15,32,47,18,4,6,16,17,-26,2022-23,0,False,1612709924.0,ACC
1612709924.0,Agua Caliente Clippers,2052200244,2022-12-19,W,121,49,98,0.5,18,38,0.474,2,6,0.333,15,42,57,32,8,8,17,26,26,2022-23,1,True,1612709911.0,IWA
1612709903.0,Salt Lake City Stars,2052200245,2022-12-19,L,104,38,82,0.463,11,28,0.393,9,13,0.692,13,20,33,18,10,3,17,33,-5,2022-23,0,False,1612709928.0,CCG
1612709928.0,Capital City Go-Go,2052200245,2022-12-19,W,109,31,72,0.431,8,19,0.421,22,23,0.957,10,29,39,18,3,0,19,22,5,2022-23,1,True,1612709903.0,SLC
1612709893.0,Cleveland Charge,2052200246,2022-12-19,W,120,37,87,0.425,17,41,0.415,19,21,0.905,12,31,43,26,6,2,12,26,16,2022-23,1,False,1612709929.0,CPS
1612709929.0,College Park Skyhawks,2052200246,2022-12-19,L,104,32,74,0.432,8,28,0.286,16,19,0.842,10,33,43,13,7,8,16,23,-16,2022-23,0,True,1612709893.0,CLC
1612709922.0,Greensboro Swarm,2052200247,2022-12-20,L,91,36,79,0.456,7,32,0.219,7,10,0.7,11,29,40,22,8,6,17,23,-17,2022-23,0,False,1612709904.0,SXF
1612709904.0,Sioux Falls Skyforce,2052200247,2022-12-20,W,108,40,86,0.465,7,26,0.269,13,15,0.867,11,33,44,19,8,5,11,16,17,2022-23,1,True,1612709922.0,GBO
1612709902.0,Santa Cruz Warriors,2052200248,2022-12-20,L,96,40,92,0.435,9,32,0.281,4,4,1.0,17,26,43,28,5,7,18,19,-38,2022-23,0,False,1612709910.0,FWN
1612709910.0,Fort Wayne Mad Ants,2052200248,2022-12-20,W,134,51,92,0.554,17,39,0.436,11,14,0.786,12,30,42,37,11,2,10,9,38,2022-23,1,True,1612709902.0,SCW
1612709913.0,Birmingham Squadron,2052200249,2022-12-20,L,85,34,77,0.442,8,23,0.348,5,5,1.0,8,31,39,24,8,4,21,18,-14,2022-23,0,False,1612709927.0,WIS
1612709927.0,Wisconsin Herd,2052200249,2022-12-20,W,99,37,82,0.451,9,34,0.265,9,12,0.75,12,25,37,25,11,3,14,10,14,2022-23,1,True,1612709913.0,BIR
1612709918.0,Texas Legends,2052200250,2022-12-20,W,123,45,82,0.549,11,29,0.379,12,16,0.75,9,29,38,31,5,4,13,15,8,2022-23,1,False,1612709920.0,RAP
1612709920.0,Raptors 905,2052200250,2022-12-20,L,115,44,89,0.494,11,32,0.344,9,11,0.818,15,26,41,22,9,5,15,22,-8,2022-23,0,True,1612709918.0,TEX
1612709914.0,Stockton Kings,2052200251,2022-12-20,W,92,30,90,0.333,11,32,0.344,13,15,0.867,14,31,45,20,16,7,21,13,4,2022-23,1,False,1612709921.0,LIN
1612709921.0,Long Island Nets,2052200251,2022-12-20,L,88,36,85,0.424,10,28,0.357,3,4,0.75,10,38,48,20,9,6,25,21,-4,2022-23,0,True,1612709914.0,STO
1612709915.0,Maine Celtics,2052200252,2022-12-20,L,112,41,87,0.471,15,45,0.333,8,8,1.0,13,26,39,25,6,3,15,22,-12,2022-23,0,False,1612709924.0,ACC
1612709924.0,Agua Caliente Clippers,2052200252,2022-12-20,W,124,45,79,0.57,11,26,0.423,14,15,0.933,6,24,30,24,7,3,8,17,12,2022-23,1,True,1612709915.0,MNE
1612709926.0,Memphis Hustle,2052200253,2022-12-20,W,101,41,83,0.494,11,28,0.393,5,9,0.556,13,42,55,20,7,4,21,19,11,2022-23,1,False,1612709919.0,WES
1612709919.0,Westchester Knicks,2052200253,2022-12-20,L,90,32,83,0.386,12,33,0.364,8,14,0.571,8,27,35,20,9,5,14,25,-11,2022-23,0,True,1612709926.0,MHU
1612709923.0,Windy City Bulls,2052200254,2022-12-20,W,96,35,89,0.393,11,36,0.306,9,11,0.818,12,35,47,21,11,1,18,21,2,2022-23,1,False,1612709893.0,CLC
1612709893.0,Cleveland Charge,2052200254,2022-12-20,L,94,33,71,0.465,10,33,0.303,11,19,0.579,5,35,40,23,9,11,18,19,-2,2022-23,0,True,1612709923.0,WCB
1612709930.0,G League Ignite,2052200255,2022-12-20,L,88,29,73,0.397,9,27,0.333,13,15,0.867,9,36,45,16,6,3,17,26,-8,2022-23,0,False,1612709932.0,MCC
1612709932.0,Motor City Cruise,2052200255,2022-12-20,W,96,35,86,0.407,13,32,0.406,7,16,0.438,10,29,39,24,8,1,7,24,8,2022-23,1,True,1612709930.0,GLI
1612709911.0,Iowa Wolves,2052200256,2022-12-21,L,119,41,83,0.494,16,43,0.372,12,17,0.706,6,32,38,28,7,5,21,24,-6,2022-23,0,False,1612709908.0,RGV
1612709908.0,Rio Grande Valley Vipers,2052200256,2022-12-21,W,125,44,92,0.478,15,43,0.349,11,14,0.786,11,32,43,29,11,3,18,28,6,2022-23,1,True,1612709911.0,IWA
1612709929.0,College Park Skyhawks,2052200257,2022-12-21,L,113,39,91,0.429,13,33,0.394,12,14,0.857,8,39,47,29,8,9,13,19,-2,2022-23,0,False,1612709905.0,SBL
1612709905.0,South Bay Lakers,2052200257,2022-12-21,W,115,42,107,0.393,12,36,0.333,11,13,0.846,20,38,58,23,9,8,12,23,2,2022-23,1,True,1612709929.0,CPS
1612709928.0,Capital City Go-Go,2052200258,2022-12-21,W,108,39,94,0.415,11,36,0.306,11,14,0.786,4,29,33,28,16,9,17,26,3,2022-23,1,False,1612709902.0,SCW
1612709902.0,Santa Cruz Warriors,2052200258,2022-12-21,L,105,36,90,0.4,9,37,0.243,19,26,0.731,16,45,61,18,7,6,32,23,-3,2022-23,0,True,1612709928.0,CCG
1612709917.0,Grand Rapids Gold,2052200259,2022-12-21,W,110,43,78,0.551,12,29,0.414,7,8,0.875,9,24,33,27,6,3,15,22,10,2022-23,1,False,1612709903.0,SLC
1612709903.0,Salt Lake City Stars,2052200259,2022-12-21,L,100,35,76,0.461,12,34,0.353,9,15,0.6,17,21,38,15,8,5,18,17,-10,2022-23,0,True,1612709917.0,GRG
1612709925.0,Lakeland Magic,2052200260,2022-12-21,L,102,38,86,0.442,11,39,0.282,9,10,0.9,18,22,40,20,12,6,25,17,-31,2022-23,0,False,1612709889.0,OKL
1612709889.0,Oklahoma City Blue,2052200260,2022-12-21,W,133,50,81,0.617,14,24,0.583,11,13,0.846,8,29,37,30,15,4,20,16,31,2022-23,1,True,1612709925.0,LAK
1612709927.0,Wisconsin Herd,2052200261,2022-12-21,W,114,36,86,0.419,16,42,0.381,15,19,0.789,9,27,36,24,10,6,9,10,2,2022-23,1,False,1612709890.0,AUS
1612709890.0,Austin Spurs,2052200261,2022-12-21,L,112,45,97,0.464,13,31,0.419,6,7,0.857,20,37,57,23,6,7,17,23,-2,2022-23,0,True,1612709927.0,WIS
1612709920.0,Raptors 905,2052200262,2022-12-21,L,110,32,77,0.416,13,35,0.371,19,23,0.826,15,19,34,19,10,6,21,24,-14,2022-23,0,False,1612709931.0,MXC
1612709931.0,Ciudad de Mexico Capitanes,2052200262,2022-12-21,W,124,44,77,0.571,15,32,0.469,13,19,0.684,13,30,43,28,14,4,27,30,14,2022-23,1,True,1612709920.0,RAP
1612709909.0,Delaware Blue Coats,2052200263,2022-12-21,W,118,45,93,0.484,10,23,0.435,11,18,0.611,17,36,53,28,4,2,15,12,5,2022-23,1,False,1612709904.0,SXF
1612709904.0,Sioux Falls Skyforce,2052200263,2022-12-21,L,113,43,86,0.5,17,39,0.436,7,10,0.7,8,26,34,25,10,7,12,22,-5,2022-23,0,True,1612709909.0,DEL
1612709930.0,G League Ignite,2052200264,2022-12-22,L,90,35,74,0.473,9,24,0.375,7,8,0.875,8,29,37,20,9,4,20,24,-19,2022-23,0,False,1612709922.0,GBO
1612709922.0,Greensboro Swarm,2052200264,2022-12-22,W,109,46,85,0.541,7,25,0.28,8,13,0.615,10,27,37,26,7,1,14,17,19,2022-23,1,True,1612709930.0,GLI
1612709918.0,Texas Legends,2052200265,2022-12-22,W,123,45,76,0.592,16,28,0.571,9,11,0.818,4,27,31,25,10,5,14,16,15,2022-23,1,False,1612709921.0,LIN
1612709921.0,Long Island Nets,2052200265,2022-12-22,L,108,39,79,0.494,12,33,0.364,10,11,0.909,11,26,37,19,8,2,18,17,-15,2022-23,0,True,1612709918.0,TEX
1612709923.0,Windy City Bulls,2052200266,2022-12-22,L,97,39,100,0.39,7,28,0.25,8,10,0.8,20,29,49,18,8,2,13,15,-2,2022-23,0,False,1612709924.0,ACC
1612709924.0,Agua Caliente Clippers,2052200266,2022-12-22,W,99,37,77,0.481,11,35,0.314,9,13,0.692,8,34,42,21,9,13,17,16,2,2022-23,1,True,1612709923.0,WCB
1612709926.0,Memphis Hustle,2052200267,2022-12-22,W,112,37,71,0.521,15,36,0.417,14,21,0.667,3,34,37,25,4,6,16,16,12,2022-23,1,False,1612709932.0,MCC
1612709932.0,Motor City Cruise,2052200267,2022-12-22,L,100,38,90,0.422,9,33,0.273,9,13,0.692,11,32,43,23,8,4,15,30,-12,2022-23,0,True,1612709926.0,MHU
1612709914.0,Stockton Kings,2052200268,2022-12-22,W,111,42,88,0.477,6,26,0.231,13,16,0.813,9,27,36,21,13,6,12,22,6,2022-23,1,False,1612709925.0,LAK
1612709925.0,Lakeland Magic,2052200268,2022-12-22,L,105,40,79,0.506,10,24,0.417,12,17,0.706,14,33,47,22,3,5,25,24,-6,2022-23,0,True,1612709914.0,STO
1612709910.0,Fort Wayne Mad Ants,2052200269,2022-12-22,W,132,50,92,0.543,17,38,0.447,9,12,0.75,11,23,34,30,8,2,12,17,1,2022-23,1,False,1612709889.0,OKL
1612709889.0,Oklahoma City Blue,2052200269,2022-12-22,L,131,48,85,0.565,18,39,0.462,9,14,0.643,12,30,42,27,9,3,18,14,-1,2022-23,0,True,1612709910.0,FWN
1612709913.0,Birmingham Squadron,2052200270,2022-12-22,L,100,35,81,0.432,9,28,0.321,14,16,0.875,11,24,35,19,10,7,14,16,-11,2022-23,0,False,1612709917.0,GRG
1612709917.0,Grand Rapids Gold,2052200270,2022-12-22,W,111,39,77,0.506,15,35,0.429,11,12,0.917,8,31,39,32,7,4,20,15,11,2022-23,1,True,1612709913.0,BIR
1612709919.0,Westchester Knicks,2052200271,2022-12-22,L,113,44,82,0.537,11,26,0.423,10,14,0.714,9,27,36,28,8,4,12,19,-1,2022-23,0,False,1612709931.0,MXC
1612709931.0,Ciudad de Mexico Capitanes,2052200271,2022-12-22,W,114,42,79,0.532,8,24,0.333,14,15,0.933,8,25,33,26,8,7,13,21,1,2022-23,1,True,1612709919.0,WES
1612709915.0,Maine Celtics,2052300001,2023-11-10,L,127,50,101,0.495,17,42,0.405,6,8,0.75,16,32,48,26,6,7,14,25,-10,2023-24,0,False,1612709928.0,CCG
1612709928.0,Capital City Go-Go,2052300001,2023-11-10,W,137,47,92,0.511,15,32,0.469,19,22,0.864,12,32,44,22,5,3,10,17,10,2023-24,1,True,1612709915.0,MNE
1612709927.0,Wisconsin Herd,2052300002,2023-11-10,L,109,43,89,0.483,9,35,0.257,8,16,0.5,15,28,43,24,11,6,14,23,-7,2023-24,0,False,1612709893.0,CLC
1612709893.0,Cleveland Charge,2052300002,2023-11-10,W,116,37,78,0.474,15,40,0.375,16,19,0.842,9,36,45,21,10,4,18,19,7,2023-24,1,True,1612709927.0,WIS
1612709919.0,Westchester Knicks,2052300003,2023-11-10,W,135,52,94,0.553,17,41,0.415,8,12,0.667,10,45,55,29,9,8,17,22,32,2023-24,1,False,1612709909.0,DEL
1612709909.0,Delaware Blue Coats,2052300003,2023-11-10,L,103,34,96,0.354,12,41,0.293,13,19,0.684,19,34,53,18,7,4,16,16,-32,2023-24,0,True,1612709919.0,WES
1612709920.0,Raptors 905,2052300004,2023-11-10,L,120,46,93,0.495,12,44,0.273,9,13,0.692,12,35,47,29,9,4,20,25,-3,2023-24,0,False,1612709921.0,LIN
1612709921.0,Long Island Nets,2052300004,2023-11-10,W,123,38,88,0.432,13,38,0.342,21,22,0.955,15,34,49,25,6,6,20,20,3,2023-24,1,True,1612709920.0,RAP
1612709890.0,Austin Spurs,2052300005,2023-11-10,L,90,35,98,0.357,6,28,0.214,9,14,0.643,13,24,37,17,16,5,20,27,-40,2023-24,0,False,1612709913.0,BHM
1612709913.0,Birmingham Squadron,2052300005,2023-11-10,W,130,46,87,0.529,14,36,0.389,15,17,0.882,14,50,64,24,10,9,25,26,40,2023-24,1,True,1612709890.0,AUS
1612709923.0,Windy City Bulls,2052300006,2023-11-10,L,117,43,85,0.506,11,34,0.324,11,15,0.733,9,33,42,28,8,5,20,28,-8,2023-24,0,False,1612709911.0,IWA
1612709911.0,Iowa Wolves,2052300006,2023-11-10,W,125,44,94,0.468,12,36,0.333,16,21,0.762,14,33,47,31,11,5,14,21,8,2023-24,1,True,1612709923.0,WCB
1612709908.0,Rio Grande Valley Vipers,2052300007,2023-11-10,L,117,47,103,0.456,11,41,0.268,6,10,0.6,16,31,47,22,10,4,13,23,-6,2023-24,0,False,1612709926.0,MHU
1612709926.0,Memphis Hustle,2052300007,2023-11-10,W,123,42,84,0.5,15,39,0.385,14,18,0.778,8,34,42,27,8,5,18,23,6,2023-24,1,True,1612709908.0,RGV
1612709889.0,Oklahoma City Blue,2052300008,2023-11-10,W,108,39,93,0.419,7,36,0.194,14,21,0.667,21,47,68,15,8,8,16,22,13,2023-24,1,False,1612709918.0,TEX
1612709918.0,Texas Legends,2052300008,2023-11-10,L,95,33,88,0.375,13,44,0.295,9,15,0.6,7,37,44,20,9,7,17,26,-13,2023-24,0,True,1612709889.0,OKL
1612709925.0,Osceola Magic,2052300009,2023-11-10,L,97,37,84,0.44,11,44,0.25,8,16,0.5,14,23,37,17,9,2,15,25,-11,2023-24,0,False,1612709931.0,MXC
1612709931.0,Mexico City Capitanes,2052300009,2023-11-10,W,108,40,72,0.556,10,27,0.37,11,16,0.688,10,34,44,23,7,1,20,24,11,2023-24,1,True,1612709925.0,OSC
1612709924.0,Ontario Clippers,2052300010,2023-11-10,W,109,41,93,0.441,11,33,0.333,9,10,0.9,14,34,48,27,13,10,17,21,7,2023-24,1,False,1612709930.0,GLI
1612709930.0,G League Ignite,2052300010,2023-11-10,L,102,37,78,0.474,7,21,0.333,12,16,0.75,6,36,42,23,8,8,21,15,-7,2023-24,0,True,1612709924.0,ONT
1612709914.0,Stockton Kings,2052300011,2023-11-10,L,114,38,94,0.404,15,43,0.349,13,14,0.929,13,20,33,23,8,3,11,27,-11,2023-24,0,False,1612709902.0,SCW
1612709902.0,Santa Cruz Warriors,2052300011,2023-11-10,W,125,44,85,0.518,10,34,0.294,14,18,0.778,14,39,53,35,4,3,19,24,11,2023-24,1,True,1612709914.0,STO
1612709933.0,Rip City Remix,2052300012,2023-11-10,W,133,48,90,0.533,16,38,0.421,13,17,0.765,14,39,53,33,6,6,20,19,28,2023-24,1,False,1612709905.0,SBL
1612709905.0,South Bay Lakers,2052300012,2023-11-10,L,105,42,92,0.457,6,27,0.222,10,14,0.714,8,20,28,23,10,10,15,24,-28,2023-24,0,True,1612709933.0,RCR
1612709922.0,Greensboro Swarm,2052300013,2023-11-11,L,83,27,83,0.325,9,30,0.3,11,14,0.786,9,41,50,18,5,7,16,25,-8,2023-24,0,False,1612709921.0,LIN
1612709921.0,Long Island Nets,2052300013,2023-11-11,W,91,28,86,0.326,8,42,0.19,17,20,0.85,11,41,52,19,7,6,15,26,8,2023-24,1,True,1612709922.0,GBO
1612709923.0,Windy City Bulls,2052300014,2023-11-11,W,104,41,99,0.414,16,48,0.333,4,7,0.571,18,39,57,29,5,4,16,10,25,2023-24,1,False,1612709911.0,IWA
1612709911.0,Iowa Wolves,2052300014,2023-11-11,L,79,33,86,0.384,8,43,0.186,3,7,0.429,11,29,40,25,10,11,17,13,-25,2023-24,0,True,1612709923.0,WCB
1612709908.0,Rio Grande Valley Vipers,2052300015,2023-11-11,W,134,45,104,0.433,16,46,0.348,16,23,0.696,18,41,59,28,12,8,18,27,17,2023-24,1,False,1612709926.0,MHU
1612709926.0,Memphis Hustle,2052300015,2023-11-11,L,117,42,94,0.447,13,36,0.361,11,20,0.55,12,37,49,27,10,13,20,28,-17,2023-24,0,True,1612709908.0,RGV
1612709910.0,Fort Wayne Mad Ants,2052300016,2023-11-11,W,129,45,101,0.446,9,32,0.281,17,22,0.773,25,37,62,28,10,5,17,20,15,2023-24,1,False,1612709904.0,SXF
1612709904.0,Sioux Falls Skyforce,2052300016,2023-11-11,L,114,43,93,0.462,12,37,0.324,9,11,0.818,12,24,36,28,12,3,19,24,-15,2023-24,0,True,1612709910.0,FWN
1612709933.0,Rip City Remix,2052300017,2023-11-11,W,114,38,90,0.422,17,44,0.386,12,19,0.632,19,29,48,25,12,7,23,25,4,2023-24,1,False,1612709905.0,SBL
1612709905.0,South Bay Lakers,2052300017,2023-11-11,L,110,44,89,0.494,5,17,0.294,10,16,0.625,15,33,48,28,13,6,21,26,-4,2023-24,0,True,1612709933.0,RCR
1612709889.0,Oklahoma City Blue,2052300018,2023-11-11,L,110,40,90,0.444,14,39,0.359,10,14,0.714,10,44,54,19,7,4,21,27,-4,2023-24,0,False,1612709918.0,TEX
1612709918.0,Texas Legends,2052300018,2023-11-11,W,114,38,100,0.38,16,52,0.308,16,20,0.8,13,34,47,26,10,8,12,20,4,2023-24,1,True,1612709889.0,OKL
1612709924.0,Ontario Clippers,2052300019,2023-11-11,W,104,35,80,0.438,16,36,0.444,11,15,0.733,9,37,46,28,10,4,16,23,17,2023-24,1,False,1612709930.0,GLI
1612709930.0,G League Ignite,2052300019,2023-11-11,L,87,31,79,0.392,7,27,0.259,9,18,0.5,13,31,44,17,7,5,18,16,-17,2023-24,0,True,1612709924.0,ONT
1612709903.0,Salt Lake City Stars,2052300020,2023-11-11,L,115,39,98,0.398,15,41,0.366,14,17,0.824,19,26,45,20,9,6,18,15,-14,2023-24,0,False,1612709902.0,SCW
1612709902.0,Santa Cruz Warriors,2052300020,2023-11-11,W,129,53,96,0.552,12,31,0.387,5,8,0.625,15,37,52,31,6,13,17,22,14,2023-24,1,True,1612709903.0,SLC
1612709929.0,College Park Skyhawks,2052300021,2023-11-12,W,118,39,82,0.476,14,36,0.389,16,18,0.889,10,29,39,26,10,6,12,26,17,2023-24,1,False,1612709920.0,RAP
1612709920.0,Raptors 905,2052300021,2023-11-12,L,101,35,76,0.461,10,32,0.313,13,16,0.813,6,23,29,26,4,4,15,21,-17,2023-24,0,True,1612709929.0,CPS
1612709932.0,Motor City Cruise,2052300022,2023-11-12,W,112,45,105,0.429,11,37,0.297,6,7,0.857,14,35,49,23,9,3,3,16,13,2023-24,1,False,1612709917.0,GRG
1612709917.0,Grand Rapids Gold,2052300022,2023-11-12,L,99,34,82,0.415,13,36,0.361,11,14,0.786,9,38,47,17,2,4,14,13,-13,2023-24,0,True,1612709932.0,MCC
1612709915.0,Maine Celtics,2052300023,2023-11-12,L,107,38,96,0.396,10,39,0.256,10,12,0.833,15,27,42,23,6,4,12,25,-18,2023-24,0,False,1612709919.0,WES
1612709919.0,Westchester Knicks,2052300023,2023-11-12,W,125,43,79,0.544,15,36,0.417,15,20,0.75,10,35,45,26,8,8,18,21,18,2023-24,1,True,1612709915.0,MNE
1612709925.0,Osceola Magic,2052300024,2023-11-12,L,116,39,88,0.443,15,44,0.341,14,15,0.933,10,32,42,20,9,7,21,32,-20,2023-24,0,False,1612709890.0,AUS
1612709890.0,Austin Spurs,2052300024,2023-11-12,W,136,49,93,0.527,13,29,0.448,15,23,0.652,14,34,48,29,14,5,15,23,20,2023-24,1,True,1612709925.0,OSC
1612709913.0,Birmingham Squadron,2052300025,2023-11-12,W,108,37,82,0.451,13,40,0.325,16,19,0.842,8,40,48,19,5,6,22,27,5,2023-24,1,False,1612709931.0,MXC
1612709931.0,Mexico City Capitanes,2052300025,2023-11-12,L,103,37,91,0.407,8,25,0.32,15,16,0.938,9,31,40,22,11,2,17,28,-5,2023-24,0,True,1612709913.0,BHM
1612709927.0,Wisconsin Herd,2052300026,2023-11-12,L,102,40,92,0.435,10,33,0.303,8,11,0.727,6,33,39,26,9,7,17,23,-5,2023-24,0,False,1612709893.0,CLC
1612709893.0,Cleveland Charge,2052300026,2023-11-12,W,107,32,78,0.41,13,34,0.382,16,17,0.941,8,41,49,20,7,2,20,19,5,2023-24,1,True,1612709927.0,WIS
1612709923.0,Windy City Bulls,2052300027,2023-11-13,W,105,38,91,0.418,8,37,0.216,14,20,0.7,13,31,44,15,12,4,13,17,5,2023-24,1,False,1612709910.0,FWN
1612709910.0,Fort Wayne Mad Ants,2052300027,2023-11-13,L,100,39,92,0.424,9,32,0.281,8,11,0.727,18,38,56,23,7,6,22,25,-5,2023-24,0,True,1612709923.0,WCB
1612709909.0,Delaware Blue Coats,2052300028,2023-11-13,W,120,39,95,0.411,12,29,0.414,20,23,0.87,13,35,48,26,13,4,11,23,4,2023-24,1,False,1612709928.0,CCG
1612709928.0,Capital City Go-Go,2052300028,2023-11-13,L,116,38,82,0.463,13,32,0.406,15,19,0.789,9,38,47,24,3,7,18,27,-4,2023-24,0,True,1612709909.0,DEL
1612709922.0,Greensboro Swarm,2052300029,2023-11-13,L,98,33,84,0.393,11,39,0.282,12,15,0.8,13,32,45,24,10,9,16,16,-7,2023-24,0,False,1612709921.0,LIN
1612709921.0,Long Island Nets,2052300029,2023-11-13,W,105,38,84,0.452,13,35,0.371,9,11,0.818,14,35,49,25,9,6,19,22,7,2023-24,1,True,1612709922.0,GBO
1612709926.0,Memphis Hustle,2052300030,2023-11-13,L,104,32,83,0.386,12,36,0.333,15,21,0.714,11,39,50,16,4,8,16,17,-14,2023-24,0,False,1612709889.0,OKL
1612709889.0,Oklahoma City Blue,2052300030,2023-11-13,W,118,42,93,0.452,20,47,0.426,8,12,0.667,8,42,50,25,5,6,13,26,14,2023-24,1,True,1612709926.0,MHU
1612709913.0,Birmingham Squadron,2052300031,2023-11-13,W,108,39,86,0.453,13,34,0.382,10,14,0.714,12,35,47,19,6,5,15,20,6,2023-24,1,False,1612709931.0,MXC
1612709931.0,Mexico City Capitanes,2052300031,2023-11-13,L,102,37,80,0.463,7,26,0.269,12,18,0.667,8,33,41,16,10,6,13,23,-6,2023-24,0,True,1612709913.0,BHM
1612709930.0,G League Ignite,2052300032,2023-11-13,L,99,38,84,0.452,10,31,0.323,9,10,0.9,5,29,34,25,8,5,34,24,-59,2023-24,0,False,1612709903.0,SLC
1612709903.0,Salt Lake City Stars,2052300032,2023-11-13,W,158,54,96,0.563,18,40,0.45,19,22,0.864,13,36,49,38,24,7,19,17,59,2023-24,1,True,1612709930.0,GLI
1612709933.0,Rip City Remix,2052300033,2023-11-13,L,84,28,91,0.308,9,38,0.237,11,13,0.846,12,31,43,17,11,4,19,24,-38,2023-24,0,False,1612709924.0,ONT
1612709924.0,Ontario Clippers,2052300033,2023-11-13,W,122,42,81,0.519,13,32,0.406,15,19,0.789,5,44,49,21,17,9,18,21,38,2023-24,1,True,1612709933.0,RCR
1612709917.0,Grand Rapids Gold,2052300034,2023-11-14,L,93,36,82,0.439,5,31,0.161,9,17,0.529,8,36,44,23,4,12,15,22,-23,2023-24,0,False,1612709910.0,FWN
1612709910.0,Fort Wayne Mad Ants,2052300034,2023-11-14,W,116,41,103,0.398,12,40,0.3,12,17,0.706,24,37,61,19,8,5,11,21,23,2023-24,1,True,1612709917.0,GRG
1612709911.0,Iowa Wolves,2052300035,2023-11-14,L,114,40,97,0.412,11,34,0.324,14,18,0.778,17,34,51,23,12,6,15,19,-8,2023-24,0,False,1612709932.0,MCC
1612709932.0,Motor City Cruise,2052300035,2023-11-14,W,122,46,94,0.489,12,40,0.3,10,15,0.667,12,37,49,25,8,14,15,20,8,2023-24,1,True,1612709911.0,IWA
1612709929.0,College Park Skyhawks,2052300036,2023-11-14,W,108,37,93,0.398,12,45,0.267,12,13,0.923,19,29,48,25,10,6,9,21,23,2023-24,1,False,1612709920.0,RAP
1612709920.0,Raptors 905,2052300036,2023-11-14,L,85,28,70,0.4,10,32,0.313,11,18,0.611,12,32,44,22,5,4,21,22,-23,2023-24,0,True,1612709929.0,CPS
1612709893.0,Cleveland Charge,2052300037,2023-11-14,L,116,40,93,0.43,14,43,0.326,13,16,0.813,10,31,41,22,6,4,11,22,-13,2023-24,0,False,1612709904.0,SXF
1612709904.0,Sioux Falls Skyforce,2052300037,2023-11-14,W,129,51,94,0.543,8,23,0.348,13,17,0.765,12,33,45,29,4,8,12,20,13,2023-24,1,True,1612709893.0,CLC
1612709914.0,Stockton Kings,2052300038,2023-11-14,W,142,54,96,0.563,14,39,0.359,11,15,0.733,10,38,48,33,18,6,11,25,43,2023-24,1,False,1612709903.0,SLC
1612709903.0,Salt Lake City Stars,2052300038,2023-11-14,L,99,32,80,0.4,10,34,0.294,13,17,0.765,10,31,41,24,5,3,25,18,-43,2023-24,0,True,1612709914.0,STO
1612709919.0,Westchester Knicks,2052300039,2023-11-15,W,118,48,94,0.511,8,30,0.267,8,13,0.615,14,41,55,23,8,9,16,20,29,2023-24,1,False,1612709922.0,GBO
1612709922.0,Greensboro Swarm,2052300039,2023-11-15,L,89,28,91,0.308,11,38,0.289,11,15,0.733,19,31,50,18,5,5,16,20,-29,2023-24,0,True,1612709919.0,WES
1612709909.0,Delaware Blue Coats,2052300040,2023-11-15,L,114,39,94,0.415,14,37,0.378,14,17,0.824,14,31,45,25,8,5,13,22,-6,2023-24,0,False,1612709928.0,CCG
1612709928.0,Capital City Go-Go,2052300040,2023-11-15,W,120,41,93,0.441,12,32,0.375,16,22,0.727,21,37,58,27,9,4,12,23,6,2023-24,1,True,1612709909.0,DEL
1612709926.0,Memphis Hustle,2052300041,2023-11-15,L,127,45,86,0.523,14,33,0.424,14,19,0.737,9,27,36,24,16,4,17,22,-2,2023-24,0,False,1612709889.0,OKL
1612709889.0,Oklahoma City Blue,2052300041,2023-11-15,W,129,44,89,0.494,16,37,0.432,15,16,0.938,10,33,43,26,7,5,22,22,2,2023-24,1,True,1612709926.0,MHU
1612709908.0,Rio Grande Valley Vipers,2052300042,2023-11-15,W,140,48,95,0.505,15,38,0.395,17,25,0.68,12,40,52,25,11,7,13,22,16,2023-24,1,False,1612709890.0,AUS
1612709890.0,Austin Spurs,2052300042,2023-11-15,L,124,49,96,0.51,12,37,0.324,8,17,0.471,12,39,51,32,6,4,20,29,-16,2023-24,0,True,1612709908.0,RGV
1612709918.0,Texas Legends,2052300043,2023-11-16,L,129,46,102,0.451,13,46,0.283,17,19,0.895,17,30,47,33,10,5,15,21,-7,2023-24,0,False,1612709925.0,OSC
1612709925.0,Osceola Magic,2052300043,2023-11-16,W,136,49,96,0.51,14,37,0.378,16,18,0.889,15,35,50,28,10,2,17,23,7,2023-24,1,True,1612709918.0,TEX
1612709911.0,Iowa Wolves,2052300044,2023-11-16,L,104,39,90,0.433,9,30,0.3,9,14,0.643,13,31,44,20,10,7,17,22,-4,2023-24,0,False,1612709927.0,WIS
1612709927.0,Wisconsin Herd,2052300044,2023-11-16,W,108,35,86,0.407,11,30,0.367,17,19,0.895,13,32,45,22,10,9,16,20,4,2023-24,1,True,1612709911.0,IWA
1612709917.0,Grand Rapids Gold,2052300045,2023-11-16,L,94,31,86,0.36,10,39,0.256,14,16,0.875,7,44,51,19,9,11,24,24,-6,2023-24,0,False,1612709904.0,SXF
1612709904.0,Sioux Falls Skyforce,2052300045,2023-11-16,W,100,36,93,0.387,8,34,0.235,12,20,0.6,16,44,60,23,16,6,17,24,6,2023-24,1,True,1612709917.0,GRG
1612709914.0,Stockton Kings,2052300046,2023-11-16,L,121,46,97,0.474,11,33,0.333,10,20,0.5,10,34,44,32,8,1,12,21,-8,2023-24,0,False,1612709903.0,SLC
1612709903.0,Salt Lake City Stars,2052300046,2023-11-16,W,129,48,101,0.475,16,41,0.39,10,12,0.833,10,44,54,32,7,8,16,24,8,2023-24,1,True,1612709914.0,STO
1612709920.0,Raptors 905,2052300047,2023-11-17,L,82,33,84,0.393,6,30,0.2,6,14,0.429,9,28,37,17,10,5,17,23,-26,2023-24,0,False,1612709922.0,GBO
1612709922.0,Greensboro Swarm,2052300047,2023-11-17,W,108,39,83,0.47,8,19,0.421,13,15,0.867,12,40,52,29,9,5,16,20,26,2023-24,1,True,1612709920.0,RAP
1612709921.0,Long Island Nets,2052300048,2023-11-17,L,105,39,92,0.424,13,45,0.289,8,11,0.727,10,36,46,26,7,4,14,23,-11,2023-24,0,False,1612709915.0,MNE
1612709915.0,Maine Celtics,2052300048,2023-11-17,W,116,38,91,0.418,17,51,0.333,13,18,0.722,15,42,57,25,10,6,15,15,11,2023-24,1,True,1612709921.0,LIN
1612709926.0,Memphis Hustle,2052300049,2023-11-17,L,116,40,94,0.426,17,43,0.395,12,15,0.8,12,35,47,29,5,5,17,25,-9,2023-24,0,False,1612709925.0,OSC
1612709925.0,Osceola Magic,2052300049,2023-11-17,W,125,40,90,0.444,16,45,0.356,18,20,0.9,15,32,47,16,13,3,15,22,9,2023-24,1,True,1612709926.0,MHU
1612709905.0,South Bay Lakers,2052300050,2023-11-17,W,114,40,81,0.494,9,32,0.281,17,21,0.81,7,34,41,24,11,8,19,18,4,2023-24,1,False,1612709933.0,RCR
1612709933.0,Rip City Remix,2052300050,2023-11-17,L,110,42,92,0.457,14,45,0.311,8,11,0.727,12,32,44,22,13,4,19,24,-4,2023-24,0,True,1612709905.0,SBL
1612709930.0,G League Ignite,2052300051,2023-11-17,L,112,44,94,0.468,17,40,0.425,5,11,0.455,9,30,39,26,12,8,15,23,-9,2023-24,0,False,1612709902.0,SCW
1612709902.0,Santa Cruz Warriors,2052300051,2023-11-17,W,121,45,87,0.517,9,33,0.273,12,18,0.667,12,40,52,29,7,7,15,16,9,2023-24,1,True,1612709930.0,GLI
1612709909.0,Delaware Blue Coats,2052300052,2023-11-18,W,126,45,87,0.517,15,31,0.484,13,19,0.684,11,29,40,26,7,5,16,18,13,2023-24,1,False,1612709919.0,WES
1612709919.0,Westchester Knicks,2052300052,2023-11-18,L,113,45,99,0.455,11,36,0.306,8,16,0.5,22,32,54,23,7,5,18,25,-13,2023-24,0,True,1612709909.0,DEL
1612709928.0,Capital City Go-Go,2052300053,2023-11-18,W,111,37,79,0.468,10,38,0.263,18,22,0.818,7,34,41,19,5,7,14,26,6,2023-24,1,False,1612709929.0,CPS
1612709929.0,College Park Skyhawks,2052300053,2023-11-18,L,105,37,76,0.487,11,32,0.344,12,18,0.667,5,33,38,18,4,5,14,29,-6,2023-24,0,True,1612709928.0,CCG
1612709893.0,Cleveland Charge,2052300054,2023-11-18,W,104,36,75,0.48,17,44,0.386,10,13,0.769,6,34,40,26,9,6,18,15,4,2023-24,1,False,1612709923.0,WCB
1612709923.0,Windy City Bulls,2052300054,2023-11-18,L,100,38,100,0.38,9,39,0.231,9,12,0.75,24,34,58,25,11,2,12,14,-4,2023-24,0,True,1612709893.0,CLC
1612709924.0,Ontario Clippers,2052300055,2023-11-18,W,103,38,88,0.432,20,47,0.426,5,7,0.714,12,43,55,29,7,6,14,16,28,2023-24,1,False,1612709933.0,RCR
1612709933.0,Rip City Remix,2052300055,2023-11-18,L,75,28,83,0.337,7,32,0.219,7,11,0.636,11,35,46,15,11,7,18,17,-28,2023-24,0,True,1612709924.0,ONT
1612709932.0,Motor City Cruise,2052300056,2023-11-18,W,112,41,89,0.461,13,35,0.371,10,13,0.769,13,32,45,20,8,5,13,16,10,2023-24,1,False,1612709917.0,GRG
1612709917.0,Grand Rapids Gold,2052300056,2023-11-18,L,102,40,82,0.488,9,29,0.31,9,11,0.818,8,31,39,16,4,5,18,18,-10,2023-24,0,True,1612709932.0,MCC
1612709920.0,Raptors 905,2052300057,2023-11-18,L,81,29,95,0.305,3,32,0.094,13,21,0.619,19,30,49,16,5,8,9,15,-24,2023-24,0,False,1612709922.0,GBO
1612709922.0,Greensboro Swarm,2052300057,2023-11-18,W,105,40,91,0.44,9,30,0.3,9,11,0.818,14,42,56,27,5,11,11,19,24,2023-24,1,True,1612709920.0,RAP
1612709911.0,Iowa Wolves,2052300058,2023-11-18,L,104,38,91,0.418,8,33,0.242,13,16,0.813,12,32,44,21,10,6,13,24,-3,2023-24,0,False,1612709927.0,WIS
1612709927.0,Wisconsin Herd,2052300058,2023-11-18,W,107,39,87,0.448,11,33,0.333,13,19,0.684,15,37,52,26,9,10,17,18,3,2023-24,1,True,1612709911.0,IWA
1612709921.0,Long Island Nets,2052300059,2023-11-19,L,95,33,88,0.375,10,40,0.25,10,12,0.833,10,24,34,22,8,5,11,23,-39,2023-24,0,False,1612709915.0,MNE
1612709915.0,Maine Celtics,2052300059,2023-11-19,W,134,44,79,0.557,24,43,0.558,12,16,0.75,11,40,51,32,4,5,13,16,39,2023-24,1,True,1612709921.0,LIN
1612709928.0,Capital City Go-Go,2052300060,2023-11-19,L,104,35,85,0.412,12,38,0.316,12,16,0.75,10,32,42,23,13,6,12,29,-6,2023-24,0,False,1612709929.0,CPS
1612709929.0,College Park Skyhawks,2052300060,2023-11-19,W,110,35,74,0.473,10,32,0.313,21,26,0.808,7,38,45,22,6,6,18,19,6,2023-24,1,True,1612709928.0,CCG
1612709931.0,Mexico City Capitanes,2052300061,2023-11-19,L,101,32,74,0.432,14,36,0.389,12,18,0.667,8,33,41,22,6,6,21,22,-4,2023-24,0,False,1612709926.0,MHU
1612709926.0,Memphis Hustle,2052300061,2023-11-19,W,105,36,79,0.456,12,39,0.308,13,16,0.813,7,33,40,22,12,4,15,26,4,2023-24,1,True,1612709931.0,MXC
1612709918.0,Texas Legends,2052300062,2023-11-19,W,119,45,89,0.506,18,40,0.45,6,11,0.545,6,31,37,33,8,5,14,15,14,2023-24,1,False,1612709913.0,BHM
1612709913.0,Birmingham Squadron,2052300062,2023-11-19,L,105,40,97,0.412,14,40,0.35,6,8,0.75,19,36,55,27,7,3,22,22,-14,2023-24,0,True,1612709918.0,TEX
1612709893.0,Cleveland Charge,2052300063,2023-11-19,L,75,26,82,0.317,10,41,0.244,8,13,0.615,13,34,47,15,6,9,18,11,-19,2023-24,0,False,1612709923.0,WCB
1612709923.0,Windy City Bulls,2052300063,2023-11-19,W,94,39,93,0.419,12,40,0.3,4,6,0.667,12,39,51,23,11,7,14,18,19,2023-24,1,True,1612709893.0,CLC
1612709902.0,Santa Cruz Warriors,2052300064,2023-11-19,W,125,46,90,0.511,17,40,0.425,9,11,0.818,14,43,57,36,9,6,20,21,24,2023-24,1,False,1612709930.0,GLI
1612709930.0,G League Ignite,2052300064,2023-11-19,L,101,38,96,0.396,8,34,0.235,12,17,0.706,15,25,40,24,8,4,13,17,-24,2023-24,0,True,1612709902.0,SCW
1612709904.0,Sioux Falls Skyforce,2052300065,2023-11-19,L,121,44,85,0.518,16,34,0.471,13,17,0.765,12,29,41,24,10,2,23,14,-2,2023-24,0,False,1612709927.0,WIS
1612709927.0,Wisconsin Herd,2052300065,2023-11-19,W,123,44,90,0.489,14,38,0.368,14,15,0.933,12,25,37,27,15,11,16,19,2,2023-24,1,True,1612709904.0,SXF
1612709889.0,Oklahoma City Blue,2052300066,2023-11-19,L,107,38,93,0.409,15,46,0.326,10,17,0.588,10,33,43,23,11,3,13,25,-11,2023-24,0,False,1612709890.0,AUS
1612709890.0,Austin Spurs,2052300066,2023-11-19,W,118,42,92,0.457,10,33,0.303,14,24,0.583,13,46,59,26,8,5,16,22,11,2023-24,1,True,1612709889.0,OKL
1612709905.0,South Bay Lakers,2052300067,2023-11-19,L,101,40,94,0.426,12,43,0.279,5,10,0.5,14,31,45,22,10,8,17,16,-11,2023-24,0,False,1612709914.0,STO
1612709914.0,Stockton Kings,2052300067,2023-11-19,W,112,45,97,0.464,10,41,0.244,7,7,1.0,13,39,52,25,14,8,16,19,11,2023-24,1,True,1612709905.0,SBL
1612709920.0,Raptors 905,2052300068,2023-11-20,L,101,36,76,0.474,8,24,0.333,12,16,0.75,10,37,47,25,7,9,30,30,-24,2023-24,0,False,1612709919.0,WES
1612709919.0,Westchester Knicks,2052300068,2023-11-20,W,125,43,92,0.467,15,39,0.385,14,21,0.667,9,24,33,30,18,6,15,24,24,2023-24,1,True,1612709920.0,RAP
1612709932.0,Motor City Cruise,2052300069,2023-11-20,W,124,47,89,0.528,16,41,0.39,8,15,0.533,15,32,47,29,5,7,16,24,2,2023-24,1,False,1612709911.0,IWA
1612709911.0,Iowa Wolves,2052300069,2023-11-20,L,122,44,89,0.494,12,35,0.343,15,16,0.938,7,26,33,22,7,2,11,17,-2,2023-24,0,True,1612709932.0,MCC
1612709931.0,Mexico City Capitanes,2052300070,2023-11-20,W,124,46,93,0.495,16,36,0.444,9,12,0.75,15,34,49,26,11,4,14,22,20,2023-24,1,False,1612709926.0,MHU
1612709926.0,Memphis Hustle,2052300070,2023-11-20,L,104,34,78,0.436,16,40,0.4,12,15,0.8,9,32,41,20,4,4,21,20,-20,2023-24,0,True,1612709931.0,MXC
1612709924.0,Ontario Clippers,2052300071,2023-11-20,L,103,37,89,0.416,5,27,0.185,14,19,0.737,16,28,44,18,11,8,12,24,-4,2023-24,0,False,1612709933.0,RCR
1612709933.0,Rip City Remix,2052300071,2023-11-20,W,107,36,83,0.434,12,32,0.375,15,22,0.682,12,31,43,22,7,14,17,23,4,2023-24,1,True,1612709924.0,ONT
1612709904.0,Sioux Falls Skyforce,2052300072,2023-11-21,W,117,46,92,0.5,16,36,0.444,6,8,0.75,14,33,47,27,6,5,21,24,11,2023-24,1,False,1612709927.0,WIS
1612709927.0,Wisconsin Herd,2052300072,2023-11-21,L,106,38,96,0.396,10,27,0.37,11,17,0.647,19,28,47,26,9,6,15,12,-11,2023-24,0,True,1612709904.0,SXF
1612709918.0,Texas Legends,2052300073,2023-11-21,L,121,41,84,0.488,21,41,0.512,10,13,0.769,11,32,43,26,4,8,19,18,-13,2023-24,0,False,1612709913.0,BHM
1612709913.0,Birmingham Squadron,2052300073,2023-11-21,W,134,51,101,0.505,17,42,0.405,10,14,0.714,13,32,45,31,13,2,12,21,13,2023-24,1,True,1612709918.0,TEX
1612709902.0,Santa Cruz Warriors,2052300074,2023-11-21,W,140,54,112,0.482,20,50,0.4,8,10,0.8,27,33,60,37,11,6,18,14,14,2023-24,1,False,1612709903.0,SLC
1612709903.0,Salt Lake City Stars,2052300074,2023-11-21,L,126,46,96,0.479,22,52,0.423,8,9,0.889,10,27,37,35,9,6,20,17,-14,2023-24,0,True,1612709902.0,SCW
1612709905.0,South Bay Lakers,2052300075,2023-11-21,W,120,39,78,0.5,17,33,0.515,15,19,0.789,12,30,42,26,6,7,23,19,15,2023-24,1,False,1612709914.0,STO
1612709914.0,Stockton Kings,2052300075,2023-11-21,L,105,37,90,0.411,9,42,0.214,11,14,0.786,21,27,48,21,16,4,20,25,-15,2023-24,0,True,1612709905.0,SBL
1612709932.0,Motor City Cruise,2052300076,2023-11-22,L,107,39,87,0.448,9,31,0.29,11,16,0.688,5,31,36,20,7,5,12,20,-10,2023-24,0,False,1612709910.0,FWN
1612709910.0,Fort Wayne Mad Ants,2052300076,2023-11-22,W,117,48,103,0.466,7,29,0.241,8,12,0.667,22,46,68,23,8,3,17,21,10,2023-24,1,True,1612709932.0,MCC
1612709929.0,College Park Skyhawks,2052300077,2023-11-22,W,106,39,87,0.448,10,38,0.263,14,17,0.824,10,32,42,18,11,7,12,20,5,2023-24,1,False,1612709909.0,DEL
1612709909.0,Delaware Blue Coats,2052300077,2023-11-22,L,101,35,83,0.422,12,41,0.293,11,13,0.846,13,36,49,19,5,3,17,23,-5,2023-24,0,True,1612709929.0,CPS
1612709915.0,Maine Celtics,2052300078,2023-11-22,W,105,39,87,0.448,8,31,0.258,12,18,0.667,15,28,43,19,8,8,14,19,3,2023-24,1,False,1612709922.0,GBO
1612709922.0,Greensboro Swarm,2052300078,2023-11-22,L,102,39,85,0.459,10,27,0.37,7,12,0.583,13,33,46,28,8,6,15,19,-3,2023-24,0,True,1612709915.0,MNE
1612709921.0,Long Island Nets,2052300079,2023-11-22,W,111,37,88,0.42,13,41,0.317,19,24,0.792,12,41,53,25,9,3,15,15,7,2023-24,1,False,1612709919.0,WES
1612709919.0,Westchester Knicks,2052300079,2023-11-22,L,104,38,99,0.384,18,61,0.295,8,10,0.8,14,34,48,25,10,8,16,25,-7,2023-24,0,True,1612709921.0,LIN
1612709904.0,Sioux Falls Skyforce,2052300080,2023-11-22,L,125,43,85,0.506,16,40,0.4,15,20,0.75,8,31,39,36,6,5,23,17,-16,2023-24,0,False,1612709923.0,WCB
1612709923.0,Windy City Bulls,2052300080,2023-11-22,W,141,51,104,0.49,16,44,0.364,12,14,0.857,19,34,53,29,10,3,12,23,16,2023-24,1,True,1612709904.0,SXF
1612709925.0,Osceola Magic,2052300081,2023-11-22,W,143,46,96,0.479,20,48,0.417,19,24,0.792,11,30,41,34,20,3,21,21,16,2023-24,1,False,1612709908.0,RGV
1612709908.0,Rio Grande Valley Vipers,2052300081,2023-11-22,L,127,48,95,0.505,9,31,0.29,13,16,0.813,13,38,51,27,13,10,27,24,-16,2023-24,0,True,1612709925.0,OSC
1612709915.0,Maine Celtics,2052300082,2023-11-24,W,111,39,83,0.47,15,40,0.375,11,14,0.786,12,34,46,22,4,4,17,18,3,2023-24,1,False,1612709922.0,GBO
1612709922.0,Greensboro Swarm,2052300082,2023-11-24,L,108,41,88,0.466,12,34,0.353,8,13,0.615,10,27,37,25,13,5,9,18,-3,2023-24,0,True,1612709915.0,MNE
1612709903.0,Salt Lake City Stars,2052300083,2023-11-24,L,110,35,80,0.438,12,38,0.316,15,22,0.682,10,36,46,19,8,7,19,26,-3,2023-24,0,False,1612709933.0,RCR
1612709933.0,Rip City Remix,2052300083,2023-11-24,W,113,38,90,0.422,14,43,0.326,15,22,0.682,12,33,45,19,10,3,13,26,3,2023-24,1,True,1612709903.0,SLC
1612709893.0,Cleveland Charge,2052300084,2023-11-24,L,92,33,80,0.413,12,29,0.414,7,10,0.7,4,32,36,16,8,9,13,18,-9,2023-24,0,False,1612709932.0,MCC
1612709932.0,Motor City Cruise,2052300084,2023-11-24,W,101,39,95,0.411,11,36,0.306,7,10,0.7,13,40,53,26,8,10,13,15,9,2023-24,1,True,1612709893.0,CLC
1612709889.0,Oklahoma City Blue,2052300085,2023-11-24,W,113,43,96,0.448,19,49,0.388,5,6,0.833,10,42,52,25,7,3,18,15,12,2023-24,1,False,1612709890.0,AUS
1612709890.0,Austin Spurs,2052300085,2023-11-24,L,101,40,90,0.444,13,41,0.317,5,9,0.556,5,35,40,30,12,7,12,14,-12,2023-24,0,True,1612709889.0,OKL
1612709925.0,Osceola Magic,2052300086,2023-11-24,L,133,42,96,0.438,14,52,0.269,21,26,0.808,17,28,45,26,13,8,20,23,-4,2023-24,0,False,1612709908.0,RGV
1612709908.0,Rio Grande Valley Vipers,2052300086,2023-11-24,W,137,54,95,0.568,11,34,0.324,12,17,0.706,13,34,47,30,14,5,24,28,4,2023-24,1,True,1612709925.0,OSC
1612709931.0,Mexico City Capitanes,2052300087,2023-11-24,W,119,42,108,0.389,6,31,0.194,16,18,0.889,21,35,56,11,9,5,10,23,3,2023-24,1,False,1612709918.0,TEX
1612709918.0,Texas Legends,2052300087,2023-11-24,L,116,40,88,0.455,11,37,0.297,15,17,0.882,9,40,49,21,4,9,17,26,-3,2023-24,0,True,1612709931.0,MXC
1612709924.0,Ontario Clippers,2052300088,2023-11-24,W,126,43,88,0.489,21,44,0.477,11,14,0.786,15,36,51,29,12,2,12,19,50,2023-24,1,False,1612709914.0,STO
1612709914.0,Stockton Kings,2052300088,2023-11-24,L,76,26,68,0.382,9,31,0.29,8,11,0.727,4,30,34,23,7,3,19,18,-50,2023-24,0,True,1612709924.0,ONT
1612709928.0,Capital City Go-Go,2052300089,2023-11-25,W,115,48,97,0.495,9,33,0.273,7,13,0.538,12,35,47,26,11,8,12,21,14,2023-24,1,False,1612709920.0,RAP
1612709920.0,Raptors 905,2052300089,2023-11-25,L,101,41,97,0.423,6,31,0.194,7,11,0.636,19,35,54,21,3,8,19,16,-14,2023-24,0,True,1612709928.0,CCG
1612709929.0,College Park Skyhawks,2052300090,2023-11-25,L,94,34,80,0.425,13,35,0.371,9,10,0.9,12,27,39,23,8,3,20,18,-12,2023-24,0,False,1612709909.0,DEL
1612709909.0,Delaware Blue Coats,2052300090,2023-11-25,W,106,37,79,0.468,14,39,0.359,11,12,0.917,9,29,38,22,11,5,17,20,12,2023-24,1,True,1612709929.0,CPS
1612709910.0,Fort Wayne Mad Ants,2052300091,2023-11-25,W,109,41,96,0.427,12,36,0.333,11,15,0.733,18,35,53,22,5,5,16,18,10,2023-24,1,False,1612709917.0,GRG
1612709917.0,Grand Rapids Gold,2052300091,2023-11-25,L,99,37,82,0.451,10,30,0.333,9,11,0.818,5,33,38,22,9,10,16,18,-10,2023-24,0,True,1612709910.0,FWN
1612709919.0,Westchester Knicks,2052300092,2023-11-25,W,109,38,91,0.418,16,44,0.364,10,13,0.769,17,35,52,28,8,6,11,15,9,2023-24,1,False,1612709922.0,GBO
1612709922.0,Greensboro Swarm,2052300092,2023-11-25,L,100,40,83,0.482,8,24,0.333,7,9,0.778,3,35,38,19,8,6,13,18,-9,2023-24,0,True,1612709919.0,WES
1612709911.0,Iowa Wolves,2052300093,2023-11-25,L,97,28,84,0.333,10,30,0.333,16,18,0.889,10,30,40,16,14,5,11,27,-5,2023-24,0,False,1612709904.0,SXF
1612709904.0,Sioux Falls Skyforce,2052300093,2023-11-25,W,102,38,83,0.458,13,36,0.361,9,18,0.5,15,40,55,25,8,9,18,23,5,2023-24,1,True,1612709911.0,IWA
1612709930.0,G League Ignite,2052300094,2023-11-25,L,100,43,99,0.434,6,24,0.25,5,17,0.294,10,31,41,33,12,7,18,22,-34,2023-24,0,False,1612709905.0,SBL
1612709905.0,South Bay Lakers,2052300094,2023-11-25,W,134,52,98,0.531,9,34,0.265,14,15,0.933,11,47,58,34,14,4,22,23,34,2023-24,1,True,1612709930.0,GLI
1612709924.0,Ontario Clippers,2052300095,2023-11-25,L,102,37,76,0.487,17,36,0.472,7,9,0.778,4,27,31,24,9,2,16,21,-5,2023-24,0,False,1612709914.0,STO
1612709914.0,Stockton Kings,2052300095,2023-11-25,W,107,37,73,0.507,13,33,0.394,12,16,0.75,8,30,38,21,10,7,16,19,5,2023-24,1,True,1612709924.0,ONT
1612709889.0,Oklahoma City Blue,2052300096,2023-11-25,L,103,41,92,0.446,15,47,0.319,3,4,0.75,10,26,36,26,7,5,16,18,-24,2023-24,0,False,1612709908.0,RGV
1612709908.0,Rio Grande Valley Vipers,2052300096,2023-11-25,W,127,46,86,0.535,13,30,0.433,13,16,0.813,9,37,46,32,11,7,14,14,24,2023-24,1,True,1612709889.0,OKL
1612709931.0,Mexico City Capitanes,2052300097,2023-11-25,W,117,44,92,0.478,13,33,0.394,10,14,0.714,14,43,57,28,11,9,16,21,33,2023-24,1,False,1612709918.0,TEX
1612709918.0,Texas Legends,2052300097,2023-11-25,L,84,27,82,0.329,10,37,0.27,12,14,0.857,12,31,43,14,5,7,21,20,-33,2023-24,0,True,1612709931.0,MXC
1612709926.0,Memphis Hustle,2052300098,2023-11-26,W,129,49,101,0.485,14,39,0.359,12,17,0.706,15,34,49,28,11,2,14,20,17,2023-24,1,False,1612709913.0,BHM
1612709913.0,Birmingham Squadron,2052300098,2023-11-26,L,112,42,95,0.442,11,41,0.268,9,13,0.692,9,37,46,23,8,4,16,21,-17,2023-24,0,True,1612709926.0,MHU
1612709911.0,Iowa Wolves,2052300099,2023-11-26,W,103,37,86,0.43,13,35,0.371,9,10,0.9,12,37,49,21,12,13,18,24,17,2023-24,1,False,1612709904.0,SXF
1612709904.0,Sioux Falls Skyforce,2052300099,2023-11-26,L,86,33,88,0.375,9,32,0.281,7,15,0.467,17,32,49,23,10,8,20,14,-17,2023-24,0,True,1612709911.0,IWA
1612709925.0,Osceola Magic,2052300100,2023-11-26,W,123,42,92,0.457,20,49,0.408,13,18,0.722,6,35,41,29,14,5,14,21,7,2023-24,1,False,1612709890.0,AUS
1612709890.0,Austin Spurs,2052300100,2023-11-26,L,116,43,90,0.478,15,37,0.405,10,18,0.556,12,42,54,28,10,4,22,24,-7,2023-24,0,True,1612709925.0,OSC
1612709903.0,Salt Lake City Stars,2052300101,2023-11-26,W,102,36,76,0.474,12,31,0.387,11,16,0.688,14,36,50,17,13,5,25,22,13,2023-24,1,False,1612709933.0,RCR
1612709933.0,Rip City Remix,2052300101,2023-11-26,L,89,35,90,0.389,8,36,0.222,7,12,0.583,18,24,42,18,13,7,17,21,-13,2023-24,0,True,1612709903.0,SLC
1612709930.0,G League Ignite,2052300102,2023-11-26,L,126,43,103,0.417,17,42,0.405,13,24,0.542,16,25,41,29,7,4,9,22,-24,2023-24,0,False,1612709905.0,SBL
1612709905.0,South Bay Lakers,2052300102,2023-11-26,W,150,58,94,0.617,14,33,0.424,12,18,0.667,13,45,58,36,6,8,17,26,24,2023-24,1,True,1612709930.0,GLI
1612709902.0,Santa Cruz Warriors,2052300103,2023-11-27,L,99,39,90,0.433,9,34,0.265,7,11,0.636,14,23,37,23,11,5,26,19,-24,2023-24,0,False,1612709924.0,ONT
1612709924.0,Ontario Clippers,2052300103,2023-11-27,W,123,46,88,0.523,11,33,0.333,12,12,1.0,14,34,48,28,17,8,23,14,24,2023-24,1,True,1612709902.0,SCW
1612709917.0,Grand Rapids Gold,2052300104,2023-11-27,L,92,33,87,0.379,10,37,0.27,10,13,0.769,8,42,50,24,8,5,13,14,-10,2023-24,0,False,1612709893.0,CLC
1612709893.0,Cleveland Charge,2052300104,2023-11-27,W,102,34,85,0.4,12,41,0.293,14,15,0.933,8,41,49,14,10,6,13,17,10,2023-24,1,True,1612709917.0,GRG
1612709928.0,Capital City Go-Go,2052300105,2023-11-27,W,123,47,92,0.511,12,35,0.343,12,14,0.857,12,41,53,29,8,9,22,31,10,2023-24,1,False,1612709920.0,RAP
1612709920.0,Raptors 905,2052300105,2023-11-27,L,113,35,89,0.393,9,38,0.237,21,23,0.913,10,32,42,17,12,7,16,22,-10,2023-24,0,True,1612709928.0,CCG
1612709923.0,Windy City Bulls,2052300106,2023-11-28,L,97,35,85,0.412,7,25,0.28,12,18,0.667,18,23,41,12,5,6,17,23,-34,2023-24,0,False,1612709910.0,FWN
1612709910.0,Fort Wayne Mad Ants,2052300106,2023-11-28,W,131,42,93,0.452,19,42,0.452,16,16,1.0,20,32,52,30,9,7,13,25,34,2023-24,1,True,1612709923.0,WCB
1612709904.0,Sioux Falls Skyforce,2052300107,2023-11-28,W,145,55,95,0.579,17,27,0.63,10,14,0.714,11,33,44,18,10,7,13,19,18,2023-24,1,False,1612709932.0,MCC
1612709932.0,Motor City Cruise,2052300107,2023-11-28,L,127,45,97,0.464,14,37,0.378,14,16,0.875,14,27,41,23,8,13,13,20,-18,2023-24,0,True,1612709904.0,SXF
1612709890.0,Austin Spurs,2052300108,2023-11-28,W,130,51,100,0.51,14,40,0.35,9,18,0.5,18,37,55,27,5,10,10,16,29,2023-24,1,False,1612709926.0,MHU
1612709926.0,Memphis Hustle,2052300108,2023-11-28,L,101,39,96,0.406,9,38,0.237,9,13,0.692,10,34,44,29,5,5,13,25,-29,2023-24,0,True,1612709890.0,AUS
1612709925.0,Osceola Magic,2052300109,2023-11-28,W,122,44,88,0.5,17,49,0.347,12,14,0.857,9,34,43,27,9,1,16,19,7,2023-24,1,False,1612709889.0,OKL
1612709889.0,Oklahoma City Blue,2052300109,2023-11-28,L,115,43,86,0.5,16,42,0.381,8,13,0.615,8,31,39,27,8,6,14,22,-7,2023-24,0,True,1612709925.0,OSC
1612709918.0,Texas Legends,2052300110,2023-11-28,L,114,38,88,0.432,12,41,0.293,16,18,0.889,16,37,53,20,3,10,22,20,-9,2023-24,0,False,1612709908.0,RGV
1612709908.0,Rio Grande Valley Vipers,2052300110,2023-11-28,W,123,46,100,0.46,11,42,0.262,13,16,0.813,13,32,45,30,15,6,7,26,9,2023-24,1,True,1612709918.0,TEX
1612709917.0,Grand Rapids Gold,2052300111,2023-11-29,L,90,31,83,0.373,12,44,0.273,9,11,0.818,14,31,45,19,5,2,17,19,-25,2023-24,0,False,1612709893.0,CLC
1612709893.0,Cleveland Charge,2052300111,2023-11-29,W,115,39,77,0.506,16,35,0.457,12,14,0.857,4,32,36,24,9,4,7,14,25,2023-24,1,True,1612709917.0,GRG
1612709922.0,Greensboro Swarm,2052300112,2023-11-29,L,79,25,75,0.333,9,33,0.273,11,19,0.579,10,33,43,18,9,7,11,12,-27,2023-24,0,False,1612709929.0,CPS
1612709929.0,College Park Skyhawks,2052300112,2023-11-29,W,106,41,87,0.471,16,44,0.364,5,8,0.625,8,43,51,29,6,5,13,24,27,2023-24,1,True,1612709922.0,GBO
1612709921.0,Long Island Nets,2052300113,2023-11-29,L,104,39,90,0.433,10,43,0.233,9,12,0.75,10,34,44,27,6,3,13,16,-15,2023-24,0,False,1612709909.0,DEL
1612709909.0,Delaware Blue Coats,2052300113,2023-11-29,W,119,47,89,0.528,10,33,0.303,8,10,0.8,8,39,47,28,8,1,8,19,15,2023-24,1,True,1612709921.0,LIN
1612709915.0,Maine Celtics,2052300114,2023-11-29,L,85,28,78,0.359,6,33,0.182,12,17,0.706,11,29,40,15,11,2,20,18,-25,2023-24,0,False,1612709919.0,WES
1612709919.0,Westchester Knicks,2052300114,2023-11-29,W,110,41,92,0.446,18,48,0.375,6,11,0.545,19,35,54,20,10,2,19,26,25,2023-24,1,True,1612709915.0,MNE
1612709903.0,Salt Lake City Stars,2052300115,2023-11-29,W,106,42,88,0.477,6,21,0.286,9,11,0.818,14,33,47,18,15,2,10,17,17,2023-24,1,False,1612709924.0,ONT
1612709924.0,Ontario Clippers,2052300115,2023-11-29,L,89,31,79,0.392,14,40,0.35,7,9,0.778,10,30,40,22,8,7,18,16,-17,2023-24,0,True,1612709903.0,SLC
1612709927.0,Wisconsin Herd,2052300116,2023-11-30,L,108,42,91,0.462,7,26,0.269,11,18,0.611,10,30,40,22,12,7,15,23,-29,2023-24,0,False,1612709932.0,MCC
1612709932.0,Motor City Cruise,2052300116,2023-11-30,W,137,50,96,0.521,15,31,0.484,14,20,0.7,19,44,63,32,10,5,19,23,29,2023-24,1,True,1612709927.0,WIS
1612709926.0,Memphis Hustle,2052300117,2023-11-30,L,98,28,88,0.318,14,44,0.318,16,18,0.889,13,39,52,18,9,2,18,20,-17,2023-24,0,False,1612709925.0,OSC
1612709925.0,Osceola Magic,2052300117,2023-11-30,W,115,38,100,0.38,23,62,0.371,9,11,0.818,19,39,58,23,7,6,14,22,17,2023-24,1,True,1612709926.0,MHU
1612709931.0,Mexico City Capitanes,2052300118,2023-11-30,W,111,36,79,0.456,11,30,0.367,15,23,0.652,11,28,39,21,15,12,23,30,2,2023-24,1,False,1612709908.0,RGV
1612709908.0,Rio Grande Valley Vipers,2052300118,2023-11-30,L,109,39,89,0.438,7,26,0.269,14,21,0.667,22,33,55,17,15,11,24,29,-2,2023-24,0,True,1612709931.0,MXC
1612709919.0,Westchester Knicks,2052300119,2023-12-01,W,82,30,79,0.38,11,41,0.268,7,13,0.538,8,34,42,21,8,8,16,14,3,2023-24,1,False,1612709929.0,CPS
1612709929.0,College Park Skyhawks,2052300119,2023-12-01,L,79,32,82,0.39,7,25,0.28,4,6,0.667,12,33,45,12,12,6,17,22,-3,2023-24,0,True,1612709919.0,WES
1612709915.0,Maine Celtics,2052300120,2023-12-01,L,114,42,96,0.438,12,38,0.316,10,14,0.714,14,25,39,29,13,4,14,31,-11,2023-24,0,False,1612709920.0,RAP
1612709920.0,Raptors 905,2052300120,2023-12-01,W,125,38,75,0.507,16,35,0.457,20,25,0.8,11,39,50,28,6,4,24,24,11,2023-24,1,True,1612709915.0,MNE
1612709904.0,Sioux Falls Skyforce,2052300121,2023-12-01,W,113,38,91,0.418,10,30,0.333,18,22,0.818,13,43,56,24,8,10,20,14,4,2023-24,1,False,1612709893.0,CLC
1612709893.0,Cleveland Charge,2052300121,2023-12-01,L,109,38,91,0.418,18,46,0.391,8,12,0.667,9,33,42,20,16,9,13,20,-4,2023-24,0,True,1612709904.0,SXF
1612709927.0,Wisconsin Herd,2052300122,2023-12-01,W,131,55,98,0.561,10,28,0.357,7,9,0.778,9,31,40,24,7,4,6,24,9,2023-24,1,False,1612709932.0,MCC
1612709932.0,Motor City Cruise,2052300122,2023-12-01,L,122,38,77,0.494,11,32,0.344,18,21,0.857,8,30,38,19,3,5,11,15,-9,2023-24,0,True,1612709927.0,WIS
1612709913.0,Birmingham Squadron,2052300123,2023-12-01,L,120,43,89,0.483,13,34,0.382,12,13,0.923,11,31,42,26,5,5,14,23,-4,2023-24,0,False,1612709890.0,AUS
1612709890.0,Austin Spurs,2052300123,2023-12-01,W,124,46,82,0.561,8,27,0.296,16,23,0.696,9,31,40,33,9,3,14,21,4,2023-24,1,True,1612709913.0,BHM
1612709931.0,Mexico City Capitanes,2052300124,2023-12-01,L,104,32,75,0.427,10,33,0.303,17,25,0.68,15,24,39,23,12,3,21,29,-6,2023-24,0,False,1612709908.0,RGV
1612709908.0,Rio Grande Valley Vipers,2052300124,2023-12-01,W,110,42,87,0.483,6,25,0.24,15,19,0.789,16,31,47,22,10,3,24,31,6,2023-24,1,True,1612709931.0,MXC
1612709905.0,South Bay Lakers,2052300125,2023-12-01,W,138,54,107,0.505,13,32,0.406,11,13,0.846,16,31,47,34,13,4,11,15,15,2023-24,1,False,1612709903.0,SLC
1612709903.0,Salt Lake City Stars,2052300125,2023-12-01,L,123,48,89,0.539,19,38,0.5,4,7,0.571,10,30,40,25,5,12,23,19,-15,2023-24,0,True,1612709905.0,SBL
1612709933.0,Rip City Remix,2052300126,2023-12-01,L,90,33,89,0.371,12,48,0.25,6,9,0.667,11,30,41,17,7,12,14,17,-13,2023-24,0,False,1612709902.0,SCW
1612709902.0,Santa Cruz Warriors,2052300126,2023-12-01,W,103,37,89,0.416,15,41,0.366,9,12,0.75,15,37,52,18,8,7,16,12,13,2023-24,1,True,1612709933.0,RCR
1612709930.0,G League Ignite,2052300127,2023-12-01,L,103,42,87,0.483,7,22,0.318,8,12,0.667,14,31,45,30,11,7,19,18,-7,2023-24,0,False,1612709914.0,STO
1612709914.0,Stockton Kings,2052300127,2023-12-01,W,110,43,81,0.531,13,24,0.542,5,8,0.625,4,32,36,28,10,7,18,17,7,2023-24,1,True,1612709930.0,GLI
1612709922.0,Greensboro Swarm,2052300128,2023-12-02,L,113,44,82,0.537,7,19,0.368,11,14,0.786,10,34,44,26,11,4,21,15,-10,2023-24,0,False,1612709909.0,DEL
1612709909.0,Delaware Blue Coats,2052300128,2023-12-02,W,123,43,89,0.483,21,43,0.488,9,13,0.692,12,26,38,26,10,2,18,21,10,2023-24,1,True,1612709922.0,GBO
1612709923.0,Windy City Bulls,2052300129,2023-12-02,L,103,40,94,0.426,12,44,0.273,6,10,0.6,15,17,32,25,13,1,10,16,-31,2023-24,0,False,1612709917.0,GRG
1612709917.0,Grand Rapids Gold,2052300129,2023-12-02,W,134,46,75,0.613,25,45,0.556,10,11,0.909,8,37,45,35,7,9,19,19,31,2023-24,1,True,1612709923.0,WCB
1612709910.0,Fort Wayne Mad Ants,2052300130,2023-12-02,W,120,47,89,0.528,11,31,0.355,9,11,0.818,14,32,46,34,13,7,21,15,19,2023-24,1,False,1612709911.0,IWA
1612709911.0,Iowa Wolves,2052300130,2023-12-02,L,101,40,90,0.444,4,30,0.133,10,11,0.909,13,24,37,25,13,7,18,15,-19,2023-24,0,True,1612709910.0,FWN
1612709926.0,Memphis Hustle,2052300131,2023-12-02,W,110,41,94,0.436,12,40,0.3,12,17,0.706,11,46,57,15,6,4,16,16,1,2023-24,1,False,1612709918.0,TEX
1612709918.0,Texas Legends,2052300131,2023-12-02,L,109,42,96,0.438,15,49,0.306,7,11,0.636,7,39,46,22,9,3,10,20,-1,2023-24,0,True,1612709926.0,MHU
1612709905.0,South Bay Lakers,2052300132,2023-12-02,W,127,51,111,0.459,10,37,0.27,10,14,0.714,19,35,54,25,10,4,7,15,9,2023-24,1,False,1612709903.0,SLC
1612709903.0,Salt Lake City Stars,2052300132,2023-12-02,L,118,43,94,0.457,12,43,0.279,14,15,0.933,9,32,41,25,5,7,17,15,-9,2023-24,0,True,1612709905.0,SBL
1612709933.0,Rip City Remix,2052300133,2023-12-02,W,102,39,87,0.448,14,39,0.359,8,14,0.571,9,32,41,28,8,8,13,20,7,2023-24,1,False,1612709902.0,SCW
1612709902.0,Santa Cruz Warriors,2052300133,2023-12-02,L,95,32,85,0.376,11,45,0.244,11,15,0.733,19,36,55,20,5,4,18,20,-7,2023-24,0,True,1612709933.0,RCR
1612709930.0,G League Ignite,2052300134,2023-12-02,W,100,38,82,0.463,7,23,0.304,11,14,0.786,7,34,41,20,12,9,13,15,7,2023-24,1,False,1612709914.0,STO
1612709914.0,Stockton Kings,2052300134,2023-12-02,L,93,37,89,0.416,12,33,0.364,4,6,0.667,12,36,48,28,4,5,20,19,-7,2023-24,0,True,1612709930.0,GLI
1612709919.0,Westchester Knicks,2052300135,2023-12-03,L,90,27,81,0.333,13,45,0.289,15,21,0.714,17,25,42,21,6,7,12,20,-2,2023-24,0,False,1612709929.0,CPS
1612709929.0,College Park Skyhawks,2052300135,2023-12-03,W,92,33,69,0.478,12,31,0.387,9,14,0.643,8,34,42,22,3,0,20,29,2,2023-24,1,True,1612709919.0,WES
1612709915.0,Maine Celtics,2052300136,2023-12-03,W,103,37,84,0.44,13,32,0.406,10,15,0.667,13,42,55,20,4,7,20,27,4,2023-24,1,False,1612709928.0,CCG
1612709928.0,Capital City Go-Go,2052300136,2023-12-03,L,99,36,93,0.387,7,30,0.233,13,19,0.684,18,35,53,19,9,7,13,24,-4,2023-24,0,True,1612709915.0,MNE
1612709923.0,Windy City Bulls,2052300137,2023-12-03,W,102,34,88,0.386,16,42,0.381,11,11,1.0,11,29,40,20,14,4,7,19,10,2023-24,1,False,1612709917.0,GRG
1612709917.0,Grand Rapids Gold,2052300137,2023-12-03,L,92,33,70,0.471,11,34,0.324,10,13,0.769,5,39,44,19,5,6,21,22,-10,2023-24,0,True,1612709923.0,WCB
1612709913.0,Birmingham Squadron,2052300138,2023-12-03,L,109,39,94,0.415,15,46,0.326,10,11,0.909,14,27,41,20,8,3,11,25,-5,2023-24,0,False,1612709889.0,OKL
1612709889.0,Oklahoma City Blue,2052300138,2023-12-03,W,114,42,84,0.5,7,32,0.219,15,20,0.75,13,36,49,29,3,7,13,16,5,2023-24,1,True,1612709913.0,BHM
1612709910.0,Fort Wayne Mad Ants,2052300139,2023-12-03,W,116,46,95,0.484,9,24,0.375,8,14,0.571,18,31,49,29,15,6,18,16,10,2023-24,1,False,1612709911.0,IWA
1612709911.0,Iowa Wolves,2052300139,2023-12-03,L,106,45,91,0.495,9,31,0.29,5,9,0.556,12,26,38,28,10,13,20,18,-10,2023-24,0,True,1612709910.0,FWN
1612709890.0,Austin Spurs,2052300140,2023-12-03,L,109,36,73,0.493,10,33,0.303,15,21,0.714,4,18,22,18,3,1,15,19,-46,2023-24,0,False,1612709931.0,MXC
1612709931.0,Mexico City Capitanes,2052300140,2023-12-03,W,155,56,96,0.583,20,39,0.513,12,14,0.857,20,37,57,40,13,2,11,24,46,2023-24,1,True,1612709890.0,AUS
1612709921.0,Long Island Nets,2052300141,2023-12-04,L,112,37,82,0.451,20,45,0.444,11,15,0.733,12,32,44,28,7,4,14,19,-3,2023-24,0,False,1612709929.0,CPS
1612709929.0,College Park Skyhawks,2052300141,2023-12-04,W,115,39,82,0.476,21,44,0.477,11,17,0.647,12,32,44,28,8,7,16,22,3,2023-24,1,True,1612709921.0,LIN
1612709905.0,South Bay Lakers,2052300142,2023-12-04,L,109,45,91,0.495,9,22,0.409,6,9,0.667,11,27,38,19,10,8,12,12,-14,2023-24,0,False,1612709924.0,ONT
1612709924.0,Ontario Clippers,2052300142,2023-12-04,W,123,48,93,0.516,14,32,0.438,9,13,0.692,16,33,49,24,5,10,14,14,14,2023-24,1,True,1612709905.0,SBL
1612709928.0,Capital City Go-Go,2052300143,2023-12-05,L,104,41,83,0.494,9,24,0.375,8,16,0.5,11,30,41,22,11,6,11,15,-1,2023-24,0,False,1612709922.0,GBO
1612709922.0,Greensboro Swarm,2052300143,2023-12-05,W,105,41,90,0.456,9,24,0.375,8,12,0.667,18,33,51,18,7,1,14,19,1,2023-24,1,True,1612709928.0,CCG
1612709913.0,Birmingham Squadron,2052300144,2023-12-05,L,113,39,97,0.402,17,43,0.395,11,16,0.688,16,22,38,20,14,2,13,22,-15,2023-24,0,False,1612709889.0,OKL
1612709889.0,Oklahoma City Blue,2052300144,2023-12-05,W,128,49,87,0.563,15,36,0.417,9,12,0.75,14,39,53,28,8,8,21,21,15,2023-24,1,True,1612709913.0,BHM
1612709893.0,Cleveland Charge,2052300145,2023-12-05,L,100,39,79,0.494,10,31,0.323,7,16,0.438,2,26,28,20,16,5,11,14,-11,2023-24,0,False,1612709932.0,MCC
1612709932.0,Motor City Cruise,2052300145,2023-12-05,W,111,40,80,0.5,19,38,0.5,7,10,0.7,12,42,54,27,6,5,25,25,11,2023-24,1,True,1612709893.0,CLC
1612709918.0,Texas Legends,2052300146,2023-12-05,W,116,39,88,0.443,14,41,0.341,16,25,0.64,7,38,45,30,12,5,13,18,4,2023-24,1,False,1612709925.0,OSC
1612709925.0,Osceola Magic,2052300146,2023-12-05,L,112,40,97,0.412,17,54,0.315,10,13,0.769,15,42,57,26,8,6,21,26,-4,2023-24,0,True,1612709918.0,TEX
1612709923.0,Windy City Bulls,2052300147,2023-12-05,W,123,47,83,0.566,13,28,0.464,9,14,0.643,10,30,40,27,11,3,13,19,27,2023-24,1,False,1612709927.0,WIS
1612709927.0,Wisconsin Herd,2052300147,2023-12-05,L,96,38,79,0.481,7,22,0.318,10,13,0.769,7,28,35,27,6,3,19,20,-27,2023-24,0,True,1612709923.0,WCB
1612709910.0,Fort Wayne Mad Ants,2052300148,2023-12-05,W,142,55,88,0.625,16,31,0.516,10,14,0.714,9,32,41,37,9,5,15,22,37,2023-24,1,False,1612709904.0,SXF
1612709904.0,Sioux Falls Skyforce,2052300148,2023-12-05,L,105,42,91,0.462,3,26,0.115,11,14,0.786,14,23,37,19,9,3,15,21,-37,2023-24,0,True,1612709910.0,FWN
1612709890.0,Austin Spurs,2052300149,2023-12-05,L,108,39,88,0.443,13,40,0.325,11,17,0.647,10,25,35,21,10,4,13,20,-11,2023-24,0,False,1612709931.0,MXC
1612709931.0,Mexico City Capitanes,2052300149,2023-12-05,W,119,42,79,0.532,12,33,0.364,12,14,0.857,10,40,50,29,5,8,21,24,11,2023-24,1,True,1612709890.0,AUS
1612709914.0,Stockton Kings,2052300150,2023-12-05,L,91,34,84,0.405,9,34,0.265,8,10,0.8,12,29,41,25,13,6,18,20,-12,2023-24,0,False,1612709930.0,GLI
1612709930.0,G League Ignite,2052300150,2023-12-05,W,103,36,82,0.439,12,32,0.375,13,15,0.867,13,35,48,26,12,5,17,19,12,2023-24,1,True,1612709914.0,STO
1612709902.0,Santa Cruz Warriors,2052300151,2023-12-05,L,109,39,85,0.459,12,36,0.333,12,16,0.75,10,35,45,26,6,7,20,23,-10,2023-24,0,False,1612709924.0,ONT
1612709924.0,Ontario Clippers,2052300151,2023-12-05,W,119,45,92,0.489,12,34,0.353,11,16,0.688,9,32,41,26,12,5,12,23,10,2023-24,1,True,1612709902.0,SCW
1612709920.0,Raptors 905,2052300152,2023-12-06,L,109,44,94,0.468,5,28,0.179,11,14,0.786,19,23,42,20,10,2,19,14,-12,2023-24,0,False,1612709919.0,WES
1612709919.0,Westchester Knicks,2052300152,2023-12-06,W,121,51,93,0.548,13,37,0.351,4,6,0.667,17,31,48,32,10,10,21,17,12,2023-24,1,True,1612709920.0,RAP
1612709908.0,Rio Grande Valley Vipers,2052300153,2023-12-06,L,126,48,114,0.421,16,46,0.348,9,16,0.563,25,26,51,24,19,8,17,23,-2,2023-24,0,False,1612709889.0,OKL
1612709889.0,Oklahoma City Blue,2052300153,2023-12-06,W,128,45,84,0.536,11,34,0.324,18,23,0.783,11,45,56,28,10,3,28,18,2,2023-24,1,True,1612709908.0,RGV
1612709929.0,College Park Skyhawks,2052300154,2023-12-06,L,118,39,80,0.488,19,47,0.404,13,18,0.722,7,30,37,31,7,4,13,27,-1,2023-24,0,False,1612709921.0,LIN
1612709921.0,Long Island Nets,2052300154,2023-12-06,W,119,41,80,0.513,13,33,0.394,13,16,0.813,9,32,41,32,5,4,13,25,1,2023-24,1,True,1612709929.0,CPS
1612709909.0,Delaware Blue Coats,2052300155,2023-12-06,W,112,39,88,0.443,14,34,0.412,11,16,0.688,14,26,40,27,13,4,14,20,3,2023-24,1,False,1612709915.0,MNE
1612709915.0,Maine Celtics,2052300155,2023-12-06,L,109,40,94,0.426,12,36,0.333,11,14,0.786,19,32,51,20,6,9,20,21,-3,2023-24,0,True,1612709909.0,DEL
1612709917.0,Grand Rapids Gold,2052300156,2023-12-06,L,112,41,90,0.456,16,41,0.39,9,11,0.818,7,29,36,30,7,8,9,17,-11,2023-24,0,False,1612709904.0,SXF
1612709904.0,Sioux Falls Skyforce,2052300156,2023-12-06,W,123,46,98,0.469,13,37,0.351,11,13,0.846,17,40,57,28,5,6,8,13,11,2023-24,1,True,1612709917.0,GRG
1612709922.0,Greensboro Swarm,2052300157,2023-12-07,L,107,36,86,0.419,12,29,0.414,13,16,0.813,11,35,46,25,10,3,19,16,-32,2023-24,0,False,1612709928.0,CCG
1612709928.0,Capital City Go-Go,2052300157,2023-12-07,W,139,50,94,0.532,21,37,0.568,10,11,0.909,8,33,41,34,13,6,12,21,32,2023-24,1,True,1612709922.0,GBO
1612709910.0,Fort Wayne Mad Ants,2052300158,2023-12-07,W,116,39,84,0.464,12,26,0.462,15,18,0.833,16,40,56,27,11,7,19,18,16,2023-24,1,False,1612709893.0,CLC
1612709893.0,Cleveland Charge,2052300158,2023-12-07,L,100,38,95,0.4,14,38,0.368,6,8,0.75,12,26,38,16,8,8,15,21,-16,2023-24,0,True,1612709910.0,FWN
1612709920.0,Raptors 905,2052300159,2023-12-07,L,124,45,98,0.459,15,42,0.357,11,16,0.688,11,29,40,22,8,1,13,25,-9,2023-24,0,False,1612709921.0,LIN
1612709921.0,Long Island Nets,2052300159,2023-12-07,W,133,48,87,0.552,9,25,0.36,19,25,0.76,13,40,53,31,6,7,18,20,9,2023-24,1,True,1612709920.0,RAP
1612709909.0,Delaware Blue Coats,2052300160,2023-12-07,L,109,35,88,0.398,10,36,0.278,15,20,0.75,12,26,38,19,8,3,12,20,-26,2023-24,0,False,1612709915.0,MNE
1612709915.0,Maine Celtics,2052300160,2023-12-07,W,135,52,100,0.52,12,41,0.293,11,15,0.733,17,39,56,29,6,7,12,23,26,2023-24,1,True,1612709909.0,DEL
1612709918.0,Texas Legends,2052300161,2023-12-07,W,101,36,87,0.414,10,39,0.256,12,14,0.857,11,37,48,17,10,1,21,15,4,2023-24,1,False,1612709926.0,MHU
1612709926.0,Memphis Hustle,2052300161,2023-12-07,L,97,39,86,0.453,12,48,0.25,5,8,0.625,6,35,41,25,10,4,21,22,-4,2023-24,0,True,1612709918.0,TEX
1612709914.0,Stockton Kings,2052300162,2023-12-07,L,99,36,88,0.409,9,37,0.243,10,11,0.909,13,25,38,22,14,6,11,20,-4,2023-24,0,False,1612709933.0,RCR
1612709933.0,Rip City Remix,2052300162,2023-12-07,W,103,35,82,0.427,10,30,0.333,15,18,0.833,17,32,49,18,6,3,20,15,4,2023-24,1,True,1612709914.0,STO
1612709903.0,Salt Lake City Stars,2052300163,2023-12-07,W,122,45,88,0.511,13,29,0.448,13,15,0.867,11,29,40,24,11,6,14,16,9,2023-24,1,False,1612709924.0,ONT
1612709924.0,Ontario Clippers,2052300163,2023-12-07,L,113,46,93,0.495,8,29,0.276,8,12,0.667,14,29,43,22,7,3,14,15,-9,2023-24,0,True,1612709903.0,SLC
1612709908.0,Rio Grande Valley Vipers,2052300164,2023-12-08,L,90,39,97,0.402,5,31,0.161,4,9,0.444,18,35,53,20,10,9,16,17,-19,2023-24,0,False,1612709913.0,BHM
1612709913.0,Birmingham Squadron,2052300164,2023-12-08,W,109,36,88,0.409,15,41,0.366,13,13,1.0,13,35,48,24,8,11,15,14,19,2023-24,1,True,1612709908.0,RGV
1612709925.0,Osceola Magic,2052300165,2023-12-08,W,135,48,102,0.471,25,54,0.463,8,11,0.727,11,35,46,35,13,7,15,22,21,2023-24,1,False,1612709889.0,OKL
1612709889.0,Oklahoma City Blue,2052300165,2023-12-08,L,114,40,88,0.455,11,38,0.289,14,15,0.933,10,39,49,27,10,7,21,13,-21,2023-24,0,True,1612709925.0,OSC
1612709911.0,Iowa Wolves,2052300166,2023-12-08,W,119,41,93,0.441,13,43,0.302,14,15,0.933,10,31,41,20,11,9,13,18,10,2023-24,1,False,1612709917.0,GRG
1612709917.0,Grand Rapids Gold,2052300166,2023-12-08,L,109,41,97,0.423,8,39,0.205,11,13,0.846,19,39,58,27,7,7,18,21,-10,2023-24,0,True,1612709911.0,IWA
1612709902.0,Santa Cruz Warriors,2052300167,2023-12-08,W,153,55,94,0.585,22,41,0.537,11,15,0.733,14,36,50,33,8,3,11,21,35,2023-24,1,False,1612709930.0,GLI
1612709930.0,G League Ignite,2052300167,2023-12-08,L,118,39,85,0.459,11,30,0.367,16,19,0.842,9,23,32,26,6,2,14,18,-35,2023-24,0,True,1612709902.0,SCW
1612709922.0,Greensboro Swarm,2052300168,2023-12-09,L,119,48,98,0.49,6,20,0.3,11,16,0.688,19,30,49,25,7,4,17,17,-20,2023-24,0,False,1612709909.0,DEL
1612709909.0,Delaware Blue Coats,2052300168,2023-12-09,W,139,50,97,0.515,20,40,0.5,10,12,0.833,16,29,45,30,6,3,9,20,20,2023-24,1,True,1612709922.0,GBO
1612709927.0,Wisconsin Herd,2052300169,2023-12-09,L,102,38,82,0.463,13,32,0.406,7,11,0.636,13,29,42,28,3,10,26,21,-8,2023-24,0,False,1612709923.0,WCB
1612709923.0,Windy City Bulls,2052300169,2023-12-09,W,110,42,85,0.494,9,31,0.29,10,14,0.714,11,28,39,21,11,8,14,23,8,2023-24,1,True,1612709927.0,WIS
1612709914.0,Stockton Kings,2052300170,2023-12-09,L,100,37,89,0.416,11,32,0.344,9,11,0.818,5,32,37,25,16,6,10,26,-3,2023-24,0,False,1612709933.0,RCR
1612709933.0,Rip City Remix,2052300170,2023-12-09,W,103,33,81,0.407,11,36,0.306,15,26,0.577,17,41,58,22,4,9,20,19,3,2023-24,1,True,1612709914.0,STO
1612709910.0,Fort Wayne Mad Ants,2052300171,2023-12-09,W,146,52,92,0.565,26,44,0.591,10,16,0.625,8,35,43,37,10,3,12,17,29,2023-24,1,False,1612709893.0,CLC
1612709893.0,Cleveland Charge,2052300171,2023-12-09,L,117,45,91,0.495,14,42,0.333,8,12,0.667,13,29,42,26,4,6,13,22,-29,2023-24,0,True,1612709910.0,FWN
1612709908.0,Rio Grande Valley Vipers,2052300172,2023-12-09,W,132,50,91,0.549,13,35,0.371,11,15,0.733,9,48,57,34,11,8,18,16,33,2023-24,1,False,1612709913.0,BHM
1612709913.0,Birmingham Squadron,2052300172,2023-12-09,L,99,36,99,0.364,14,49,0.286,8,12,0.667,9,30,39,25,10,4,14,16,-33,2023-24,0,True,1612709908.0,RGV
1612709890.0,Austin Spurs,2052300173,2023-12-09,W,124,45,88,0.511,14,36,0.389,14,21,0.667,18,33,51,26,8,3,21,17,2,2023-24,1,False,1612709918.0,TEX
1612709918.0,Texas Legends,2052300173,2023-12-09,L,122,50,97,0.515,15,42,0.357,5,8,0.625,10,25,35,28,11,9,14,19,-2,2023-24,0,True,1612709890.0,AUS
1612709920.0,Raptors 905,2052300174,2023-12-10,L,112,42,90,0.467,17,42,0.405,8,11,0.727,12,22,34,29,11,6,21,19,-18,2023-24,0,False,1612709915.0,MNE
1612709915.0,Maine Celtics,2052300174,2023-12-10,W,130,45,85,0.529,19,36,0.528,12,14,0.857,11,31,42,34,12,5,19,17,18,2023-24,1,True,1612709920.0,RAP
1612709921.0,Long Island Nets,2052300175,2023-12-10,L,100,38,87,0.437,8,26,0.308,8,13,0.615,11,28,39,22,9,7,13,20,-17,2023-24,0,False,1612709919.0,WES
1612709919.0,Westchester Knicks,2052300175,2023-12-10,W,117,45,94,0.479,12,42,0.286,9,11,0.818,10,35,45,28,9,10,14,18,17,2023-24,1,True,1612709921.0,LIN
1612709911.0,Iowa Wolves,2052300176,2023-12-10,L,102,37,88,0.42,7,33,0.212,13,18,0.722,12,25,37,18,9,7,11,15,-21,2023-24,0,False,1612709917.0,GRG
1612709917.0,Grand Rapids Gold,2052300176,2023-12-10,W,123,48,84,0.571,19,42,0.452,5,8,0.625,13,39,52,34,8,5,18,26,21,2023-24,1,True,1612709911.0,IWA
1612709890.0,Austin Spurs,2052300177,2023-12-10,L,111,44,89,0.494,8,21,0.381,8,14,0.571,10,36,46,30,4,9,13,25,-4,2023-24,0,False,1612709918.0,TEX
1612709918.0,Texas Legends,2052300177,2023-12-10,W,115,35,81,0.432,17,40,0.425,15,18,0.833,8,35,43,19,8,3,14,21,4,2023-24,1,True,1612709890.0,AUS
1612709889.0,Oklahoma City Blue,2052300178,2023-12-10,L,96,32,88,0.364,11,36,0.306,12,16,0.75,13,29,42,23,10,4,12,23,-15,2023-24,0,False,1612709931.0,MXC
1612709931.0,Mexico City Capitanes,2052300178,2023-12-10,W,111,40,78,0.513,9,28,0.321,11,16,0.688,9,44,53,24,7,4,18,23,15,2023-24,1,True,1612709889.0,OKL
1612709903.0,Salt Lake City Stars,2052300179,2023-12-10,W,110,45,96,0.469,10,30,0.333,8,9,0.889,10,30,40,32,10,15,10,16,5,2023-24,1,False,1612709902.0,SCW
1612709902.0,Santa Cruz Warriors,2052300179,2023-12-10,L,105,41,97,0.423,9,30,0.3,8,13,0.615,20,32,52,25,7,5,13,14,-5,2023-24,0,True,1612709903.0,SLC
1612709932.0,Motor City Cruise,2052300180,2023-12-10,W,115,39,76,0.513,18,36,0.5,12,17,0.706,7,27,34,25,5,5,20,26,2,2023-24,1,False,1612709923.0,WCB
1612709923.0,Windy City Bulls,2052300180,2023-12-10,L,113,38,82,0.463,15,36,0.417,13,19,0.684,12,27,39,19,7,4,15,27,-2,2023-24,0,True,1612709932.0,MCC
1612709905.0,South Bay Lakers,2052300181,2023-12-10,W,127,48,95,0.505,7,21,0.333,16,22,0.727,5,41,46,27,12,8,14,28,1,2023-24,1,False,1612709924.0,ONT
1612709924.0,Ontario Clippers,2052300181,2023-12-10,L,126,39,97,0.402,21,49,0.429,15,18,0.833,14,43,57,23,10,4,20,30,-1,2023-24,0,True,1612709905.0,SBL
1612709927.0,Wisconsin Herd,2052300182,2023-12-11,L,101,39,89,0.438,11,30,0.367,6,11,0.545,16,27,43,21,8,8,12,18,-9,2023-24,0,False,1612709910.0,FWN
1612709910.0,Fort Wayne Mad Ants,2052300182,2023-12-11,W,110,45,88,0.511,7,25,0.28,10,14,0.714,14,35,49,24,7,3,15,18,9,2023-24,1,True,1612709927.0,WIS
1612709926.0,Memphis Hustle,2052300183,2023-12-11,L,99,37,87,0.425,17,42,0.405,5,7,0.714,8,34,42,27,5,2,14,23,-3,2023-24,0,False,1612709913.0,BHM
1612709913.0,Birmingham Squadron,2052300183,2023-12-11,W,102,34,83,0.41,10,40,0.25,14,15,0.933,13,39,52,16,7,2,14,17,3,2023-24,1,True,1612709926.0,MHU
1612709904.0,Sioux Falls Skyforce,2052300184,2023-12-12,W,110,44,87,0.506,8,29,0.276,8,10,0.8,13,47,60,31,7,9,22,22,4,2023-24,1,False,1612709932.0,MCC
1612709932.0,Motor City Cruise,2052300184,2023-12-12,L,106,41,102,0.402,8,39,0.205,9,17,0.529,15,29,44,23,14,4,10,23,-4,2023-24,0,True,1612709904.0,SXF
1612709918.0,Texas Legends,2052300185,2023-12-12,L,120,42,91,0.462,19,46,0.413,11,15,0.733,10,40,50,28,8,3,24,19,-4,2023-24,0,False,1612709908.0,RGV
1612709908.0,Rio Grande Valley Vipers,2052300185,2023-12-12,W,124,47,100,0.47,13,37,0.351,13,19,0.684,16,36,52,29,15,11,16,23,4,2023-24,1,True,1612709918.0,TEX
1612709933.0,Rip City Remix,2052300186,2023-12-12,L,106,35,88,0.398,14,38,0.368,11,15,0.733,12,30,42,25,11,10,17,19,-2,2023-24,0,False,1612709930.0,GLI
1612709930.0,G League Ignite,2052300186,2023-12-12,W,108,37,78,0.474,11,23,0.478,15,16,0.938,7,38,45,22,9,11,17,22,2,2023-24,1,True,1612709933.0,RCR
1612709928.0,Capital City Go-Go,2052300187,2023-12-12,L,104,38,89,0.427,9,34,0.265,10,16,0.625,13,37,50,22,10,9,18,22,-4,2023-24,0,False,1612709921.0,LIN
1612709921.0,Long Island Nets,2052300187,2023-12-12,W,108,38,87,0.437,12,33,0.364,13,17,0.765,11,32,43,26,11,7,16,25,4,2023-24,1,True,1612709928.0,CCG
1612709909.0,Delaware Blue Coats,2052300188,2023-12-12,L,104,40,98,0.408,10,37,0.27,9,13,0.692,12,30,42,19,8,5,15,18,-18,2023-24,0,False,1612709920.0,RAP
1612709920.0,Raptors 905,2052300188,2023-12-12,W,122,48,100,0.48,14,38,0.368,8,10,0.8,16,41,57,35,9,10,15,15,18,2023-24,1,True,1612709909.0,DEL
1612709902.0,Santa Cruz Warriors,2052300189,2023-12-12,W,130,43,94,0.457,8,41,0.195,22,25,0.88,15,44,59,29,10,5,22,28,4,2023-24,1,False,1612709905.0,SBL
1612709905.0,South Bay Lakers,2052300189,2023-12-12,L,126,45,95,0.474,14,33,0.424,14,21,0.667,8,33,41,25,13,2,18,30,-4,2023-24,0,True,1612709902.0,SCW
1612709903.0,Salt Lake City Stars,2052300190,2023-12-12,W,112,39,74,0.527,11,27,0.407,14,20,0.7,8,36,44,29,7,10,18,23,6,2023-24,1,False,1612709914.0,STO
1612709914.0,Stockton Kings,2052300190,2023-12-12,L,106,39,90,0.433,5,28,0.179,16,20,0.8,10,30,40,19,12,10,16,23,-6,2023-24,0,True,1612709903.0,SLC
1612709913.0,Birmingham Squadron,2052300191,2023-12-13,W,118,40,86,0.465,12,32,0.375,18,19,0.947,9,36,45,19,9,2,15,20,2,2023-24,1,False,1612709925.0,OSC
1612709925.0,Osceola Magic,2052300191,2023-12-13,L,116,46,108,0.426,16,54,0.296,8,14,0.571,23,28,51,29,10,3,17,18,-2,2023-24,0,True,1612709913.0,BHM
1612709927.0,Wisconsin Herd,2052300192,2023-12-13,L,102,37,85,0.435,12,28,0.429,10,12,0.833,14,28,42,23,3,6,19,26,-8,2023-24,0,False,1612709910.0,FWN
1612709910.0,Fort Wayne Mad Ants,2052300192,2023-12-13,W,110,41,86,0.477,7,19,0.368,15,19,0.789,14,24,38,25,10,5,12,21,8,2023-24,1,True,1612709927.0,WIS
1612709922.0,Greensboro Swarm,2052300193,2023-12-13,L,73,23,78,0.295,5,28,0.179,13,25,0.52,12,31,43,14,7,3,18,21,-41,2023-24,0,False,1612709929.0,CPS
1612709929.0,College Park Skyhawks,2052300193,2023-12-13,W,114,41,81,0.506,14,36,0.389,12,17,0.706,9,50,59,26,14,6,14,30,41,2023-24,1,True,1612709922.0,GBO
1612709928.0,Capital City Go-Go,2052300194,2023-12-13,W,110,37,72,0.514,7,24,0.292,18,21,0.857,4,31,35,19,9,6,15,16,4,2023-24,1,False,1612709921.0,LIN
1612709921.0,Long Island Nets,2052300194,2023-12-13,L,106,38,78,0.487,15,37,0.405,7,10,0.7,8,29,37,23,6,3,15,23,-4,2023-24,0,True,1612709928.0,CCG
1612709889.0,Oklahoma City Blue,2052300195,2023-12-13,W,117,40,77,0.519,12,28,0.429,15,19,0.789,9,36,45,25,6,4,21,26,5,2023-24,1,False,1612709931.0,MXC
1612709931.0,Mexico City Capitanes,2052300195,2023-12-13,L,112,39,88,0.443,10,33,0.303,15,19,0.789,13,23,36,26,11,6,13,29,-5,2023-24,0,True,1612709889.0,OKL
1612709909.0,Delaware Blue Coats,2052300196,2023-12-14,W,125,45,108,0.417,16,42,0.381,15,21,0.714,26,30,56,21,10,5,12,10,5,2023-24,1,False,1612709920.0,RAP
1612709920.0,Raptors 905,2052300196,2023-12-14,L,120,51,105,0.486,11,37,0.297,4,8,0.5,21,38,59,34,7,12,18,22,-5,2023-24,0,True,1612709909.0,DEL
1612709893.0,Cleveland Charge,2052300197,2023-12-14,L,115,44,91,0.484,13,38,0.342,9,11,0.818,6,39,45,29,7,8,12,27,-3,2023-24,0,False,1612709911.0,IWA
1612709911.0,Iowa Wolves,2052300197,2023-12-14,W,118,38,93,0.409,12,41,0.293,19,27,0.704,16,35,51,25,8,4,12,18,3,2023-24,1,True,1612709893.0,CLC
1612709933.0,Rip City Remix,2052300198,2023-12-14,L,105,42,79,0.532,11,27,0.407,6,9,0.667,7,31,38,25,11,10,20,26,-5,2023-24,0,False,1612709930.0,GLI
1612709930.0,G League Ignite,2052300198,2023-12-14,W,110,38,78,0.487,10,22,0.455,16,21,0.762,9,29,38,22,9,8,17,18,5,2023-24,1,True,1612709933.0,RCR
1612709902.0,Santa Cruz Warriors,2052300199,2023-12-14,W,130,47,91,0.516,20,47,0.426,9,13,0.692,13,34,47,34,4,5,18,20,18,2023-24,1,False,1612709905.0,SBL
1612709905.0,South Bay Lakers,2052300199,2023-12-14,L,112,45,96,0.469,10,35,0.286,8,15,0.533,15,29,44,28,10,4,18,21,-18,2023-24,0,True,1612709902.0,SCW
1612709932.0,Motor City Cruise,2052300200,2023-12-15,L,121,47,104,0.452,6,27,0.222,12,18,0.667,17,26,43,22,16,8,16,22,-27,2023-24,0,False,1612709910.0,FWN
1612709910.0,Fort Wayne Mad Ants,2052300200,2023-12-15,W,148,56,93,0.602,18,31,0.581,10,14,0.714,9,43,52,38,7,9,26,25,27,2023-24,1,True,1612709932.0,MCC
1612709919.0,Westchester Knicks,2052300201,2023-12-15,W,118,45,95,0.474,15,42,0.357,8,9,0.889,12,36,48,29,7,7,18,23,7,2023-24,1,False,1612709928.0,CCG
1612709928.0,Capital City Go-Go,2052300201,2023-12-15,L,111,39,101,0.386,2,25,0.08,17,22,0.773,23,32,55,16,15,10,13,13,-7,2023-24,0,True,1612709919.0,WES
1612709929.0,College Park Skyhawks,2052300202,2023-12-15,L,89,33,77,0.429,6,27,0.222,10,12,0.833,7,27,34,24,10,2,13,18,-8,2023-24,0,False,1612709915.0,MNE
1612709915.0,Maine Celtics,2052300202,2023-12-15,W,97,32,65,0.492,16,35,0.457,9,13,0.692,8,34,42,25,5,4,21,18,8,2023-24,1,True,1612709929.0,CPS
1612709913.0,Birmingham Squadron,2052300203,2023-12-15,W,122,46,96,0.479,19,45,0.422,7,10,0.7,9,29,38,30,10,3,9,17,3,2023-24,1,False,1612709925.0,OSC
1612709925.0,Osceola Magic,2052300203,2023-12-15,L,119,46,91,0.505,13,39,0.333,8,10,0.8,16,35,51,26,4,6,18,17,-3,2023-24,0,True,1612709913.0,BHM
1612709893.0,Cleveland Charge,2052300204,2023-12-15,L,113,38,90,0.422,19,49,0.388,11,15,0.733,10,28,38,26,5,5,9,25,-23,2023-24,0,False,1612709911.0,IWA
1612709911.0,Iowa Wolves,2052300204,2023-12-15,W,136,45,98,0.459,20,48,0.417,13,14,0.929,18,38,56,32,8,5,14,21,23,2023-24,1,True,1612709893.0,CLC
1612709890.0,Austin Spurs,2052300205,2023-12-15,L,116,43,88,0.489,11,32,0.344,12,19,0.632,9,38,47,25,9,3,21,23,-1,2023-24,0,False,1612709926.0,MHU
1612709926.0,Memphis Hustle,2052300205,2023-12-15,W,117,38,95,0.4,14,50,0.28,18,19,0.947,12,38,50,26,9,5,18,26,1,2023-24,1,True,1612709890.0,AUS
1612709904.0,Sioux Falls Skyforce,2052300206,2023-12-15,L,99,35,92,0.38,13,37,0.351,11,12,0.917,16,31,47,25,8,5,20,18,-18,2023-24,0,False,1612709923.0,WCB
1612709923.0,Windy City Bulls,2052300206,2023-12-15,W,117,43,90,0.478,17,40,0.425,7,9,0.778,13,34,47,25,13,10,16,15,18,2023-24,1,True,1612709904.0,SXF
1612709917.0,Grand Rapids Gold,2052300207,2023-12-15,L,111,43,92,0.467,15,44,0.341,8,12,0.667,6,38,44,26,4,3,15,21,-3,2023-24,0,False,1612709927.0,WIS
1612709927.0,Wisconsin Herd,2052300207,2023-12-15,W,114,45,101,0.446,10,31,0.323,9,13,0.692,14,42,56,26,5,3,12,19,3,2023-24,1,True,1612709917.0,GRG
1612709921.0,Long Island Nets,2052300208,2023-12-16,W,125,47,81,0.58,18,31,0.581,11,17,0.647,10,36,46,28,3,5,20,18,8,2023-24,1,False,1612709909.0,DEL
1612709909.0,Delaware Blue Coats,2052300208,2023-12-16,L,117,43,94,0.457,18,46,0.391,7,8,0.875,6,27,33,28,7,4,12,20,-8,2023-24,0,True,1612709921.0,LIN
1612709924.0,Ontario Clippers,2052300209,2023-12-16,W,127,45,96,0.469,12,34,0.353,14,18,0.778,13,30,43,26,13,6,12,28,6,2023-24,1,False,1612709905.0,SBL
1612709905.0,South Bay Lakers,2052300209,2023-12-16,L,121,41,79,0.519,13,30,0.433,16,22,0.727,4,37,41,30,7,5,20,22,-6,2023-24,0,True,1612709924.0,ONT
1612709929.0,College Park Skyhawks,2052300210,2023-12-16,W,99,34,75,0.453,9,26,0.346,17,21,0.81,12,38,50,27,10,2,19,18,8,2023-24,1,False,1612709915.0,MNE
1612709915.0,Maine Celtics,2052300210,2023-12-16,L,91,35,78,0.449,13,38,0.342,5,8,0.625,4,30,34,24,7,7,17,22,-8,2023-24,0,True,1612709929.0,CPS
1612709931.0,Mexico City Capitanes,2052300211,2023-12-16,L,108,37,102,0.363,11,38,0.289,12,22,0.545,27,32,59,23,17,1,21,15,-22,2023-24,0,False,1612709925.0,OSC
1612709925.0,Osceola Magic,2052300211,2023-12-16,W,130,52,91,0.571,17,48,0.354,6,10,0.6,5,36,41,36,11,12,20,24,22,2023-24,1,True,1612709931.0,MXC
1612709917.0,Grand Rapids Gold,2052300212,2023-12-16,W,121,44,75,0.587,18,33,0.545,9,11,0.818,6,36,42,31,7,14,14,13,38,2023-24,1,False,1612709927.0,WIS
1612709927.0,Wisconsin Herd,2052300212,2023-12-16,L,83,34,86,0.395,9,25,0.36,4,6,0.667,10,22,32,27,9,3,11,16,-38,2023-24,0,True,1612709917.0,GRG
1612709930.0,G League Ignite,2052300213,2023-12-16,L,112,41,92,0.446,12,29,0.414,12,18,0.667,16,30,46,23,11,8,16,18,-2,2023-24,0,False,1612709903.0,SLC
1612709903.0,Salt Lake City Stars,2052300213,2023-12-16,W,114,40,90,0.444,12,34,0.353,14,15,0.933,15,35,50,18,10,9,17,20,2,2023-24,1,True,1612709930.0,GLI
1612709914.0,Stockton Kings,2052300214,2023-12-16,L,112,37,90,0.411,15,44,0.341,13,13,1.0,9,25,34,22,14,8,17,19,-9,2023-24,0,False,1612709902.0,SCW
1612709902.0,Santa Cruz Warriors,2052300214,2023-12-16,W,121,45,87,0.517,13,33,0.394,12,14,0.857,12,41,53,24,9,5,26,21,9,2023-24,1,True,1612709914.0,STO
1612709919.0,Westchester Knicks,2052300215,2023-12-17,L,98,39,91,0.429,10,33,0.303,6,9,0.667,11,30,41,22,2,3,12,14,-18,2023-24,0,False,1612709928.0,CCG
1612709928.0,Capital City Go-Go,2052300215,2023-12-17,W,116,47,93,0.505,11,32,0.344,7,9,0.778,13,42,55,23,9,11,12,16,18,2023-24,1,True,1612709919.0,WES
1612709908.0,Rio Grande Valley Vipers,2052300216,2023-12-17,L,126,46,84,0.548,17,37,0.459,10,14,0.714,10,28,38,26,10,7,23,27,-1,2023-24,0,False,1612709890.0,AUS
1612709890.0,Austin Spurs,2052300216,2023-12-17,W,127,49,100,0.49,7,24,0.292,14,20,0.7,19,29,48,24,12,6,18,19,1,2023-24,1,True,1612709908.0,RGV
1612709932.0,Motor City Cruise,2052300217,2023-12-17,W,104,34,81,0.42,11,32,0.344,14,14,1.0,11,33,44,25,6,4,20,29,2,2023-24,1,False,1612709923.0,WCB
1612709923.0,Windy City Bulls,2052300217,2023-12-17,L,102,33,83,0.398,6,28,0.214,17,23,0.739,10,29,39,18,14,4,11,21,-2,2023-24,0,True,1612709932.0,MCC
1612709928.0,Capital City Go-Go,2052300218,2023-12-19,L,102,36,80,0.45,6,23,0.261,13,15,0.867,4,21,25,16,11,4,15,20,-11,2023-24,0,False,1612709910.0,FWN
1612709910.0,Fort Wayne Mad Ants,2052300218,2023-12-19,W,113,42,84,0.5,10,26,0.385,12,16,0.75,13,34,47,24,7,7,19,21,11,2023-24,1,True,1612709928.0,CCG
1612709915.0,Maine Celtics,2052300219,2023-12-19,L,116,39,75,0.52,18,38,0.474,12,17,0.706,7,28,35,22,11,6,30,23,-5,2023-24,0,False,1612709890.0,AUS
1612709890.0,Austin Spurs,2052300219,2023-12-19,W,121,48,87,0.552,9,18,0.5,11,19,0.579,10,25,35,29,19,4,20,22,5,2023-24,1,True,1612709915.0,MNE
1612709932.0,Motor City Cruise,2052300220,2023-12-19,L,112,39,83,0.47,11,35,0.314,14,21,0.667,10,25,35,20,6,3,12,23,-4,2023-24,0,False,1612709902.0,SCW
1612709902.0,Santa Cruz Warriors,2052300220,2023-12-19,W,116,45,94,0.479,8,28,0.286,12,19,0.632,15,36,51,17,7,2,11,26,4,2023-24,1,True,1612709932.0,MCC
1612709931.0,Mexico City Capitanes,2052300221,2023-12-19,L,104,40,94,0.426,4,19,0.211,12,15,0.8,18,31,49,19,15,6,24,28,-10,2023-24,0,False,1612709919.0,WES
1612709919.0,Westchester Knicks,2052300221,2023-12-19,W,114,36,88,0.409,16,50,0.32,15,16,0.938,15,29,44,22,13,14,22,17,10,2023-24,1,True,1612709931.0,MXC
1612709913.0,Birmingham Squadron,2052300222,2023-12-19,W,116,42,95,0.442,22,40,0.55,7,8,0.875,16,30,46,26,12,6,15,21,7,2023-24,1,False,1612709933.0,RCR
1612709933.0,Rip City Remix,2052300222,2023-12-19,L,109,39,89,0.438,21,42,0.5,6,11,0.545,16,30,46,30,10,9,20,15,-7,2023-24,0,True,1612709913.0,BHM
1612709920.0,Raptors 905,2052300223,2023-12-19,W,129,50,95,0.526,12,32,0.375,11,16,0.688,11,37,48,34,11,9,19,30,19,2023-24,1,False,1612709904.0,SXF
1612709904.0,Sioux Falls Skyforce,2052300223,2023-12-19,L,110,32,85,0.376,10,39,0.256,20,25,0.8,14,28,42,20,10,4,20,26,-19,2023-24,0,True,1612709920.0,RAP
1612709925.0,Osceola Magic,2052300224,2023-12-19,W,121,44,92,0.478,20,47,0.426,7,11,0.636,15,43,58,31,11,6,27,19,8,2023-24,1,False,1612709905.0,SBL
1612709905.0,South Bay Lakers,2052300224,2023-12-19,L,113,42,106,0.396,14,42,0.333,10,15,0.667,19,31,50,25,17,4,19,15,-8,2023-24,0,True,1612709925.0,OSC
1612709929.0,College Park Skyhawks,2052300225,2023-12-19,W,100,36,82,0.439,7,27,0.259,13,17,0.765,12,31,43,23,9,4,16,20,13,2023-24,1,False,1612709924.0,ONT
1612709924.0,Ontario Clippers,2052300225,2023-12-19,L,87,31,75,0.413,10,36,0.278,10,13,0.769,9,29,38,17,8,8,21,25,-13,2023-24,0,True,1612709929.0,CPS
1612709893.0,Cleveland Charge,2052300226,2023-12-20,W,100,37,81,0.457,9,36,0.25,12,15,0.8,13,32,45,20,11,3,19,18,12,2023-24,1,False,1612709930.0,GLI
1612709930.0,G League Ignite,2052300226,2023-12-20,L,88,33,79,0.418,10,35,0.286,8,8,1.0,5,29,34,26,8,7,18,25,-12,2023-24,0,True,1612709893.0,CLC
1612709923.0,Windy City Bulls,2052300227,2023-12-20,L,87,31,83,0.373,5,26,0.192,11,14,0.786,12,32,44,17,8,6,13,14,-16,2023-24,0,False,1612709917.0,GRG
1612709917.0,Grand Rapids Gold,2052300227,2023-12-20,W,103,40,81,0.494,14,35,0.4,8,9,0.889,7,33,40,31,9,10,13,19,16,2023-24,1,True,1612709923.0,WCB
1612709908.0,Rio Grande Valley Vipers,2052300228,2023-12-20,W,114,43,95,0.453,9,30,0.3,12,15,0.8,19,38,57,29,16,5,20,24,8,2023-24,1,False,1612709926.0,MHU
1612709926.0,Memphis Hustle,2052300228,2023-12-20,L,106,37,96,0.385,15,54,0.278,9,12,0.75,18,30,48,27,12,11,20,13,-8,2023-24,0,True,1612709908.0,RGV
1612709918.0,Texas Legends,2052300229,2023-12-20,L,129,50,96,0.521,16,41,0.39,8,13,0.615,9,39,48,33,5,9,19,26,-4,2023-24,0,False,1612709909.0,DEL
1612709909.0,Delaware Blue Coats,2052300229,2023-12-20,W,133,41,91,0.451,17,41,0.415,19,25,0.76,8,38,46,21,9,8,10,20,4,2023-24,1,True,1612709918.0,TEX
1612709890.0,Austin Spurs,2052300230,2023-12-20,W,114,43,94,0.457,9,28,0.321,12,17,0.706,11,39,50,24,13,8,17,20,14,2023-24,1,False,1612709921.0,LIN
1612709921.0,Long Island Nets,2052300230,2023-12-20,L,100,38,93,0.409,13,37,0.351,6,9,0.667,12,36,48,19,8,4,21,22,-14,2023-24,0,True,1612709890.0,AUS
1612709927.0,Wisconsin Herd,2052300231,2023-12-20,L,116,45,96,0.469,13,34,0.382,8,10,0.8,12,31,43,26,9,7,17,22,-1,2023-24,0,False,1612709889.0,OKL
1612709889.0,Oklahoma City Blue,2052300231,2023-12-20,W,117,38,83,0.458,20,42,0.476,13,20,0.65,10,34,44,26,10,5,18,17,1,2023-24,1,True,1612709927.0,WIS
1612709922.0,Greensboro Swarm,2052300232,2023-12-20,L,92,35,85,0.412,7,27,0.259,9,17,0.529,20,35,55,24,14,1,25,17,-29,2023-24,0,False,1612709911.0,IWA
1612709911.0,Iowa Wolves,2052300232,2023-12-20,W,121,48,85,0.565,13,32,0.406,7,12,0.583,6,29,35,37,11,12,16,25,29,2023-24,1,True,1612709922.0,GBO
1612709903.0,Salt Lake City Stars,2052300233,2023-12-20,W,122,47,85,0.553,17,34,0.5,7,11,0.636,8,40,48,30,6,4,22,26,23,2023-24,1,False,1612709915.0,MNE
1612709915.0,Maine Celtics,2052300233,2023-12-20,L,99,34,87,0.391,10,42,0.238,14,19,0.737,10,27,37,22,12,9,17,18,-23,2023-24,0,True,1612709903.0,SLC
1612709902.0,Santa Cruz Warriors,2052300234,2023-12-21,L,114,39,86,0.453,14,43,0.326,11,14,0.786,11,27,38,22,13,5,21,29,-13,2023-24,0,False,1612709919.0,WES
1612709919.0,Westchester Knicks,2052300234,2023-12-21,W,127,40,82,0.488,17,38,0.447,17,23,0.739,12,34,46,27,13,4,20,22,13,2023-24,1,True,1612709902.0,SCW
1612709929.0,College Park Skyhawks,2052300235,2023-12-21,L,104,29,91,0.319,10,33,0.303,24,28,0.857,19,32,51,21,12,2,14,31,-2,2023-24,0,False,1612709910.0,FWN
1612709910.0,Fort Wayne Mad Ants,2052300235,2023-12-21,W,106,40,83,0.482,4,25,0.16,15,26,0.577,13,39,52,28,7,13,21,29,2,2023-24,1,True,1612709929.0,CPS
1612709931.0,Mexico City Capitanes,2052300236,2023-12-21,W,115,47,91,0.516,12,26,0.462,6,10,0.6,7,31,38,27,12,6,10,21,15,2023-24,1,False,1612709932.0,MCC
1612709932.0,Motor City Cruise,2052300236,2023-12-21,L,100,34,86,0.395,13,39,0.333,11,16,0.688,21,34,55,24,5,7,21,15,-15,2023-24,0,True,1612709931.0,MXC
1612709933.0,Rip City Remix,2052300237,2023-12-21,W,117,41,92,0.446,15,48,0.313,13,18,0.722,17,37,54,23,17,17,22,23,14,2023-24,1,False,1612709908.0,RGV
1612709908.0,Rio Grande Valley Vipers,2052300237,2023-12-21,L,103,37,96,0.385,12,34,0.353,11,19,0.579,26,28,54,18,17,6,25,23,-14,2023-24,0,True,1612709933.0,RCR
1612709909.0,Delaware Blue Coats,2052300238,2023-12-21,L,126,42,97,0.433,12,46,0.261,17,23,0.739,11,28,39,26,10,12,13,20,-2,2023-24,0,False,1612709905.0,SBL
1612709905.0,South Bay Lakers,2052300238,2023-12-21,W,128,48,99,0.485,9,26,0.346,12,15,0.8,17,37,54,24,8,6,21,30,2,2023-24,1,True,1612709909.0,DEL
1612709914.0,Stockton Kings,2052300239,2023-12-21,L,107,37,81,0.457,15,41,0.366,11,15,0.733,10,23,33,27,11,6,14,19,-5,2023-24,0,False,1612709913.0,BHM
1612709913.0,Birmingham Squadron,2052300239,2023-12-21,W,112,38,79,0.481,13,33,0.394,14,16,0.875,13,32,45,20,8,3,16,19,5,2023-24,1,True,1612709914.0,STO
1612709930.0,G League Ignite,2052300240,2023-12-21,L,90,34,78,0.436,6,29,0.207,10,15,0.667,9,31,40,22,6,4,22,20,-23,2023-24,0,False,1612709917.0,GRG
1612709917.0,Grand Rapids Gold,2052300240,2023-12-21,W,113,42,82,0.512,14,32,0.438,10,16,0.625,9,37,46,28,12,4,17,18,23,2023-24,1,True,1612709930.0,GLI
1612709928.0,Capital City Go-Go,2052300241,2023-12-21,L,103,39,90,0.433,9,37,0.243,10,13,0.769,12,30,42,28,8,4,11,16,-25,2023-24,0,False,1612709924.0,ONT
1612709924.0,Ontario Clippers,2052300241,2023-12-21,W,128,45,88,0.511,20,44,0.455,10,11,0.909,8,38,46,35,6,3,12,15,25,2023-24,1,True,1612709928.0,CCG
1612709926.0,Memphis Hustle,2052300242,2023-12-22,L,98,36,88,0.409,11,37,0.297,10,11,0.909,10,29,39,20,11,8,20,20,-15,2023-24,0,False,1612709920.0,RAP
1612709920.0,Raptors 905,2052300242,2023-12-22,W,113,45,95,0.474,12,42,0.286,6,10,0.6,14,38,52,30,12,8,15,16,15,2023-24,1,True,1612709926.0,MHU
1612709911.0,Iowa Wolves,2052300243,2023-12-22,L,105,39,96,0.406,12,38,0.316,9,14,0.643,9,40,49,24,11,12,14,21,-10,2023-24,0,False,1612709921.0,LIN
1612709921.0,Long Island Nets,2052300243,2023-12-22,W,115,42,96,0.438,9,35,0.257,15,19,0.789,11,43,54,27,8,7,16,17,10,2023-24,1,True,1612709911.0,IWA
1612709889.0,Oklahoma City Blue,2052300244,2023-12-22,W,121,45,89,0.506,17,40,0.425,9,14,0.643,8,45,53,28,11,5,15,15,18,2023-24,1,False,1612709893.0,CLC
1612709893.0,Cleveland Charge,2052300244,2023-12-22,L,103,37,88,0.42,17,51,0.333,7,9,0.778,5,33,38,26,5,5,15,19,-18,2023-24,0,True,1612709889.0,OKL
1612709922.0,Greensboro Swarm,2052300245,2023-12-22,W,106,44,91,0.484,9,28,0.321,8,17,0.471,15,32,47,25,11,0,16,20,4,2023-24,1,False,1612709903.0,SLC
1612709903.0,Salt Lake City Stars,2052300245,2023-12-22,L,102,36,78,0.462,9,33,0.273,14,20,0.7,9,34,43,21,10,9,19,19,-4,2023-24,0,True,1612709922.0,GBO
1612709904.0,Sioux Falls Skyforce,2052300246,2023-12-22,L,116,36,87,0.414,15,43,0.349,16,22,0.727,9,29,38,22,14,4,16,17,-17,2023-24,0,False,1612709925.0,OSC
1612709925.0,Osceola Magic,2052300246,2023-12-22,W,133,48,88,0.545,19,45,0.422,12,14,0.857,9,42,51,35,7,6,26,27,17,2023-24,1,True,1612709904.0,SXF
1612709918.0,Texas Legends,2052300247,2023-12-22,W,121,43,86,0.5,13,33,0.394,11,14,0.786,8,39,47,29,6,3,12,19,18,2023-24,1,False,1612709927.0,WIS
1612709927.0,Wisconsin Herd,2052300247,2023-12-22,L,103,42,92,0.457,9,36,0.25,5,11,0.455,12,33,45,29,5,3,12,18,-18,2023-24,0,True,1612709918.0,TEX
1612709914.0,Stockton Kings,2052300248,2023-12-22,W,99,38,78,0.487,11,36,0.306,11,16,0.688,7,31,38,30,9,5,12,19,5,2023-24,1,False,1612709923.0,WCB
1612709923.0,Windy City Bulls,2052300248,2023-12-22,L,94,37,83,0.446,9,35,0.257,7,11,0.636,12,34,46,21,8,2,13,16,-5,2023-24,0,True,1612709914.0,STO
1612709919.0,Westchester Knicks,2052300249,2023-12-22,W,107,41,110,0.373,15,51,0.294,6,7,0.857,21,33,54,33,13,10,13,17,8,2023-24,1,False,1612709910.0,FWN
1612709910.0,Fort Wayne Mad Ants,2052300249,2023-12-22,L,99,34,84,0.405,8,23,0.348,13,14,0.929,11,36,47,23,8,9,22,15,-8,2023-24,0,True,1612709919.0,WES
1612709929.0,College Park Skyhawks,2052400001,2024-11-08,W,104,35,84,0.417,14,36,0.389,13,17,0.765,10,32,42,21,9,8,13,18,9,2024-25,1,False,1612709928.0,CCG
1612709928.0,Capital City Go-Go,2052400001,2024-11-08,L,95,34,85,0.4,10,40,0.25,11,13,0.846,12,35,47,22,9,8,19,22,-9,2024-25,0,True,1612709929.0,CPS
1612709923.0,Windy City Bulls,2052400002,2024-11-08,W,117,38,81,0.469,19,42,0.452,16,22,0.727,10,31,41,23,7,5,19,14,5,2024-25,1,False,1612709917.0,GRG
1612709917.0,Grand Rapids Gold,2052400002,2024-11-08,L,112,41,90,0.456,13,37,0.351,9,10,0.9,13,31,44,20,10,3,17,22,-5,2024-25,0,True,1612709923.0,WCB
1612709915.0,Maine Celtics,2052400003,2024-11-08,L,123,46,101,0.455,18,47,0.383,7,11,0.636,18,28,46,29,5,15,12,17,-6,2024-25,0,False,1612709921.0,LIN
1612709921.0,Long Island Nets,2052400003,2024-11-08,W,129,48,96,0.5,11,29,0.379,14,15,0.933,16,33,49,28,6,5,13,17,6,2024-25,1,True,1612709915.0,MNE
1612709890.0,Austin Spurs,2052400004,2024-11-08,W,128,49,108,0.454,17,49,0.347,9,11,0.818,20,26,46,31,17,4,14,18,11,2024-25,1,False,1612709925.0,OSC
1612709925.0,Osceola Magic,2052400004,2024-11-08,L,117,43,80,0.538,15,36,0.417,8,12,0.667,11,36,47,26,8,8,26,18,-11,2024-25,0,True,1612709890.0,AUS
1612709927.0,Wisconsin Herd,2052400005,2024-11-08,L,93,33,98,0.337,8,38,0.211,12,16,0.75,17,28,45,22,9,6,14,26,-18,2024-25,0,False,1612709911.0,IWA
1612709911.0,Iowa Wolves,2052400005,2024-11-08,W,111,39,82,0.476,10,24,0.417,13,20,0.65,10,44,54,24,10,9,20,28,18,2024-25,1,True,1612709927.0,WIS
1612709933.0,Rip City Remix,2052400006,2024-11-08,L,107,37,93,0.398,13,47,0.277,13,19,0.684,16,35,51,18,6,6,20,21,-15,2024-25,0,False,1612709924.0,SDC
1612709924.0,San Diego Clippers,2052400006,2024-11-08,W,122,45,99,0.455,12,41,0.293,12,16,0.75,16,38,54,25,13,5,13,25,15,2024-25,1,True,1612709933.0,RCR
1612709934.0,Valley Suns,2052400007,2024-11-08,L,118,37,91,0.407,22,55,0.4,13,19,0.684,6,31,37,24,8,5,18,28,-15,2024-25,0,False,1612709902.0,SCW
1612709902.0,Santa Cruz Warriors,2052400007,2024-11-08,W,133,45,92,0.489,14,39,0.359,17,22,0.773,12,48,60,32,9,3,17,29,15,2024-25,1,True,1612709934.0,VAL
1612709910.0,Indiana Mad Ants,2052400008,2024-11-09,L,83,31,95,0.326,9,45,0.2,8,9,0.889,17,28,45,14,10,6,19,23,-37,2024-25,0,False,1612709893.0,CLC
1612709893.0,Cleveland Charge,2052400008,2024-11-09,W,120,42,86,0.488,12,36,0.333,14,19,0.737,13,34,47,24,12,11,13,13,37,2024-25,1,True,1612709910.0,IMA
1612709920.0,Raptors 905,2052400009,2024-11-09,W,116,44,98,0.449,13,39,0.333,9,13,0.692,11,41,52,27,10,9,17,20,1,2024-25,1,False,1612709909.0,DEL
1612709909.0,Delaware Blue Coats,2052400009,2024-11-09,L,115,43,111,0.387,14,49,0.286,9,14,0.643,26,37,63,28,8,3,15,16,-1,2024-25,0,True,1612709920.0,RAP
1612709931.0,Mexico City Capitanes,2052400010,2024-11-09,W,105,36,83,0.434,13,39,0.333,13,15,0.867,11,33,44,20,10,1,21,20,15,2024-25,1,False,1612709913.0,BHM
1612709913.0,Birmingham Squadron,2052400010,2024-11-09,L,90,35,80,0.438,9,34,0.265,6,8,0.75,8,30,38,19,7,6,20,25,-15,2024-25,0,True,1612709931.0,MXC
1612709904.0,Sioux Falls Skyforce,2052400011,2024-11-09,L,118,43,88,0.489,16,48,0.333,10,14,0.714,8,37,45,31,6,5,23,33,-3,2024-25,0,False,1612709911.0,IWA
1612709911.0,Iowa Wolves,2052400011,2024-11-09,W,121,40,88,0.455,8,30,0.267,21,26,0.808,12,35,47,22,13,4,18,29,3,2024-25,1,True,1612709904.0,SXF
1612709926.0,Memphis Hustle,2052400012,2024-11-09,L,97,36,98,0.367,19,53,0.358,3,8,0.375,18,38,56,28,8,6,17,23,-6,2024-25,0,False,1612709908.0,RGV
1612709908.0,Rio Grande Valley Vipers,2052400012,2024-11-09,W,103,35,81,0.432,13,43,0.302,12,18,0.667,12,40,52,26,10,9,17,18,6,2024-25,1,True,1612709926.0,MHU
1612709903.0,Salt Lake City Stars,2052400013,2024-11-09,L,96,38,99,0.384,4,31,0.129,11,12,0.917,12,32,44,22,13,4,18,16,-14,2024-25,0,False,1612709905.0,SBL
1612709905.0,South Bay Lakers,2052400013,2024-11-09,W,110,39,87,0.448,16,46,0.348,8,9,0.889,7,41,48,28,13,11,21,17,14,2024-25,1,True,1612709903.0,SLC
1612709934.0,Valley Suns,2052400014,2024-11-09,W,133,49,105,0.467,19,56,0.339,9,12,0.75,11,41,52,33,10,5,7,23,29,2024-25,1,False,1612709902.0,SCW
1612709902.0,Santa Cruz Warriors,2052400014,2024-11-09,L,104,37,96,0.385,10,38,0.263,11,16,0.688,12,40,52,20,4,5,15,18,-29,2024-25,0,True,1612709934.0,VAL
1612709910.0,Indiana Mad Ants,2052400015,2024-11-10,W,122,46,90,0.511,15,38,0.395,11,15,0.733,13,38,51,27,4,2,17,24,8,2024-25,1,False,1612709893.0,CLC
1612709893.0,Cleveland Charge,2052400015,2024-11-10,L,114,37,83,0.446,9,39,0.231,19,23,0.826,7,30,37,20,12,5,10,21,-8,2024-25,0,True,1612709910.0,IMA
1612709922.0,Greensboro Swarm,2052400016,2024-11-10,L,98,35,91,0.385,11,34,0.324,11,15,0.733,15,29,44,21,11,6,18,26,-9,2024-25,0,False,1612709928.0,CCG
1612709928.0,Capital City Go-Go,2052400016,2024-11-10,W,107,39,79,0.494,9,32,0.281,15,22,0.682,10,35,45,22,8,12,24,25,9,2024-25,1,True,1612709922.0,GBO
1612709923.0,Windy City Bulls,2052400017,2024-11-10,L,121,48,91,0.527,18,40,0.45,4,8,0.5,14,27,41,25,5,3,12,19,-3,2024-25,0,False,1612709917.0,GRG
1612709917.0,Grand Rapids Gold,2052400017,2024-11-10,W,124,43,86,0.5,16,41,0.39,12,14,0.857,17,30,47,26,4,4,14,18,3,2024-25,1,True,1612709923.0,WCB
1612709919.0,Westchester Knicks,2052400018,2024-11-10,W,118,50,98,0.51,8,35,0.229,6,14,0.429,20,50,70,28,6,12,17,13,19,2024-25,1,False,1612709921.0,LIN
1612709921.0,Long Island Nets,2052400018,2024-11-10,L,99,41,111,0.369,8,37,0.216,5,8,0.625,16,32,48,24,9,6,7,20,-19,2024-25,0,True,1612709919.0,WES
1612709890.0,Austin Spurs,2052400019,2024-11-10,W,122,38,91,0.418,20,56,0.357,16,19,0.842,12,29,41,24,10,5,10,16,2,2024-25,1,False,1612709925.0,OSC
1612709925.0,Osceola Magic,2052400019,2024-11-10,L,120,43,89,0.483,19,48,0.396,8,11,0.727,13,30,43,27,6,9,14,22,-2,2024-25,0,True,1612709890.0,AUS
1612709933.0,Rip City Remix,2052400020,2024-11-10,L,121,44,89,0.494,15,47,0.319,11,16,0.688,16,33,49,26,8,3,28,24,-16,2024-25,0,False,1612709924.0,SDC
1612709924.0,San Diego Clippers,2052400020,2024-11-10,W,137,45,84,0.536,18,36,0.5,16,22,0.727,9,24,33,35,17,3,16,25,16,2024-25,1,True,1612709933.0,RCR
1612709920.0,Raptors 905,2052400021,2024-11-11,L,117,42,82,0.512,14,31,0.452,11,20,0.55,9,35,44,24,12,8,18,28,-5,2024-25,0,False,1612709929.0,CPS
1612709929.0,College Park Skyhawks,2052400021,2024-11-11,W,122,44,92,0.478,18,40,0.45,12,19,0.632,14,37,51,23,10,7,23,28,5,2024-25,1,True,1612709920.0,RAP
1612709915.0,Maine Celtics,2052400022,2024-11-11,W,130,48,101,0.475,16,41,0.39,10,10,1.0,17,35,52,33,9,10,15,29,19,2024-25,1,False,1612709909.0,DEL
1612709909.0,Delaware Blue Coats,2052400022,2024-11-11,L,111,35,83,0.422,10,27,0.37,18,23,0.783,11,30,41,20,8,7,19,19,-19,2024-25,0,True,1612709915.0,MNE
1612709931.0,Mexico City Capitanes,2052400023,2024-11-11,W,97,30,75,0.4,11,38,0.289,17,19,0.895,9,36,45,14,10,10,24,17,7,2024-25,1,False,1612709926.0,MHU
1612709926.0,Memphis Hustle,2052400023,2024-11-11,L,90,34,87,0.391,8,35,0.229,8,13,0.615,15,26,41,22,15,8,20,21,-7,2024-25,0,True,1612709931.0,MXC
1612709914.0,Stockton Kings,2052400024,2024-11-11,L,100,36,90,0.4,9,36,0.25,11,18,0.611,15,38,53,22,3,6,14,20,-8,2024-25,0,False,1612709934.0,VAL
1612709934.0,Valley Suns,2052400024,2024-11-11,W,108,41,86,0.477,13,30,0.433,8,12,0.667,7,35,42,22,8,4,7,19,8,2024-25,1,True,1612709914.0,STO
1612709918.0,Texas Legends,2052400025,2024-11-12,L,100,39,86,0.453,7,36,0.194,11,14,0.786,11,32,43,19,14,11,19,29,-2,2024-25,0,False,1612709889.0,OKL
1612709889.0,Oklahoma City Blue,2052400025,2024-11-12,W,102,29,93,0.312,7,42,0.167,25,33,0.758,28,32,60,15,9,4,21,18,2,2024-25,1,True,1612709918.0,TEX
1612709919.0,Westchester Knicks,2052400026,2024-11-12,W,127,46,96,0.479,15,38,0.395,12,18,0.667,15,38,53,29,9,13,16,22,10,2024-25,1,False,1612709921.0,LIN
1612709921.0,Long Island Nets,2052400026,2024-11-12,L,117,42,95,0.442,10,29,0.345,13,19,0.684,14,29,43,24,8,11,16,25,-10,2024-25,0,True,1612709919.0,WES
1612709923.0,Windy City Bulls,2052400027,2024-11-12,L,107,42,87,0.483,9,31,0.29,9,15,0.6,8,33,41,23,8,9,18,18,-20,2024-25,0,False,1612709932.0,MCC
1612709932.0,Motor City Cruise,2052400027,2024-11-12,W,127,44,89,0.494,11,30,0.367,15,16,0.938,7,40,47,23,15,5,13,18,20,2024-25,1,True,1612709923.0,WCB
1612709911.0,Iowa Wolves,2052400028,2024-11-12,W,106,40,88,0.455,17,38,0.447,5,7,0.714,11,35,46,24,8,6,19,22,9,2024-25,1,False,1612709904.0,SXF
1612709904.0,Sioux Falls Skyforce,2052400028,2024-11-12,L,97,36,88,0.409,5,27,0.185,11,13,0.846,14,35,49,22,12,4,17,14,-9,2024-25,0,True,1612709911.0,IWA
1612709890.0,Austin Spurs,2052400029,2024-11-12,L,109,40,102,0.392,12,50,0.24,8,13,0.615,16,28,44,20,12,8,15,19,-15,2024-25,0,False,1612709908.0,RGV
1612709908.0,Rio Grande Valley Vipers,2052400029,2024-11-12,W,124,42,89,0.472,19,39,0.487,13,15,0.867,15,40,55,25,12,9,25,26,15,2024-25,1,True,1612709890.0,AUS
1612709928.0,Capital City Go-Go,2052400030,2024-11-13,L,98,30,71,0.423,12,31,0.387,14,16,0.875,11,24,35,17,8,6,20,22,-9,2024-25,0,False,1612709922.0,GBO
1612709922.0,Greensboro Swarm,2052400030,2024-11-13,W,107,40,84,0.476,5,25,0.2,16,21,0.762,16,29,45,14,13,5,15,25,9,2024-25,1,True,1612709928.0,CCG
1612709920.0,Raptors 905,2052400031,2024-11-13,L,95,36,84,0.429,7,26,0.269,9,13,0.692,15,26,41,25,12,4,18,18,-6,2024-25,0,False,1612709929.0,CPS
1612709929.0,College Park Skyhawks,2052400031,2024-11-13,W,101,36,78,0.462,14,37,0.378,11,15,0.733,11,31,42,21,6,6,21,24,6,2024-25,1,True,1612709920.0,RAP
1612709910.0,Indiana Mad Ants,2052400032,2024-11-13,L,115,43,94,0.457,13,38,0.342,11,14,0.786,8,33,41,26,7,9,12,16,-4,2024-25,0,False,1612709932.0,MCC
1612709932.0,Motor City Cruise,2052400032,2024-11-13,W,119,48,102,0.471,13,34,0.382,6,8,0.75,13,38,51,28,6,7,13,23,4,2024-25,1,True,1612709910.0,IMA
1612709903.0,Salt Lake City Stars,2052400033,2024-11-13,L,112,40,100,0.4,9,39,0.231,14,20,0.7,25,30,55,21,7,6,11,17,-4,2024-25,0,False,1612709914.0,STO
1612709914.0,Stockton Kings,2052400033,2024-11-13,W,116,45,90,0.5,15,34,0.441,8,11,0.727,11,31,42,28,6,7,13,23,4,2024-25,1,True,1612709903.0,SLC
1612709931.0,Mexico City Capitanes,2052400034,2024-11-14,L,105,37,91,0.407,8,37,0.216,14,19,0.737,16,24,40,19,12,7,17,20,-23,2024-25,0,False,1612709925.0,OSC
1612709925.0,Osceola Magic,2052400034,2024-11-14,W,128,47,92,0.511,18,47,0.383,12,15,0.8,17,36,53,32,9,5,24,25,23,2024-25,1,True,1612709931.0,MXC
1612709893.0,Cleveland Charge,2052400035,2024-11-14,L,100,36,89,0.404,14,42,0.333,8,10,0.8,11,34,45,19,8,8,17,22,-7,2024-25,0,False,1612709904.0,SXF
1612709904.0,Sioux Falls Skyforce,2052400035,2024-11-14,W,107,39,82,0.476,11,26,0.423,12,16,0.75,10,38,48,28,11,6,18,20,7,2024-25,1,True,1612709893.0,CLC
1612709913.0,Birmingham Squadron,2052400036,2024-11-14,W,121,48,90,0.533,16,35,0.457,5,7,0.714,19,38,57,34,7,10,17,16,26,2024-25,1,False,1612709908.0,RGV
1612709908.0,Rio Grande Valley Vipers,2052400036,2024-11-14,L,95,37,90,0.411,13,33,0.394,5,8,0.625,10,18,28,24,10,3,13,15,-26,2024-25,0,True,1612709913.0,BHM
1612709934.0,Valley Suns,2052400037,2024-11-14,W,132,47,89,0.528,20,44,0.455,12,15,0.8,6,32,38,28,11,4,15,26,4,2024-25,1,False,1612709924.0,SDC
1612709924.0,San Diego Clippers,2052400037,2024-11-14,L,128,47,95,0.495,11,36,0.306,14,21,0.667,13,35,48,25,7,2,17,21,-4,2024-25,0,True,1612709934.0,VAL
1612709911.0,Iowa Wolves,2052400038,2024-11-15,W,113,37,90,0.411,12,34,0.353,15,20,0.75,17,30,47,21,10,7,13,27,9,2024-25,1,False,1612709910.0,IMA
1612709910.0,Indiana Mad Ants,2052400038,2024-11-15,L,104,36,82,0.439,14,35,0.4,11,19,0.579,15,33,48,29,5,5,16,28,-9,2024-25,0,True,1612709911.0,IWA
1612709909.0,Delaware Blue Coats,2052400039,2024-11-15,L,90,32,86,0.372,12,47,0.255,9,12,0.75,9,29,38,20,6,10,17,21,-25,2024-25,0,False,1612709922.0,GBO
1612709922.0,Greensboro Swarm,2052400039,2024-11-15,W,115,46,104,0.442,9,29,0.31,9,13,0.692,25,38,63,17,10,6,15,21,25,2024-25,1,True,1612709909.0,DEL
1612709919.0,Westchester Knicks,2052400040,2024-11-15,W,127,45,85,0.529,14,30,0.467,12,12,1.0,11,36,47,24,12,7,22,22,27,2024-25,1,False,1612709915.0,MNE
1612709915.0,Maine Celtics,2052400040,2024-11-15,L,100,36,97,0.371,10,47,0.213,9,14,0.643,23,24,47,19,7,9,18,22,-27,2024-25,0,True,1612709919.0,WES
1612709931.0,Mexico City Capitanes,2052400041,2024-11-15,W,107,38,85,0.447,12,31,0.387,12,16,0.75,7,31,38,23,11,5,15,18,9,2024-25,1,False,1612709925.0,OSC
1612709925.0,Osceola Magic,2052400041,2024-11-15,L,98,37,98,0.378,12,52,0.231,8,10,0.8,23,42,65,17,12,5,22,20,-9,2024-25,0,True,1612709931.0,MXC
1612709918.0,Texas Legends,2052400042,2024-11-15,L,96,38,80,0.475,12,30,0.4,5,7,0.714,9,25,34,17,7,4,15,15,-23,2024-25,0,False,1612709890.0,AUS
1612709890.0,Austin Spurs,2052400042,2024-11-15,W,119,47,94,0.5,10,34,0.294,8,12,0.667,19,31,50,20,13,2,10,12,23,2024-25,1,True,1612709918.0,TEX
1612709889.0,Oklahoma City Blue,2052400043,2024-11-15,W,132,44,86,0.512,17,44,0.386,16,19,0.842,14,33,47,27,8,7,16,29,11,2024-25,1,False,1612709926.0,MHU
1612709926.0,Memphis Hustle,2052400043,2024-11-15,L,121,41,91,0.451,17,45,0.378,13,16,0.813,15,26,41,31,6,2,16,26,-11,2024-25,0,True,1612709889.0,OKL
1612709913.0,Birmingham Squadron,2052400044,2024-11-15,L,79,27,80,0.338,7,28,0.25,11,15,0.733,17,33,50,18,5,5,26,22,-38,2024-25,0,False,1612709908.0,RGV
1612709908.0,Rio Grande Valley Vipers,2052400044,2024-11-15,W,117,40,91,0.44,19,53,0.358,10,16,0.625,17,27,44,22,16,7,12,22,38,2024-25,1,True,1612709913.0,BHM
1612709893.0,Cleveland Charge,2052400045,2024-11-15,L,96,38,86,0.442,7,38,0.184,9,13,0.692,11,29,40,22,8,5,17,15,-14,2024-25,0,False,1612709904.0,SXF
1612709904.0,Sioux Falls Skyforce,2052400045,2024-11-15,W,110,40,87,0.46,13,39,0.333,10,12,0.833,10,37,47,23,14,4,13,19,14,2024-25,1,True,1612709893.0,CLC
1612709917.0,Grand Rapids Gold,2052400046,2024-11-15,W,105,38,81,0.469,12,36,0.333,14,16,0.875,13,36,49,25,6,5,19,16,6,2024-25,1,False,1612709927.0,WIS
1612709927.0,Wisconsin Herd,2052400046,2024-11-15,L,99,38,83,0.458,15,37,0.405,4,7,0.571,9,24,33,25,10,2,16,20,-6,2024-25,0,True,1612709917.0,GRG
1612709905.0,South Bay Lakers,2052400047,2024-11-15,L,118,38,90,0.422,15,48,0.313,16,22,0.727,12,27,39,19,14,7,15,31,-10,2024-25,0,False,1612709902.0,SCW
1612709902.0,Santa Cruz Warriors,2052400047,2024-11-15,W,128,39,77,0.506,14,36,0.389,20,23,0.87,10,36,46,25,7,1,23,26,10,2024-25,1,True,1612709905.0,SBL
1612709903.0,Salt Lake City Stars,2052400048,2024-11-15,L,110,39,82,0.476,9,32,0.281,12,16,0.75,18,33,51,24,6,1,14,21,-6,2024-25,0,False,1612709914.0,STO
1612709914.0,Stockton Kings,2052400048,2024-11-15,W,116,40,86,0.465,18,41,0.439,13,17,0.765,13,23,36,27,10,5,8,23,6,2024-25,1,True,1612709903.0,SLC
1612709921.0,Long Island Nets,2052400049,2024-11-16,L,115,42,96,0.438,10,36,0.278,11,20,0.55,15,30,45,20,13,6,20,30,-5,2024-25,0,False,1612709928.0,CCG
1612709928.0,Capital City Go-Go,2052400049,2024-11-16,W,120,39,82,0.476,9,33,0.273,19,24,0.792,11,39,50,24,12,6,21,23,5,2024-25,1,True,1612709921.0,LIN
1612709932.0,Motor City Cruise,2052400050,2024-11-16,W,119,41,95,0.432,12,39,0.308,15,18,0.833,19,32,51,26,9,5,14,25,4,2024-25,1,False,1612709923.0,WCB
1612709923.0,Windy City Bulls,2052400050,2024-11-16,L,115,46,95,0.484,5,23,0.217,13,17,0.765,14,34,48,22,7,5,15,22,-4,2024-25,0,True,1612709932.0,MCC
1612709917.0,Grand Rapids Gold,2052400051,2024-11-16,W,99,36,88,0.409,15,40,0.375,6,9,0.667,18,33,51,22,4,6,11,18,8,2024-25,1,False,1612709927.0,WIS
1612709927.0,Wisconsin Herd,2052400051,2024-11-16,L,91,32,83,0.386,7,31,0.226,10,11,0.909,11,32,43,17,6,7,13,15,-8,2024-25,0,True,1612709917.0,GRG
1612709919.0,Westchester Knicks,2052400052,2024-11-17,L,110,43,102,0.422,6,28,0.214,9,17,0.529,24,29,53,19,9,3,10,18,-8,2024-25,0,False,1612709915.0,MNE
1612709915.0,Maine Celtics,2052400052,2024-11-17,W,118,41,93,0.441,15,46,0.326,12,16,0.75,17,29,46,20,5,9,12,26,8,2024-25,1,True,1612709919.0,WES
1612709909.0,Delaware Blue Coats,2052400053,2024-11-17,L,90,33,88,0.375,7,38,0.184,11,12,0.917,8,34,42,18,5,4,14,14,-22,2024-25,0,False,1612709929.0,CPS
1612709929.0,College Park Skyhawks,2052400053,2024-11-17,W,112,44,91,0.484,12,35,0.343,6,7,0.857,11,36,47,26,8,8,9,15,22,2024-25,1,True,1612709909.0,DEL
1612709920.0,Raptors 905,2052400054,2024-11-17,L,113,42,95,0.442,11,38,0.289,12,20,0.6,12,24,36,22,9,5,12,36,-18,2024-25,0,False,1612709928.0,CCG
1612709928.0,Capital City Go-Go,2052400054,2024-11-17,W,131,41,87,0.471,9,28,0.321,25,29,0.862,16,42,58,27,3,6,20,31,18,2024-25,1,True,1612709920.0,RAP
1612709931.0,Mexico City Capitanes,2052400055,2024-11-17,W,99,36,78,0.462,13,31,0.419,11,17,0.647,9,34,43,20,3,5,16,16,7,2024-25,1,False,1612709890.0,AUS
1612709890.0,Austin Spurs,2052400055,2024-11-17,L,92,34,91,0.374,10,45,0.222,10,14,0.714,15,35,50,24,10,7,12,23,-7,2024-25,0,True,1612709931.0,MXC
1612709889.0,Oklahoma City Blue,2052400056,2024-11-17,L,89,31,96,0.323,14,39,0.359,7,8,0.875,18,25,43,22,8,5,8,11,-27,2024-25,0,False,1612709913.0,BHM
1612709913.0,Birmingham Squadron,2052400056,2024-11-17,W,116,44,82,0.537,21,42,0.5,4,5,0.8,6,40,46,23,3,14,14,15,27,2024-25,1,True,1612709889.0,OKL
1612709926.0,Memphis Hustle,2052400057,2024-11-17,W,90,30,71,0.423,14,36,0.389,9,14,0.643,9,32,41,21,11,6,16,14,5,2024-25,1,False,1612709918.0,TEX
1612709918.0,Texas Legends,2052400057,2024-11-17,L,85,31,82,0.378,13,37,0.351,6,12,0.5,20,33,53,24,7,4,21,21,-5,2024-25,0,True,1612709926.0,MHU
1612709932.0,Motor City Cruise,2052400058,2024-11-17,W,112,42,78,0.538,15,28,0.536,7,10,0.7,6,29,35,29,9,8,15,22,15,2024-25,1,False,1612709923.0,WCB
1612709923.0,Windy City Bulls,2052400058,2024-11-17,L,97,35,89,0.393,11,31,0.355,9,11,0.818,13,25,38,21,7,7,13,20,-15,2024-25,0,True,1612709932.0,MCC
1612709914.0,Stockton Kings,2052400059,2024-11-17,W,127,43,90,0.478,14,31,0.452,17,22,0.773,18,25,43,31,9,9,19,22,5,2024-25,1,False,1612709905.0,SBL
1612709905.0,South Bay Lakers,2052400059,2024-11-17,L,122,41,87,0.471,14,35,0.4,15,18,0.833,13,28,41,24,11,5,24,29,-5,2024-25,0,True,1612709914.0,STO
1612709934.0,Valley Suns,2052400060,2024-11-17,L,122,40,85,0.471,19,51,0.373,12,18,0.667,12,29,41,29,4,5,15,26,-7,2024-25,0,False,1612709924.0,SDC
1612709924.0,San Diego Clippers,2052400060,2024-11-17,W,129,46,94,0.489,15,35,0.429,15,26,0.577,19,29,48,23,10,3,10,27,7,2024-25,1,True,1612709934.0,VAL
1612709911.0,Iowa Wolves,2052400061,2024-11-18,L,103,45,100,0.45,4,32,0.125,6,12,0.5,16,27,43,29,16,6,16,28,-9,2024-25,0,False,1612709910.0,IMA
1612709910.0,Indiana Mad Ants,2052400061,2024-11-18,W,112,42,86,0.488,6,21,0.286,16,18,0.889,12,38,50,19,10,3,25,21,9,2024-25,1,True,1612709911.0,IWA
1612709909.0,Delaware Blue Coats,2052400062,2024-11-18,W,108,39,85,0.459,13,40,0.325,11,14,0.786,8,36,44,25,8,2,16,20,7,2024-25,1,False,1612709929.0,CPS
1612709929.0,College Park Skyhawks,2052400062,2024-11-18,L,101,39,97,0.402,8,42,0.19,8,9,0.889,17,33,50,24,9,4,14,23,-7,2024-25,0,True,1612709909.0,DEL
1612709933.0,Rip City Remix,2052400063,2024-11-18,L,118,42,97,0.433,17,55,0.309,10,12,0.833,7,33,40,30,8,6,16,23,-9,2024-25,0,False,1612709903.0,SLC
1612709903.0,Salt Lake City Stars,2052400063,2024-11-18,W,127,43,92,0.467,14,36,0.389,15,19,0.789,12,40,52,25,10,4,18,22,9,2024-25,1,True,1612709933.0,RCR
1612709920.0,Raptors 905,2052400064,2024-11-19,L,109,42,96,0.438,18,46,0.391,6,9,0.667,11,19,30,28,19,11,16,27,-10,2024-25,0,False,1612709928.0,CCG
1612709928.0,Capital City Go-Go,2052400064,2024-11-19,W,119,42,79,0.532,12,24,0.5,13,16,0.813,12,39,51,21,6,6,27,13,10,2024-25,1,True,1612709920.0,RAP
1612709923.0,Windy City Bulls,2052400065,2024-11-19,L,118,45,87,0.517,11,36,0.306,10,14,0.714,14,25,39,23,6,3,13,21,-11,2024-25,0,False,1612709893.0,CLC
1612709893.0,Cleveland Charge,2052400065,2024-11-19,W,129,48,85,0.565,11,30,0.367,14,18,0.778,9,25,34,29,6,7,10,17,11,2024-25,1,True,1612709923.0,WCB
1612709904.0,Sioux Falls Skyforce,2052400066,2024-11-19,W,121,43,95,0.453,13,38,0.342,12,16,0.75,17,34,51,24,13,6,16,24,12,2024-25,1,False,1612709927.0,WIS
1612709927.0,Wisconsin Herd,2052400066,2024-11-19,L,109,40,82,0.488,7,22,0.318,14,17,0.824,6,33,39,25,8,13,19,25,-12,2024-25,0,True,1612709904.0,SXF
1612709931.0,Mexico City Capitanes,2052400067,2024-11-19,L,115,42,86,0.488,16,34,0.471,10,10,1.0,12,30,42,22,15,7,25,19,-5,2024-25,0,False,1612709890.0,AUS
1612709890.0,Austin Spurs,2052400067,2024-11-19,W,120,43,93,0.462,13,41,0.317,12,15,0.8,16,30,46,24,16,9,19,13,5,2024-25,1,True,1612709931.0,MXC
1612709929.0,College Park Skyhawks,2052400068,2024-11-20,L,96,34,79,0.43,9,33,0.273,12,17,0.706,13,37,50,21,6,7,18,27,-2,2024-25,0,False,1612709922.0,GBO
1612709922.0,Greensboro Swarm,2052400068,2024-11-20,W,98,34,87,0.391,5,26,0.192,14,21,0.667,12,32,44,17,9,6,10,22,2,2024-25,1,True,1612709929.0,CPS
1612709911.0,Iowa Wolves,2052400069,2024-11-20,W,140,49,86,0.57,10,21,0.476,18,19,0.947,13,34,47,23,12,6,20,21,18,2024-25,1,False,1612709932.0,MCC
1612709932.0,Motor City Cruise,2052400069,2024-11-20,L,122,44,93,0.473,16,41,0.39,10,13,0.769,13,23,36,28,12,9,20,25,-18,2024-25,0,True,1612709911.0,IWA
1612709925.0,Osceola Magic,2052400070,2024-11-20,L,118,40,94,0.426,22,64,0.344,9,11,0.818,12,31,43,34,7,5,10,17,-5,2024-25,0,False,1612709926.0,MHU
1612709926.0,Memphis Hustle,2052400070,2024-11-20,W,123,44,87,0.506,19,44,0.432,10,16,0.625,13,35,48,36,2,2,14,19,5,2024-25,1,True,1612709925.0,OSC
1612709933.0,Rip City Remix,2052400071,2024-11-20,L,119,44,89,0.494,14,42,0.333,10,14,0.714,9,28,37,24,13,7,20,21,-10,2024-25,0,False,1612709903.0,SLC
1612709903.0,Salt Lake City Stars,2052400071,2024-11-20,W,129,41,93,0.441,16,38,0.421,20,20,1.0,14,34,48,26,11,3,22,18,10,2024-25,1,True,1612709933.0,RCR
1612709905.0,South Bay Lakers,2052400072,2024-11-20,L,100,37,84,0.44,12,42,0.286,10,12,0.833,9,36,45,25,6,9,23,25,-12,2024-25,0,False,1612709924.0,SDC
1612709924.0,San Diego Clippers,2052400072,2024-11-20,W,112,40,91,0.44,11,30,0.367,12,21,0.571,14,32,46,24,17,5,15,20,12,2024-25,1,True,1612709905.0,SBL
1612709902.0,Santa Cruz Warriors,2052400073,2024-11-20,L,98,38,93,0.409,10,41,0.244,7,9,0.778,12,31,43,30,9,6,13,15,-10,2024-25,0,False,1612709914.0,STO
1612709914.0,Stockton Kings,2052400073,2024-11-20,W,108,42,94,0.447,15,45,0.333,6,8,0.75,16,40,56,25,8,6,20,13,10,2024-25,1,True,1612709902.0,SCW
1612709909.0,Delaware Blue Coats,2052400074,2024-11-21,L,107,42,96,0.438,11,39,0.282,8,13,0.615,14,35,49,26,9,6,11,15,-8,2024-25,0,False,1612709919.0,WES
1612709919.0,Westchester Knicks,2052400074,2024-11-21,W,115,46,100,0.46,10,40,0.25,8,10,0.8,18,39,57,28,4,8,13,20,8,2024-25,1,True,1612709909.0,DEL
1612709918.0,Texas Legends,2052400075,2024-11-21,L,97,37,90,0.411,14,46,0.304,5,6,0.833,12,26,38,19,9,5,13,17,-12,2024-25,0,False,1612709889.0,OKL
1612709889.0,Oklahoma City Blue,2052400075,2024-11-21,W,109,39,81,0.481,18,43,0.419,8,10,0.8,10,39,49,28,7,5,17,10,12,2024-25,1,True,1612709918.0,TEX
1612709927.0,Wisconsin Herd,2052400076,2024-11-21,L,95,42,99,0.424,7,28,0.25,3,4,0.75,16,30,46,23,8,15,15,20,-11,2024-25,0,False,1612709923.0,WCB
1612709923.0,Windy City Bulls,2052400076,2024-11-21,W,106,35,85,0.412,10,29,0.345,16,20,0.8,18,33,51,15,8,11,15,12,11,2024-25,1,True,1612709927.0,WIS
1612709929.0,College Park Skyhawks,2052400077,2024-11-22,L,103,39,85,0.459,11,37,0.297,9,11,0.818,10,28,38,16,6,2,13,22,-5,2024-25,0,False,1612709922.0,GBO
1612709922.0,Greensboro Swarm,2052400077,2024-11-22,W,108,38,80,0.475,12,26,0.462,12,14,0.857,8,31,39,19,9,5,14,17,5,2024-25,1,True,1612709929.0,CPS
1612709928.0,Capital City Go-Go,2052400078,2024-11-22,L,101,34,76,0.447,11,33,0.333,12,14,0.857,11,31,42,18,4,6,18,24,-5,2024-25,0,False,1612709915.0,MNE
1612709915.0,Maine Celtics,2052400078,2024-11-22,W,106,37,90,0.411,9,44,0.205,14,18,0.778,13,30,43,22,11,7,8,19,5,2024-25,1,True,1612709928.0,CCG
1612709921.0,Long Island Nets,2052400079,2024-11-22,W,128,46,100,0.46,13,36,0.361,14,17,0.824,13,29,42,31,12,5,15,15,16,2024-25,1,False,1612709920.0,RAP
1612709920.0,Raptors 905,2052400079,2024-11-22,L,112,48,103,0.466,12,47,0.255,3,8,0.375,20,36,56,33,12,10,24,19,-16,2024-25,0,True,1612709921.0,LIN
1612709917.0,Grand Rapids Gold,2052400080,2024-11-22,L,112,41,87,0.471,13,36,0.361,10,11,0.909,10,27,37,19,11,11,16,18,-9,2024-25,0,False,1612709911.0,IWA
1612709911.0,Iowa Wolves,2052400080,2024-11-22,W,121,42,84,0.5,13,30,0.433,14,17,0.824,13,29,42,24,6,6,14,14,9,2024-25,1,True,1612709917.0,GRG
1612709890.0,Austin Spurs,2052400081,2024-11-22,W,104,39,97,0.402,12,38,0.316,8,10,0.8,14,35,49,19,12,7,6,12,13,2024-25,1,False,1612709913.0,BHM
1612709913.0,Birmingham Squadron,2052400081,2024-11-22,L,91,33,80,0.413,9,33,0.273,9,11,0.818,9,37,46,11,3,7,18,12,-13,2024-25,0,True,1612709890.0,AUS
1612709925.0,Osceola Magic,2052400082,2024-11-22,W,102,32,75,0.427,16,47,0.34,12,17,0.706,7,45,52,25,11,10,22,20,4,2024-25,1,False,1612709926.0,MHU
1612709926.0,Memphis Hustle,2052400082,2024-11-22,L,98,38,104,0.365,11,41,0.268,7,13,0.538,22,33,55,28,13,3,19,18,-4,2024-25,0,True,1612709925.0,OSC
1612709908.0,Rio Grande Valley Vipers,2052400083,2024-11-22,L,97,36,94,0.383,18,59,0.305,4,5,0.8,8,34,42,24,9,4,16,15,-7,2024-25,0,False,1612709889.0,OKL
1612709889.0,Oklahoma City Blue,2052400083,2024-11-22,W,104,37,90,0.411,18,56,0.321,9,11,0.818,15,47,62,24,10,2,20,12,7,2024-25,1,True,1612709908.0,RGV
1612709910.0,Indiana Mad Ants,2052400084,2024-11-22,L,102,40,93,0.43,8,29,0.276,8,10,0.8,10,30,40,22,10,0,12,11,-6,2024-25,0,False,1612709904.0,SXF
1612709904.0,Sioux Falls Skyforce,2052400084,2024-11-22,W,108,44,84,0.524,11,37,0.297,6,7,0.857,8,39,47,28,8,7,19,17,6,2024-25,1,True,1612709910.0,IMA
1612709902.0,Santa Cruz Warriors,2052400085,2024-11-22,L,99,38,95,0.4,16,52,0.308,5,7,0.714,10,39,49,27,8,8,21,17,-2,2024-25,0,False,1612709903.0,SLC
1612709903.0,Salt Lake City Stars,2052400085,2024-11-22,W,101,36,92,0.391,13,36,0.361,9,12,0.75,13,41,54,19,14,1,18,15,2,2024-25,1,True,1612709902.0,SCW
1612709934.0,Valley Suns,2052400086,2024-11-22,W,136,45,94,0.479,18,39,0.462,17,21,0.81,6,34,40,30,12,3,10,25,11,2024-25,1,False,1612709933.0,RCR
1612709933.0,Rip City Remix,2052400086,2024-11-22,L,125,45,99,0.455,12,39,0.308,15,16,0.938,14,43,57,26,2,7,20,26,-11,2024-25,0,True,1612709934.0,VAL
1612709927.0,Wisconsin Herd,2052400087,2024-11-23,W,86,29,74,0.392,10,27,0.37,10,11,0.909,5,39,44,20,9,13,15,19,9,2024-25,1,False,1612709923.0,WCB
1612709923.0,Windy City Bulls,2052400087,2024-11-23,L,77,28,93,0.301,6,35,0.171,11,17,0.647,20,39,59,17,7,8,14,16,-9,2024-25,0,True,1612709927.0,WIS
1612709917.0,Grand Rapids Gold,2052400088,2024-11-23,L,88,32,83,0.386,9,33,0.273,8,13,0.615,7,23,30,17,12,7,15,23,-23,2024-25,0,False,1612709911.0,IWA
1612709911.0,Iowa Wolves,2052400088,2024-11-23,W,111,44,86,0.512,8,26,0.308,9,12,0.75,10,42,52,28,9,10,19,17,23,2024-25,1,True,1612709917.0,GRG
1612709918.0,Texas Legends,2052400089,2024-11-23,L,91,35,92,0.38,10,38,0.263,6,11,0.545,18,29,47,20,7,17,20,26,-28,2024-25,0,False,1612709926.0,MHU
1612709926.0,Memphis Hustle,2052400089,2024-11-23,W,119,43,99,0.434,18,39,0.462,9,17,0.529,20,37,57,28,9,3,17,17,28,2024-25,1,True,1612709918.0,TEX
1612709910.0,Indiana Mad Ants,2052400090,2024-11-23,L,98,36,86,0.419,6,27,0.222,12,14,0.857,12,27,39,21,6,4,12,16,-27,2024-25,0,False,1612709904.0,SXF
1612709904.0,Sioux Falls Skyforce,2052400090,2024-11-23,W,125,48,85,0.565,12,30,0.4,10,11,0.909,7,34,41,31,8,6,8,19,27,2024-25,1,True,1612709910.0,IMA
1612709902.0,Santa Cruz Warriors,2052400091,2024-11-23,L,102,41,93,0.441,11,39,0.282,4,11,0.364,13,28,41,24,2,4,16,19,-33,2024-25,0,False,1612709903.0,SLC
1612709903.0,Salt Lake City Stars,2052400091,2024-11-23,W,135,51,88,0.58,19,36,0.528,8,10,0.8,9,37,46,32,10,8,18,22,33,2024-25,1,True,1612709902.0,SCW
1612709919.0,Westchester Knicks,2052400092,2024-11-24,L,125,49,99,0.495,14,40,0.35,8,14,0.571,20,29,49,30,11,3,21,23,-6,2024-25,0,False,1612709909.0,DEL
1612709909.0,Delaware Blue Coats,2052400092,2024-11-24,W,131,48,89,0.539,16,38,0.421,15,19,0.789,10,27,37,31,11,5,18,17,6,2024-25,1,True,1612709919.0,WES
1612709928.0,Capital City Go-Go,2052400093,2024-11-24,W,96,35,72,0.486,12,29,0.414,8,9,0.889,11,31,42,20,4,4,21,17,3,2024-25,1,False,1612709915.0,MNE
1612709915.0,Maine Celtics,2052400093,2024-11-24,L,93,35,91,0.385,9,42,0.214,8,12,0.667,19,22,41,20,9,7,6,18,-3,2024-25,0,True,1612709928.0,CCG
1612709921.0,Long Island Nets,2052400094,2024-11-24,L,115,41,77,0.532,17,41,0.415,10,13,0.769,5,21,26,25,7,3,21,22,-15,2024-25,0,False,1612709920.0,RAP
1612709920.0,Raptors 905,2052400094,2024-11-24,W,130,49,82,0.598,18,37,0.486,8,11,0.727,7,30,37,39,15,3,18,22,15,2024-25,1,True,1612709921.0,LIN
1612709889.0,Oklahoma City Blue,2052400095,2024-11-24,W,97,35,83,0.422,16,44,0.364,9,9,1.0,8,27,35,27,6,1,11,19,5,2024-25,1,False,1612709913.0,BHM
1612709913.0,Birmingham Squadron,2052400095,2024-11-24,L,92,34,77,0.442,11,38,0.289,7,12,0.583,12,33,45,25,9,6,14,17,-5,2024-25,0,True,1612709889.0,OKL
1612709893.0,Cleveland Charge,2052400096,2024-11-24,L,109,42,92,0.457,10,38,0.263,9,11,0.818,10,37,47,26,5,7,11,14,-11,2024-25,0,False,1612709932.0,MCC
1612709932.0,Motor City Cruise,2052400096,2024-11-24,W,120,47,100,0.47,14,38,0.368,9,12,0.75,14,38,52,29,8,2,7,17,11,2024-25,1,True,1612709893.0,CLC
1612709934.0,Valley Suns,2052400097,2024-11-24,L,116,46,93,0.495,16,39,0.41,6,10,0.6,11,34,45,30,7,6,22,16,-13,2024-25,0,False,1612709933.0,RCR
1612709933.0,Rip City Remix,2052400097,2024-11-24,W,129,53,115,0.461,16,48,0.333,5,7,0.714,25,35,60,19,15,9,13,20,13,2024-25,1,True,1612709934.0,VAL
1612709908.0,Rio Grande Valley Vipers,2052400098,2024-11-24,L,105,34,89,0.382,11,43,0.256,14,19,0.737,16,37,53,20,12,5,19,23,-14,2024-25,0,False,1612709931.0,MXC
1612709931.0,Mexico City Capitanes,2052400098,2024-11-24,W,119,40,79,0.506,17,41,0.415,13,19,0.684,6,34,40,27,11,4,21,26,14,2024-25,1,True,1612709908.0,RGV
1612709914.0,Stockton Kings,2052400099,2024-11-24,W,116,43,91,0.473,20,40,0.5,6,6,1.0,15,32,47,27,9,6,17,19,18,2024-25,1,False,1612709905.0,SBL
1612709905.0,South Bay Lakers,2052400099,2024-11-24,L,98,39,92,0.424,8,31,0.258,6,10,0.6,19,30,49,19,8,1,15,16,-18,2024-25,0,True,1612709914.0,STO
1612709925.0,Osceola Magic,2052400100,2024-11-25,W,100,39,92,0.424,16,42,0.381,4,8,0.5,17,31,48,28,13,9,19,20,2,2024-25,1,False,1612709918.0,TEX
1612709918.0,Texas Legends,2052400100,2024-11-25,L,98,37,97,0.381,9,44,0.205,9,15,0.6,24,27,51,16,9,8,20,17,-2,2024-25,0,True,1612709925.0,OSC
1612709917.0,Grand Rapids Gold,2052400101,2024-11-26,W,111,47,91,0.516,10,32,0.313,4,6,0.667,12,32,44,20,10,4,11,20,5,2024-25,1,False,1612709910.0,IMA
1612709910.0,Indiana Mad Ants,2052400101,2024-11-26,L,106,39,85,0.459,18,38,0.474,7,11,0.636,9,30,39,28,6,3,14,14,-5,2024-25,0,True,1612709917.0,GRG
1612709921.0,Long Island Nets,2052400102,2024-11-26,L,105,39,95,0.411,6,34,0.176,13,15,0.867,8,28,36,26,7,3,6,17,-17,2024-25,0,False,1612709929.0,CPS
1612709929.0,College Park Skyhawks,2052400102,2024-11-26,W,122,48,94,0.511,13,36,0.361,6,7,0.857,11,44,55,23,4,5,13,18,17,2024-25,1,True,1612709921.0,LIN
1612709909.0,Delaware Blue Coats,2052400103,2024-11-26,L,101,38,89,0.427,15,35,0.429,8,13,0.615,11,27,38,23,8,5,16,24,-10,2024-25,0,False,1612709922.0,GBO
1612709922.0,Greensboro Swarm,2052400103,2024-11-26,W,111,36,88,0.409,10,28,0.357,19,21,0.905,16,37,53,14,7,5,13,19,10,2024-25,1,True,1612709909.0,DEL
1612709893.0,Cleveland Charge,2052400104,2024-11-26,W,108,40,83,0.482,8,25,0.32,12,18,0.667,14,37,51,25,9,7,17,8,11,2024-25,1,False,1612709932.0,MCC
1612709932.0,Motor City Cruise,2052400104,2024-11-26,L,97,37,89,0.416,15,44,0.341,5,5,1.0,10,27,37,27,12,7,18,24,-11,2024-25,0,True,1612709893.0,CLC
1612709913.0,Birmingham Squadron,2052400105,2024-11-26,L,91,37,81,0.457,7,33,0.212,8,10,0.8,8,32,40,20,4,5,15,23,-21,2024-25,0,False,1612709890.0,AUS
1612709890.0,Austin Spurs,2052400105,2024-11-26,W,112,38,87,0.437,14,44,0.318,12,16,0.75,12,32,44,22,9,6,11,15,21,2024-25,1,True,1612709913.0,BHM
1612709889.0,Oklahoma City Blue,2052400106,2024-11-26,W,109,33,76,0.434,21,46,0.457,12,15,0.8,4,34,38,19,9,4,21,27,1,2024-25,1,False,1612709926.0,MHU
1612709926.0,Memphis Hustle,2052400106,2024-11-26,L,108,39,101,0.386,14,48,0.292,12,19,0.632,26,37,63,25,10,7,22,20,-1,2024-25,0,True,1612709889.0,OKL
1612709925.0,Osceola Magic,2052400107,2024-11-26,L,112,41,90,0.456,20,48,0.417,5,6,0.833,9,35,44,33,8,9,14,22,-2,2024-25,0,False,1612709918.0,TEX
1612709918.0,Texas Legends,2052400107,2024-11-26,W,114,41,97,0.423,9,38,0.237,13,19,0.684,22,33,55,25,8,8,11,10,2,2024-25,1,True,1612709925.0,OSC
1612709908.0,Rio Grande Valley Vipers,2052400108,2024-11-26,W,143,54,96,0.563,17,43,0.395,13,17,0.765,18,40,58,34,19,7,18,21,44,2024-25,1,False,1612709931.0,MXC
1612709931.0,Mexico City Capitanes,2052400108,2024-11-26,L,99,36,89,0.404,9,41,0.22,12,18,0.667,13,22,35,16,11,6,22,20,-44,2024-25,0,True,1612709908.0,RGV
1612709924.0,San Diego Clippers,2052400109,2024-11-26,L,85,31,95,0.326,8,32,0.25,10,15,0.667,18,33,51,17,11,6,13,16,-10,2024-25,0,False,1612709905.0,SBL
1612709905.0,South Bay Lakers,2052400109,2024-11-26,W,95,35,83,0.422,12,40,0.3,7,7,1.0,11,45,56,24,6,10,19,22,10,2024-25,1,True,1612709924.0,SDC
1612709914.0,Stockton Kings,2052400110,2024-11-27,L,113,36,83,0.434,14,39,0.359,14,15,0.933,11,32,43,22,7,3,15,16,-23,2024-25,0,False,1612709934.0,VAL
1612709934.0,Valley Suns,2052400110,2024-11-27,W,136,52,96,0.542,23,45,0.511,6,7,0.857,9,31,40,38,8,3,10,22,23,2024-25,1,True,1612709914.0,STO
1612709915.0,Maine Celtics,2052400111,2024-11-27,W,121,42,90,0.467,14,36,0.389,16,22,0.727,13,29,42,23,12,11,17,19,7,2024-25,1,False,1612709920.0,RAP
1612709920.0,Raptors 905,2052400111,2024-11-27,L,114,45,91,0.495,9,28,0.321,9,10,0.9,10,30,40,19,10,8,20,28,-7,2024-25,0,True,1612709915.0,MNE
1612709933.0,Rip City Remix,2052400112,2024-11-27,L,102,33,95,0.347,10,41,0.244,15,17,0.882,15,30,45,15,9,6,18,25,-21,2024-25,0,False,1612709905.0,SBL
1612709905.0,South Bay Lakers,2052400112,2024-11-27,W,123,44,84,0.524,17,38,0.447,11,16,0.688,10,40,50,26,11,9,21,24,21,2024-25,1,True,1612709933.0,RCR
1612709921.0,Long Island Nets,2052400113,2024-11-29,L,97,34,85,0.4,9,32,0.281,13,15,0.867,9,36,45,20,7,8,16,23,-8,2024-25,0,False,1612709922.0,GBO
1612709922.0,Greensboro Swarm,2052400113,2024-11-29,W,105,38,86,0.442,7,23,0.304,15,21,0.714,12,43,55,20,11,5,14,17,8,2024-25,1,True,1612709921.0,LIN
1612709924.0,San Diego Clippers,2052400114,2024-11-29,W,130,43,94,0.457,14,42,0.333,19,22,0.864,9,33,42,30,15,6,15,17,15,2024-25,1,False,1612709933.0,RCR
1612709933.0,Rip City Remix,2052400114,2024-11-29,L,115,44,85,0.518,17,42,0.405,6,8,0.75,4,34,38,31,7,6,28,25,-15,2024-25,0,True,1612709924.0,SDC
1612709904.0,Sioux Falls Skyforce,2052400115,2024-11-29,W,132,52,97,0.536,16,38,0.421,8,10,0.8,14,32,46,33,10,3,15,16,18,2024-25,1,False,1612709932.0,MCC
1612709932.0,Motor City Cruise,2052400115,2024-11-29,L,114,40,81,0.494,11,33,0.333,14,17,0.824,9,28,37,20,6,7,19,15,-18,2024-25,0,True,1612709904.0,SXF
1612709928.0,Capital City Go-Go,2052400116,2024-11-29,W,114,40,85,0.471,14,32,0.438,13,18,0.722,9,33,42,20,5,10,19,20,2,2024-25,1,False,1612709919.0,WES
1612709919.0,Westchester Knicks,2052400116,2024-11-29,L,112,43,100,0.43,10,28,0.357,8,13,0.615,19,34,53,27,9,10,16,27,-2,2024-25,0,True,1612709928.0,CCG
1612709911.0,Iowa Wolves,2052400117,2024-11-29,W,103,43,82,0.524,5,21,0.238,7,12,0.583,6,38,44,27,9,7,20,22,2,2024-25,1,False,1612709927.0,WIS
1612709927.0,Wisconsin Herd,2052400117,2024-11-29,L,101,37,82,0.451,7,29,0.241,11,14,0.786,8,28,36,21,11,9,13,16,-2,2024-25,0,True,1612709911.0,IWA
1612709903.0,Salt Lake City Stars,2052400118,2024-11-29,L,108,43,88,0.489,6,29,0.207,9,13,0.692,11,31,42,25,11,5,17,23,-7,2024-25,0,False,1612709902.0,SCW
1612709902.0,Santa Cruz Warriors,2052400118,2024-11-29,W,115,44,90,0.489,10,36,0.278,12,15,0.8,13,30,43,31,9,3,18,19,7,2024-25,1,True,1612709903.0,SLC
1612709918.0,Texas Legends,2052400124,2024-11-29,L,102,38,79,0.481,12,27,0.444,8,11,0.727,10,29,39,17,10,8,23,26,-12,2024-25,0,False,1612709890.0,AUS
1612709890.0,Austin Spurs,2052400124,2024-11-29,W,114,42,89,0.472,9,36,0.25,13,18,0.722,18,27,45,20,16,2,17,21,12,2024-25,1,True,1612709918.0,TEX
1612709926.0,Memphis Hustle,2052400119,2024-11-30,L,102,37,86,0.43,15,42,0.357,6,7,0.857,12,28,40,31,10,4,17,11,-13,2024-25,0,False,1612709913.0,BHM
1612709913.0,Birmingham Squadron,2052400119,2024-11-30,W,115,44,86,0.512,16,37,0.432,6,6,1.0,10,35,45,34,6,5,19,17,13,2024-25,1,True,1612709926.0,MHU
1612709915.0,Maine Celtics,2052400120,2024-11-30,L,110,42,90,0.467,15,45,0.333,7,9,0.778,14,20,34,23,9,4,12,23,-8,2024-25,0,False,1612709909.0,DEL
1612709909.0,Delaware Blue Coats,2052400120,2024-11-30,W,118,38,72,0.528,11,26,0.423,21,23,0.913,11,26,37,18,8,6,19,20,8,2024-25,1,True,1612709915.0,MNE
1612709923.0,Windy City Bulls,2052400121,2024-11-30,W,102,38,92,0.413,12,39,0.308,11,13,0.846,13,29,42,27,11,8,14,22,6,2024-25,1,False,1612709910.0,IMA
1612709910.0,Indiana Mad Ants,2052400121,2024-11-30,L,96,34,83,0.41,8,34,0.235,14,19,0.737,13,32,45,19,7,1,23,18,-6,2024-25,0,True,1612709923.0,WCB
1612709893.0,Cleveland Charge,2052400122,2024-11-30,L,107,41,83,0.494,14,37,0.378,7,11,0.636,6,33,39,27,8,4,19,13,-5,2024-25,0,False,1612709917.0,GRG
1612709917.0,Grand Rapids Gold,2052400122,2024-11-30,W,112,41,93,0.441,18,39,0.462,9,9,1.0,12,31,43,28,8,5,13,20,5,2024-25,1,True,1612709893.0,CLC
1612709921.0,Long Island Nets,2052400123,2024-11-30,L,119,39,82,0.476,14,40,0.35,14,15,0.933,4,27,31,26,6,7,12,25,-12,2024-25,0,False,1612709922.0,GBO
1612709922.0,Greensboro Swarm,2052400123,2024-11-30,W,131,47,86,0.547,13,26,0.5,17,23,0.739,14,35,49,19,5,2,16,22,12,2024-25,1,True,1612709921.0,LIN
1612709889.0,Oklahoma City Blue,2052400125,2024-11-30,W,124,40,83,0.482,19,45,0.422,15,16,0.938,6,32,38,27,14,7,17,27,20,2024-25,1,False,1612709908.0,RGV
1612709908.0,Rio Grande Valley Vipers,2052400125,2024-11-30,L,104,37,94,0.394,7,37,0.189,14,18,0.778,16,33,49,12,12,5,20,20,-20,2024-25,0,True,1612709889.0,OKL
1612709911.0,Iowa Wolves,2052400126,2024-11-30,W,115,43,95,0.453,9,29,0.31,12,17,0.706,17,35,52,23,7,6,12,14,17,2024-25,1,False,1612709927.0,WIS
1612709927.0,Wisconsin Herd,2052400126,2024-11-30,L,98,36,80,0.45,9,32,0.281,12,14,0.857,6,30,36,23,10,7,13,24,-17,2024-25,0,True,1612709911.0,IWA
1612709905.0,South Bay Lakers,2052400127,2024-11-30,L,76,31,80,0.388,11,38,0.289,2,9,0.222,9,43,52,20,5,11,21,12,-13,2024-25,0,False,1612709902.0,SCW
1612709902.0,Santa Cruz Warriors,2052400127,2024-11-30,W,89,34,88,0.386,16,42,0.381,2,5,0.4,9,38,47,23,12,8,15,13,13,2024-25,1,True,1612709905.0,SBL
1612709904.0,Sioux Falls Skyforce,2052400128,2024-12-01,W,133,51,86,0.593,11,27,0.407,11,17,0.647,11,36,47,37,7,9,15,15,23,2024-25,1,False,1612709932.0,MCC
1612709932.0,Motor City Cruise,2052400128,2024-12-01,L,110,45,94,0.479,12,35,0.343,4,9,0.444,13,24,37,21,9,5,13,24,-23,2024-25,0,True,1612709904.0,SXF
1612709928.0,Capital City Go-Go,2052400129,2024-12-01,W,129,46,93,0.495,13,26,0.5,16,18,0.889,14,38,52,22,14,10,30,25,2,2024-25,1,False,1612709919.0,WES
1612709919.0,Westchester Knicks,2052400129,2024-12-01,L,127,50,109,0.459,11,36,0.306,13,17,0.765,17,27,44,24,20,8,20,23,-2,2024-25,0,True,1612709928.0,CCG
1612709925.0,Osceola Magic,2052400130,2024-12-01,L,94,28,82,0.341,14,47,0.298,12,13,0.923,11,41,52,20,3,3,15,19,-14,2024-25,0,False,1612709931.0,MXC
1612709931.0,Mexico City Capitanes,2052400130,2024-12-01,W,108,37,85,0.435,20,48,0.417,8,12,0.667,5,40,45,23,9,5,10,18,14,2024-25,1,True,1612709925.0,OSC
1612709914.0,Stockton Kings,2052400131,2024-12-01,W,125,46,83,0.554,20,40,0.5,6,11,0.545,9,35,44,25,6,7,21,26,19,2024-25,1,False,1612709924.0,SDC
1612709924.0,San Diego Clippers,2052400131,2024-12-01,L,106,35,82,0.427,12,36,0.333,15,20,0.75,7,28,35,22,9,2,14,17,-19,2024-25,0,True,1612709914.0,STO
1612709923.0,Windy City Bulls,2052400132,2024-12-02,L,109,37,87,0.425,13,41,0.317,12,14,0.857,10,30,40,21,16,7,16,20,-3,2024-25,0,False,1612709910.0,IMA
1612709910.0,Indiana Mad Ants,2052400132,2024-12-02,W,112,40,85,0.471,13,27,0.481,11,14,0.786,12,39,51,19,9,2,22,18,3,2024-25,1,True,1612709923.0,WCB
1612709915.0,Maine Celtics,2052400133,2024-12-02,L,90,35,95,0.368,10,44,0.227,6,14,0.429,16,32,48,21,13,3,13,22,-12,2024-25,0,False,1612709929.0,CPS
1612709929.0,College Park Skyhawks,2052400133,2024-12-02,W,102,33,72,0.458,14,43,0.326,13,18,0.722,8,43,51,22,11,6,24,24,12,2024-25,1,True,1612709915.0,MNE
1612709913.0,Birmingham Squadron,2052400134,2024-12-02,L,102,38,91,0.418,16,45,0.356,5,5,1.0,12,33,45,23,4,6,8,15,-7,2024-25,0,False,1612709926.0,MHU
1612709926.0,Memphis Hustle,2052400134,2024-12-02,W,109,39,91,0.429,16,37,0.432,7,8,0.875,15,35,50,23,5,3,10,12,7,2024-25,1,True,1612709913.0,BHM
1612709889.0,Oklahoma City Blue,2052400135,2024-12-02,L,124,45,94,0.479,20,47,0.426,8,11,0.727,13,38,51,33,9,2,22,23,-4,2024-25,0,False,1612709908.0,RGV
1612709908.0,Rio Grande Valley Vipers,2052400135,2024-12-02,W,128,48,98,0.49,17,55,0.309,9,13,0.692,11,32,43,32,15,10,12,18,4,2024-25,1,True,1612709889.0,OKL
1612709903.0,Salt Lake City Stars,2052400136,2024-12-02,L,101,37,91,0.407,10,31,0.323,10,15,0.667,19,31,50,24,6,4,17,18,-18,2024-25,0,False,1612709934.0,VAL
1612709934.0,Valley Suns,2052400136,2024-12-02,W,119,40,88,0.455,18,48,0.375,13,16,0.813,13,34,47,30,8,6,11,18,18,2024-25,1,True,1612709903.0,SLC
1612709905.0,South Bay Lakers,2052400137,2024-12-02,L,113,41,90,0.456,14,42,0.333,9,12,0.75,9,24,33,28,10,6,13,19,-12,2024-25,0,False,1612709933.0,RCR
1612709933.0,Rip City Remix,2052400137,2024-12-02,W,125,44,83,0.53,17,41,0.415,11,12,0.917,11,30,41,24,8,6,18,20,12,2024-25,1,True,1612709905.0,SBL
1612709904.0,Sioux Falls Skyforce,2052400138,2024-12-03,L,103,40,97,0.412,11,48,0.229,8,13,0.615,21,34,55,23,14,4,16,18,-4,2024-25,0,False,1612709893.0,CLC
1612709893.0,Cleveland Charge,2052400138,2024-12-03,W,107,39,87,0.448,15,44,0.341,10,16,0.625,11,37,48,24,8,4,17,15,4,2024-25,1,True,1612709904.0,SXF
1612709917.0,Grand Rapids Gold,2052400139,2024-12-03,L,93,39,99,0.394,9,45,0.2,4,5,0.8,15,23,38,21,7,2,7,17,-15,2024-25,0,False,1612709910.0,IMA
1612709910.0,Indiana Mad Ants,2052400139,2024-12-03,W,108,41,77,0.532,9,23,0.391,9,10,0.9,7,38,45,25,3,2,14,11,15,2024-25,1,True,1612709917.0,GRG
1612709922.0,Greensboro Swarm,2052400140,2024-12-03,W,121,42,76,0.553,11,27,0.407,15,17,0.882,12,42,54,26,9,4,19,25,35,2024-25,1,False,1612709920.0,RAP
1612709920.0,Raptors 905,2052400140,2024-12-03,L,86,33,93,0.355,8,34,0.235,6,13,0.462,19,20,39,21,12,2,12,24,-35,2024-25,0,True,1612709922.0,GBO
1612709918.0,Texas Legends,2052400141,2024-12-03,W,108,43,94,0.457,13,36,0.361,7,13,0.538,16,36,52,21,13,4,9,12,16,2024-25,1,False,1612709931.0,MXC
1612709931.0,Mexico City Capitanes,2052400141,2024-12-03,L,92,34,78,0.436,12,36,0.333,7,8,0.875,8,35,43,22,6,5,16,17,-16,2024-25,0,True,1612709918.0,TEX
1612709914.0,Stockton Kings,2052400142,2024-12-03,W,123,40,90,0.444,15,41,0.366,17,21,0.81,12,44,56,24,9,6,17,23,7,2024-25,1,False,1612709924.0,SDC
1612709924.0,San Diego Clippers,2052400142,2024-12-03,L,116,41,96,0.427,14,41,0.341,12,16,0.75,9,31,40,32,7,4,12,25,-7,2024-25,0,True,1612709914.0,STO
1612709915.0,Maine Celtics,2052400143,2024-12-04,L,103,35,82,0.427,11,41,0.268,12,13,0.923,9,26,35,16,12,8,10,15,-4,2024-25,0,False,1612709929.0,CPS
1612709929.0,College Park Skyhawks,2052400143,2024-12-04,W,107,41,84,0.488,11,39,0.282,8,11,0.727,11,34,45,26,6,5,17,15,4,2024-25,1,True,1612709915.0,MNE
1612709925.0,Osceola Magic,2052400144,2024-12-04,W,114,39,87,0.448,14,38,0.368,11,13,0.846,19,41,60,20,5,4,19,18,22,2024-25,1,False,1612709913.0,BHM
1612709913.0,Birmingham Squadron,2052400144,2024-12-04,L,92,35,86,0.407,10,39,0.256,7,13,0.538,12,25,37,24,15,7,12,17,-22,2024-25,0,True,1612709925.0,OSC
1612709909.0,Delaware Blue Coats,2052400145,2024-12-04,W,132,44,83,0.53,13,28,0.464,20,27,0.741,12,26,38,23,11,8,15,19,3,2024-25,1,False,1612709921.0,LIN
1612709921.0,Long Island Nets,2052400145,2024-12-04,L,129,45,86,0.523,17,34,0.5,11,14,0.786,10,28,38,29,6,5,19,31,-3,2024-25,0,True,1612709909.0,DEL
1612709903.0,Salt Lake City Stars,2052400146,2024-12-04,L,105,37,86,0.43,7,25,0.28,13,14,0.929,13,36,49,21,7,2,21,25,-4,2024-25,0,False,1612709934.0,VAL
1612709934.0,Valley Suns,2052400146,2024-12-04,W,109,43,90,0.478,11,39,0.282,10,12,0.833,6,31,37,22,9,5,14,17,4,2024-25,1,True,1612709903.0,SLC
1612709905.0,South Bay Lakers,2052400147,2024-12-04,L,119,41,87,0.471,14,45,0.311,14,18,0.778,6,27,33,31,17,2,19,22,-13,2024-25,0,False,1612709933.0,RCR
1612709933.0,Rip City Remix,2052400147,2024-12-04,W,132,47,88,0.534,17,41,0.415,12,15,0.8,12,32,44,30,13,3,22,27,13,2024-25,1,True,1612709905.0,SBL
1612709922.0,Greensboro Swarm,2052400148,2024-12-05,L,92,30,80,0.375,9,30,0.3,13,22,0.591,19,27,46,17,2,4,13,23,-42,2024-25,0,False,1612709920.0,RAP
1612709920.0,Raptors 905,2052400148,2024-12-05,W,134,50,86,0.581,23,39,0.59,8,15,0.533,4,33,37,40,7,3,8,34,42,2024-25,1,True,1612709922.0,GBO
1612709932.0,Motor City Cruise,2052400149,2024-12-05,W,119,41,75,0.547,18,40,0.45,12,16,0.75,5,31,36,29,7,8,14,18,13,2024-25,1,False,1612709893.0,CLC
1612709893.0,Cleveland Charge,2052400149,2024-12-05,L,106,36,89,0.404,14,45,0.311,11,13,0.846,16,31,47,23,7,2,17,21,-13,2024-25,0,True,1612709932.0,MCC
1612709927.0,Wisconsin Herd,2052400150,2024-12-05,L,99,35,87,0.402,11,36,0.306,12,16,0.75,11,26,37,22,12,6,15,21,-16,2024-25,0,False,1612709917.0,GRG
1612709917.0,Grand Rapids Gold,2052400150,2024-12-05,W,115,44,81,0.543,12,27,0.444,9,13,0.692,7,37,44,21,9,2,17,23,16,2024-25,1,True,1612709927.0,WIS
1612709923.0,Windy City Bulls,2052400151,2024-12-05,L,81,27,91,0.297,4,44,0.091,12,14,0.857,12,35,47,16,11,7,18,20,-21,2024-25,0,False,1612709904.0,SXF
1612709904.0,Sioux Falls Skyforce,2052400151,2024-12-05,W,102,38,88,0.432,5,25,0.2,13,16,0.813,13,44,57,24,12,4,20,18,21,2024-25,1,True,1612709923.0,WCB
1612709902.0,Santa Cruz Warriors,2052400152,2024-12-05,L,118,44,99,0.444,17,45,0.378,6,8,0.75,13,30,43,29,12,4,11,17,-3,2024-25,0,False,1612709934.0,VAL
1612709934.0,Valley Suns,2052400152,2024-12-05,W,121,47,95,0.495,18,42,0.429,5,7,0.714,14,32,46,24,3,7,18,16,3,2024-25,1,True,1612709902.0,SCW
1612709929.0,College Park Skyhawks,2052400153,2024-12-06,L,106,39,95,0.411,14,42,0.333,8,13,0.615,15,22,37,24,5,2,13,28,-25,2024-25,0,False,1612709928.0,CCG
1612709928.0,Capital City Go-Go,2052400153,2024-12-06,W,131,41,68,0.603,14,22,0.636,18,20,0.9,3,35,38,23,4,5,12,24,25,2024-25,1,True,1612709929.0,CPS
1612709909.0,Delaware Blue Coats,2052400154,2024-12-06,W,116,40,81,0.494,13,33,0.394,13,16,0.813,7,44,51,18,9,5,18,18,8,2024-25,1,False,1612709921.0,LIN
1612709921.0,Long Island Nets,2052400154,2024-12-06,L,108,42,95,0.442,10,42,0.238,7,9,0.778,7,35,42,32,9,0,14,24,-8,2024-25,0,True,1612709909.0,DEL
1612709919.0,Westchester Knicks,2052400155,2024-12-06,W,129,48,92,0.522,15,36,0.417,12,18,0.667,13,33,46,28,8,6,12,24,20,2024-25,1,False,1612709920.0,RAP
1612709920.0,Raptors 905,2052400155,2024-12-06,L,109,42,82,0.512,8,29,0.276,9,13,0.692,7,26,33,16,5,11,18,26,-20,2024-25,0,True,1612709919.0,WES
1612709926.0,Memphis Hustle,2052400156,2024-12-06,L,100,38,82,0.463,11,37,0.297,7,8,0.875,7,30,37,25,5,6,18,17,-14,2024-25,0,False,1612709890.0,AUS
1612709890.0,Austin Spurs,2052400156,2024-12-06,W,114,41,89,0.461,18,48,0.375,8,11,0.727,11,35,46,25,14,7,14,11,14,2024-25,1,True,1612709926.0,MHU
1612709925.0,Osceola Magic,2052400157,2024-12-06,L,110,35,93,0.376,15,46,0.326,17,24,0.708,12,35,47,22,13,9,13,25,-3,2024-25,0,False,1612709913.0,BHM
1612709913.0,Birmingham Squadron,2052400157,2024-12-06,W,113,37,94,0.394,17,44,0.386,17,22,0.773,17,40,57,26,8,2,20,31,3,2024-25,1,True,1612709925.0,OSC
1612709931.0,Mexico City Capitanes,2052400158,2024-12-06,L,94,33,75,0.44,14,40,0.35,7,7,1.0,2,36,38,20,7,3,21,20,-4,2024-25,0,False,1612709889.0,OKL
1612709889.0,Oklahoma City Blue,2052400158,2024-12-06,W,98,33,79,0.418,19,46,0.413,8,11,0.727,5,37,42,23,11,2,16,12,4,2024-25,1,True,1612709931.0,MXC
1612709908.0,Rio Grande Valley Vipers,2052400159,2024-12-06,L,107,37,99,0.374,15,42,0.357,10,13,0.769,16,35,51,27,7,4,18,23,-22,2024-25,0,False,1612709918.0,TEX
1612709918.0,Texas Legends,2052400159,2024-12-06,W,129,48,91,0.527,17,37,0.459,11,20,0.55,10,39,49,33,9,16,12,19,22,2024-25,1,True,1612709908.0,RGV
1612709903.0,Salt Lake City Stars,2052400160,2024-12-06,W,115,42,91,0.462,16,37,0.432,9,12,0.75,18,34,52,21,12,7,20,19,15,2024-25,1,False,1612709905.0,SBL
1612709905.0,South Bay Lakers,2052400160,2024-12-06,L,100,42,92,0.457,6,30,0.2,7,10,0.7,15,27,42,26,11,3,18,15,-15,2024-25,0,True,1612709903.0,SLC
1612709922.0,Greensboro Swarm,2052400161,2024-12-07,L,93,31,77,0.403,6,19,0.316,14,17,0.824,11,27,38,20,7,4,16,16,-23,2024-25,0,False,1612709915.0,MNE
1612709915.0,Maine Celtics,2052400161,2024-12-07,W,116,42,89,0.472,17,35,0.486,9,11,0.818,16,29,45,21,9,10,11,26,23,2024-25,1,True,1612709922.0,GBO
1612709902.0,Santa Cruz Warriors,2052400162,2024-12-07,W,126,42,89,0.472,21,52,0.404,12,15,0.8,7,35,42,33,8,6,15,25,17,2024-25,1,False,1612709933.0,RCR
1612709933.0,Rip City Remix,2052400162,2024-12-07,L,109,35,84,0.417,13,38,0.342,14,20,0.7,10,37,47,21,11,6,18,22,-17,2024-25,0,True,1612709902.0,SCW
1612709911.0,Iowa Wolves,2052400163,2024-12-07,L,91,34,91,0.374,9,32,0.281,9,13,0.692,18,25,43,22,11,4,16,18,-13,2024-25,0,False,1612709923.0,WCB
1612709923.0,Windy City Bulls,2052400163,2024-12-07,W,104,38,81,0.469,11,27,0.407,10,12,0.833,16,33,49,26,10,8,20,21,13,2024-25,1,True,1612709911.0,IWA
1612709926.0,Memphis Hustle,2052400164,2024-12-07,W,100,35,87,0.402,9,36,0.25,14,17,0.824,20,39,59,17,7,6,18,21,4,2024-25,1,False,1612709890.0,AUS
1612709890.0,Austin Spurs,2052400164,2024-12-07,L,96,35,85,0.412,15,44,0.341,7,14,0.5,12,31,43,20,13,5,13,22,-4,2024-25,0,True,1612709926.0,MHU
1612709924.0,San Diego Clippers,2052400165,2024-12-07,L,111,39,87,0.448,11,30,0.367,12,14,0.857,13,28,41,24,13,9,18,17,-8,2024-25,0,False,1612709905.0,SBL
1612709905.0,South Bay Lakers,2052400165,2024-12-07,W,119,47,96,0.49,12,35,0.343,10,13,0.769,9,35,44,30,7,13,16,22,8,2024-25,1,True,1612709924.0,SDC
1612709908.0,Rio Grande Valley Vipers,2052400166,2024-12-07,W,139,53,104,0.51,20,45,0.444,7,16,0.438,19,37,56,37,12,9,16,24,34,2024-25,1,False,1612709918.0,TEX
1612709918.0,Texas Legends,2052400166,2024-12-07,L,105,42,94,0.447,10,33,0.303,7,16,0.438,15,28,43,23,8,12,22,19,-34,2024-25,0,True,1612709908.0,RGV
1612709922.0,Greensboro Swarm,2052400167,2024-12-08,W,109,40,86,0.465,12,23,0.522,11,15,0.733,18,35,53,23,2,2,11,20,1,2024-25,1,False,1612709915.0,MNE
1612709915.0,Maine Celtics,2052400167,2024-12-08,L,108,41,86,0.477,14,44,0.318,7,10,0.7,9,27,36,25,5,8,5,20,-1,2024-25,0,True,1612709922.0,GBO
1612709928.0,Capital City Go-Go,2052400168,2024-12-08,L,93,39,79,0.494,9,24,0.375,4,8,0.5,8,42,50,22,2,3,20,26,-8,2024-25,0,False,1612709909.0,DEL
1612709909.0,Delaware Blue Coats,2052400168,2024-12-08,W,101,35,85,0.412,7,35,0.2,14,20,0.7,11,32,43,16,10,4,8,16,8,2024-25,1,True,1612709928.0,CCG
1612709919.0,Westchester Knicks,2052400169,2024-12-08,W,119,40,98,0.408,17,50,0.34,12,20,0.6,18,34,52,25,10,7,13,21,5,2024-25,1,False,1612709920.0,RAP
1612709920.0,Raptors 905,2052400169,2024-12-08,L,114,43,90,0.478,9,36,0.25,10,16,0.625,11,39,50,25,5,10,15,29,-5,2024-25,0,True,1612709919.0,WES
1612709929.0,College Park Skyhawks,2052400170,2024-12-08,W,128,48,84,0.571,15,32,0.469,11,14,0.786,7,44,51,36,5,4,22,22,20,2024-25,1,False,1612709921.0,LIN
1612709921.0,Long Island Nets,2052400170,2024-12-08,L,108,39,97,0.402,14,42,0.333,9,14,0.643,8,27,35,30,10,2,12,21,-20,2024-25,0,True,1612709929.0,CPS
1612709889.0,Oklahoma City Blue,2052400171,2024-12-08,W,129,46,90,0.511,19,44,0.432,11,13,0.846,13,39,52,25,8,5,21,18,24,2024-25,1,False,1612709925.0,OSC
1612709925.0,Osceola Magic,2052400171,2024-12-08,L,105,36,88,0.409,19,54,0.352,7,13,0.538,10,30,40,23,10,7,16,20,-24,2024-25,0,True,1612709889.0,OKL
1612709917.0,Grand Rapids Gold,2052400172,2024-12-08,W,114,46,84,0.548,11,35,0.314,6,11,0.545,7,24,31,26,13,4,15,16,2,2024-25,1,False,1612709904.0,SXF
1612709904.0,Sioux Falls Skyforce,2052400172,2024-12-08,L,112,43,82,0.524,13,38,0.342,7,8,0.875,11,27,38,30,5,8,22,15,-2,2024-25,0,True,1612709917.0,GRG
1612709927.0,Wisconsin Herd,2052400173,2024-12-09,W,115,45,96,0.469,18,43,0.419,5,7,0.714,12,41,53,32,7,9,12,25,7,2024-25,1,False,1612709910.0,IMA
1612709910.0,Indiana Mad Ants,2052400173,2024-12-09,L,108,37,88,0.42,14,33,0.424,11,18,0.611,9,37,46,22,7,2,12,15,-7,2024-25,0,True,1612709927.0,WIS
1612709928.0,Capital City Go-Go,2052400174,2024-12-09,W,115,49,91,0.538,7,27,0.259,5,7,0.714,10,37,47,25,6,7,13,16,1,2024-25,1,False,1612709909.0,DEL
1612709909.0,Delaware Blue Coats,2052400174,2024-12-09,L,114,40,89,0.449,17,42,0.405,9,12,0.75,9,30,39,27,8,4,14,13,-1,2024-25,0,True,1612709928.0,CCG
1612709893.0,Cleveland Charge,2052400175,2024-12-09,L,109,38,85,0.447,12,40,0.3,12,14,0.857,17,25,42,25,11,2,27,22,-7,2024-25,0,False,1612709911.0,IWA
1612709911.0,Iowa Wolves,2052400175,2024-12-09,W,116,40,81,0.494,14,43,0.326,14,16,0.875,13,24,37,25,14,3,22,23,7,2024-25,1,True,1612709893.0,CLC
1612709918.0,Texas Legends,2052400176,2024-12-09,L,97,33,91,0.363,16,44,0.364,10,12,0.833,19,38,57,23,7,7,12,22,-3,2024-25,0,False,1612709931.0,MXC
1612709931.0,Mexico City Capitanes,2052400176,2024-12-09,W,100,34,80,0.425,17,40,0.425,10,16,0.625,9,34,43,25,6,5,13,18,3,2024-25,1,True,1612709918.0,TEX
1612709914.0,Stockton Kings,2052400177,2024-12-09,L,114,42,89,0.472,11,35,0.314,10,15,0.667,8,24,32,31,9,5,9,13,-17,2024-25,0,False,1612709903.0,SLC
1612709903.0,Salt Lake City Stars,2052400177,2024-12-09,W,131,51,93,0.548,20,38,0.526,5,6,0.833,11,40,51,26,7,2,18,20,17,2024-25,1,True,1612709914.0,STO
1612709902.0,Santa Cruz Warriors,2052400178,2024-12-09,W,112,39,97,0.402,13,40,0.325,13,21,0.619,16,40,56,24,9,9,16,18,3,2024-25,1,False,1612709933.0,RCR
1612709933.0,Rip City Remix,2052400178,2024-12-09,L,109,42,98,0.429,11,45,0.244,9,12,0.75,11,33,44,24,7,14,12,27,-3,2024-25,0,True,1612709902.0,SCW
1612709890.0,Austin Spurs,2052400179,2024-12-10,W,124,39,86,0.453,14,38,0.368,19,24,0.792,14,28,42,27,8,7,15,19,12,2024-25,1,False,1612709908.0,RGV
1612709908.0,Rio Grande Valley Vipers,2052400179,2024-12-10,L,112,44,86,0.512,12,38,0.316,8,12,0.667,13,27,40,25,10,9,20,27,-12,2024-25,0,True,1612709890.0,AUS
1612709893.0,Cleveland Charge,2052400180,2024-12-10,W,121,46,85,0.541,17,39,0.436,7,11,0.636,13,39,52,27,9,9,18,21,17,2024-25,1,False,1612709911.0,IWA
1612709911.0,Iowa Wolves,2052400180,2024-12-10,L,104,40,95,0.421,9,34,0.265,8,15,0.533,18,30,48,23,9,0,14,18,-17,2024-25,0,True,1612709893.0,CLC
1612709913.0,Birmingham Squadron,2052400181,2024-12-10,W,107,40,91,0.44,19,48,0.396,5,7,0.714,18,34,52,23,6,1,10,12,4,2024-25,1,False,1612709889.0,OKL
1612709889.0,Oklahoma City Blue,2052400181,2024-12-10,L,103,40,89,0.449,18,51,0.353,3,6,0.5,12,28,40,27,6,6,9,13,-4,2024-25,0,True,1612709913.0,BHM
1612709924.0,San Diego Clippers,2052400182,2024-12-10,W,106,43,101,0.426,14,45,0.311,5,7,0.714,17,26,43,28,17,5,11,16,2,2024-25,1,False,1612709903.0,SLC
1612709903.0,Salt Lake City Stars,2052400182,2024-12-10,L,104,38,79,0.481,13,33,0.394,7,12,0.583,13,39,52,27,6,10,25,13,-2,2024-25,0,True,1612709924.0,SDC
1612709929.0,College Park Skyhawks,2052400183,2024-12-11,L,107,37,101,0.366,13,42,0.31,13,17,0.765,17,37,54,24,11,8,12,13,-11,2024-25,0,False,1612709919.0,WES
1612709919.0,Westchester Knicks,2052400183,2024-12-11,W,118,47,98,0.48,11,41,0.268,9,10,0.9,12,44,56,30,9,7,14,20,11,2024-25,1,True,1612709929.0,CPS
1612709915.0,Maine Celtics,2052400184,2024-12-11,W,120,40,100,0.4,20,55,0.364,10,11,0.909,19,36,55,25,8,13,7,10,20,2024-25,1,False,1612709921.0,LIN
1612709921.0,Long Island Nets,2052400184,2024-12-11,L,100,41,97,0.423,7,32,0.219,6,7,0.857,14,29,43,27,4,6,11,15,-20,2024-25,0,True,1612709915.0,MNE
1612709932.0,Motor City Cruise,2052400185,2024-12-11,W,117,45,79,0.57,13,30,0.433,7,7,1.0,10,44,54,23,7,8,21,19,23,2024-25,1,False,1612709927.0,WIS
1612709927.0,Wisconsin Herd,2052400185,2024-12-11,L,94,31,87,0.356,11,39,0.282,12,15,0.8,9,21,30,19,10,3,11,12,-23,2024-25,0,True,1612709932.0,MCC
1612709926.0,Memphis Hustle,2052400186,2024-12-11,W,112,40,79,0.506,18,40,0.45,9,11,0.818,9,32,41,26,10,4,16,16,11,2024-25,1,False,1612709931.0,MXC
1612709931.0,Mexico City Capitanes,2052400186,2024-12-11,L,101,34,80,0.425,20,54,0.37,8,9,0.889,8,27,35,23,8,3,16,19,-11,2024-25,0,True,1612709926.0,MHU
1612709902.0,Santa Cruz Warriors,2052400187,2024-12-11,L,117,44,94,0.468,15,43,0.349,9,13,0.692,13,25,38,29,11,4,10,14,-3,2024-25,0,False,1612709914.0,STO
1612709914.0,Stockton Kings,2052400187,2024-12-11,W,120,47,91,0.516,9,31,0.29,10,12,0.833,13,38,51,31,8,8,14,16,3,2024-25,1,True,1612709902.0,SCW
1612709908.0,Rio Grande Valley Vipers,2052400188,2024-12-12,W,116,43,87,0.494,10,36,0.278,13,21,0.619,11,28,39,29,14,5,15,18,6,2024-25,1,False,1612709925.0,OSC
1612709925.0,Osceola Magic,2052400188,2024-12-12,L,110,38,86,0.442,10,45,0.222,14,16,0.875,15,33,48,24,10,9,24,24,-6,2024-25,0,True,1612709908.0,RGV
1612709926.0,Memphis Hustle,2052400189,2024-12-12,L,91,36,88,0.409,8,33,0.242,7,14,0.5,14,38,52,19,9,5,16,25,-16,2024-25,0,False,1612709931.0,MXC
1612709931.0,Mexico City Capitanes,2052400189,2024-12-12,W,107,37,82,0.451,20,47,0.426,8,11,0.727,4,35,39,23,10,6,13,23,16,2024-25,1,True,1612709926.0,MHU
1612709924.0,San Diego Clippers,2052400190,2024-12-12,W,115,45,90,0.5,7,31,0.226,12,18,0.667,6,32,38,26,9,11,15,24,2,2024-25,1,False,1612709903.0,SLC
1612709903.0,Salt Lake City Stars,2052400190,2024-12-12,L,113,40,97,0.412,13,39,0.333,13,14,0.929,17,38,55,26,9,5,18,25,-2,2024-25,0,True,1612709924.0,SDC
1612709905.0,South Bay Lakers,2052400191,2024-12-12,L,100,42,91,0.462,8,32,0.25,7,11,0.636,16,30,46,22,10,3,21,27,-6,2024-25,0,False,1612709934.0,VAL
1612709934.0,Valley Suns,2052400191,2024-12-12,W,106,36,74,0.486,7,29,0.241,18,19,0.947,4,31,35,22,14,4,18,18,6,2024-25,1,True,1612709905.0,SBL
1612709927.0,Wisconsin Herd,2052400192,2024-12-13,L,131,51,101,0.505,21,46,0.457,4,4,1.0,12,28,40,34,7,11,8,19,-10,2024-25,0,False,1612709893.0,CLC
1612709893.0,Cleveland Charge,2052400192,2024-12-13,W,141,49,89,0.551,21,45,0.467,14,17,0.824,13,30,43,37,6,9,12,6,10,2024-25,1,True,1612709927.0,WIS
1612709920.0,Raptors 905,2052400193,2024-12-13,L,109,43,84,0.512,4,22,0.182,12,15,0.8,11,30,41,27,9,1,20,21,-23,2024-25,0,False,1612709909.0,DEL
1612709909.0,Delaware Blue Coats,2052400193,2024-12-13,W,132,46,85,0.541,21,47,0.447,10,13,0.769,7,28,35,24,14,6,17,22,23,2024-25,1,True,1612709920.0,RAP
1612709910.0,Indiana Mad Ants,2052400194,2024-12-13,L,102,37,85,0.435,12,41,0.293,8,15,0.533,8,34,42,25,6,4,12,18,-3,2024-25,0,False,1612709917.0,GRG
1612709917.0,Grand Rapids Gold,2052400194,2024-12-13,W,105,37,84,0.44,10,29,0.345,12,15,0.8,10,39,49,18,4,4,13,20,3,2024-25,1,True,1612709910.0,IMA
1612709929.0,College Park Skyhawks,2052400195,2024-12-13,L,109,38,90,0.422,11,40,0.275,12,16,0.75,12,30,42,25,8,1,15,24,-7,2024-25,0,False,1612709919.0,WES
1612709919.0,Westchester Knicks,2052400195,2024-12-13,W,116,37,83,0.446,14,37,0.378,18,21,0.857,15,38,53,26,11,4,17,24,7,2024-25,1,True,1612709929.0,CPS
1612709932.0,Motor City Cruise,2052400196,2024-12-13,L,113,37,91,0.407,15,40,0.375,13,17,0.765,13,33,46,32,8,12,17,18,-1,2024-25,0,False,1612709911.0,IWA
1612709911.0,Iowa Wolves,2052400196,2024-12-13,W,114,42,94,0.447,10,25,0.4,11,11,1.0,14,35,49,24,8,6,13,22,1,2024-25,1,True,1612709932.0,MCC
1612709890.0,Austin Spurs,2052400197,2024-12-13,L,114,40,94,0.426,18,44,0.409,8,9,0.889,8,26,34,19,12,4,10,21,-6,2024-25,0,False,1612709889.0,OKL
1612709889.0,Oklahoma City Blue,2052400197,2024-12-13,W,120,47,83,0.566,10,27,0.37,10,12,0.833,9,37,46,27,4,9,20,15,6,2024-25,1,True,1612709890.0,AUS
1612709904.0,Sioux Falls Skyforce,2052400198,2024-12-13,W,114,44,87,0.506,9,29,0.31,11,13,0.846,13,21,34,26,13,3,10,11,3,2024-25,1,False,1612709923.0,WCB
1612709923.0,Windy City Bulls,2052400198,2024-12-13,L,111,43,75,0.573,14,33,0.424,5,8,0.625,5,27,32,28,8,6,17,18,-3,2024-25,0,True,1612709904.0,SXF
1612709913.0,Birmingham Squadron,2052400199,2024-12-13,L,110,42,98,0.429,15,45,0.333,8,11,0.727,17,23,40,23,10,4,14,18,-6,2024-25,0,False,1612709918.0,TEX
1612709918.0,Texas Legends,2052400199,2024-12-13,W,116,44,87,0.506,10,31,0.323,12,14,0.857,14,36,50,24,7,10,16,19,6,2024-25,1,True,1612709913.0,BHM
1612709905.0,South Bay Lakers,2052400200,2024-12-13,L,91,33,90,0.367,19,49,0.388,4,7,0.571,12,36,48,19,5,4,15,16,-11,2024-25,0,False,1612709934.0,VAL
1612709934.0,Valley Suns,2052400200,2024-12-13,W,102,39,95,0.411,12,36,0.333,8,11,0.727,14,43,57,20,8,6,14,17,11,2024-25,1,True,1612709905.0,SBL
1612709933.0,Rip City Remix,2052400201,2024-12-13,L,119,42,87,0.483,21,50,0.42,8,14,0.571,8,28,36,32,9,6,13,21,-8,2024-25,0,False,1612709914.0,STO
1612709914.0,Stockton Kings,2052400201,2024-12-13,W,127,49,100,0.49,13,37,0.351,11,12,0.917,16,37,53,28,7,5,14,19,8,2024-25,1,True,1612709933.0,RCR
1612709927.0,Wisconsin Herd,2052400202,2024-12-14,L,94,34,104,0.327,12,39,0.308,8,9,0.889,18,34,52,17,9,7,10,19,-22,2024-25,0,False,1612709893.0,CLC
1612709893.0,Cleveland Charge,2052400202,2024-12-14,W,116,43,92,0.467,15,41,0.366,9,13,0.692,14,45,59,28,4,5,13,17,22,2024-25,1,True,1612709927.0,WIS
1612709908.0,Rio Grande Valley Vipers,2052400203,2024-12-14,L,111,36,94,0.383,18,58,0.31,11,15,0.733,14,26,40,25,18,4,20,17,-11,2024-25,0,False,1612709925.0,OSC
1612709925.0,Osceola Magic,2052400203,2024-12-14,W,122,44,84,0.524,18,46,0.391,9,9,1.0,7,39,46,31,12,8,26,21,11,2024-25,1,True,1612709908.0,RGV
1612709913.0,Birmingham Squadron,2052400204,2024-12-14,L,98,38,82,0.463,9,34,0.265,8,12,0.667,8,29,37,21,11,3,13,19,-9,2024-25,0,False,1612709918.0,TEX
1612709918.0,Texas Legends,2052400204,2024-12-14,W,107,37,76,0.487,20,43,0.465,9,12,0.75,10,31,41,27,6,5,16,15,9,2024-25,1,True,1612709913.0,BHM
1612709924.0,San Diego Clippers,2052400205,2024-12-14,W,123,49,83,0.59,13,35,0.371,6,8,0.75,4,42,46,36,15,10,16,23,34,2024-25,1,False,1612709902.0,SCW
1612709902.0,Santa Cruz Warriors,2052400205,2024-12-14,L,89,31,88,0.352,12,39,0.308,9,14,0.643,13,29,42,24,7,4,23,16,-34,2024-25,0,True,1612709924.0,SDC
1612709920.0,Raptors 905,2052400206,2024-12-15,W,115,47,92,0.511,9,24,0.375,6,12,0.5,14,26,40,24,14,6,14,21,1,2024-25,1,False,1612709915.0,MNE
1612709915.0,Maine Celtics,2052400206,2024-12-15,L,114,43,82,0.524,15,36,0.417,8,11,0.727,9,30,39,22,6,7,23,19,-1,2024-25,0,True,1612709920.0,RAP
1612709921.0,Long Island Nets,2052400207,2024-12-15,L,121,45,91,0.495,13,34,0.382,10,14,0.714,14,31,45,29,8,3,19,29,-16,2024-25,0,False,1612709928.0,CCG
1612709928.0,Capital City Go-Go,2052400207,2024-12-15,W,137,47,92,0.511,12,34,0.353,18,21,0.857,12,30,42,29,14,4,14,19,16,2024-25,1,True,1612709921.0,LIN
1612709932.0,Motor City Cruise,2052400208,2024-12-15,L,112,45,96,0.469,11,38,0.289,6,12,0.5,16,37,53,26,5,5,14,17,-8,2024-25,0,False,1612709917.0,GRG
1612709917.0,Grand Rapids Gold,2052400208,2024-12-15,W,120,43,96,0.448,13,37,0.351,14,17,0.824,15,36,51,34,6,3,9,16,8,2024-25,1,True,1612709932.0,MCC
1612709922.0,Greensboro Swarm,2052400209,2024-12-15,L,95,36,94,0.383,9,35,0.257,9,12,0.75,18,30,48,17,9,1,17,20,-12,2024-25,0,False,1612709919.0,WES
1612709919.0,Westchester Knicks,2052400209,2024-12-15,W,107,39,84,0.464,12,36,0.333,9,13,0.692,12,36,48,20,9,7,18,20,12,2024-25,1,True,1612709922.0,GBO
1612709890.0,Austin Spurs,2052400210,2024-12-15,L,95,31,88,0.352,16,53,0.302,9,16,0.563,10,33,43,19,9,8,15,21,-22,2024-25,0,False,1612709889.0,OKL
1612709889.0,Oklahoma City Blue,2052400210,2024-12-15,W,117,40,83,0.482,16,34,0.471,13,18,0.722,8,45,53,29,9,7,17,23,22,2024-25,1,True,1612709890.0,AUS
1612709910.0,Indiana Mad Ants,2052400211,2024-12-15,W,119,43,79,0.544,13,27,0.481,10,14,0.714,9,33,42,27,5,5,12,10,12,2024-25,1,False,1612709923.0,WCB
1612709923.0,Windy City Bulls,2052400211,2024-12-15,L,107,44,96,0.458,9,30,0.3,6,7,0.857,16,23,39,27,6,6,11,18,-12,2024-25,0,True,1612709910.0,IMA
1612709933.0,Rip City Remix,2052400212,2024-12-15,W,103,36,96,0.375,18,53,0.34,7,14,0.5,19,34,53,25,15,6,18,25,5,2024-25,1,False,1612709914.0,STO
1612709914.0,Stockton Kings,2052400212,2024-12-15,L,98,32,87,0.368,9,35,0.257,15,18,0.833,12,38,50,20,7,5,18,21,-5,2024-25,0,True,1612709933.0,RCR
1612709924.0,San Diego Clippers,2052400213,2024-12-15,W,120,42,84,0.5,10,27,0.37,18,20,0.9,10,24,34,22,7,3,11,20,12,2024-25,1,False,1612709902.0,SCW
1612709902.0,Santa Cruz Warriors,2052400213,2024-12-15,L,108,39,79,0.494,16,43,0.372,8,11,0.727,8,31,39,31,8,6,20,24,-12,2024-25,0,True,1612709924.0,SDC
1612709932.0,Motor City Cruise,2052400214,2024-12-16,L,118,46,99,0.465,9,32,0.281,12,19,0.632,12,38,50,24,7,8,13,24,-2,2024-25,0,False,1612709917.0,GRG
1612709917.0,Grand Rapids Gold,2052400214,2024-12-16,W,120,41,94,0.436,10,26,0.385,16,22,0.727,13,34,47,22,8,10,14,27,2,2024-25,1,True,1612709932.0,MCC
1612709922.0,Greensboro Swarm,2052400215,2024-12-16,L,117,47,98,0.48,14,38,0.368,5,9,0.556,6,28,34,29,11,5,8,21,-6,2024-25,0,False,1612709919.0,WES
1612709919.0,Westchester Knicks,2052400215,2024-12-16,W,123,41,81,0.506,15,40,0.375,14,18,0.778,8,39,47,21,4,11,15,14,6,2024-25,1,True,1612709922.0,GBO
1612709904.0,Sioux Falls Skyforce,2052400216,2024-12-16,W,115,44,88,0.5,14,34,0.412,10,15,0.667,9,35,44,24,8,5,15,13,20,2024-25,1,False,1612709927.0,WIS
1612709927.0,Wisconsin Herd,2052400216,2024-12-16,L,95,37,84,0.44,11,33,0.333,6,8,0.75,9,30,39,25,9,5,17,18,-20,2024-25,0,True,1612709904.0,SXF
1612709934.0,Valley Suns,2052400217,2024-12-16,L,104,39,93,0.419,15,50,0.3,7,11,0.636,3,30,33,29,6,5,13,14,-13,2024-25,0,False,1612709914.0,STO
1612709914.0,Stockton Kings,2052400217,2024-12-16,W,117,48,87,0.552,10,26,0.385,7,10,0.7,7,51,58,32,9,10,18,19,13,2024-25,1,True,1612709934.0,VAL
1612709922.0,Greensboro Swarm,2052400218,2024-12-19,W,98,34,84,0.405,8,27,0.296,13,16,0.813,17,43,60,19,12,5,24,26,8,2024-25,1,False,1612709905.0,SBL
1612709905.0,South Bay Lakers,2052400218,2024-12-19,L,90,33,82,0.402,9,34,0.265,7,15,0.467,11,32,43,22,16,6,17,22,-8,2024-25,0,True,1612709922.0,GBO
1612709914.0,Stockton Kings,2052400219,2024-12-19,L,99,38,92,0.413,8,34,0.235,10,13,0.769,12,31,43,24,7,9,21,15,-25,2024-25,0,False,1612709911.0,IWA
1612709911.0,Iowa Wolves,2052400219,2024-12-19,W,124,47,91,0.516,17,41,0.415,9,13,0.692,11,37,48,28,14,6,17,22,25,2024-25,1,True,1612709914.0,STO
1612709917.0,Grand Rapids Gold,2052400220,2024-12-19,W,124,47,92,0.511,13,37,0.351,12,16,0.75,13,37,50,23,10,4,12,21,14,2024-25,1,False,1612709889.0,OKL
1612709889.0,Oklahoma City Blue,2052400220,2024-12-19,L,110,41,92,0.446,17,46,0.37,7,14,0.5,12,31,43,27,9,5,14,22,-14,2024-25,0,True,1612709917.0,GRG
1612709920.0,Raptors 905,2052400221,2024-12-19,L,103,38,83,0.458,10,37,0.27,10,15,0.667,11,27,38,28,9,6,23,23,-17,2024-25,0,False,1612709908.0,RGV
1612709908.0,Rio Grande Valley Vipers,2052400221,2024-12-19,W,120,44,85,0.518,12,36,0.333,11,16,0.688,10,36,46,33,17,7,19,24,17,2024-25,1,True,1612709920.0,RAP
1612709928.0,Capital City Go-Go,2052400222,2024-12-19,L,108,41,95,0.432,10,31,0.323,9,11,0.818,15,33,48,17,11,6,12,20,-4,2024-25,0,False,1612709904.0,SXF
1612709904.0,Sioux Falls Skyforce,2052400222,2024-12-19,W,112,39,84,0.464,18,35,0.514,10,15,0.667,11,31,42,28,6,4,17,19,4,2024-25,1,True,1612709928.0,CCG
1612709927.0,Wisconsin Herd,2052400223,2024-12-19,L,86,31,86,0.36,16,43,0.372,5,7,0.714,16,30,46,21,5,9,22,23,-22,2024-25,0,False,1612709913.0,BHM
1612709913.0,Birmingham Squadron,2052400223,2024-12-19,W,108,39,79,0.494,16,37,0.432,10,15,0.667,7,36,43,30,15,8,18,14,22,2024-25,1,True,1612709927.0,WIS
1612709934.0,Valley Suns,2052400224,2024-12-19,L,119,41,95,0.432,22,55,0.4,8,11,0.727,14,34,48,25,5,7,16,25,-8,2024-25,0,False,1612709919.0,WES
1612709919.0,Westchester Knicks,2052400224,2024-12-19,W,127,45,103,0.437,7,30,0.233,18,21,0.857,20,37,57,23,7,5,13,17,8,2024-25,1,True,1612709934.0,VAL
1612709923.0,Windy City Bulls,2052400225,2024-12-19,W,109,37,90,0.411,16,46,0.348,14,16,0.875,11,35,46,25,10,7,18,24,5,2024-25,1,False,1612709926.0,MHU
1612709926.0,Memphis Hustle,2052400225,2024-12-19,L,104,39,88,0.443,9,39,0.231,10,16,0.625,11,38,49,21,14,8,15,19,-5,2024-25,0,True,1612709923.0,WCB
1612709918.0,Texas Legends,2052400226,2024-12-20,W,111,39,90,0.433,14,40,0.35,12,17,0.706,12,29,41,23,17,9,18,25,1,2024-25,1,False,1612709932.0,MCC
1612709932.0,Motor City Cruise,2052400226,2024-12-20,L,110,37,82,0.451,8,26,0.308,14,19,0.737,12,31,43,23,8,5,22,25,-1,2024-25,0,True,1612709918.0,TEX
1612709924.0,San Diego Clippers,2052400227,2024-12-20,W,136,49,98,0.5,15,36,0.417,13,17,0.765,17,38,55,34,8,7,16,22,48,2024-25,1,False,1612709921.0,LIN
1612709921.0,Long Island Nets,2052400227,2024-12-20,L,88,32,75,0.427,8,24,0.333,11,17,0.647,8,26,34,16,10,4,27,23,-48,2024-25,0,True,1612709924.0,SDC
1612709931.0,Mexico City Capitanes,2052400228,2024-12-20,W,99,35,76,0.461,11,32,0.344,10,12,0.833,11,30,41,19,11,7,19,20,3,2024-25,1,False,1612709933.0,RCR
1612709933.0,Rip City Remix,2052400228,2024-12-20,L,96,29,90,0.322,15,52,0.288,13,16,0.813,22,28,50,19,17,4,18,19,-3,2024-25,0,True,1612709931.0,MXC
1612709893.0,Cleveland Charge,2052400229,2024-12-20,L,98,37,91,0.407,12,43,0.279,7,12,0.583,8,32,40,22,8,11,15,13,-23,2024-25,0,False,1612709903.0,SLC
1612709903.0,Salt Lake City Stars,2052400229,2024-12-20,W,121,46,103,0.447,15,37,0.405,7,10,0.7,22,45,67,29,11,9,16,19,23,2024-25,1,True,1612709893.0,CLC
1612709909.0,Delaware Blue Coats,2052400230,2024-12-20,W,128,43,96,0.448,21,46,0.457,11,13,0.846,12,36,48,35,9,3,11,19,22,2024-25,1,False,1612709902.0,SCW
1612709902.0,Santa Cruz Warriors,2052400230,2024-12-20,L,106,38,91,0.418,12,47,0.255,11,13,0.846,14,38,52,24,6,6,19,22,-22,2024-25,0,True,1612709909.0,DEL
1612709908.0,Rio Grande Valley Vipers,2052400231,2024-12-20,L,115,39,94,0.415,15,48,0.313,13,16,0.813,18,17,35,21,16,3,21,20,-12,2024-25,0,False,1612709910.0,IMA
1612709910.0,Indiana Mad Ants,2052400231,2024-12-20,W,127,46,71,0.648,15,26,0.577,12,15,0.8,7,32,39,32,13,3,34,28,12,2024-25,1,True,1612709908.0,RGV
1612709890.0,Austin Spurs,2052400232,2024-12-20,L,100,35,80,0.438,12,38,0.316,11,16,0.688,11,29,40,26,8,5,15,25,-5,2024-25,0,False,1612709922.0,GBO
1612709922.0,Greensboro Swarm,2052400232,2024-12-20,W,105,37,76,0.487,11,34,0.324,14,19,0.737,9,30,39,18,10,7,13,17,5,2024-25,1,True,1612709890.0,AUS
1612709915.0,Maine Celtics,2052400233,2024-12-20,W,116,41,79,0.519,12,34,0.353,15,21,0.714,13,27,40,23,12,5,18,20,6,2024-25,1,False,1612709929.0,CPS
1612709929.0,College Park Skyhawks,2052400233,2024-12-20,L,110,39,81,0.481,16,36,0.444,9,9,1.0,8,27,35,22,8,0,20,23,-6,2024-25,0,True,1612709915.0,MNE
1612709914.0,Stockton Kings,2052400234,2024-12-21,L,108,39,85,0.459,16,38,0.421,8,10,0.8,7,34,41,29,7,6,12,20,-4,2024-25,0,False,1612709928.0,CCG
1612709928.0,Capital City Go-Go,2052400234,2024-12-21,W,112,36,87,0.414,14,38,0.368,17,18,0.944,12,35,47,23,11,5,14,17,4,2024-25,1,True,1612709914.0,STO
1612709905.0,South Bay Lakers,2052400235,2024-12-21,W,120,46,88,0.523,17,46,0.37,7,11,0.636,10,36,46,29,7,6,18,13,16,2024-25,1,False,1612709925.0,OSC
1612709925.0,Osceola Magic,2052400235,2024-12-21,L,104,41,94,0.436,9,37,0.243,8,9,0.889,14,29,43,26,10,3,15,18,-16,2024-25,0,True,1612709905.0,SBL
1612709904.0,Sioux Falls Skyforce,2052400236,2024-12-21,W,117,41,85,0.482,5,27,0.185,20,24,0.833,13,36,49,24,10,8,18,25,13,2024-25,1,False,1612709911.0,IWA
1612709911.0,Iowa Wolves,2052400236,2024-12-21,L,104,38,88,0.432,8,31,0.258,13,18,0.722,14,30,44,21,7,6,20,28,-13,2024-25,0,True,1612709904.0,SXF
1612709917.0,Grand Rapids Gold,2052400237,2024-12-21,L,108,41,99,0.414,8,36,0.222,11,16,0.688,10,32,42,20,10,7,14,22,-5,2024-25,0,False,1612709919.0,WES
1612709919.0,Westchester Knicks,2052400237,2024-12-21,W,113,40,88,0.455,12,34,0.353,14,19,0.737,9,44,53,30,7,11,21,21,5,2024-25,1,True,1612709917.0,GRG
1612709934.0,Valley Suns,2052400238,2024-12-21,L,94,32,94,0.34,13,51,0.255,10,11,0.909,13,39,52,21,4,6,16,19,-35,2024-25,0,False,1612709889.0,OKL
1612709889.0,Oklahoma City Blue,2052400238,2024-12-21,W,129,49,100,0.49,21,51,0.412,7,10,0.7,11,45,56,36,6,8,11,22,35,2024-25,1,True,1612709934.0,VAL
1612709920.0,Raptors 905,2052400239,2024-12-21,W,112,38,87,0.437,13,38,0.342,15,19,0.789,11,38,49,31,5,3,20,19,1,2024-25,1,False,1612709924.0,SDC
1612709924.0,San Diego Clippers,2052400239,2024-12-21,L,111,43,97,0.443,9,40,0.225,9,18,0.5,16,35,51,25,9,10,13,27,-1,2024-25,0,True,1612709920.0,RAP
1612709902.0,Santa Cruz Warriors,2052400240,2024-12-21,W,112,40,89,0.449,19,45,0.422,8,9,0.889,12,30,42,30,7,7,13,17,5,2024-25,1,False,1612709923.0,WCB
1612709923.0,Windy City Bulls,2052400240,2024-12-21,L,107,38,79,0.481,14,34,0.412,9,11,0.818,9,36,45,30,8,7,19,13,-5,2024-25,0,True,1612709902.0,SCW
1612709931.0,Mexico City Capitanes,2052400241,2024-12-21,L,96,31,86,0.36,13,38,0.342,13,18,0.722,10,33,43,20,7,5,12,18,-4,2024-25,0,False,1612709927.0,WIS
1612709927.0,Wisconsin Herd,2052400241,2024-12-21,W,100,39,82,0.476,12,29,0.414,7,10,0.7,4,43,47,21,5,8,15,24,4,2024-25,1,True,1612709931.0,MXC
1612709910.0,Indiana Mad Ants,2052400242,2024-12-22,W,115,41,90,0.456,15,34,0.441,10,11,0.909,18,35,53,30,7,2,18,20,6,2024-25,1,False,1612709918.0,TEX
1612709918.0,Texas Legends,2052400242,2024-12-22,L,109,40,82,0.488,16,38,0.421,7,14,0.5,10,27,37,29,10,8,15,14,-6,2024-25,0,True,1612709910.0,IMA
1612709926.0,Memphis Hustle,2052400243,2024-12-22,L,120,38,96,0.396,12,36,0.333,18,24,0.75,13,37,50,27,6,9,13,25,-2,2024-25,0,False,1612709903.0,SLC
1612709903.0,Salt Lake City Stars,2052400243,2024-12-22,W,122,43,95,0.453,12,38,0.316,16,24,0.667,17,39,56,25,8,5,15,29,2,2024-25,1,True,1612709926.0,MHU
1612709929.0,College Park Skyhawks,2052400244,2024-12-22,W,113,36,81,0.444,13,38,0.342,18,22,0.818,14,37,51,24,6,1,15,17,8,2024-25,1,False,1612709925.0,OSC
1612709925.0,Osceola Magic,2052400244,2024-12-22,L,105,37,83,0.446,17,49,0.347,7,12,0.583,9,24,33,28,9,2,12,24,-8,2024-25,0,True,1612709929.0,CPS
1612709913.0,Birmingham Squadron,2052400245,2024-12-22,L,98,39,81,0.481,6,31,0.194,9,12,0.75,12,33,45,27,6,2,24,30,-11,2024-25,0,False,1612709909.0,DEL
1612709909.0,Delaware Blue Coats,2052400245,2024-12-22,W,109,35,76,0.461,13,37,0.351,14,22,0.636,11,22,33,22,16,2,12,19,11,2024-25,1,True,1612709913.0,BHM
1612709933.0,Rip City Remix,2052400246,2024-12-22,W,114,42,91,0.462,15,46,0.326,9,12,0.75,10,40,50,28,9,6,22,21,8,2024-25,1,False,1612709921.0,LIN
1612709921.0,Long Island Nets,2052400246,2024-12-22,L,106,39,93,0.419,11,36,0.306,9,15,0.6,11,39,50,26,12,0,16,21,-8,2024-25,0,True,1612709933.0,RCR
1612709890.0,Austin Spurs,2052400247,2024-12-22,W,126,45,99,0.455,15,47,0.319,13,16,0.813,15,31,46,27,14,11,11,21,20,2024-25,1,False,1612709893.0,CLC
1612709893.0,Cleveland Charge,2052400247,2024-12-22,L,106,36,81,0.444,14,34,0.412,12,19,0.632,12,37,49,27,6,9,23,18,-20,2024-25,0,True,1612709890.0,AUS
1612709932.0,Motor City Cruise,2052400248,2024-12-22,L,104,32,77,0.416,6,25,0.24,20,23,0.87,11,35,46,22,7,2,19,16,-17,2024-25,0,False,1612709915.0,MNE
1612709915.0,Maine Celtics,2052400248,2024-12-22,W,121,45,94,0.479,15,47,0.319,10,11,0.909,12,31,43,33,9,10,9,22,17,2024-25,1,True,1612709932.0,MCC
1612709919.0,Westchester Knicks,2052400249,2024-12-22,W,125,51,95,0.537,15,38,0.395,6,8,0.75,11,34,45,32,10,9,16,14,6,2024-25,1,False,1612709904.0,SXF
1612709904.0,Sioux Falls Skyforce,2052400249,2024-12-22,L,119,47,106,0.443,13,40,0.325,8,9,0.889,18,26,44,24,10,5,15,16,-6,2024-25,0,True,1612709919.0,WES
1612709910.0,Noblesville Boom,2052500001,2025-11-07,L,124,43,90,0.478,19,51,0.373,10,16,0.625,14,32,46,25,10,4,17,28,-6,2025-26,0,False,1612709917.0,GRG
1612709917.0,Grand Rapids Gold,2052500001,2025-11-07,W,130,49,98,0.5,9,32,0.281,15,24,0.625,21,33,54,26,15,4,16,26,6,2025-26,1,True,1612709910.0,NOB
1612709915.0,Maine Celtics,2052500002,2025-11-07,L,129,48,97,0.495,12,38,0.316,12,19,0.632,11,30,41,21,13,11,15,34,-2,2025-26,0,False,1612709922.0,GBO
1612709922.0,Greensboro Swarm,2052500002,2025-11-07,W,131,43,99,0.434,12,40,0.3,21,27,0.778,20,37,57,15,7,3,18,26,2,2025-26,1,True,1612709915.0,MNE
1612709928.0,Capital City Go-Go,2052500003,2025-11-07,L,102,34,73,0.466,7,30,0.233,15,22,0.682,11,29,40,22,18,7,25,29,-7,2025-26,0,False,1612709921.0,LIN
1612709921.0,Long Island Nets,2052500003,2025-11-07,W,109,36,80,0.45,9,27,0.333,15,18,0.833,10,31,41,19,11,7,23,31,7,2025-26,1,True,1612709928.0,CCG
1612709904.0,Sioux Falls Skyforce,2052500004,2025-11-07,L,114,37,97,0.381,10,40,0.25,18,26,0.692,17,26,43,15,15,2,14,20,-23,2025-26,0,False,1612709932.0,MCC
1612709932.0,Motor City Cruise,2052500004,2025-11-07,W,137,50,90,0.556,14,31,0.452,13,15,0.867,14,47,61,25,9,7,23,29,23,2025-26,1,True,1612709904.0,SXF
1612709918.0,Texas Legends,2052500005,2025-11-07,L,113,46,95,0.484,12,36,0.333,6,10,0.6,15,24,39,23,12,9,23,25,-21,2025-26,0,False,1612709925.0,OSC
1612709925.0,Osceola Magic,2052500005,2025-11-07,W,134,52,100,0.52,14,43,0.326,10,13,0.769,15,36,51,31,14,6,17,19,21,2025-26,1,True,1612709918.0,TEX
1612709929.0,College Park Skyhawks,2052500006,2025-11-07,L,94,32,85,0.376,9,41,0.22,11,15,0.733,16,25,41,22,10,3,30,26,-36,2025-26,0,False,1612709920.0,RAP
1612709920.0,Raptors 905,2052500006,2025-11-07,W,130,47,87,0.54,17,39,0.436,12,20,0.6,16,33,49,24,14,4,25,24,36,2025-26,1,True,1612709929.0,CPS
1612709893.0,Cleveland Charge,2052500007,2025-11-07,L,124,46,107,0.43,19,50,0.38,8,12,0.667,15,26,41,35,6,8,11,30,-13,2025-26,0,False,1612709911.0,IWA
1612709911.0,Iowa Wolves,2052500007,2025-11-07,W,137,46,91,0.505,10,30,0.333,19,23,0.826,15,37,52,28,6,6,13,19,13,2025-26,1,True,1612709893.0,CLC
1612709890.0,Austin Spurs,2052500008,2025-11-07,W,101,39,94,0.415,12,43,0.279,6,7,0.857,12,34,46,16,11,5,10,14,12,2025-26,1,False,1612709913.0,BHM
1612709913.0,Birmingham Squadron,2052500008,2025-11-07,L,89,34,84,0.405,9,31,0.29,7,8,0.875,10,37,47,19,5,6,18,14,-12,2025-26,0,True,1612709890.0,AUS
1612709889.0,Oklahoma City Blue,2052500009,2025-11-07,W,116,41,82,0.5,9,30,0.3,15,22,0.682,6,35,41,19,14,9,13,19,2,2025-26,1,False,1612709908.0,RGV
1612709908.0,Rio Grande Valley Vipers,2052500009,2025-11-07,L,114,38,95,0.4,17,49,0.347,12,13,0.923,18,34,52,22,8,4,19,25,-2,2025-26,0,True,1612709889.0,OKL
1612709933.0,Rip City Remix,2052500010,2025-11-07,W,120,45,98,0.459,12,48,0.25,10,12,0.833,17,33,50,22,11,5,16,23,13,2025-26,1,False,1612709902.0,SCW
1612709902.0,Santa Cruz Warriors,2052500010,2025-11-07,L,107,39,88,0.443,14,41,0.341,9,13,0.692,14,28,42,21,10,5,19,20,-13,2025-26,0,True,1612709933.0,RCR
1612709919.0,Westchester Knicks,2052500011,2025-11-08,L,113,40,85,0.471,13,40,0.325,11,12,0.917,20,35,55,21,7,3,30,28,-21,2025-26,0,False,1612709909.0,DEL
1612709909.0,Delaware Blue Coats,2052500011,2025-11-08,W,134,51,108,0.472,11,35,0.314,13,17,0.765,19,21,40,30,16,5,9,20,21,2025-26,1,True,1612709919.0,WES
1612709915.0,Maine Celtics,2052500012,2025-11-08,L,120,41,76,0.539,7,28,0.25,16,21,0.762,4,33,37,22,7,6,11,23,-2,2025-26,0,False,1612709922.0,GBO
1612709922.0,Greensboro Swarm,2052500012,2025-11-08,W,122,43,87,0.494,19,38,0.5,9,13,0.692,11,28,39,21,1,1,15,25,2,2025-26,1,True,1612709915.0,MNE
1612709904.0,Sioux Falls Skyforce,2052500013,2025-11-08,W,137,46,96,0.479,16,37,0.432,15,21,0.714,13,37,50,34,12,2,13,22,19,2025-26,1,False,1612709932.0,MCC
1612709932.0,Motor City Cruise,2052500013,2025-11-08,L,118,41,93,0.441,14,42,0.333,13,16,0.813,14,31,45,23,9,7,20,25,-19,2025-26,0,True,1612709904.0,SXF
1612709917.0,Grand Rapids Gold,2052500014,2025-11-08,W,120,41,84,0.488,5,26,0.192,19,25,0.76,9,37,46,21,8,2,14,26,11,2025-26,1,False,1612709910.0,NOB
1612709910.0,Noblesville Boom,2052500014,2025-11-08,L,109,38,86,0.442,11,35,0.314,12,16,0.75,12,31,43,26,4,7,17,32,-11,2025-26,0,True,1612709917.0,GRG
1612709918.0,Texas Legends,2052500015,2025-11-08,L,112,43,96,0.448,10,32,0.313,9,14,0.643,13,28,41,23,4,7,18,25,-32,2025-26,0,False,1612709925.0,OSC
1612709925.0,Osceola Magic,2052500015,2025-11-08,W,144,51,97,0.526,17,41,0.415,14,17,0.824,13,40,53,36,10,4,13,21,32,2025-26,1,True,1612709918.0,TEX
1612709893.0,Cleveland Charge,2052500016,2025-11-08,L,123,46,100,0.46,16,45,0.356,9,13,0.692,19,23,42,28,11,7,18,30,-7,2025-26,0,False,1612709911.0,IWA
1612709911.0,Iowa Wolves,2052500016,2025-11-08,W,130,41,87,0.471,14,32,0.438,20,23,0.87,15,29,44,24,13,5,19,19,7,2025-26,1,True,1612709893.0,CLC
1612709931.0,Mexico City Capitanes,2052500017,2025-11-08,L,117,41,91,0.451,16,43,0.372,11,16,0.688,15,15,30,24,11,4,19,27,-16,2025-26,0,False,1612709926.0,MHU
1612709926.0,Memphis Hustle,2052500017,2025-11-08,W,133,47,76,0.618,5,20,0.25,22,26,0.846,10,31,41,25,11,7,24,27,16,2025-26,1,True,1612709931.0,MXC
1612709927.0,Wisconsin Herd,2052500018,2025-11-08,L,107,38,96,0.396,11,44,0.25,12,18,0.667,14,44,58,24,8,10,15,29,-3,2025-26,0,False,1612709923.0,WCB
1612709923.0,Windy City Bulls,2052500018,2025-11-08,W,110,41,98,0.418,8,29,0.276,14,28,0.5,20,43,63,23,5,8,12,20,3,2025-26,1,True,1612709927.0,WIS
1612709934.0,Valley Suns,2052500019,2025-11-08,L,105,37,95,0.389,8,42,0.19,13,16,0.813,10,37,47,20,5,5,15,29,-39,2025-26,0,False,1612709905.0,SBL
1612709905.0,South Bay Lakers,2052500019,2025-11-08,W,144,47,93,0.505,17,34,0.5,18,23,0.783,10,41,51,28,12,8,9,24,39,2025-26,1,True,1612709934.0,VAL
1612709924.0,San Diego Clippers,2052500020,2025-11-08,W,102,37,96,0.385,16,42,0.381,9,14,0.643,16,31,47,17,8,3,12,17,5,2025-26,1,False,1612709914.0,STO
1612709914.0,Stockton Kings,2052500020,2025-11-08,L,97,40,82,0.488,7,29,0.241,7,12,0.583,12,37,49,20,6,8,15,20,-5,2025-26,0,True,1612709924.0,SDC
1612709933.0,Rip City Remix,2052500021,2025-11-08,W,131,45,102,0.441,22,60,0.367,14,16,0.875,13,30,43,26,8,4,11,22,13,2025-26,1,False,1612709902.0,SCW
1612709902.0,Santa Cruz Warriors,2052500021,2025-11-08,L,118,43,96,0.448,15,44,0.341,10,14,0.714,19,40,59,20,6,6,22,22,-13,2025-26,0,True,1612709933.0,RCR
1612709929.0,College Park Skyhawks,2052500022,2025-11-09,L,92,32,81,0.395,14,41,0.341,8,15,0.533,14,25,39,22,10,7,23,27,-32,2025-26,0,False,1612709920.0,RAP
1612709920.0,Raptors 905,2052500022,2025-11-09,W,124,43,83,0.518,15,33,0.455,13,15,0.867,9,36,45,31,14,4,16,27,32,2025-26,1,True,1612709929.0,CPS
1612709928.0,Capital City Go-Go,2052500023,2025-11-09,W,112,39,81,0.481,9,32,0.281,16,21,0.762,9,30,39,25,12,5,17,30,7,2025-26,1,False,1612709921.0,LIN
1612709921.0,Long Island Nets,2052500023,2025-11-09,L,105,36,81,0.444,8,35,0.229,14,21,0.667,15,31,46,19,7,3,21,27,-7,2025-26,0,True,1612709928.0,CCG
1612709913.0,Birmingham Squadron,2052500024,2025-11-09,L,97,37,79,0.468,11,32,0.344,7,15,0.467,12,27,39,21,9,2,18,23,-13,2025-26,0,False,1612709890.0,AUS
1612709890.0,Austin Spurs,2052500024,2025-11-09,W,110,40,78,0.513,14,39,0.359,9,12,0.75,7,26,33,22,11,3,16,18,13,2025-26,1,True,1612709913.0,BHM
1612709931.0,Mexico City Capitanes,2052500025,2025-11-09,L,103,36,81,0.444,8,34,0.235,12,16,0.75,11,28,39,22,11,5,14,24,-6,2025-26,0,False,1612709926.0,MHU
1612709926.0,Memphis Hustle,2052500025,2025-11-09,W,109,38,87,0.437,12,37,0.324,13,17,0.765,16,31,47,23,11,5,18,26,6,2025-26,1,True,1612709931.0,MXC
1612709924.0,San Diego Clippers,2052500026,2025-11-09,L,108,43,94,0.457,12,46,0.261,6,7,0.857,14,34,48,18,7,5,17,22,-9,2025-26,0,False,1612709914.0,STO
1612709914.0,Stockton Kings,2052500026,2025-11-09,W,117,41,84,0.488,14,32,0.438,14,20,0.7,12,33,45,26,11,6,11,14,9,2025-26,1,True,1612709924.0,SDC
1612709934.0,Valley Suns,2052500027,2025-11-09,L,113,39,90,0.433,10,37,0.27,15,19,0.789,12,33,45,17,7,8,15,24,-10,2025-26,0,False,1612709905.0,SBL
1612709905.0,South Bay Lakers,2052500027,2025-11-09,W,123,40,88,0.455,18,46,0.391,15,19,0.789,9,29,38,21,11,7,12,25,10,2025-26,1,True,1612709934.0,VAL
1612709913.0,Birmingham Squadron,2052500028,2025-11-11,W,106,42,92,0.457,14,34,0.412,6,11,0.545,19,30,49,28,12,6,16,11,9,2025-26,1,False,1612709889.0,OKL
1612709889.0,Oklahoma City Blue,2052500028,2025-11-11,L,97,38,98,0.388,15,47,0.319,4,6,0.667,21,30,51,21,7,8,17,12,-9,2025-26,0,True,1612709913.0,BHM
1612709902.0,Santa Cruz Warriors,2052500029,2025-11-11,L,101,38,100,0.38,15,52,0.288,5,7,0.714,18,31,49,26,5,2,14,25,-20,2025-26,0,False,1612709903.0,SLC
1612709903.0,Salt Lake City Stars,2052500029,2025-11-11,W,121,42,90,0.467,15,46,0.326,12,15,0.8,12,34,46,33,10,3,9,14,20,2025-26,1,True,1612709902.0,SCW
1612709923.0,Windy City Bulls,2052500030,2025-11-11,W,127,44,90,0.489,10,29,0.345,18,25,0.72,17,34,51,24,9,7,18,26,13,2025-26,1,False,1612709927.0,WIS
1612709927.0,Wisconsin Herd,2052500030,2025-11-11,L,114,41,98,0.418,12,41,0.293,14,16,0.875,12,26,38,22,11,7,14,29,-13,2025-26,0,True,1612709923.0,WCB
1612709926.0,Memphis Hustle,2052500031,2025-11-11,L,105,37,105,0.352,13,39,0.333,10,13,0.769,17,30,47,23,12,4,13,21,-13,2025-26,0,False,1612709918.0,TEX
1612709918.0,Texas Legends,2052500031,2025-11-11,W,118,46,96,0.479,8,35,0.229,11,14,0.786,17,35,52,21,9,15,18,22,13,2025-26,1,True,1612709926.0,MHU
1612709919.0,Westchester Knicks,2052500032,2025-11-12,L,94,35,88,0.398,8,37,0.216,9,12,0.75,13,41,54,15,9,4,21,27,-10,2025-26,0,False,1612709928.0,CCG
1612709928.0,Capital City Go-Go,2052500032,2025-11-12,W,104,36,88,0.409,11,38,0.289,14,19,0.737,12,33,45,26,9,8,15,19,10,2025-26,1,True,1612709919.0,WES
1612709893.0,Cleveland Charge,2052500033,2025-11-12,W,121,46,95,0.484,15,48,0.313,9,11,0.818,15,26,41,26,8,9,10,16,10,2025-26,1,False,1612709932.0,MCC
1612709932.0,Motor City Cruise,2052500033,2025-11-12,L,111,45,85,0.529,11,27,0.407,6,12,0.5,17,27,44,24,5,6,19,22,-10,2025-26,0,True,1612709893.0,CLC
1612709915.0,Maine Celtics,2052500034,2025-11-12,L,75,26,82,0.317,5,34,0.147,11,19,0.579,11,26,37,19,10,8,13,19,-36,2025-26,0,False,1612709920.0,RAP
1612709920.0,Raptors 905,2052500034,2025-11-12,W,111,42,83,0.506,10,29,0.345,9,12,0.75,13,36,49,28,8,16,17,26,36,2025-26,1,True,1612709915.0,MNE
1612709910.0,Noblesville Boom,2052500035,2025-11-12,L,124,44,92,0.478,18,46,0.391,10,17,0.588,12,28,40,31,15,4,22,26,-10,2025-26,0,False,1612709904.0,SXF
1612709904.0,Sioux Falls Skyforce,2052500035,2025-11-12,W,134,48,98,0.49,10,29,0.345,15,19,0.789,19,39,58,28,20,6,20,23,10,2025-26,1,True,1612709910.0,NOB
1612709931.0,Mexico City Capitanes,2052500036,2025-11-13,L,111,35,77,0.455,14,34,0.412,15,18,0.833,7,28,35,20,8,4,16,33,-6,2025-26,0,False,1612709925.0,OSC
1612709925.0,Osceola Magic,2052500036,2025-11-13,W,117,38,79,0.481,9,30,0.3,18,25,0.72,14,29,43,25,8,5,20,27,6,2025-26,1,True,1612709931.0,MXC
1612709922.0,Greensboro Swarm,2052500037,2025-11-13,W,133,50,96,0.521,11,32,0.344,14,19,0.737,14,38,52,32,5,6,20,22,7,2025-26,1,False,1612709909.0,DEL
1612709909.0,Delaware Blue Coats,2052500037,2025-11-13,L,126,48,103,0.466,9,30,0.3,11,17,0.647,15,29,44,25,11,8,12,25,-7,2025-26,0,True,1612709922.0,GBO
1612709911.0,Iowa Wolves,2052500038,2025-11-13,L,113,47,107,0.439,11,40,0.275,5,10,0.5,13,29,42,28,14,0,10,16,-8,2025-26,0,False,1612709917.0,GRG
1612709917.0,Grand Rapids Gold,2052500038,2025-11-13,W,121,44,96,0.458,16,41,0.39,11,12,0.917,18,45,63,25,9,9,21,19,8,2025-26,1,True,1612709911.0,IWA
1612709926.0,Memphis Hustle,2052500039,2025-11-13,W,122,40,94,0.426,19,46,0.413,12,14,0.857,5,33,38,24,14,9,14,21,3,2025-26,1,False,1612709889.0,OKL
1612709889.0,Oklahoma City Blue,2052500039,2025-11-13,L,119,43,85,0.506,13,34,0.382,11,14,0.786,7,38,45,26,10,10,24,20,-3,2025-26,0,True,1612709926.0,MHU
1612709918.0,Texas Legends,2052500040,2025-11-13,W,119,41,88,0.466,10,30,0.333,16,19,0.842,7,43,50,22,10,11,14,20,9,2025-26,1,False,1612709908.0,RGV
1612709908.0,Rio Grande Valley Vipers,2052500040,2025-11-13,L,110,41,99,0.414,14,49,0.286,9,14,0.643,13,39,52,23,9,9,14,25,-9,2025-26,0,True,1612709918.0,TEX
1612709927.0,Wisconsin Herd,2052500041,2025-11-14,L,113,40,86,0.465,12,43,0.279,11,12,0.917,7,28,35,20,6,7,13,27,-2,2025-26,0,False,1612709893.0,CLC
1612709893.0,Cleveland Charge,2052500041,2025-11-14,W,115,42,95,0.442,13,44,0.295,10,18,0.556,21,33,54,23,5,3,17,20,2,2025-26,1,True,1612709927.0,WIS
1612709928.0,Capital City Go-Go,2052500042,2025-11-14,L,113,44,98,0.449,6,28,0.214,12,15,0.8,21,31,52,18,6,7,13,16,-8,2025-26,0,False,1612709929.0,CPS
1612709929.0,College Park Skyhawks,2052500042,2025-11-14,W,121,50,110,0.455,12,35,0.343,5,9,0.556,23,30,53,35,8,12,9,19,8,2025-26,1,True,1612709928.0,CCG
1612709921.0,Long Island Nets,2052500043,2025-11-14,L,92,34,82,0.415,8,38,0.211,10,17,0.588,11,27,38,18,11,6,22,22,-24,2025-26,0,False,1612709915.0,MNE
1612709915.0,Maine Celtics,2052500043,2025-11-14,W,116,42,94,0.447,14,41,0.341,9,13,0.692,27,38,65,31,17,7,21,26,24,2025-26,1,True,1612709921.0,LIN
1612709913.0,Birmingham Squadron,2052500044,2025-11-14,L,77,27,98,0.276,9,57,0.158,7,12,0.583,20,34,54,12,7,1,12,17,-43,2025-26,0,False,1612709925.0,OSC
1612709925.0,Osceola Magic,2052500044,2025-11-14,W,120,43,94,0.457,18,51,0.353,10,12,0.833,13,49,62,26,9,6,10,22,43,2025-26,1,True,1612709913.0,BHM
1612709920.0,Raptors 905,2052500045,2025-11-14,W,113,37,87,0.425,15,38,0.395,13,17,0.765,9,28,37,28,15,3,21,24,3,2025-26,1,False,1612709919.0,WES
1612709919.0,Westchester Knicks,2052500045,2025-11-14,L,110,35,77,0.455,11,34,0.324,18,23,0.783,8,35,43,22,14,5,25,24,-3,2025-26,0,True,1612709920.0,RAP
1612709910.0,Noblesville Boom,2052500046,2025-11-14,L,123,44,93,0.473,20,51,0.392,9,11,0.818,15,28,43,33,6,3,26,20,-9,2025-26,0,False,1612709904.0,SXF
1612709904.0,Sioux Falls Skyforce,2052500046,2025-11-14,W,132,53,99,0.535,13,35,0.371,9,12,0.75,13,30,43,31,16,5,16,20,9,2025-26,1,True,1612709910.0,NOB
1612709933.0,Rip City Remix,2052500047,2025-11-14,W,107,41,97,0.423,9,36,0.25,11,18,0.611,15,33,48,21,15,3,14,27,3,2025-26,1,False,1612709934.0,VAL
1612709934.0,Valley Suns,2052500047,2025-11-14,L,104,38,86,0.442,13,39,0.333,10,15,0.667,15,37,52,21,6,7,22,22,-3,2025-26,0,True,1612709933.0,RCR
1612709914.0,Stockton Kings,2052500048,2025-11-14,W,125,44,108,0.407,24,63,0.381,9,11,0.818,24,36,60,35,8,6,12,17,22,2025-26,1,False,1612709902.0,SCW
1612709902.0,Santa Cruz Warriors,2052500048,2025-11-14,L,103,42,94,0.447,9,28,0.321,6,11,0.545,10,35,45,26,5,9,14,16,-22,2025-26,0,True,1612709914.0,STO
1612709903.0,Salt Lake City Stars,2052500049,2025-11-14,L,106,37,86,0.43,10,38,0.263,12,16,0.75,12,30,42,26,12,6,12,24,-7,2025-26,0,False,1612709924.0,SDC
1612709924.0,San Diego Clippers,2052500049,2025-11-14,W,113,38,81,0.469,15,38,0.395,12,16,0.75,11,29,40,27,7,5,17,24,7,2025-26,1,True,1612709903.0,SLC
1612709922.0,Greensboro Swarm,2052500050,2025-11-15,W,145,45,82,0.549,19,35,0.543,21,25,0.84,7,38,45,26,5,4,17,29,16,2025-26,1,False,1612709909.0,DEL
1612709909.0,Delaware Blue Coats,2052500050,2025-11-15,L,129,46,101,0.455,10,28,0.357,16,18,0.889,11,29,40,26,7,4,11,27,-16,2025-26,0,True,1612709922.0,GBO
1612709932.0,Motor City Cruise,2052500051,2025-11-15,L,94,34,96,0.354,8,35,0.229,12,15,0.8,14,35,49,22,8,8,13,20,-24,2025-26,0,False,1612709917.0,GRG
1612709917.0,Grand Rapids Gold,2052500051,2025-11-15,W,118,40,91,0.44,19,44,0.432,10,13,0.769,12,42,54,27,11,9,15,19,24,2025-26,1,True,1612709932.0,MCC
1612709921.0,Long Island Nets,2052500052,2025-11-15,L,116,45,92,0.489,11,37,0.297,9,11,0.818,16,26,42,30,10,4,22,21,-11,2025-26,0,False,1612709915.0,MNE
1612709915.0,Maine Celtics,2052500052,2025-11-15,W,127,45,89,0.506,19,44,0.432,12,17,0.706,16,31,47,29,15,3,22,21,11,2025-26,1,True,1612709921.0,LIN
1612709927.0,Wisconsin Herd,2052500053,2025-11-15,W,110,40,81,0.494,20,38,0.526,6,8,0.75,5,28,33,25,8,10,15,24,1,2025-26,1,False,1612709893.0,CLC
1612709893.0,Cleveland Charge,2052500053,2025-11-15,L,109,35,87,0.402,10,37,0.27,16,18,0.889,18,34,52,23,7,5,17,19,-1,2025-26,0,True,1612709927.0,WIS
1612709890.0,Austin Spurs,2052500054,2025-11-15,W,120,37,70,0.529,9,22,0.409,22,27,0.815,11,40,51,23,11,7,26,31,22,2025-26,1,False,1612709926.0,MHU
1612709926.0,Memphis Hustle,2052500054,2025-11-15,L,98,32,94,0.34,10,44,0.227,14,20,0.7,20,19,39,24,16,6,17,28,-22,2025-26,0,True,1612709890.0,AUS
1612709918.0,Texas Legends,2052500055,2025-11-15,L,126,45,90,0.5,10,35,0.286,17,24,0.708,11,31,42,17,11,9,18,29,-7,2025-26,0,False,1612709908.0,RGV
1612709908.0,Rio Grande Valley Vipers,2052500055,2025-11-15,W,133,44,88,0.5,11,32,0.344,22,28,0.786,13,36,49,29,11,5,17,29,7,2025-26,1,True,1612709918.0,TEX
1612709914.0,Stockton Kings,2052500056,2025-11-15,W,126,48,82,0.585,15,40,0.375,9,14,0.643,12,33,45,30,8,6,17,22,29,2025-26,1,False,1612709902.0,SCW
1612709902.0,Santa Cruz Warriors,2052500056,2025-11-15,L,97,31,87,0.356,11,36,0.306,15,15,1.0,8,23,31,16,9,4,13,22,-29,2025-26,0,True,1612709914.0,STO
1612709928.0,Capital City Go-Go,2052500057,2025-11-16,W,111,38,91,0.418,13,38,0.342,13,21,0.619,14,31,45,27,15,3,12,19,7,2025-26,1,False,1612709929.0,CPS
1612709929.0,College Park Skyhawks,2052500057,2025-11-16,L,104,40,83,0.482,15,43,0.349,5,11,0.455,7,39,46,29,5,7,21,26,-7,2025-26,0,True,1612709928.0,CCG
1612709932.0,Motor City Cruise,2052500058,2025-11-16,W,122,44,86,0.512,14,33,0.424,15,21,0.714,17,32,49,24,7,4,21,22,5,2025-26,1,False,1612709917.0,GRG
1612709917.0,Grand Rapids Gold,2052500058,2025-11-16,L,117,43,88,0.489,17,35,0.486,8,15,0.533,14,26,40,31,10,3,15,24,-5,2025-26,0,True,1612709932.0,MCC
1612709913.0,Birmingham Squadron,2052500059,2025-11-16,W,122,43,86,0.5,10,35,0.286,17,23,0.739,10,45,55,25,7,7,20,18,4,2025-26,1,False,1612709925.0,OSC
1612709925.0,Osceola Magic,2052500059,2025-11-16,L,118,40,91,0.44,14,45,0.311,13,17,0.765,8,33,41,29,9,5,14,23,-4,2025-26,0,True,1612709913.0,BHM
1612709904.0,Sioux Falls Skyforce,2052500060,2025-11-16,L,112,40,106,0.377,12,41,0.293,12,15,0.8,19,28,47,28,16,10,24,29,-40,2025-26,0,False,1612709923.0,WCB
1612709923.0,Windy City Bulls,2052500060,2025-11-16,W,152,55,102,0.539,17,36,0.472,16,20,0.8,18,43,61,36,14,6,28,28,40,2025-26,1,True,1612709904.0,SXF
1612709910.0,Noblesville Boom,2052500061,2025-11-16,L,133,47,88,0.534,13,35,0.371,15,18,0.833,9,26,35,36,8,7,16,27,-4,2025-26,0,False,1612709911.0,IWA
1612709911.0,Iowa Wolves,2052500061,2025-11-16,W,137,48,86,0.558,10,31,0.323,17,22,0.773,10,32,42,30,11,3,19,27,4,2025-26,1,True,1612709910.0,NOB
1612709890.0,Austin Spurs,2052500062,2025-11-16,W,125,42,84,0.5,8,32,0.25,19,21,0.905,9,30,39,17,16,6,17,20,14,2025-26,1,False,1612709926.0,MHU
1612709926.0,Memphis Hustle,2052500062,2025-11-16,L,111,38,88,0.432,11,36,0.306,13,14,0.929,11,25,36,22,10,6,20,27,-14,2025-26,0,True,1612709890.0,AUS
1612709889.0,Oklahoma City Blue,2052500063,2025-11-16,L,107,37,86,0.43,12,39,0.308,13,17,0.765,13,22,35,23,8,4,13,24,-14,2025-26,0,False,1612709931.0,MXC
1612709931.0,Mexico City Capitanes,2052500063,2025-11-16,W,121,36,75,0.48,17,41,0.415,18,19,0.947,12,27,39,30,7,12,19,24,14,2025-26,1,True,1612709889.0,OKL
1612709933.0,Rip City Remix,2052500064,2025-11-16,L,111,41,100,0.41,17,52,0.327,8,13,0.615,17,31,48,25,7,7,22,28,-2,2025-26,0,False,1612709905.0,SBL
1612709905.0,South Bay Lakers,2052500064,2025-11-16,W,113,41,88,0.466,11,34,0.324,14,22,0.636,12,40,52,26,13,7,21,24,2,2025-26,1,True,1612709933.0,RCR
1612709903.0,Salt Lake City Stars,2052500065,2025-11-16,W,120,44,91,0.484,8,29,0.276,14,17,0.824,19,36,55,24,9,6,13,11,28,2025-26,1,False,1612709924.0,SDC
1612709924.0,San Diego Clippers,2052500065,2025-11-16,L,92,36,90,0.4,15,45,0.333,4,6,0.667,9,26,35,25,3,4,15,21,-28,2025-26,0,True,1612709903.0,SLC
1612709889.0,Oklahoma City Blue,2052500066,2025-11-17,L,91,34,80,0.425,7,29,0.241,10,20,0.5,13,31,44,20,12,8,13,20,-15,2025-26,0,False,1612709931.0,MXC
1612709931.0,Mexico City Capitanes,2052500066,2025-11-17,W,106,31,74,0.419,16,42,0.381,16,17,0.941,9,36,45,17,4,6,17,22,15,2025-26,1,True,1612709889.0,OKL
1612709910.0,Noblesville Boom,2052500067,2025-11-17,L,120,46,96,0.479,15,45,0.333,8,15,0.533,5,32,37,34,10,7,12,23,-13,2025-26,0,False,1612709911.0,IWA
1612709911.0,Iowa Wolves,2052500067,2025-11-17,W,133,55,110,0.5,11,36,0.306,9,16,0.563,22,44,66,31,7,5,19,20,13,2025-26,1,True,1612709910.0,NOB
1612709893.0,Cleveland Charge,2052500068,2025-11-18,W,139,53,113,0.469,16,42,0.381,10,12,0.833,25,22,47,34,17,7,14,19,2,2025-26,1,False,1612709904.0,SXF
1612709904.0,Sioux Falls Skyforce,2052500068,2025-11-18,L,137,49,95,0.516,16,35,0.457,14,16,0.875,20,31,51,37,12,11,22,18,-2,2025-26,0,True,1612709893.0,CLC
1612709905.0,South Bay Lakers,2052500069,2025-11-18,L,126,44,92,0.478,16,40,0.4,13,18,0.722,11,17,28,25,10,4,9,26,-6,2025-26,0,False,1612709903.0,SLC
1612709903.0,Salt Lake City Stars,2052500069,2025-11-18,W,132,48,82,0.585,8,19,0.421,19,20,0.95,10,31,41,28,5,9,19,22,6,2025-26,1,True,1612709905.0,SBL
1612709920.0,Raptors 905,2052500070,2025-11-19,W,124,47,88,0.534,14,38,0.368,11,14,0.786,10,28,38,26,11,3,15,27,8,2025-26,1,False,1612709922.0,GBO
1612709922.0,Greensboro Swarm,2052500070,2025-11-19,L,116,39,79,0.494,12,29,0.414,15,20,0.75,11,31,42,15,9,4,20,19,-8,2025-26,0,True,1612709920.0,RAP
1612709908.0,Rio Grande Valley Vipers,2052500071,2025-11-19,W,130,41,85,0.482,20,43,0.465,16,21,0.762,9,26,35,23,15,9,18,21,5,2025-26,1,False,1612709926.0,MHU
1612709926.0,Memphis Hustle,2052500071,2025-11-19,L,125,44,89,0.494,14,33,0.424,14,18,0.778,14,35,49,24,12,4,23,24,-5,2025-26,0,True,1612709908.0,RGV
1612709917.0,Grand Rapids Gold,2052500072,2025-11-19,W,114,48,102,0.471,14,48,0.292,3,7,0.429,17,42,59,30,9,5,15,17,19,2025-26,1,False,1612709927.0,WIS
1612709927.0,Wisconsin Herd,2052500072,2025-11-19,L,95,36,89,0.404,14,44,0.318,6,10,0.6,8,35,43,21,8,3,16,13,-19,2025-26,0,True,1612709917.0,GRG
1612709925.0,Osceola Magic,2052500073,2025-11-19,L,120,35,81,0.432,18,48,0.375,17,19,0.895,15,29,44,25,7,7,18,24,-14,2025-26,0,False,1612709890.0,AUS
1612709890.0,Austin Spurs,2052500073,2025-11-19,W,134,48,90,0.533,14,26,0.538,15,18,0.833,10,28,38,28,10,4,11,24,14,2025-26,1,True,1612709925.0,OSC
1612709934.0,Valley Suns,2052500074,2025-11-19,L,117,41,87,0.471,14,31,0.452,12,18,0.667,16,23,39,14,6,4,17,26,-8,2025-26,0,False,1612709914.0,STO
1612709914.0,Stockton Kings,2052500074,2025-11-19,W,125,46,87,0.529,13,32,0.406,15,16,0.938,13,26,39,20,6,11,17,26,8,2025-26,1,True,1612709934.0,VAL
1612709920.0,Raptors 905,2052500076,2025-11-20,W,114,44,98,0.449,8,33,0.242,10,10,1.0,12,27,39,22,12,3,17,31,11,2025-26,1,False,1612709922.0,GBO
1612709922.0,Greensboro Swarm,2052500076,2025-11-20,L,103,33,75,0.44,12,33,0.364,16,26,0.615,20,34,54,16,6,8,33,30,-11,2025-26,0,True,1612709920.0,RAP
1612709923.0,Windy City Bulls,2052500077,2025-11-20,W,144,48,92,0.522,18,37,0.486,20,22,0.909,9,31,40,33,5,8,17,21,4,2025-26,1,False,1612709911.0,IWA
1612709911.0,Iowa Wolves,2052500077,2025-11-20,L,140,54,108,0.5,9,31,0.29,15,18,0.833,14,31,45,30,5,8,15,23,-4,2025-26,0,True,1612709923.0,WCB
1612709925.0,Osceola Magic,2052500078,2025-11-20,W,110,38,79,0.481,13,36,0.361,14,17,0.824,7,34,41,20,11,10,19,21,8,2025-26,1,False,1612709890.0,AUS
1612709890.0,Austin Spurs,2052500078,2025-11-20,L,102,37,91,0.407,11,34,0.324,11,17,0.647,16,32,48,23,10,4,19,24,-8,2025-26,0,True,1612709925.0,OSC
1612709934.0,Valley Suns,2052500079,2025-11-20,L,112,36,91,0.396,8,34,0.235,18,22,0.818,21,24,45,17,9,0,16,20,-19,2025-26,0,False,1612709914.0,STO
1612709914.0,Stockton Kings,2052500079,2025-11-20,W,131,47,88,0.534,15,38,0.395,15,18,0.833,12,29,41,31,10,5,16,31,19,2025-26,1,True,1612709934.0,VAL
1612709917.0,Grand Rapids Gold,2052500080,2025-11-21,W,132,51,96,0.531,16,39,0.41,8,10,0.8,11,32,43,29,8,3,13,18,14,2025-26,1,False,1612709893.0,CLC
1612709893.0,Cleveland Charge,2052500080,2025-11-21,L,118,45,100,0.45,10,35,0.286,10,12,0.833,19,30,49,25,9,3,16,18,-14,2025-26,0,True,1612709917.0,GRG
1612709909.0,Delaware Blue Coats,2052500081,2025-11-21,L,111,44,95,0.463,9,37,0.243,8,14,0.571,13,36,49,31,10,3,8,19,-2,2025-26,0,False,1612709915.0,MNE
1612709915.0,Maine Celtics,2052500081,2025-11-21,W,113,43,94,0.457,17,45,0.378,6,12,0.5,12,38,50,27,5,7,17,20,2,2025-26,1,True,1612709909.0,DEL
1612709923.0,Windy City Bulls,2052500082,2025-11-21,L,128,44,98,0.449,9,34,0.265,18,26,0.692,15,32,47,26,8,6,17,28,-28,2025-26,0,False,1612709911.0,IWA
1612709911.0,Iowa Wolves,2052500082,2025-11-21,W,156,56,105,0.533,10,31,0.323,21,26,0.808,15,40,55,21,11,7,16,27,28,2025-26,1,True,1612709923.0,WCB
1612709908.0,Rio Grande Valley Vipers,2052500083,2025-11-21,W,110,35,80,0.438,11,35,0.314,17,20,0.85,12,29,41,14,11,11,23,33,3,2025-26,1,False,1612709926.0,MHU
1612709926.0,Memphis Hustle,2052500083,2025-11-21,L,107,37,80,0.463,9,28,0.321,15,22,0.682,12,28,40,16,9,5,25,27,-3,2025-26,0,True,1612709908.0,RGV
1612709904.0,Sioux Falls Skyforce,2052500084,2025-11-21,W,135,47,87,0.54,13,31,0.419,14,20,0.7,10,29,39,32,13,1,14,21,14,2025-26,1,False,1612709927.0,WIS
1612709927.0,Wisconsin Herd,2052500084,2025-11-21,L,121,45,85,0.529,16,47,0.34,10,14,0.714,10,25,35,30,11,6,17,27,-14,2025-26,0,True,1612709904.0,SXF
1612709889.0,Oklahoma City Blue,2052500085,2025-11-21,W,129,50,110,0.455,11,42,0.262,13,21,0.619,19,37,56,41,12,8,14,25,2,2025-26,1,False,1612709918.0,TEX
1612709918.0,Texas Legends,2052500085,2025-11-21,L,127,41,87,0.471,19,34,0.559,17,24,0.708,10,37,47,27,13,12,21,20,-2,2025-26,0,True,1612709889.0,OKL
1612709902.0,Santa Cruz Warriors,2052500086,2025-11-21,L,95,35,90,0.389,8,37,0.216,9,15,0.6,15,31,46,24,11,2,19,17,-20,2025-26,0,False,1612709905.0,SBL
1612709905.0,South Bay Lakers,2052500086,2025-11-21,W,115,40,81,0.494,16,41,0.39,12,14,0.857,5,38,43,27,11,8,19,23,20,2025-26,1,True,1612709902.0,SCW
1612709919.0,Westchester Knicks,2052500087,2025-11-22,W,112,42,93,0.452,11,36,0.306,11,17,0.647,20,34,54,16,9,5,24,26,5,2025-26,1,False,1612709928.0,CCG
1612709928.0,Capital City Go-Go,2052500087,2025-11-22,L,107,38,82,0.463,10,34,0.294,14,20,0.7,7,24,31,21,13,6,19,26,-5,2025-26,0,True,1612709919.0,WES
1612709917.0,Grand Rapids Gold,2052500088,2025-11-22,L,126,48,98,0.49,13,37,0.351,10,14,0.714,18,36,54,24,5,5,19,24,-8,2025-26,0,False,1612709893.0,CLC
1612709893.0,Cleveland Charge,2052500088,2025-11-22,W,134,47,96,0.49,16,47,0.34,17,21,0.81,11,27,38,32,10,3,8,23,8,2025-26,1,True,1612709917.0,GRG
1612709922.0,Greensboro Swarm,2052500089,2025-11-22,L,113,38,87,0.437,10,31,0.323,15,21,0.714,17,30,47,24,4,10,15,15,-15,2025-26,0,False,1612709921.0,LIN
1612709921.0,Long Island Nets,2052500089,2025-11-22,W,128,46,98,0.469,22,46,0.478,8,10,0.8,15,28,43,35,10,7,9,25,15,2025-26,1,True,1612709922.0,GBO
1612709932.0,Motor City Cruise,2052500090,2025-11-22,W,107,44,89,0.494,9,25,0.36,7,9,0.778,8,43,51,24,8,8,22,18,11,2025-26,1,False,1612709910.0,NOB
1612709910.0,Noblesville Boom,2052500090,2025-11-22,L,96,33,92,0.359,12,42,0.286,10,13,0.769,9,33,42,20,14,5,15,18,-11,2025-26,0,True,1612709932.0,MCC
1612709904.0,Sioux Falls Skyforce,2052500091,2025-11-22,W,101,38,95,0.4,11,34,0.324,7,11,0.636,18,40,58,19,6,5,17,19,3,2025-26,1,False,1612709927.0,WIS
1612709927.0,Wisconsin Herd,2052500091,2025-11-22,L,98,35,87,0.402,12,43,0.279,9,11,0.818,8,34,42,22,9,12,17,22,-3,2025-26,0,True,1612709904.0,SXF
1612709914.0,Stockton Kings,2052500092,2025-11-22,L,132,44,104,0.423,25,56,0.446,13,18,0.722,19,25,44,31,5,8,15,35,-7,2025-26,0,False,1612709903.0,SLC
1612709903.0,Salt Lake City Stars,2052500092,2025-11-22,W,139,38,88,0.432,13,34,0.382,29,32,0.906,18,38,56,25,13,7,16,23,7,2025-26,1,True,1612709914.0,STO
1612709889.0,Oklahoma City Blue,2052500093,2025-11-22,W,112,44,86,0.512,14,35,0.4,5,11,0.455,11,37,48,34,8,3,17,19,2,2025-26,1,False,1612709918.0,TEX
1612709918.0,Texas Legends,2052500093,2025-11-22,L,110,40,92,0.435,11,37,0.297,12,17,0.706,12,31,43,20,9,9,12,17,-2,2025-26,0,True,1612709889.0,OKL
1612709909.0,Delaware Blue Coats,2052500094,2025-11-23,L,119,45,99,0.455,17,37,0.459,7,11,0.636,17,27,44,30,11,3,14,16,-10,2025-26,0,False,1612709915.0,MNE
1612709915.0,Maine Celtics,2052500094,2025-11-23,W,129,50,93,0.538,22,49,0.449,4,7,0.571,9,38,47,43,9,5,15,17,10,2025-26,1,True,1612709909.0,DEL
1612709932.0,Motor City Cruise,2052500095,2025-11-23,L,88,33,96,0.344,7,42,0.167,8,17,0.471,21,30,51,25,12,7,19,25,-16,2025-26,0,False,1612709910.0,NOB
1612709910.0,Noblesville Boom,2052500095,2025-11-23,W,104,31,74,0.419,6,29,0.207,19,21,0.905,10,36,46,20,12,4,23,24,16,2025-26,1,True,1612709932.0,MCC
1612709908.0,Rio Grande Valley Vipers,2052500096,2025-11-23,L,123,37,85,0.435,15,40,0.375,18,21,0.857,12,21,33,22,11,5,18,25,-7,2025-26,0,False,1612709890.0,AUS
1612709890.0,Austin Spurs,2052500096,2025-11-23,W,130,47,84,0.56,12,26,0.462,15,21,0.714,12,31,43,24,12,3,21,24,7,2025-26,1,True,1612709908.0,RGV
1612709913.0,Birmingham Squadron,2052500097,2025-11-23,L,97,38,83,0.458,10,33,0.303,7,17,0.412,14,26,40,20,12,4,20,18,-23,2025-26,0,False,1612709931.0,MXC
1612709931.0,Mexico City Capitanes,2052500097,2025-11-23,W,120,44,95,0.463,18,45,0.4,8,11,0.727,21,38,59,28,14,7,20,24,23,2025-26,1,True,1612709913.0,BHM
1612709902.0,Santa Cruz Warriors,2052500098,2025-11-23,L,105,41,84,0.488,13,39,0.333,5,8,0.625,9,35,44,28,6,1,14,29,-3,2025-26,0,False,1612709905.0,SBL
1612709905.0,South Bay Lakers,2052500098,2025-11-23,W,108,39,84,0.464,10,43,0.233,14,19,0.737,9,33,42,23,5,6,11,20,3,2025-26,1,True,1612709902.0,SCW
1612709933.0,Rip City Remix,2052500099,2025-11-23,L,118,44,102,0.431,15,46,0.326,9,13,0.692,13,30,43,27,11,6,14,19,-11,2025-26,0,False,1612709924.0,SDC
1612709924.0,San Diego Clippers,2052500099,2025-11-23,W,129,50,92,0.543,13,32,0.406,11,15,0.733,11,43,54,31,11,9,17,17,11,2025-26,1,True,1612709933.0,RCR
1612709922.0,Greensboro Swarm,2052500100,2025-11-24,W,126,50,99,0.505,10,34,0.294,11,13,0.846,17,38,55,24,11,0,15,15,12,2025-26,1,False,1612709921.0,LIN
1612709921.0,Long Island Nets,2052500100,2025-11-24,L,114,42,91,0.462,14,45,0.311,8,12,0.667,9,27,36,26,8,3,14,21,-12,2025-26,0,True,1612709922.0,GBO
1612709908.0,Rio Grande Valley Vipers,2052500101,2025-11-24,L,100,36,100,0.36,8,36,0.222,12,16,0.75,21,27,48,16,10,1,14,23,-18,2025-26,0,False,1612709890.0,AUS
1612709890.0,Austin Spurs,2052500101,2025-11-24,W,118,42,78,0.538,17,35,0.486,9,13,0.692,9,37,46,26,7,6,18,25,18,2025-26,1,True,1612709908.0,RGV
1612709914.0,Stockton Kings,2052500102,2025-11-24,L,122,41,89,0.461,10,38,0.263,14,17,0.824,14,26,40,22,7,9,15,25,-27,2025-26,0,False,1612709903.0,SLC
1612709903.0,Salt Lake City Stars,2052500102,2025-11-24,W,149,50,98,0.51,20,44,0.455,17,22,0.773,19,32,51,27,11,5,13,24,27,2025-26,1,True,1612709914.0,STO
1612709913.0,Birmingham Squadron,2052500103,2025-11-24,L,102,37,76,0.487,13,32,0.406,8,14,0.571,8,31,39,29,8,3,17,30,-13,2025-26,0,False,1612709931.0,MXC
1612709931.0,Mexico City Capitanes,2052500103,2025-11-24,W,115,37,86,0.43,17,42,0.405,17,20,0.85,14,32,46,28,10,5,15,22,13,2025-26,1,True,1612709913.0,BHM
1612709927.0,Wisconsin Herd,2052500104,2025-11-25,W,118,39,92,0.424,18,40,0.45,13,17,0.765,15,21,36,24,16,6,13,15,7,2025-26,1,False,1612709932.0,MCC
1612709932.0,Motor City Cruise,2052500104,2025-11-25,L,111,40,72,0.556,14,29,0.483,9,11,0.818,5,38,43,23,8,9,28,22,-7,2025-26,0,True,1612709927.0,WIS
1612709926.0,Memphis Hustle,2052500105,2025-11-25,L,84,31,86,0.36,9,37,0.243,8,13,0.615,1,27,28,16,5,3,11,20,-30,2025-26,0,False,1612709889.0,OKL
1612709889.0,Oklahoma City Blue,2052500105,2025-11-25,W,114,40,75,0.533,10,30,0.333,14,15,0.933,7,46,53,26,5,7,17,23,30,2025-26,1,True,1612709926.0,MHU
1612709933.0,Rip City Remix,2052500106,2025-11-25,W,112,41,96,0.427,14,45,0.311,8,11,0.727,13,38,51,22,10,5,13,19,11,2025-26,1,False,1612709934.0,VAL
1612709934.0,Valley Suns,2052500106,2025-11-25,L,101,39,90,0.433,11,42,0.262,7,11,0.636,15,33,48,18,8,4,18,18,-11,2025-26,0,True,1612709933.0,RCR
1612709921.0,Long Island Nets,2052500107,2025-11-26,W,125,43,97,0.443,18,50,0.36,10,15,0.667,16,30,46,28,9,3,11,25,24,2025-26,1,False,1612709929.0,CPS
1612709929.0,College Park Skyhawks,2052500107,2025-11-26,L,101,32,76,0.421,14,34,0.412,12,20,0.6,12,37,49,25,9,2,23,20,-24,2025-26,0,True,1612709921.0,LIN
1612709909.0,Delaware Blue Coats,2052500108,2025-11-26,W,113,40,95,0.421,13,38,0.342,13,18,0.722,14,31,45,26,11,7,19,16,2,2025-26,1,False,1612709919.0,WES
1612709919.0,Westchester Knicks,2052500108,2025-11-26,L,111,40,100,0.4,11,40,0.275,13,15,0.867,11,41,52,21,16,11,19,25,-2,2025-26,0,True,1612709909.0,DEL
1612709904.0,Sioux Falls Skyforce,2052500109,2025-11-26,W,129,45,91,0.495,12,31,0.387,17,21,0.81,11,36,47,32,11,5,20,29,7,2025-26,1,False,1612709923.0,WCB
1612709923.0,Windy City Bulls,2052500109,2025-11-26,L,122,41,89,0.461,9,36,0.25,16,21,0.762,11,35,46,27,10,5,21,24,-7,2025-26,0,True,1612709904.0,SXF
1612709929.0,College Park Skyhawks,2052500110,2025-11-28,L,105,37,91,0.407,11,43,0.256,11,12,0.917,13,34,47,23,6,3,20,23,-19,2025-26,0,False,1612709909.0,DEL
1612709909.0,Delaware Blue Coats,2052500110,2025-11-28,W,124,44,85,0.518,18,41,0.439,13,17,0.765,9,33,42,25,7,6,18,19,19,2025-26,1,True,1612709929.0,CPS
1612709928.0,Capital City Go-Go,2052500111,2025-11-28,W,109,40,95,0.421,11,38,0.289,12,16,0.75,7,40,47,31,11,8,13,18,2,2025-26,1,False,1612709922.0,GBO
1612709922.0,Greensboro Swarm,2052500111,2025-11-28,L,107,44,102,0.431,13,43,0.302,4,9,0.444,15,45,60,26,8,7,17,20,-2,2025-26,0,True,1612709928.0,CCG
1612709915.0,Maine Celtics,2052500112,2025-11-28,W,98,33,76,0.434,11,37,0.297,11,13,0.846,8,32,40,20,12,14,16,20,14,2025-26,1,False,1612709919.0,WES
1612709919.0,Westchester Knicks,2052500112,2025-11-28,L,84,31,100,0.31,9,46,0.196,9,14,0.643,28,29,57,17,10,4,19,21,-14,2025-26,0,True,1612709915.0,MNE
1612709889.0,Oklahoma City Blue,2052500113,2025-11-28,L,110,40,86,0.465,16,40,0.4,8,15,0.533,8,28,36,26,11,12,12,17,-6,2025-26,0,False,1612709890.0,AUS
1612709890.0,Austin Spurs,2052500113,2025-11-28,W,116,44,88,0.5,17,29,0.586,7,10,0.7,6,34,40,34,9,7,16,14,6,2025-26,1,True,1612709889.0,OKL
1612709893.0,Cleveland Charge,2052500114,2025-11-28,L,135,52,107,0.486,16,47,0.34,10,14,0.714,14,25,39,30,13,7,14,24,-7,2025-26,0,False,1612709923.0,WCB
1612709923.0,Windy City Bulls,2052500114,2025-11-28,W,142,51,91,0.56,8,20,0.4,21,24,0.875,13,38,51,32,8,9,21,19,7,2025-26,1,True,1612709893.0,CLC
1612709931.0,Mexico City Capitanes,2052500115,2025-11-28,L,101,40,97,0.412,8,30,0.267,6,8,0.75,14,30,44,22,7,4,13,18,-9,2025-26,0,False,1612709918.0,TEX
1612709918.0,Texas Legends,2052500115,2025-11-28,W,110,41,82,0.5,10,28,0.357,11,16,0.688,12,41,53,30,9,7,21,19,9,2025-26,1,True,1612709931.0,MXC
1612709903.0,Salt Lake City Stars,2052500116,2025-11-28,W,126,44,91,0.484,19,44,0.432,10,11,0.909,9,38,47,35,10,4,13,15,14,2025-26,1,False,1612709902.0,SCW
1612709902.0,Santa Cruz Warriors,2052500116,2025-11-28,L,112,43,104,0.413,15,50,0.3,8,11,0.727,21,35,56,33,10,5,14,15,-14,2025-26,0,True,1612709903.0,SLC
1612709929.0,College Park Skyhawks,2052500117,2025-11-29,W,113,39,95,0.411,12,42,0.286,14,15,0.933,23,31,54,25,12,7,20,27,5,2025-26,1,False,1612709909.0,DEL
1612709909.0,Delaware Blue Coats,2052500117,2025-11-29,L,108,36,79,0.456,9,31,0.29,17,22,0.773,9,22,31,25,10,3,18,23,-5,2025-26,0,True,1612709929.0,CPS
1612709911.0,Iowa Wolves,2052500118,2025-11-29,W,156,52,84,0.619,19,32,0.594,19,23,0.826,8,36,44,30,6,6,12,23,19,2025-26,1,False,1612709932.0,MCC
1612709932.0,Motor City Cruise,2052500118,2025-11-29,L,137,52,95,0.547,11,28,0.393,14,21,0.667,10,22,32,26,7,6,10,28,-19,2025-26,0,True,1612709911.0,IWA
1612709920.0,Raptors 905,2052500119,2025-11-29,W,130,52,93,0.559,10,30,0.333,10,11,0.909,14,35,49,31,17,8,24,24,28,2025-26,1,False,1612709921.0,LIN
1612709921.0,Long Island Nets,2052500119,2025-11-29,L,102,38,83,0.458,7,26,0.269,12,15,0.8,8,23,31,24,11,4,23,19,-28,2025-26,0,True,1612709920.0,RAP
1612709925.0,Osceola Magic,2052500120,2025-11-29,W,134,44,94,0.468,13,36,0.361,19,21,0.905,15,36,51,25,14,8,20,25,9,2025-26,1,False,1612709908.0,RGV
1612709908.0,Rio Grande Valley Vipers,2052500120,2025-11-29,L,125,41,88,0.466,16,44,0.364,15,23,0.652,12,28,40,20,16,3,17,24,-9,2025-26,0,True,1612709925.0,OSC
1612709917.0,Grand Rapids Gold,2052500121,2025-11-29,L,130,43,91,0.473,14,35,0.4,18,23,0.783,13,26,39,29,12,6,13,15,-10,2025-26,0,False,1612709904.0,SXF
1612709904.0,Sioux Falls Skyforce,2052500121,2025-11-29,W,140,51,93,0.548,18,33,0.545,13,13,1.0,13,32,45,34,10,6,20,26,10,2025-26,1,True,1612709917.0,GRG
1612709931.0,Mexico City Capitanes,2052500122,2025-11-29,L,97,40,93,0.43,7,27,0.259,8,14,0.571,11,25,36,19,10,5,17,17,-22,2025-26,0,False,1612709918.0,TEX
1612709918.0,Texas Legends,2052500122,2025-11-29,W,119,41,91,0.451,10,24,0.417,16,17,0.941,19,39,58,25,13,12,20,20,22,2025-26,1,True,1612709931.0,MXC
1612709905.0,South Bay Lakers,2052500123,2025-11-29,L,113,40,87,0.46,11,33,0.333,15,17,0.882,5,36,41,23,7,7,17,19,-11,2025-26,0,False,1612709924.0,SDC
1612709924.0,San Diego Clippers,2052500123,2025-11-29,W,124,49,99,0.495,11,25,0.44,8,15,0.533,11,40,51,28,10,3,12,18,11,2025-26,1,True,1612709905.0,SBL
1612709903.0,Salt Lake City Stars,2052500124,2025-11-29,W,133,45,92,0.489,23,55,0.418,10,13,0.769,9,35,44,30,10,6,9,13,30,2025-26,1,False,1612709902.0,SCW
1612709902.0,Santa Cruz Warriors,2052500124,2025-11-29,L,103,40,94,0.426,16,39,0.41,5,7,0.714,19,31,50,25,5,6,16,17,-30,2025-26,0,True,1612709903.0,SLC
1612709922.0,Greensboro Swarm,2052500125,2025-11-30,W,124,43,100,0.43,9,33,0.273,18,21,0.857,25,35,60,20,9,9,10,17,18,2025-26,1,False,1612709928.0,CCG
1612709928.0,Capital City Go-Go,2052500125,2025-11-30,L,106,39,89,0.438,13,36,0.361,9,12,0.75,12,26,38,24,7,9,13,25,-18,2025-26,0,True,1612709922.0,GBO
1612709927.0,Wisconsin Herd,2052500126,2025-11-30,L,109,43,83,0.518,12,30,0.4,6,13,0.462,7,36,43,28,9,7,12,20,-2,2025-26,0,False,1612709910.0,NOB
1612709910.0,Noblesville Boom,2052500126,2025-11-30,W,111,39,82,0.476,12,32,0.375,11,13,0.846,4,39,43,27,6,0,12,19,2,2025-26,1,True,1612709927.0,WIS
1612709915.0,Maine Celtics,2052500127,2025-11-30,W,122,48,92,0.522,15,36,0.417,6,7,0.857,8,28,36,34,13,5,9,21,27,2025-26,1,False,1612709919.0,WES
1612709919.0,Westchester Knicks,2052500127,2025-11-30,L,95,32,82,0.39,8,31,0.258,10,16,0.625,14,28,42,17,5,2,19,14,-27,2025-26,0,True,1612709915.0,MNE
1612709893.0,Cleveland Charge,2052500128,2025-11-30,W,135,45,85,0.529,15,32,0.469,17,21,0.81,11,39,50,34,13,11,17,23,18,2025-26,1,False,1612709923.0,WCB
1612709923.0,Windy City Bulls,2052500128,2025-11-30,L,117,39,96,0.406,12,40,0.3,16,23,0.696,21,29,50,20,8,7,16,27,-18,2025-26,0,True,1612709893.0,CLC
1612709889.0,Oklahoma City Blue,2052500129,2025-11-30,L,96,34,82,0.415,7,30,0.233,11,12,0.917,8,22,30,20,13,7,15,20,-14,2025-26,0,False,1612709890.0,AUS
1612709890.0,Austin Spurs,2052500129,2025-11-30,W,110,39,73,0.534,16,34,0.471,9,11,0.818,8,37,45,20,10,4,24,17,14,2025-26,1,True,1612709889.0,OKL
1612709917.0,Grand Rapids Gold,2052500130,2025-11-30,W,126,43,90,0.478,15,37,0.405,16,22,0.727,13,39,52,26,9,16,16,24,11,2025-26,1,False,1612709904.0,SXF
1612709904.0,Sioux Falls Skyforce,2052500130,2025-11-30,L,115,42,109,0.385,13,45,0.289,11,16,0.688,20,31,51,24,8,4,12,26,-11,2025-26,0,True,1612709917.0,GRG
1612709914.0,Stockton Kings,2052500131,2025-11-30,W,123,45,94,0.479,18,46,0.391,9,11,0.818,9,33,42,28,8,3,9,20,18,2025-26,1,False,1612709934.0,VAL
1612709934.0,Valley Suns,2052500131,2025-11-30,L,105,38,86,0.442,10,37,0.27,12,16,0.75,13,37,50,12,5,5,17,24,-18,2025-26,0,True,1612709914.0,STO
1612709905.0,South Bay Lakers,2052500132,2025-11-30,L,107,40,85,0.471,12,35,0.343,9,14,0.643,4,37,41,25,11,6,11,16,-1,2025-26,0,False,1612709924.0,SDC
1612709924.0,San Diego Clippers,2052500132,2025-11-30,W,108,38,88,0.432,12,31,0.387,12,14,0.857,13,41,54,28,7,2,14,19,1,2025-26,1,True,1612709905.0,SBL
1612709920.0,Raptors 905,2052500133,2025-12-01,W,120,40,70,0.571,10,24,0.417,19,21,0.905,9,34,43,25,4,4,20,17,7,2025-26,1,False,1612709921.0,LIN
1612709921.0,Long Island Nets,2052500133,2025-12-01,L,113,42,86,0.488,17,41,0.415,6,8,0.75,9,19,28,32,9,3,13,27,-7,2025-26,0,True,1612709920.0,RAP
1612709925.0,Osceola Magic,2052500134,2025-12-01,L,108,38,86,0.442,7,41,0.171,16,19,0.842,16,26,42,16,17,4,17,23,-5,2025-26,0,False,1612709908.0,RGV
1612709908.0,Rio Grande Valley Vipers,2052500134,2025-12-01,W,113,40,90,0.444,11,37,0.297,13,22,0.591,23,31,54,25,11,1,21,23,5,2025-26,1,True,1612709925.0,OSC
1612709918.0,Texas Legends,2052500135,2025-12-01,L,105,36,91,0.396,12,37,0.324,13,16,0.813,13,35,48,13,6,9,18,19,-14,2025-26,0,False,1612709931.0,MXC
1612709931.0,Mexico City Capitanes,2052500135,2025-12-01,W,119,47,103,0.456,14,35,0.4,9,13,0.692,14,39,53,33,11,5,13,22,14,2025-26,1,True,1612709918.0,TEX
1612709919.0,Westchester Knicks,2052500075,2025-12-02,L,103,37,84,0.44,9,34,0.265,11,14,0.786,12,34,46,22,4,5,20,18,-32,2025-26,0,False,1612709929.0,CPS
1612709929.0,College Park Skyhawks,2052500075,2025-12-02,W,135,53,105,0.505,19,44,0.432,8,14,0.571,18,30,48,38,15,4,7,17,32,2025-26,1,True,1612709919.0,WES
1612709905.0,South Bay Lakers,2052500136,2025-12-02,L,105,36,86,0.419,14,46,0.304,11,16,0.688,8,30,38,27,5,5,19,28,-31,2025-26,0,False,1612709903.0,SLC
1612709903.0,Salt Lake City Stars,2052500136,2025-12-02,W,136,47,95,0.495,16,40,0.4,15,17,0.882,14,38,52,25,7,8,11,21,31,2025-26,1,True,1612709905.0,SBL
1612709902.0,Santa Cruz Warriors,2052500137,2025-12-02,W,111,41,88,0.466,11,34,0.324,9,14,0.643,13,27,40,23,7,8,11,20,1,2025-26,1,False,1612709934.0,VAL
1612709934.0,Valley Suns,2052500137,2025-12-02,L,110,37,89,0.416,16,47,0.34,11,11,1.0,15,33,48,25,6,2,15,17,-1,2025-26,0,True,1612709902.0,SCW
1612709924.0,San Diego Clippers,2052500138,2025-12-02,L,108,37,100,0.37,9,37,0.243,15,16,0.938,14,31,45,20,9,4,8,20,-38,2025-26,0,False,1612709933.0,RCR
1612709933.0,Rip City Remix,2052500138,2025-12-02,W,146,51,101,0.505,27,61,0.443,12,15,0.8,16,47,63,38,4,4,14,24,38,2025-26,1,True,1612709924.0,SDC
1612709919.0,Westchester Knicks,2052500139,2025-12-03,L,111,41,92,0.446,15,38,0.395,8,14,0.571,12,29,41,25,7,6,9,24,-5,2025-26,0,False,1612709929.0,CPS
1612709929.0,College Park Skyhawks,2052500139,2025-12-03,W,116,37,80,0.463,13,30,0.433,17,20,0.85,11,35,46,26,4,3,13,19,5,2025-26,1,True,1612709919.0,WES
1612709927.0,Wisconsin Herd,2052500140,2025-12-03,W,114,42,81,0.519,16,36,0.444,11,12,0.917,9,29,38,23,7,11,17,17,2,2025-26,1,False,1612709932.0,MCC
1612709932.0,Motor City Cruise,2052500140,2025-12-03,L,112,39,88,0.443,20,46,0.435,7,15,0.467,15,26,41,21,11,12,17,19,-2,2025-26,0,True,1612709927.0,WIS
1612709926.0,Memphis Hustle,2052500141,2025-12-03,L,85,28,91,0.308,7,39,0.179,14,18,0.778,19,26,45,17,9,3,13,14,-33,2025-26,0,False,1612709913.0,BHM
1612709913.0,Birmingham Squadron,2052500141,2025-12-03,W,118,43,80,0.538,23,46,0.5,7,9,0.778,7,40,47,37,11,9,16,22,33,2025-26,1,True,1612709926.0,MHU
1612709910.0,Noblesville Boom,2052500142,2025-12-03,W,140,48,78,0.615,18,36,0.5,17,17,1.0,4,32,36,33,10,3,22,19,12,2025-26,1,False,1612709893.0,CLC
1612709893.0,Cleveland Charge,2052500142,2025-12-03,L,128,52,100,0.52,10,37,0.27,10,13,0.769,13,24,37,34,17,2,17,28,-12,2025-26,0,True,1612709910.0,NOB
1612709928.0,Capital City Go-Go,2052500143,2025-12-03,L,104,35,86,0.407,13,45,0.289,13,17,0.765,14,31,45,21,5,7,17,16,-19,2025-26,0,False,1612709920.0,RAP
1612709920.0,Raptors 905,2052500143,2025-12-03,W,123,48,95,0.505,9,30,0.3,9,11,0.818,13,31,44,23,12,7,9,18,19,2025-26,1,True,1612709928.0,CCG
1612709902.0,Santa Cruz Warriors,2052500144,2025-12-03,L,119,45,104,0.433,19,55,0.345,7,11,0.636,20,33,53,31,12,3,16,19,-5,2025-26,0,False,1612709934.0,VAL
1612709934.0,Valley Suns,2052500144,2025-12-03,W,124,46,99,0.465,11,43,0.256,14,16,0.875,18,32,50,31,8,7,15,14,5,2025-26,1,True,1612709902.0,SCW
1612709911.0,Iowa Wolves,2052500145,2025-12-04,L,124,47,96,0.49,12,32,0.375,11,14,0.786,14,26,40,21,7,3,14,17,-10,2025-26,0,False,1612709917.0,GRG
1612709917.0,Grand Rapids Gold,2052500145,2025-12-04,W,134,51,96,0.531,13,34,0.382,10,12,0.833,19,35,54,30,9,7,16,19,10,2025-26,1,True,1612709911.0,IWA
1612709925.0,Osceola Magic,2052500146,2025-12-04,W,113,37,87,0.425,16,44,0.364,13,19,0.684,12,29,41,24,11,7,12,17,12,2025-26,1,False,1612709889.0,OKL
1612709889.0,Oklahoma City Blue,2052500146,2025-12-04,L,101,32,83,0.386,13,37,0.351,12,16,0.75,17,34,51,23,9,6,21,30,-12,2025-26,0,True,1612709925.0,OSC
1612709931.0,Mexico City Capitanes,2052500147,2025-12-04,L,107,38,72,0.528,16,37,0.432,8,14,0.571,11,27,38,25,7,3,22,21,-18,2025-26,0,False,1612709908.0,RGV
1612709908.0,Rio Grande Valley Vipers,2052500147,2025-12-04,W,125,44,88,0.5,17,42,0.405,12,14,0.857,13,26,39,37,19,4,13,22,18,2025-26,1,True,1612709931.0,MXC
1612709924.0,San Diego Clippers,2052500148,2025-12-04,W,135,44,90,0.489,19,43,0.442,16,19,0.842,9,38,47,28,9,4,17,27,7,2025-26,1,False,1612709933.0,RCR
1612709933.0,Rip City Remix,2052500148,2025-12-04,L,128,43,91,0.473,19,46,0.413,14,20,0.7,7,34,41,33,10,7,17,27,-7,2025-26,0,True,1612709924.0,SDC
1612709903.0,Salt Lake City Stars,2052500149,2025-12-04,W,132,44,87,0.506,12,33,0.364,17,19,0.895,11,28,39,19,10,5,16,23,14,2025-26,1,False,1612709914.0,STO
1612709914.0,Stockton Kings,2052500149,2025-12-04,L,118,49,101,0.485,6,25,0.24,9,14,0.643,24,31,55,25,11,7,19,26,-14,2025-26,0,True,1612709903.0,SLC
1612709928.0,Capital City Go-Go,2052500150,2025-12-05,L,120,44,87,0.506,11,29,0.379,13,16,0.813,13,30,43,24,5,3,15,24,-4,2025-26,0,False,1612709920.0,RAP
1612709920.0,Raptors 905,2052500150,2025-12-05,W,124,40,83,0.482,15,40,0.375,16,18,0.889,11,24,35,28,9,5,12,25,4,2025-26,1,True,1612709928.0,CCG
1612709910.0,Noblesville Boom,2052500151,2025-12-05,L,102,37,80,0.463,12,32,0.375,11,16,0.688,11,28,39,23,15,2,22,22,-12,2025-26,0,False,1612709893.0,CLC
1612709893.0,Cleveland Charge,2052500151,2025-12-05,W,114,41,88,0.466,14,43,0.326,12,17,0.706,17,30,47,32,13,6,22,20,12,2025-26,1,True,1612709910.0,NOB
1612709921.0,Long Island Nets,2052500152,2025-12-05,W,125,46,88,0.523,15,37,0.405,12,16,0.75,10,35,45,34,6,6,9,27,19,2025-26,1,False,1612709909.0,DEL
1612709909.0,Delaware Blue Coats,2052500152,2025-12-05,L,106,37,86,0.43,10,34,0.294,12,17,0.706,11,32,43,27,3,1,14,23,-19,2025-26,0,True,1612709921.0,LIN
1612709919.0,Westchester Knicks,2052500153,2025-12-05,L,106,38,93,0.409,11,42,0.262,10,12,0.833,16,36,52,23,6,9,16,24,-6,2025-26,0,False,1612709922.0,GBO
1612709922.0,Greensboro Swarm,2052500153,2025-12-05,W,112,38,90,0.422,13,38,0.342,13,15,0.867,12,31,43,20,6,6,14,21,6,2025-26,1,True,1612709919.0,WES
1612709926.0,Memphis Hustle,2052500154,2025-12-05,W,124,48,93,0.516,17,40,0.425,7,8,0.875,15,33,48,31,13,5,14,21,25,2025-26,1,False,1612709913.0,BHM
1612709913.0,Birmingham Squadron,2052500154,2025-12-05,L,99,33,81,0.407,17,42,0.405,8,16,0.5,18,25,43,21,7,2,19,13,-25,2025-26,0,True,1612709926.0,MHU
1612709932.0,Motor City Cruise,2052500155,2025-12-05,W,129,50,101,0.495,9,37,0.243,11,15,0.733,19,38,57,27,11,10,11,25,11,2025-26,1,False,1612709923.0,WCB
1612709923.0,Windy City Bulls,2052500155,2025-12-05,L,118,39,87,0.448,13,31,0.419,18,23,0.783,8,29,37,25,6,8,14,20,-11,2025-26,0,True,1612709932.0,MCC
1612709929.0,College Park Skyhawks,2052500156,2025-12-06,L,95,35,94,0.372,12,46,0.261,7,8,0.875,11,32,43,22,5,3,11,19,-22,2025-26,0,False,1612709915.0,MNE
1612709915.0,Maine Celtics,2052500156,2025-12-06,W,117,41,91,0.451,20,45,0.444,8,12,0.667,13,39,52,27,6,5,10,18,22,2025-26,1,True,1612709929.0,CPS
1612709921.0,Long Island Nets,2052500157,2025-12-06,W,137,50,99,0.505,21,41,0.512,11,11,1.0,8,28,36,38,9,10,12,14,3,2025-26,1,False,1612709909.0,DEL
1612709909.0,Delaware Blue Coats,2052500157,2025-12-06,L,134,54,96,0.563,17,37,0.459,7,11,0.636,9,36,45,33,7,6,12,16,-3,2025-26,0,True,1612709921.0,LIN
1612709925.0,Osceola Magic,2052500158,2025-12-06,W,139,46,77,0.597,21,37,0.568,15,19,0.789,10,36,46,30,8,6,20,23,16,2025-26,1,False,1612709889.0,OKL
1612709889.0,Oklahoma City Blue,2052500158,2025-12-06,L,123,43,92,0.467,19,44,0.432,11,14,0.786,10,23,33,31,8,3,10,25,-16,2025-26,0,True,1612709925.0,OSC
1612709931.0,Mexico City Capitanes,2052500159,2025-12-06,W,118,43,90,0.478,14,34,0.412,13,15,0.867,19,35,54,28,9,1,19,28,5,2025-26,1,False,1612709908.0,RGV
1612709908.0,Rio Grande Valley Vipers,2052500159,2025-12-06,L,113,39,78,0.5,14,38,0.368,13,25,0.52,8,23,31,26,10,4,10,19,-5,2025-26,0,True,1612709931.0,MXC
1612709911.0,Iowa Wolves,2052500160,2025-12-06,L,121,46,90,0.511,15,39,0.385,8,16,0.5,6,31,37,28,11,4,14,22,-12,2025-26,0,False,1612709904.0,SXF
1612709904.0,Sioux Falls Skyforce,2052500160,2025-12-06,W,133,47,97,0.485,16,38,0.421,11,17,0.647,14,35,49,29,6,5,13,26,12,2025-26,1,True,1612709911.0,IWA
1612709932.0,Motor City Cruise,2052500161,2025-12-06,W,128,45,98,0.459,15,35,0.429,15,22,0.682,19,28,47,20,14,3,20,27,2,2025-26,1,False,1612709923.0,WCB
1612709923.0,Windy City Bulls,2052500161,2025-12-06,L,126,43,79,0.544,11,29,0.379,19,28,0.679,10,31,41,29,10,10,24,25,-2,2025-26,0,True,1612709932.0,MCC
1612709929.0,College Park Skyhawks,2052500162,2025-12-07,L,95,34,82,0.415,14,46,0.304,7,8,0.875,8,30,38,25,3,6,20,15,-23,2025-26,0,False,1612709915.0,MNE
1612709915.0,Maine Celtics,2052500162,2025-12-07,W,118,45,92,0.489,13,34,0.382,10,15,0.667,11,36,47,34,10,2,11,14,23,2025-26,1,True,1612709929.0,CPS
1612709919.0,Westchester Knicks,2052500163,2025-12-07,L,91,30,88,0.341,7,38,0.184,12,16,0.75,17,27,44,13,6,9,7,31,-27,2025-26,0,False,1612709922.0,GBO
1612709922.0,Greensboro Swarm,2052500163,2025-12-07,W,118,40,89,0.449,11,29,0.379,16,23,0.696,20,36,56,24,3,6,12,25,27,2025-26,1,True,1612709919.0,WES
1612709918.0,Texas Legends,2052500164,2025-12-07,W,121,45,105,0.429,22,58,0.379,5,6,0.833,16,37,53,33,17,7,13,17,30,2025-26,1,False,1612709913.0,BHM
1612709913.0,Birmingham Squadron,2052500164,2025-12-07,L,91,33,79,0.418,10,31,0.323,9,15,0.6,10,38,48,22,11,2,26,9,-30,2025-26,0,True,1612709918.0,TEX
1612709911.0,Iowa Wolves,2052500165,2025-12-07,W,115,41,94,0.436,16,45,0.356,10,14,0.714,16,36,52,31,6,6,9,19,5,2025-26,1,False,1612709904.0,SXF
1612709904.0,Sioux Falls Skyforce,2052500165,2025-12-07,L,110,40,91,0.44,15,35,0.429,9,13,0.692,11,37,48,20,4,9,12,16,-5,2025-26,0,True,1612709911.0,IWA
1612709934.0,Valley Suns,2052500166,2025-12-07,W,114,43,92,0.467,14,34,0.412,10,15,0.667,16,33,49,30,10,1,19,17,8,2025-26,1,False,1612709902.0,SCW
1612709902.0,Santa Cruz Warriors,2052500166,2025-12-07,L,106,41,88,0.466,12,40,0.3,8,13,0.615,12,30,42,23,10,7,21,22,-8,2025-26,0,True,1612709934.0,VAL
1612709905.0,South Bay Lakers,2052500167,2025-12-07,W,141,48,85,0.565,15,36,0.417,19,20,0.95,5,34,39,28,16,9,24,29,11,2025-26,1,False,1612709933.0,RCR
1612709933.0,Rip City Remix,2052500167,2025-12-07,L,130,45,96,0.469,14,40,0.35,16,21,0.762,14,28,42,28,10,3,25,26,-11,2025-26,0,True,1612709905.0,SBL
1612709890.0,Austin Spurs,2052500168,2025-12-08,W,110,36,75,0.48,11,35,0.314,16,18,0.889,6,35,41,18,8,1,23,27,3,2025-26,1,False,1612709931.0,MXC
1612709931.0,Mexico City Capitanes,2052500168,2025-12-08,L,107,36,82,0.439,11,42,0.262,14,19,0.737,12,30,42,20,12,3,22,26,-3,2025-26,0,True,1612709890.0,AUS
1612709929.0,College Park Skyhawks,2052500169,2025-12-09,W,114,42,93,0.452,15,48,0.313,8,12,0.667,9,43,52,30,8,6,13,19,7,2025-26,1,False,1612709921.0,LIN
1612709921.0,Long Island Nets,2052500169,2025-12-09,L,107,36,90,0.4,13,36,0.361,13,16,0.813,9,40,49,25,10,6,10,20,-7,2025-26,0,True,1612709929.0,CPS
1612709923.0,Windy City Bulls,2052500170,2025-12-09,L,129,49,105,0.467,9,33,0.273,12,15,0.8,17,37,54,22,9,3,14,23,-13,2025-26,0,False,1612709917.0,GRG
1612709917.0,Grand Rapids Gold,2052500170,2025-12-09,W,142,49,94,0.521,17,35,0.486,15,18,0.833,7,38,45,35,10,10,13,21,13,2025-26,1,True,1612709923.0,WCB
1612709918.0,Texas Legends,2052500171,2025-12-09,W,130,46,94,0.489,18,42,0.429,12,14,0.857,15,26,41,28,17,8,10,21,36,2025-26,1,False,1612709913.0,BHM
1612709913.0,Birmingham Squadron,2052500171,2025-12-09,L,94,38,77,0.494,7,27,0.259,7,15,0.467,14,30,44,20,7,6,28,20,-36,2025-26,0,True,1612709918.0,TEX
1612709924.0,San Diego Clippers,2052500172,2025-12-09,W,124,45,80,0.563,17,34,0.5,12,17,0.706,11,34,45,30,8,4,23,25,8,2025-26,1,False,1612709934.0,VAL
1612709934.0,Valley Suns,2052500172,2025-12-09,L,116,44,96,0.458,10,39,0.256,12,19,0.632,20,21,41,26,13,4,11,20,-8,2025-26,0,True,1612709924.0,SDC
1612709903.0,Salt Lake City Stars,2052500173,2025-12-09,L,122,40,85,0.471,12,32,0.375,20,27,0.741,13,37,50,16,5,2,20,19,-11,2025-26,0,False,1612709933.0,RCR
1612709933.0,Rip City Remix,2052500173,2025-12-09,W,133,50,97,0.515,17,47,0.362,9,13,0.692,9,34,43,27,14,5,11,30,11,2025-26,1,True,1612709903.0,SLC
1612709905.0,South Bay Lakers,2052500174,2025-12-09,L,99,38,88,0.432,12,37,0.324,7,9,0.778,9,31,40,22,5,5,13,21,-13,2025-26,0,False,1612709914.0,STO
1612709914.0,Stockton Kings,2052500174,2025-12-09,W,112,40,95,0.421,9,35,0.257,14,16,0.875,19,40,59,17,3,6,14,18,13,2025-26,1,True,1612709905.0,SBL
1612709915.0,Maine Celtics,2052500175,2025-12-10,W,112,41,85,0.482,13,34,0.382,10,11,0.909,11,40,51,26,5,7,15,21,11,2025-26,1,False,1612709928.0,CCG
1612709928.0,Capital City Go-Go,2052500175,2025-12-10,L,101,38,86,0.442,11,36,0.306,9,15,0.6,8,24,32,26,10,6,7,17,-11,2025-26,0,True,1612709915.0,MNE
1612709893.0,Cleveland Charge,2052500176,2025-12-10,W,129,45,82,0.549,13,31,0.419,18,21,0.857,9,29,38,31,10,5,13,22,8,2025-26,1,False,1612709932.0,MCC
1612709932.0,Motor City Cruise,2052500176,2025-12-10,L,121,45,86,0.523,17,39,0.436,8,11,0.727,8,28,36,33,5,3,20,26,-8,2025-26,0,True,1612709893.0,CLC
1612709921.0,Long Island Nets,2052500177,2025-12-10,W,115,45,83,0.542,14,30,0.467,7,8,0.875,9,24,33,31,14,5,16,18,20,2025-26,1,False,1612709919.0,WES
1612709919.0,Westchester Knicks,2052500177,2025-12-10,L,95,36,74,0.486,10,32,0.313,7,14,0.5,13,27,40,24,9,6,24,20,-20,2025-26,0,True,1612709921.0,LIN
1612709909.0,Delaware Blue Coats,2052500178,2025-12-10,L,108,39,89,0.438,11,36,0.306,12,19,0.632,20,25,45,22,11,2,15,22,-7,2025-26,0,False,1612709920.0,RAP
1612709920.0,Raptors 905,2052500178,2025-12-10,W,115,44,83,0.53,10,29,0.345,12,16,0.75,9,33,42,27,7,6,16,27,7,2025-26,1,True,1612709909.0,DEL
1612709890.0,Austin Spurs,2052500179,2025-12-10,W,117,35,80,0.438,11,35,0.314,21,23,0.913,9,35,44,22,12,12,17,19,13,2025-26,1,False,1612709931.0,MXC
1612709931.0,Mexico City Capitanes,2052500179,2025-12-10,L,104,38,90,0.422,16,37,0.432,6,9,0.667,14,31,45,27,9,8,19,26,-13,2025-26,0,True,1612709890.0,AUS
1612709905.0,South Bay Lakers,2052500180,2025-12-10,L,98,36,90,0.4,16,41,0.39,7,11,0.636,14,30,44,22,8,6,17,24,-12,2025-26,0,False,1612709914.0,STO
1612709914.0,Stockton Kings,2052500180,2025-12-10,W,110,39,88,0.443,11,32,0.344,12,14,0.857,16,38,54,22,8,3,19,18,12,2025-26,1,True,1612709905.0,SBL
1612709923.0,Windy City Bulls,2052500181,2025-12-11,W,139,53,104,0.51,11,32,0.344,14,20,0.7,13,38,51,35,5,2,11,19,5,2025-26,1,False,1612709917.0,GRG
1612709917.0,Grand Rapids Gold,2052500181,2025-12-11,L,134,46,97,0.474,14,40,0.35,18,20,0.9,13,33,46,30,6,7,12,24,-5,2025-26,0,True,1612709923.0,WCB
1612709927.0,Wisconsin Herd,2052500182,2025-12-11,L,98,38,92,0.413,8,33,0.242,8,12,0.667,17,24,41,17,14,3,20,24,-20,2025-26,0,False,1612709910.0,NOB
1612709910.0,Noblesville Boom,2052500182,2025-12-11,W,118,42,80,0.525,13,33,0.394,13,17,0.765,12,33,45,25,11,11,21,23,20,2025-26,1,True,1612709927.0,WIS
1612709909.0,Delaware Blue Coats,2052500183,2025-12-11,L,102,41,78,0.526,7,21,0.333,9,15,0.6,12,33,45,24,8,9,20,21,-9,2025-26,0,False,1612709920.0,RAP
1612709920.0,Raptors 905,2052500183,2025-12-11,W,111,42,86,0.488,14,33,0.424,10,13,0.769,10,26,36,24,11,6,12,25,9,2025-26,1,True,1612709909.0,DEL
1612709925.0,Osceola Magic,2052500184,2025-12-11,L,121,46,101,0.455,8,41,0.195,14,18,0.778,10,24,34,26,18,3,12,19,-11,2025-26,0,False,1612709926.0,MHU
1612709926.0,Memphis Hustle,2052500184,2025-12-11,W,132,44,83,0.53,18,37,0.486,15,18,0.833,13,41,54,28,9,5,25,23,11,2025-26,1,True,1612709925.0,OSC
1612709913.0,Birmingham Squadron,2052500185,2025-12-11,W,103,40,92,0.435,9,36,0.25,8,11,0.727,24,35,59,23,12,8,19,18,2,2025-26,1,False,1612709889.0,OKL
1612709889.0,Oklahoma City Blue,2052500185,2025-12-11,L,101,34,87,0.391,17,45,0.378,9,15,0.6,14,29,43,23,15,7,16,20,-2,2025-26,0,True,1612709913.0,BHM
1612709924.0,San Diego Clippers,2052500186,2025-12-11,L,118,45,92,0.489,15,42,0.357,7,12,0.583,9,29,38,27,10,5,10,18,-3,2025-26,0,False,1612709934.0,VAL
1612709934.0,Valley Suns,2052500186,2025-12-11,W,121,43,97,0.443,16,46,0.348,13,15,0.867,17,36,53,25,8,4,14,15,3,2025-26,1,True,1612709924.0,SDC
1612709903.0,Salt Lake City Stars,2052500187,2025-12-11,W,174,62,110,0.564,18,41,0.439,18,24,0.75,18,30,48,35,15,2,10,16,28,2025-26,1,False,1612709933.0,RCR
1612709933.0,Rip City Remix,2052500187,2025-12-11,L,146,54,90,0.6,24,45,0.533,8,10,0.8,5,31,36,40,5,6,25,29,-28,2025-26,0,True,1612709903.0,SLC
1612709915.0,Maine Celtics,2052500188,2025-12-12,L,77,29,75,0.387,8,35,0.229,6,13,0.462,7,27,34,19,7,6,19,21,-34,2025-26,0,False,1612709928.0,CCG
1612709928.0,Capital City Go-Go,2052500188,2025-12-12,W,111,40,87,0.46,12,35,0.343,9,10,0.9,12,38,50,27,12,1,11,21,34,2025-26,1,True,1612709915.0,MNE
1612709922.0,Greensboro Swarm,2052500189,2025-12-12,W,139,44,95,0.463,11,35,0.314,24,26,0.923,16,47,63,23,5,7,13,17,31,2025-26,1,False,1612709929.0,CPS
1612709929.0,College Park Skyhawks,2052500189,2025-12-12,L,108,41,105,0.39,9,45,0.2,10,13,0.769,12,32,44,28,6,5,10,26,-31,2025-26,0,True,1612709922.0,GBO
1612709921.0,Long Island Nets,2052500190,2025-12-12,W,110,39,82,0.476,18,39,0.462,9,13,0.692,7,27,34,30,10,3,18,22,7,2025-26,1,False,1612709919.0,WES
1612709919.0,Westchester Knicks,2052500190,2025-12-12,L,103,39,81,0.481,10,32,0.313,10,15,0.667,13,35,48,19,6,6,25,20,-7,2025-26,0,True,1612709921.0,LIN
1612709932.0,Motor City Cruise,2052500191,2025-12-12,W,121,47,102,0.461,12,42,0.286,9,17,0.529,20,31,51,28,12,5,13,31,20,2025-26,1,False,1612709911.0,IWA
1612709911.0,Iowa Wolves,2052500191,2025-12-12,L,101,34,75,0.453,7,24,0.292,16,27,0.593,11,38,49,23,11,3,17,24,-20,2025-26,0,True,1612709932.0,MCC
1612709908.0,Rio Grande Valley Vipers,2052500192,2025-12-12,W,120,40,88,0.455,12,37,0.324,14,17,0.824,12,30,42,19,12,3,19,18,1,2025-26,1,False,1612709889.0,OKL
1612709889.0,Oklahoma City Blue,2052500192,2025-12-12,L,119,47,92,0.511,9,27,0.333,9,14,0.643,17,31,48,30,14,9,18,23,-1,2025-26,0,True,1612709908.0,RGV
1612709890.0,Austin Spurs,2052500193,2025-12-12,W,138,47,109,0.431,10,35,0.286,23,28,0.821,19,31,50,15,18,6,8,19,6,2025-26,1,False,1612709918.0,TEX
1612709918.0,Texas Legends,2052500193,2025-12-12,L,132,47,93,0.505,18,43,0.419,11,14,0.786,11,41,52,29,6,11,26,28,-6,2025-26,0,True,1612709890.0,AUS
1612709917.0,Grand Rapids Gold,2052500194,2025-12-13,W,107,36,80,0.45,12,30,0.4,15,22,0.682,14,41,55,22,7,6,17,13,4,2025-26,1,False,1612709927.0,WIS
1612709927.0,Wisconsin Herd,2052500194,2025-12-13,L,103,40,92,0.435,12,40,0.3,6,10,0.6,9,33,42,23,9,4,10,23,-4,2025-26,0,True,1612709917.0,GRG
1612709904.0,Sioux Falls Skyforce,2052500195,2025-12-13,L,111,44,90,0.489,8,31,0.258,8,14,0.571,13,29,42,21,11,3,20,22,-30,2025-26,0,False,1612709893.0,CLC
1612709893.0,Cleveland Charge,2052500195,2025-12-13,W,141,49,96,0.51,21,48,0.438,13,20,0.65,20,32,52,36,13,8,13,22,30,2025-26,1,True,1612709904.0,SXF
1612709923.0,Windy City Bulls,2052500196,2025-12-13,L,114,37,79,0.468,7,30,0.233,19,21,0.905,12,34,46,21,6,6,21,14,-16,2025-26,0,False,1612709910.0,NOB
1612709910.0,Noblesville Boom,2052500196,2025-12-13,W,130,49,95,0.516,12,34,0.353,10,13,0.769,7,29,36,35,15,4,8,21,16,2025-26,1,True,1612709923.0,WCB
1612709933.0,Rip City Remix,2052500197,2025-12-13,W,122,37,92,0.402,18,47,0.383,18,21,0.857,12,30,42,29,11,6,18,16,6,2025-26,1,False,1612709905.0,SBL
1612709905.0,South Bay Lakers,2052500197,2025-12-13,L,116,46,87,0.529,10,34,0.294,9,13,0.692,8,33,41,33,12,9,20,27,-6,2025-26,0,True,1612709933.0,RCR
1612709890.0,Austin Spurs,2052500198,2025-12-13,L,122,44,103,0.427,13,44,0.295,13,16,0.813,12,32,44,25,9,8,12,26,-4,2025-26,0,False,1612709918.0,TEX
1612709918.0,Texas Legends,2052500198,2025-12-13,W,126,43,86,0.5,9,32,0.281,20,25,0.8,13,39,52,23,5,15,19,21,4,2025-26,1,True,1612709890.0,AUS
1612709902.0,Santa Cruz Warriors,2052500199,2025-12-13,L,103,38,83,0.458,14,38,0.368,9,12,0.75,10,33,43,25,5,5,23,18,-9,2025-26,0,False,1612709924.0,SDC
1612709924.0,San Diego Clippers,2052500199,2025-12-13,W,112,40,94,0.426,9,37,0.243,14,15,0.933,12,28,40,20,13,2,9,14,9,2025-26,1,True,1612709902.0,SCW
1612709920.0,Raptors 905,2052500200,2025-12-14,W,112,39,79,0.494,15,34,0.441,10,15,0.667,12,22,34,31,13,5,14,20,5,2025-26,1,False,1612709915.0,MNE
1612709915.0,Maine Celtics,2052500200,2025-12-14,L,107,40,81,0.494,12,37,0.324,9,10,0.9,7,27,34,30,9,8,20,24,-5,2025-26,0,True,1612709920.0,RAP
1612709911.0,Iowa Wolves,2052500201,2025-12-14,L,102,39,101,0.386,5,31,0.161,12,14,0.857,24,31,55,19,2,7,11,30,-5,2025-26,0,False,1612709927.0,WIS
1612709927.0,Wisconsin Herd,2052500201,2025-12-14,W,107,35,79,0.443,9,29,0.31,18,22,0.818,10,25,35,14,4,5,12,20,5,2025-26,1,True,1612709911.0,IWA
1612709909.0,Delaware Blue Coats,2052500202,2025-12-14,L,107,37,79,0.468,4,20,0.2,18,24,0.75,14,24,38,18,9,2,13,17,-20,2025-26,0,False,1612709928.0,CCG
1612709928.0,Capital City Go-Go,2052500202,2025-12-14,W,127,44,83,0.53,20,43,0.465,11,14,0.786,11,28,39,33,9,5,14,24,20,2025-26,1,True,1612709909.0,DEL
1612709922.0,Greensboro Swarm,2052500203,2025-12-14,W,119,46,105,0.438,15,40,0.375,9,14,0.643,12,41,53,32,9,6,12,17,19,2025-26,1,False,1612709929.0,CPS
1612709929.0,College Park Skyhawks,2052500203,2025-12-14,L,100,33,97,0.34,14,48,0.292,11,12,0.917,13,38,51,20,6,9,17,20,-19,2025-26,0,True,1612709922.0,GBO
1612709926.0,Memphis Hustle,2052500204,2025-12-14,W,121,41,84,0.488,8,25,0.32,21,28,0.75,16,39,55,27,13,7,26,28,2,2025-26,1,False,1612709925.0,OSC
1612709925.0,Osceola Magic,2052500204,2025-12-14,L,119,40,90,0.444,10,37,0.27,18,20,0.9,10,31,41,22,12,3,18,32,-2,2025-26,0,True,1612709926.0,MHU
1612709908.0,Rio Grande Valley Vipers,2052500205,2025-12-14,W,133,42,89,0.472,23,49,0.469,17,20,0.85,15,24,39,26,13,5,17,17,6,2025-26,1,False,1612709913.0,BHM
1612709913.0,Birmingham Squadron,2052500205,2025-12-14,L,127,49,83,0.59,14,32,0.438,8,11,0.727,7,24,31,35,11,6,15,23,-6,2025-26,0,True,1612709908.0,RGV
1612709923.0,Windy City Bulls,2052500206,2025-12-14,W,137,47,83,0.566,15,31,0.484,16,24,0.667,12,34,46,25,7,3,17,24,3,2025-26,1,False,1612709910.0,NOB
1612709910.0,Noblesville Boom,2052500206,2025-12-14,L,134,44,85,0.518,20,43,0.465,16,19,0.842,4,26,30,29,10,2,14,26,-3,2025-26,0,True,1612709923.0,WCB
1612709902.0,Santa Cruz Warriors,2052500207,2025-12-14,L,112,37,76,0.487,19,36,0.528,11,14,0.786,14,30,44,26,11,3,21,21,-10,2025-26,0,False,1612709924.0,SDC
1612709924.0,San Diego Clippers,2052500207,2025-12-14,W,122,45,89,0.506,21,47,0.447,8,15,0.533,17,23,40,30,10,3,15,18,10,2025-26,1,True,1612709902.0,SCW
1612709914.0,Stockton Kings,2052500208,2025-12-15,L,110,36,97,0.371,18,54,0.333,13,15,0.867,12,32,44,25,13,8,9,19,-6,2025-26,0,False,1612709933.0,RCR
1612709933.0,Rip City Remix,2052500208,2025-12-15,W,116,39,83,0.47,18,36,0.5,14,19,0.737,11,40,51,27,8,9,18,19,6,2025-26,1,True,1612709914.0,STO
1612709934.0,Valley Suns,2052500209,2025-12-15,L,127,44,88,0.5,14,32,0.438,13,15,0.867,7,29,36,29,4,7,14,27,-13,2025-26,0,False,1612709903.0,SLC
1612709903.0,Salt Lake City Stars,2052500209,2025-12-15,W,140,52,96,0.542,20,42,0.476,11,14,0.786,12,31,43,29,5,6,11,21,13,2025-26,1,True,1612709934.0,VAL
1612709920.0,Raptors 905,2052500210,2025-12-16,W,126,43,91,0.473,14,36,0.389,15,21,0.714,18,20,38,25,17,8,10,20,27,2025-26,1,False,1612709919.0,WES
1612709919.0,Westchester Knicks,2052500210,2025-12-16,L,99,39,82,0.476,8,28,0.286,8,11,0.727,15,26,41,17,6,7,28,32,-27,2025-26,0,True,1612709920.0,RAP
1612709909.0,Delaware Blue Coats,2052500211,2025-12-16,W,120,44,79,0.557,11,26,0.423,14,20,0.7,6,24,30,21,13,8,14,27,10,2025-26,1,False,1612709928.0,CCG
1612709928.0,Capital City Go-Go,2052500211,2025-12-16,L,110,36,73,0.493,7,26,0.269,19,22,0.864,8,31,39,21,7,1,21,25,-10,2025-26,0,True,1612709909.0,DEL
1612709926.0,Memphis Hustle,2052500212,2025-12-16,W,125,38,86,0.442,13,36,0.361,24,28,0.857,15,26,41,25,14,3,22,31,3,2025-26,1,False,1612709925.0,OSC
1612709925.0,Osceola Magic,2052500212,2025-12-16,L,122,39,82,0.476,13,42,0.31,20,26,0.769,17,27,44,22,12,8,28,35,-3,2025-26,0,True,1612709926.0,MHU
1612709911.0,Iowa Wolves,2052500213,2025-12-16,W,110,38,76,0.5,3,19,0.158,20,27,0.741,16,40,56,19,7,8,25,21,2,2025-26,1,False,1612709927.0,WIS
1612709927.0,Wisconsin Herd,2052500213,2025-12-16,L,108,39,92,0.424,11,34,0.324,12,18,0.667,12,22,34,24,16,5,13,27,-2,2025-26,0,True,1612709911.0,IWA
1612709908.0,Rio Grande Valley Vipers,2052500214,2025-12-16,L,111,35,85,0.412,21,49,0.429,11,14,0.786,10,11,21,27,16,4,14,14,-31,2025-26,0,False,1612709913.0,BHM
1612709913.0,Birmingham Squadron,2052500214,2025-12-16,W,142,55,92,0.598,22,36,0.611,5,6,0.833,22,36,58,39,11,8,25,22,31,2025-26,1,True,1612709908.0,RGV
1612709934.0,Valley Suns,2052500215,2025-12-16,L,125,41,85,0.482,16,40,0.4,16,17,0.941,10,20,30,32,11,4,21,36,-16,2025-26,0,False,1612709903.0,SLC
1612709903.0,Salt Lake City Stars,2052500215,2025-12-16,W,141,43,74,0.581,14,32,0.438,25,31,0.806,13,30,43,31,11,8,21,23,16,2025-26,1,True,1612709934.0,VAL
1612709914.0,Stockton Kings,2052500216,2025-12-16,W,129,43,87,0.494,20,43,0.465,12,14,0.857,12,47,59,27,10,4,21,20,29,2025-26,1,False,1612709933.0,RCR
1612709933.0,Rip City Remix,2052500216,2025-12-16,L,100,35,91,0.385,10,43,0.233,10,12,0.833,8,30,38,19,15,4,13,17,-29,2025-26,0,True,1612709914.0,STO
1612709924.0,San Diego Clippers,2052500217,2025-12-16,L,118,44,87,0.506,10,32,0.313,9,10,0.9,11,23,34,24,11,5,19,22,-9,2025-26,0,False,1612709905.0,SBL
1612709905.0,South Bay Lakers,2052500217,2025-12-16,W,127,43,82,0.524,13,36,0.361,16,18,0.889,11,28,39,20,11,2,16,16,9,2025-26,1,True,1612709924.0,SDC
